{
    "date_founded": null,
    "deck": "Award winning developer behind The Elder Scrolls &amp; Fallout series.",
    "developed_games": [
        {
            "api_detail_url": "http://www.giantbomb.com/api/game/3030-49833/",
            "id": 49833,
            "name": "Fallout 4",
            "site_detail_url": "http://www.giantbomb.com/fallout-4/3030-49833/"
        },
        {
            "api_detail_url": "http://www.giantbomb.com/api/game/3030-49956/",
            "id": 49956,
            "name": "Fallout Shelter",
            "site_detail_url": "http://www.giantbomb.com/fallout-shelter/3030-49956/"
        },
        {
            "api_detail_url": "http://www.giantbomb.com/api/game/3030-33394/",
            "id": 33394,
            "name": "The Elder Scrolls V: Skyrim",
            "site_detail_url": "http://www.giantbomb.com/the-elder-scrolls-v-skyrim/3030-33394/"
        },
        {
            "api_detail_url": "http://www.giantbomb.com/api/game/3030-20504/",
            "id": 20504,
            "name": "Fallout 3",
            "site_detail_url": "http://www.giantbomb.com/fallout-3/3030-20504/"
        },
        {
            "api_detail_url": "http://www.giantbomb.com/api/game/3030-10740/",
            "id": 10740,
            "name": "The Elder Scrolls IV: Shivering Isles",
            "site_detail_url": "http://www.giantbomb.com/the-elder-scrolls-iv-shivering-isles/3030-10740/"
        },
        {
            "api_detail_url": "http://www.giantbomb.com/api/game/3030-36154/",
            "id": 36154,
            "name": "The Elder Scrolls IV: Knights of the Nine",
            "site_detail_url": "http://www.giantbomb.com/the-elder-scrolls-iv-knights-of-the-nine/3030-36154/"
        },
        {
            "api_detail_url": "http://www.giantbomb.com/api/game/3030-20238/",
            "id": 20238,
            "name": "The Elder Scrolls IV: Oblivion",
            "site_detail_url": "http://www.giantbomb.com/the-elder-scrolls-iv-oblivion/3030-20238/"
        },
        {
            "api_detail_url": "http://www.giantbomb.com/api/game/3030-8121/",
            "id": 8121,
            "name": "The Elder Scrolls III: Bloodmoon",
            "site_detail_url": "http://www.giantbomb.com/the-elder-scrolls-iii-bloodmoon/3030-8121/"
        },
        {
            "api_detail_url": "http://www.giantbomb.com/api/game/3030-17949/",
            "id": 17949,
            "name": "The Elder Scrolls III: Tribunal",
            "site_detail_url": "http://www.giantbomb.com/the-elder-scrolls-iii-tribunal/3030-17949/"
        },
        {
            "api_detail_url": "http://www.giantbomb.com/api/game/3030-17367/",
            "id": 17367,
            "name": "The Elder Scrolls III: Morrowind",
            "site_detail_url": "http://www.giantbomb.com/the-elder-scrolls-iii-morrowind/3030-17367/"
        }
    ],
    "id": 11115,
    "image": {
        "icon_url": "http://static.giantbomb.com/uploads/square_avatar/1/12139/2754841-bgs.jpg",
        "medium_url": "http://static.giantbomb.com/uploads/scale_medium/1/12139/2754841-bgs.jpg",
        "screen_url": "http://static.giantbomb.com/uploads/screen_medium/1/12139/2754841-bgs.jpg",
        "small_url": "http://static.giantbomb.com/uploads/scale_small/1/12139/2754841-bgs.jpg",
        "super_url": "http://static.giantbomb.com/uploads/scale_large/1/12139/2754841-bgs.jpg",
        "thumb_url": "http://static.giantbomb.com/uploads/scale_avatar/1/12139/2754841-bgs.jpg",
        "tiny_url": "http://static.giantbomb.com/uploads/square_mini/1/12139/2754841-bgs.jpg"
    },
    "location_address": "1370 Piccard Drive Suite 120",
    "location_city": "Rockville",
    "location_country": "United States",
    "location_state": "Maryland",
    "name": "Bethesda Game Studios",
    "people": [
        {
            "api_detail_url": "http://www.giantbomb.com/api/person/3040-77/",
            "id": 77,
            "name": "Daryl Brigner",
            "site_detail_url": "http://www.giantbomb.com/daryl-brigner/3040-77/"
        },
        {
            "api_detail_url": "http://www.giantbomb.com/api/person/3040-1961/",
            "id": 1961,
            "name": "Lani Minella",
            "site_detail_url": "http://www.giantbomb.com/lani-minella/3040-1961/"
        },
        {
            "api_detail_url": "http://www.giantbomb.com/api/person/3040-2089/",
            "id": 2089,
            "name": "Roger L. Jackson",
            "site_detail_url": "http://www.giantbomb.com/roger-l-jackson/3040-2089/"
        },
        {
            "api_detail_url": "http://www.giantbomb.com/api/person/3040-2401/",
            "id": 2401,
            "name": "Mark Jones",
            "site_detail_url": "http://www.giantbomb.com/mark-jones/3040-2401/"
        },
        {
            "api_detail_url": "http://www.giantbomb.com/api/person/3040-3174/",
            "id": 3174,
            "name": "Jack Scalici",
            "site_detail_url": "http://www.giantbomb.com/jack-scalici/3040-3174/"
        },
        {
            "api_detail_url": "http://www.giantbomb.com/api/person/3040-3244/",
            "id": 3244,
            "name": "James Jonah \"Jim\" Cummings",
            "site_detail_url": "http://www.giantbomb.com/james-jonah-jim-cummings/3040-3244/"
        },
        {
            "api_detail_url": "http://www.giantbomb.com/api/person/3040-3491/",
            "id": 3491,
            "name": "Paul Eiding",
            "site_detail_url": "http://www.giantbomb.com/paul-eiding/3040-3491/"
        },
        {
            "api_detail_url": "http://www.giantbomb.com/api/person/3040-3492/",
            "id": 3492,
            "name": "Michael Gough",
            "site_detail_url": "http://www.giantbomb.com/michael-gough/3040-3492/"
        },
        {
            "api_detail_url": "http://www.giantbomb.com/api/person/3040-4110/",
            "id": 4110,
            "name": "Enn Reitel",
            "site_detail_url": "http://www.giantbomb.com/enn-reitel/3040-4110/"
        },
        {
            "api_detail_url": "http://www.giantbomb.com/api/person/3040-4582/",
            "id": 4582,
            "name": "Richard Joseph",
            "site_detail_url": "http://www.giantbomb.com/richard-joseph/3040-4582/"
        },
        {
            "api_detail_url": "http://www.giantbomb.com/api/person/3040-5837/",
            "id": 5837,
            "name": "Greg Williams",
            "site_detail_url": "http://www.giantbomb.com/greg-williams/3040-5837/"
        },
        {
            "api_detail_url": "http://www.giantbomb.com/api/person/3040-5976/",
            "id": 5976,
            "name": "Michael Donovan",
            "site_detail_url": "http://www.giantbomb.com/michael-donovan/3040-5976/"
        },
        {
            "api_detail_url": "http://www.giantbomb.com/api/person/3040-6066/",
            "id": 6066,
            "name": "Guy Carver",
            "site_detail_url": "http://www.giantbomb.com/guy-carver/3040-6066/"
        },
        {
            "api_detail_url": "http://www.giantbomb.com/api/person/3040-6839/",
            "id": 6839,
            "name": "Alexander Brandon",
            "site_detail_url": "http://www.giantbomb.com/alexander-brandon/3040-6839/"
        },
        {
            "api_detail_url": "http://www.giantbomb.com/api/person/3040-7702/",
            "id": 7702,
            "name": "Malcolm McDowell",
            "site_detail_url": "http://www.giantbomb.com/malcolm-mcdowell/3040-7702/"
        },
        {
            "api_detail_url": "http://www.giantbomb.com/api/person/3040-8391/",
            "id": 8391,
            "name": "Robert Gray",
            "site_detail_url": "http://www.giantbomb.com/robert-gray/3040-8391/"
        },
        {
            "api_detail_url": "http://www.giantbomb.com/api/person/3040-8951/",
            "id": 8951,
            "name": "Jeff Baker",
            "site_detail_url": "http://www.giantbomb.com/jeff-baker/3040-8951/"
        },
        {
            "api_detail_url": "http://www.giantbomb.com/api/person/3040-9787/",
            "id": 9787,
            "name": "Joel Dinolt",
            "site_detail_url": "http://www.giantbomb.com/joel-dinolt/3040-9787/"
        },
        {
            "api_detail_url": "http://www.giantbomb.com/api/person/3040-9875/",
            "id": 9875,
            "name": "Craig Lafferty",
            "site_detail_url": "http://www.giantbomb.com/craig-lafferty/3040-9875/"
        },
        {
            "api_detail_url": "http://www.giantbomb.com/api/person/3040-10642/",
            "id": 10642,
            "name": "Dan Ross",
            "site_detail_url": "http://www.giantbomb.com/dan-ross/3040-10642/"
        },
        {
            "api_detail_url": "http://www.giantbomb.com/api/person/3040-10663/",
            "id": 10663,
            "name": "Julianne Buescher",
            "site_detail_url": "http://www.giantbomb.com/julianne-buescher/3040-10663/"
        },
        {
            "api_detail_url": "http://www.giantbomb.com/api/person/3040-12148/",
            "id": 12148,
            "name": "Daniel Riordan",
            "site_detail_url": "http://www.giantbomb.com/daniel-riordan/3040-12148/"
        },
        {
            "api_detail_url": "http://www.giantbomb.com/api/person/3040-12879/",
            "id": 12879,
            "name": "Dee Bradley Baker",
            "site_detail_url": "http://www.giantbomb.com/dee-bradley-baker/3040-12879/"
        },
        {
            "api_detail_url": "http://www.giantbomb.com/api/person/3040-12882/",
            "id": 12882,
            "name": "Jason Marsden",
            "site_detail_url": "http://www.giantbomb.com/jason-marsden/3040-12882/"
        },
        {
            "api_detail_url": "http://www.giantbomb.com/api/person/3040-13682/",
            "id": 13682,
            "name": "Steven Green",
            "site_detail_url": "http://www.giantbomb.com/steven-green/3040-13682/"
        },
        {
            "api_detail_url": "http://www.giantbomb.com/api/person/3040-13720/",
            "id": 13720,
            "name": "Michael Thomas Ryan",
            "site_detail_url": "http://www.giantbomb.com/michael-thomas-ryan/3040-13720/"
        },
        {
            "api_detail_url": "http://www.giantbomb.com/api/person/3040-14716/",
            "id": 14716,
            "name": "Craig Mullins",
            "site_detail_url": "http://www.giantbomb.com/craig-mullins/3040-14716/"
        },
        {
            "api_detail_url": "http://www.giantbomb.com/api/person/3040-15617/",
            "id": 15617,
            "name": "Ted Peterson",
            "site_detail_url": "http://www.giantbomb.com/ted-peterson/3040-15617/"
        },
        {
            "api_detail_url": "http://www.giantbomb.com/api/person/3040-17632/",
            "id": 17632,
            "name": "Jeremy Soule",
            "site_detail_url": "http://www.giantbomb.com/jeremy-soule/3040-17632/"
        },
        {
            "api_detail_url": "http://www.giantbomb.com/api/person/3040-19670/",
            "id": 19670,
            "name": "Patrick Stewart",
            "site_detail_url": "http://www.giantbomb.com/patrick-stewart/3040-19670/"
        },
        {
            "api_detail_url": "http://www.giantbomb.com/api/person/3040-20621/",
            "id": 20621,
            "name": "Hugh Riley",
            "site_detail_url": "http://www.giantbomb.com/hugh-riley/3040-20621/"
        },
        {
            "api_detail_url": "http://www.giantbomb.com/api/person/3040-22046/",
            "id": 22046,
            "name": "Gary L. Noonan",
            "site_detail_url": "http://www.giantbomb.com/gary-l-noonan/3040-22046/"
        },
        {
            "api_detail_url": "http://www.giantbomb.com/api/person/3040-22466/",
            "id": 22466,
            "name": "Robert Wisnewski",
            "site_detail_url": "http://www.giantbomb.com/robert-wisnewski/3040-22466/"
        },
        {
            "api_detail_url": "http://www.giantbomb.com/api/person/3040-23183/",
            "id": 23183,
            "name": "Emma Timms",
            "site_detail_url": "http://www.giantbomb.com/emma-timms/3040-23183/"
        },
        {
            "api_detail_url": "http://www.giantbomb.com/api/person/3040-23265/",
            "id": 23265,
            "name": "Frank Arnot",
            "site_detail_url": "http://www.giantbomb.com/frank-arnot/3040-23265/"
        },
        {
            "api_detail_url": "http://www.giantbomb.com/api/person/3040-24314/",
            "id": 24314,
            "name": "William H. Basset",
            "site_detail_url": "http://www.giantbomb.com/william-h-basset/3040-24314/"
        },
        {
            "api_detail_url": "http://www.giantbomb.com/api/person/3040-25402/",
            "id": 25402,
            "name": "James Lewis",
            "site_detail_url": "http://www.giantbomb.com/james-lewis/3040-25402/"
        },
        {
            "api_detail_url": "http://www.giantbomb.com/api/person/3040-25512/",
            "id": 25512,
            "name": "Jason Manley",
            "site_detail_url": "http://www.giantbomb.com/jason-manley/3040-25512/"
        },
        {
            "api_detail_url": "http://www.giantbomb.com/api/person/3040-28027/",
            "id": 28027,
            "name": "Gr\u00e9goire Gobbi",
            "site_detail_url": "http://www.giantbomb.com/gregoire-gobbi/3040-28027/"
        },
        {
            "api_detail_url": "http://www.giantbomb.com/api/person/3040-28406/",
            "id": 28406,
            "name": "Thomas Bass",
            "site_detail_url": "http://www.giantbomb.com/thomas-bass/3040-28406/"
        },
        {
            "api_detail_url": "http://www.giantbomb.com/api/person/3040-31073/",
            "id": 31073,
            "name": "Peter Jessop",
            "site_detail_url": "http://www.giantbomb.com/peter-jessop/3040-31073/"
        },
        {
            "api_detail_url": "http://www.giantbomb.com/api/person/3040-31078/",
            "id": 31078,
            "name": "Keith Szarabajka",
            "site_detail_url": "http://www.giantbomb.com/keith-szarabajka/3040-31078/"
        },
        {
            "api_detail_url": "http://www.giantbomb.com/api/person/3040-31547/",
            "id": 31547,
            "name": "Juan Sanchez",
            "site_detail_url": "http://www.giantbomb.com/juan-sanchez/3040-31547/"
        },
        {
            "api_detail_url": "http://www.giantbomb.com/api/person/3040-36067/",
            "id": 36067,
            "name": "Pete Hines",
            "site_detail_url": "http://www.giantbomb.com/pete-hines/3040-36067/"
        },
        {
            "api_detail_url": "http://www.giantbomb.com/api/person/3040-36338/",
            "id": 36338,
            "name": "Istvan Pely",
            "site_detail_url": "http://www.giantbomb.com/istvan-pely/3040-36338/"
        },
        {
            "api_detail_url": "http://www.giantbomb.com/api/person/3040-36342/",
            "id": 36342,
            "name": "Ashley Cheng",
            "site_detail_url": "http://www.giantbomb.com/ashley-cheng/3040-36342/"
        },
        {
            "api_detail_url": "http://www.giantbomb.com/api/person/3040-37468/",
            "id": 37468,
            "name": "Nathalie Homs",
            "site_detail_url": "http://www.giantbomb.com/nathalie-homs/3040-37468/"
        },
        {
            "api_detail_url": "http://www.giantbomb.com/api/person/3040-38884/",
            "id": 38884,
            "name": "Brett Douville",
            "site_detail_url": "http://www.giantbomb.com/brett-douville/3040-38884/"
        },
        {
            "api_detail_url": "http://www.giantbomb.com/api/person/3040-41632/",
            "id": 41632,
            "name": "Tracey Thompson",
            "site_detail_url": "http://www.giantbomb.com/tracey-thompson/3040-41632/"
        },
        {
            "api_detail_url": "http://www.giantbomb.com/api/person/3040-44740/",
            "id": 44740,
            "name": "Joel Burgess",
            "site_detail_url": "http://www.giantbomb.com/joel-burgess/3040-44740/"
        },
        {
            "api_detail_url": "http://www.giantbomb.com/api/person/3040-45059/",
            "id": 45059,
            "name": "Laura Bailey",
            "site_detail_url": "http://www.giantbomb.com/laura-bailey/3040-45059/"
        },
        {
            "api_detail_url": "http://www.giantbomb.com/api/person/3040-45742/",
            "id": 45742,
            "name": "Patrice Baudrier",
            "site_detail_url": "http://www.giantbomb.com/patrice-baudrier/3040-45742/"
        },
        {
            "api_detail_url": "http://www.giantbomb.com/api/person/3040-46828/",
            "id": 46828,
            "name": "Inon Zur",
            "site_detail_url": "http://www.giantbomb.com/inon-zur/3040-46828/"
        },
        {
            "api_detail_url": "http://www.giantbomb.com/api/person/3040-47272/",
            "id": 47272,
            "name": "Jeff Royle",
            "site_detail_url": "http://www.giantbomb.com/jeff-royle/3040-47272/"
        },
        {
            "api_detail_url": "http://www.giantbomb.com/api/person/3040-49471/",
            "id": 49471,
            "name": "Kirk Thornton",
            "site_detail_url": "http://www.giantbomb.com/kirk-thornton/3040-49471/"
        },
        {
            "api_detail_url": "http://www.giantbomb.com/api/person/3040-50864/",
            "id": 50864,
            "name": "Christoph Hartmann",
            "site_detail_url": "http://www.giantbomb.com/christoph-hartmann/3040-50864/"
        },
        {
            "api_detail_url": "http://www.giantbomb.com/api/person/3040-51387/",
            "id": 51387,
            "name": "Martial Le Minoux",
            "site_detail_url": "http://www.giantbomb.com/martial-le-minoux/3040-51387/"
        },
        {
            "api_detail_url": "http://www.giantbomb.com/api/person/3040-51559/",
            "id": 51559,
            "name": "Victor Raider Wexler",
            "site_detail_url": "http://www.giantbomb.com/victor-raider-wexler/3040-51559/"
        },
        {
            "api_detail_url": "http://www.giantbomb.com/api/person/3040-51654/",
            "id": 51654,
            "name": "Philip M. Nelson",
            "site_detail_url": "http://www.giantbomb.com/philip-m-nelson/3040-51654/"
        },
        {
            "api_detail_url": "http://www.giantbomb.com/api/person/3040-51879/",
            "id": 51879,
            "name": "Andrew Jenkins",
            "site_detail_url": "http://www.giantbomb.com/andrew-jenkins/3040-51879/"
        },
        {
            "api_detail_url": "http://www.giantbomb.com/api/person/3040-54268/",
            "id": 54268,
            "name": "R\u00e9mi Perreault",
            "site_detail_url": "http://www.giantbomb.com/remi-perreault/3040-54268/"
        },
        {
            "api_detail_url": "http://www.giantbomb.com/api/person/3040-55757/",
            "id": 55757,
            "name": "Andr\u00e9 Sogliuzzo",
            "site_detail_url": "http://www.giantbomb.com/andre-sogliuzzo/3040-55757/"
        },
        {
            "api_detail_url": "http://www.giantbomb.com/api/person/3040-56155/",
            "id": 56155,
            "name": "Stephen Russell",
            "site_detail_url": "http://www.giantbomb.com/stephen-russell/3040-56155/"
        },
        {
            "api_detail_url": "http://www.giantbomb.com/api/person/3040-56357/",
            "id": 56357,
            "name": "Davor MrKoci",
            "site_detail_url": "http://www.giantbomb.com/davor-mrkoci/3040-56357/"
        },
        {
            "api_detail_url": "http://www.giantbomb.com/api/person/3040-56411/",
            "id": 56411,
            "name": "Julian Soule",
            "site_detail_url": "http://www.giantbomb.com/julian-soule/3040-56411/"
        },
        {
            "api_detail_url": "http://www.giantbomb.com/api/person/3040-57062/",
            "id": 57062,
            "name": "Simon Cooke",
            "site_detail_url": "http://www.giantbomb.com/simon-cooke/3040-57062/"
        },
        {
            "api_detail_url": "http://www.giantbomb.com/api/person/3040-57173/",
            "id": 57173,
            "name": "Todd Howard",
            "site_detail_url": "http://www.giantbomb.com/todd-howard/3040-57173/"
        },
        {
            "api_detail_url": "http://www.giantbomb.com/api/person/3040-57174/",
            "id": 57174,
            "name": "Ken Rolston",
            "site_detail_url": "http://www.giantbomb.com/ken-rolston/3040-57174/"
        },
        {
            "api_detail_url": "http://www.giantbomb.com/api/person/3040-57175/",
            "id": 57175,
            "name": "Craig Walton",
            "site_detail_url": "http://www.giantbomb.com/craig-walton/3040-57175/"
        },
        {
            "api_detail_url": "http://www.giantbomb.com/api/person/3040-57176/",
            "id": 57176,
            "name": "Matthew Carofano",
            "site_detail_url": "http://www.giantbomb.com/matthew-carofano/3040-57176/"
        },
        {
            "api_detail_url": "http://www.giantbomb.com/api/person/3040-57177/",
            "id": 57177,
            "name": "Christiane Meister",
            "site_detail_url": "http://www.giantbomb.com/christiane-meister/3040-57177/"
        },
        {
            "api_detail_url": "http://www.giantbomb.com/api/person/3040-57178/",
            "id": 57178,
            "name": "Scott Franke",
            "site_detail_url": "http://www.giantbomb.com/scott-franke/3040-57178/"
        },
        {
            "api_detail_url": "http://www.giantbomb.com/api/person/3040-57179/",
            "id": 57179,
            "name": "Ahn Hopgood",
            "site_detail_url": "http://www.giantbomb.com/ahn-hopgood/3040-57179/"
        },
        {
            "api_detail_url": "http://www.giantbomb.com/api/person/3040-57180/",
            "id": 57180,
            "name": "Chris Innanen",
            "site_detail_url": "http://www.giantbomb.com/chris-innanen/3040-57180/"
        },
        {
            "api_detail_url": "http://www.giantbomb.com/api/person/3040-57181/",
            "id": 57181,
            "name": "Mat Krohn",
            "site_detail_url": "http://www.giantbomb.com/mat-krohn/3040-57181/"
        },
        {
            "api_detail_url": "http://www.giantbomb.com/api/person/3040-57182/",
            "id": 57182,
            "name": "Mike Lipari",
            "site_detail_url": "http://www.giantbomb.com/mike-lipari/3040-57182/"
        },
        {
            "api_detail_url": "http://www.giantbomb.com/api/person/3040-57183/",
            "id": 57183,
            "name": "Steve Meister",
            "site_detail_url": "http://www.giantbomb.com/steve-meister/3040-57183/"
        },
        {
            "api_detail_url": "http://www.giantbomb.com/api/person/3040-57184/",
            "id": 57184,
            "name": "Matt Picioccio",
            "site_detail_url": "http://www.giantbomb.com/matt-picioccio/3040-57184/"
        },
        {
            "api_detail_url": "http://www.giantbomb.com/api/person/3040-57185/",
            "id": 57185,
            "name": "David DiAngelo",
            "site_detail_url": "http://www.giantbomb.com/david-diangelo/3040-57185/"
        },
        {
            "api_detail_url": "http://www.giantbomb.com/api/person/3040-57189/",
            "id": 57189,
            "name": "Casey O'Toole",
            "site_detail_url": "http://www.giantbomb.com/casey-otoole/3040-57189/"
        },
        {
            "api_detail_url": "http://www.giantbomb.com/api/person/3040-57190/",
            "id": 57190,
            "name": "Hope Adams",
            "site_detail_url": "http://www.giantbomb.com/hope-adams/3040-57190/"
        },
        {
            "api_detail_url": "http://www.giantbomb.com/api/person/3040-57191/",
            "id": 57191,
            "name": "Noah Berry",
            "site_detail_url": "http://www.giantbomb.com/noah-berry/3040-57191/"
        },
        {
            "api_detail_url": "http://www.giantbomb.com/api/person/3040-57192/",
            "id": 57192,
            "name": "Mark Bullock",
            "site_detail_url": "http://www.giantbomb.com/mark-bullock/3040-57192/"
        },
        {
            "api_detail_url": "http://www.giantbomb.com/api/person/3040-57193/",
            "id": 57193,
            "name": "Christine Miller",
            "site_detail_url": "http://www.giantbomb.com/christine-miller/3040-57193/"
        },
        {
            "api_detail_url": "http://www.giantbomb.com/api/person/3040-57196/",
            "id": 57196,
            "name": "Gavin Carter",
            "site_detail_url": "http://www.giantbomb.com/gavin-carter/3040-57196/"
        },
        {
            "api_detail_url": "http://www.giantbomb.com/api/person/3040-57197/",
            "id": 57197,
            "name": "Brian Chapin",
            "site_detail_url": "http://www.giantbomb.com/brian-chapin/3040-57197/"
        },
        {
            "api_detail_url": "http://www.giantbomb.com/api/person/3040-57200/",
            "id": 57200,
            "name": "Frank Ward",
            "site_detail_url": "http://www.giantbomb.com/frank-ward/3040-57200/"
        },
        {
            "api_detail_url": "http://www.giantbomb.com/api/person/3040-57201/",
            "id": 57201,
            "name": "Tohan Kim",
            "site_detail_url": "http://www.giantbomb.com/tohan-kim/3040-57201/"
        },
        {
            "api_detail_url": "http://www.giantbomb.com/api/person/3040-57205/",
            "id": 57205,
            "name": "Josh Jones",
            "site_detail_url": "http://www.giantbomb.com/josh-jones/3040-57205/"
        },
        {
            "api_detail_url": "http://www.giantbomb.com/api/person/3040-57207/",
            "id": 57207,
            "name": "Ka-Kei Wong",
            "site_detail_url": "http://www.giantbomb.com/ka-kei-wong/3040-57207/"
        },
        {
            "api_detail_url": "http://www.giantbomb.com/api/person/3040-57208/",
            "id": 57208,
            "name": "Michael Kirkbride",
            "site_detail_url": "http://www.giantbomb.com/michael-kirkbride/3040-57208/"
        },
        {
            "api_detail_url": "http://www.giantbomb.com/api/person/3040-57210/",
            "id": 57210,
            "name": "Mark E. Nelson",
            "site_detail_url": "http://www.giantbomb.com/mark-e-nelson/3040-57210/"
        },
        {
            "api_detail_url": "http://www.giantbomb.com/api/person/3040-57212/",
            "id": 57212,
            "name": "Todd Vaughn",
            "site_detail_url": "http://www.giantbomb.com/todd-vaughn/3040-57212/"
        },
        {
            "api_detail_url": "http://www.giantbomb.com/api/person/3040-57213/",
            "id": 57213,
            "name": "Jason Ruddy",
            "site_detail_url": "http://www.giantbomb.com/jason-ruddy/3040-57213/"
        },
        {
            "api_detail_url": "http://www.giantbomb.com/api/person/3040-57214/",
            "id": 57214,
            "name": "Michael Fridley",
            "site_detail_url": "http://www.giantbomb.com/michael-fridley/3040-57214/"
        },
        {
            "api_detail_url": "http://www.giantbomb.com/api/person/3040-57215/",
            "id": 57215,
            "name": "Jonathan Bryce",
            "site_detail_url": "http://www.giantbomb.com/jonathan-bryce/3040-57215/"
        },
        {
            "api_detail_url": "http://www.giantbomb.com/api/person/3040-57216/",
            "id": 57216,
            "name": "Linda Canyon",
            "site_detail_url": "http://www.giantbomb.com/linda-canyon/3040-57216/"
        },
        {
            "api_detail_url": "http://www.giantbomb.com/api/person/3040-57217/",
            "id": 57217,
            "name": "Lynda Carter",
            "site_detail_url": "http://www.giantbomb.com/lynda-carter/3040-57217/"
        },
        {
            "api_detail_url": "http://www.giantbomb.com/api/person/3040-57219/",
            "id": 57219,
            "name": "Shari Elliker",
            "site_detail_url": "http://www.giantbomb.com/shari-elliker/3040-57219/"
        },
        {
            "api_detail_url": "http://www.giantbomb.com/api/person/3040-57220/",
            "id": 57220,
            "name": "Catherine Flye",
            "site_detail_url": "http://www.giantbomb.com/catherine-flye/3040-57220/"
        },
        {
            "api_detail_url": "http://www.giantbomb.com/api/person/3040-57222/",
            "id": 57222,
            "name": "Gayle Jessup",
            "site_detail_url": "http://www.giantbomb.com/gayle-jessup/3040-57222/"
        },
        {
            "api_detail_url": "http://www.giantbomb.com/api/person/3040-57223/",
            "id": 57223,
            "name": "Wes Johnson",
            "site_detail_url": "http://www.giantbomb.com/wes-johnson/3040-57223/"
        },
        {
            "api_detail_url": "http://www.giantbomb.com/api/person/3040-57225/",
            "id": 57225,
            "name": "Michael Mack",
            "site_detail_url": "http://www.giantbomb.com/michael-mack/3040-57225/"
        },
        {
            "api_detail_url": "http://www.giantbomb.com/api/person/3040-57226/",
            "id": 57226,
            "name": "Elisabeth Noone",
            "site_detail_url": "http://www.giantbomb.com/elisabeth-noone/3040-57226/"
        },
        {
            "api_detail_url": "http://www.giantbomb.com/api/person/3040-57228/",
            "id": 57228,
            "name": "Michael Wagner",
            "site_detail_url": "http://www.giantbomb.com/michael-wagner/3040-57228/"
        },
        {
            "api_detail_url": "http://www.giantbomb.com/api/person/3040-57229/",
            "id": 57229,
            "name": "Lori Rehr",
            "site_detail_url": "http://www.giantbomb.com/lori-rehr/3040-57229/"
        },
        {
            "api_detail_url": "http://www.giantbomb.com/api/person/3040-57230/",
            "id": 57230,
            "name": "Vlatko Andonov",
            "site_detail_url": "http://www.giantbomb.com/vlatko-andonov/3040-57230/"
        },
        {
            "api_detail_url": "http://www.giantbomb.com/api/person/3040-57235/",
            "id": 57235,
            "name": "Kurt Kuhlmann",
            "site_detail_url": "http://www.giantbomb.com/kurt-kuhlmann/3040-57235/"
        },
        {
            "api_detail_url": "http://www.giantbomb.com/api/person/3040-57240/",
            "id": 57240,
            "name": "Alan Nanes",
            "site_detail_url": "http://www.giantbomb.com/alan-nanes/3040-57240/"
        },
        {
            "api_detail_url": "http://www.giantbomb.com/api/person/3040-57241/",
            "id": 57241,
            "name": "Bruce Nesmith",
            "site_detail_url": "http://www.giantbomb.com/bruce-nesmith/3040-57241/"
        },
        {
            "api_detail_url": "http://www.giantbomb.com/api/person/3040-59196/",
            "id": 59196,
            "name": "Aron B. Gutierrez",
            "site_detail_url": "http://www.giantbomb.com/aron-b-gutierrez/3040-59196/"
        },
        {
            "api_detail_url": "http://www.giantbomb.com/api/person/3040-59355/",
            "id": 59355,
            "name": "Mark Nelson",
            "site_detail_url": "http://www.giantbomb.com/mark-nelson/3040-59355/"
        },
        {
            "api_detail_url": "http://www.giantbomb.com/api/person/3040-63916/",
            "id": 63916,
            "name": "Charles Dennis",
            "site_detail_url": "http://www.giantbomb.com/charles-dennis/3040-63916/"
        },
        {
            "api_detail_url": "http://www.giantbomb.com/api/person/3040-64352/",
            "id": 64352,
            "name": "Jean Gilpin",
            "site_detail_url": "http://www.giantbomb.com/jean-gilpin/3040-64352/"
        },
        {
            "api_detail_url": "http://www.giantbomb.com/api/person/3040-65214/",
            "id": 65214,
            "name": "Noah Nelson",
            "site_detail_url": "http://www.giantbomb.com/noah-nelson/3040-65214/"
        },
        {
            "api_detail_url": "http://www.giantbomb.com/api/person/3040-65605/",
            "id": 65605,
            "name": "Rashad Redic",
            "site_detail_url": "http://www.giantbomb.com/rashad-redic/3040-65605/"
        },
        {
            "api_detail_url": "http://www.giantbomb.com/api/person/3040-65881/",
            "id": 65881,
            "name": "Robin Atkin Downes",
            "site_detail_url": "http://www.giantbomb.com/robin-atkin-downes/3040-65881/"
        },
        {
            "api_detail_url": "http://www.giantbomb.com/api/person/3040-67759/",
            "id": 67759,
            "name": "Mauro Bossetti",
            "site_detail_url": "http://www.giantbomb.com/mauro-bossetti/3040-67759/"
        },
        {
            "api_detail_url": "http://www.giantbomb.com/api/person/3040-68463/",
            "id": 68463,
            "name": "Claudia Christian",
            "site_detail_url": "http://www.giantbomb.com/claudia-christian/3040-68463/"
        },
        {
            "api_detail_url": "http://www.giantbomb.com/api/person/3040-68476/",
            "id": 68476,
            "name": "Neil Dickson",
            "site_detail_url": "http://www.giantbomb.com/neil-dickson/3040-68476/"
        },
        {
            "api_detail_url": "http://www.giantbomb.com/api/person/3040-69184/",
            "id": 69184,
            "name": "Andy West",
            "site_detail_url": "http://www.giantbomb.com/andy-west/3040-69184/"
        },
        {
            "api_detail_url": "http://www.giantbomb.com/api/person/3040-69335/",
            "id": 69335,
            "name": "Dawn Hershey",
            "site_detail_url": "http://www.giantbomb.com/dawn-hershey/3040-69335/"
        },
        {
            "api_detail_url": "http://www.giantbomb.com/api/person/3040-74863/",
            "id": 74863,
            "name": "Emil Pagliarulo",
            "site_detail_url": "http://www.giantbomb.com/emil-pagliarulo/3040-74863/"
        },
        {
            "api_detail_url": "http://www.giantbomb.com/api/person/3040-74865/",
            "id": 74865,
            "name": "Diana Calihanna",
            "site_detail_url": "http://www.giantbomb.com/diana-calihanna/3040-74865/"
        },
        {
            "api_detail_url": "http://www.giantbomb.com/api/person/3040-74866/",
            "id": 74866,
            "name": "Michael Mazzuca",
            "site_detail_url": "http://www.giantbomb.com/michael-mazzuca/3040-74866/"
        },
        {
            "api_detail_url": "http://www.giantbomb.com/api/person/3040-74867/",
            "id": 74867,
            "name": "Jennifer Noland",
            "site_detail_url": "http://www.giantbomb.com/jennifer-noland/3040-74867/"
        },
        {
            "api_detail_url": "http://www.giantbomb.com/api/person/3040-74868/",
            "id": 74868,
            "name": "Nathan X. McDyer",
            "site_detail_url": "http://www.giantbomb.com/nathan-x-mcdyer/3040-74868/"
        },
        {
            "api_detail_url": "http://www.giantbomb.com/api/person/3040-74872/",
            "id": 74872,
            "name": "Peter Gil",
            "site_detail_url": "http://www.giantbomb.com/peter-gil/3040-74872/"
        },
        {
            "api_detail_url": "http://www.giantbomb.com/api/person/3040-74873/",
            "id": 74873,
            "name": "Ralph Cosham",
            "site_detail_url": "http://www.giantbomb.com/ralph-cosham/3040-74873/"
        },
        {
            "api_detail_url": "http://www.giantbomb.com/api/person/3040-74875/",
            "id": 74875,
            "name": "Robert Altman",
            "site_detail_url": "http://www.giantbomb.com/robert-altman/3040-74875/"
        },
        {
            "api_detail_url": "http://www.giantbomb.com/api/person/3040-74877/",
            "id": 74877,
            "name": "Jill Bralove",
            "site_detail_url": "http://www.giantbomb.com/jill-bralove/3040-74877/"
        },
        {
            "api_detail_url": "http://www.giantbomb.com/api/person/3040-75027/",
            "id": 75027,
            "name": "Erik Deitrick",
            "site_detail_url": "http://www.giantbomb.com/erik-deitrick/3040-75027/"
        },
        {
            "api_detail_url": "http://www.giantbomb.com/api/person/3040-75069/",
            "id": 75069,
            "name": "Audrey Wasilewski",
            "site_detail_url": "http://www.giantbomb.com/audrey-wasilewski/3040-75069/"
        },
        {
            "api_detail_url": "http://www.giantbomb.com/api/person/3040-75432/",
            "id": 75432,
            "name": "Timothy Lamb",
            "site_detail_url": "http://www.giantbomb.com/timothy-lamb/3040-75432/"
        },
        {
            "api_detail_url": "http://www.giantbomb.com/api/person/3040-75433/",
            "id": 75433,
            "name": "Kevin Kauffman",
            "site_detail_url": "http://www.giantbomb.com/kevin-kauffman/3040-75433/"
        },
        {
            "api_detail_url": "http://www.giantbomb.com/api/person/3040-75586/",
            "id": 75586,
            "name": "Courtenay Taylor",
            "site_detail_url": "http://www.giantbomb.com/courtenay-taylor/3040-75586/"
        },
        {
            "api_detail_url": "http://www.giantbomb.com/api/person/3040-75588/",
            "id": 75588,
            "name": "April Stewart",
            "site_detail_url": "http://www.giantbomb.com/april-stewart/3040-75588/"
        },
        {
            "api_detail_url": "http://www.giantbomb.com/api/person/3040-76825/",
            "id": 76825,
            "name": "Kari Wahlgren",
            "site_detail_url": "http://www.giantbomb.com/kari-wahlgren/3040-76825/"
        },
        {
            "api_detail_url": "http://www.giantbomb.com/api/person/3040-77484/",
            "id": 77484,
            "name": "Jason Bergman",
            "site_detail_url": "http://www.giantbomb.com/jason-bergman/3040-77484/"
        },
        {
            "api_detail_url": "http://www.giantbomb.com/api/person/3040-77534/",
            "id": 77534,
            "name": "Jeff Lundin",
            "site_detail_url": "http://www.giantbomb.com/jeff-lundin/3040-77534/"
        },
        {
            "api_detail_url": "http://www.giantbomb.com/api/person/3040-80008/",
            "id": 80008,
            "name": "Nolan North",
            "site_detail_url": "http://www.giantbomb.com/nolan-north/3040-80008/"
        },
        {
            "api_detail_url": "http://www.giantbomb.com/api/person/3040-80012/",
            "id": 80012,
            "name": "Alfredo Mart\u00ednez",
            "site_detail_url": "http://www.giantbomb.com/alfredo-martinez/3040-80012/"
        },
        {
            "api_detail_url": "http://www.giantbomb.com/api/person/3040-80013/",
            "id": 80013,
            "name": "Ana Jim\u00e9nez",
            "site_detail_url": "http://www.giantbomb.com/ana-jimenez/3040-80013/"
        },
        {
            "api_detail_url": "http://www.giantbomb.com/api/person/3040-80015/",
            "id": 80015,
            "name": "\u00c1ngel Amor\u00f3s",
            "site_detail_url": "http://www.giantbomb.com/angel-amoros/3040-80015/"
        },
        {
            "api_detail_url": "http://www.giantbomb.com/api/person/3040-80016/",
            "id": 80016,
            "name": "Antonio Aben\u00f3jar",
            "site_detail_url": "http://www.giantbomb.com/antonio-abenojar/3040-80016/"
        },
        {
            "api_detail_url": "http://www.giantbomb.com/api/person/3040-80017/",
            "id": 80017,
            "name": "Arturo L\u00f3pez",
            "site_detail_url": "http://www.giantbomb.com/arturo-lopez/3040-80017/"
        },
        {
            "api_detail_url": "http://www.giantbomb.com/api/person/3040-80020/",
            "id": 80020,
            "name": "Elena Ru\u00edz de Velasco",
            "site_detail_url": "http://www.giantbomb.com/elena-ruiz-de-velasco/3040-80020/"
        },
        {
            "api_detail_url": "http://www.giantbomb.com/api/person/3040-80025/",
            "id": 80025,
            "name": "H\u00e9ctor Garay",
            "site_detail_url": "http://www.giantbomb.com/hector-garay/3040-80025/"
        },
        {
            "api_detail_url": "http://www.giantbomb.com/api/person/3040-80030/",
            "id": 80030,
            "name": "Jon Ciriano",
            "site_detail_url": "http://www.giantbomb.com/jon-ciriano/3040-80030/"
        },
        {
            "api_detail_url": "http://www.giantbomb.com/api/person/3040-80031/",
            "id": 80031,
            "name": "Jorge Teixeira",
            "site_detail_url": "http://www.giantbomb.com/jorge-teixeira/3040-80031/"
        },
        {
            "api_detail_url": "http://www.giantbomb.com/api/person/3040-80032/",
            "id": 80032,
            "name": "Juan Carlos Lozano Mu\u00f1oz",
            "site_detail_url": "http://www.giantbomb.com/juan-carlos-lozano-munoz/3040-80032/"
        },
        {
            "api_detail_url": "http://www.giantbomb.com/api/person/3040-80034/",
            "id": 80034,
            "name": "Leopoldo Ballesteros",
            "site_detail_url": "http://www.giantbomb.com/leopoldo-ballesteros/3040-80034/"
        },
        {
            "api_detail_url": "http://www.giantbomb.com/api/person/3040-80036/",
            "id": 80036,
            "name": "Miguel \u00c1ngel Montero",
            "site_detail_url": "http://www.giantbomb.com/miguel-angel-montero/3040-80036/"
        },
        {
            "api_detail_url": "http://www.giantbomb.com/api/person/3040-80038/",
            "id": 80038,
            "name": "Roberto Cuadrado",
            "site_detail_url": "http://www.giantbomb.com/roberto-cuadrado/3040-80038/"
        },
        {
            "api_detail_url": "http://www.giantbomb.com/api/person/3040-80060/",
            "id": 80060,
            "name": "Luca Sandri",
            "site_detail_url": "http://www.giantbomb.com/luca-sandri/3040-80060/"
        },
        {
            "api_detail_url": "http://www.giantbomb.com/api/person/3040-80062/",
            "id": 80062,
            "name": "Marco Balbi",
            "site_detail_url": "http://www.giantbomb.com/marco-balbi/3040-80062/"
        },
        {
            "api_detail_url": "http://www.giantbomb.com/api/person/3040-80071/",
            "id": 80071,
            "name": "Silvana Fantini",
            "site_detail_url": "http://www.giantbomb.com/silvana-fantini/3040-80071/"
        },
        {
            "api_detail_url": "http://www.giantbomb.com/api/person/3040-80081/",
            "id": 80081,
            "name": "Mario Hassert",
            "site_detail_url": "http://www.giantbomb.com/mario-hassert/3040-80081/"
        },
        {
            "api_detail_url": "http://www.giantbomb.com/api/person/3040-80110/",
            "id": 80110,
            "name": "Philippe Catoire",
            "site_detail_url": "http://www.giantbomb.com/philippe-catoire/3040-80110/"
        },
        {
            "api_detail_url": "http://www.giantbomb.com/api/person/3040-80111/",
            "id": 80111,
            "name": "Serge Thiriet",
            "site_detail_url": "http://www.giantbomb.com/serge-thiriet/3040-80111/"
        },
        {
            "api_detail_url": "http://www.giantbomb.com/api/person/3040-83031/",
            "id": 83031,
            "name": "Gideon Emery",
            "site_detail_url": "http://www.giantbomb.com/gideon-emery/3040-83031/"
        },
        {
            "api_detail_url": "http://www.giantbomb.com/api/person/3040-84069/",
            "id": 84069,
            "name": "Israel Delgado",
            "site_detail_url": "http://www.giantbomb.com/israel-delgado/3040-84069/"
        },
        {
            "api_detail_url": "http://www.giantbomb.com/api/person/3040-84937/",
            "id": 84937,
            "name": "Alexandra Dorris",
            "site_detail_url": "http://www.giantbomb.com/alexandra-dorris/3040-84937/"
        },
        {
            "api_detail_url": "http://www.giantbomb.com/api/person/3040-84973/",
            "id": 84973,
            "name": "Lev Chapelsky",
            "site_detail_url": "http://www.giantbomb.com/lev-chapelsky/3040-84973/"
        },
        {
            "api_detail_url": "http://www.giantbomb.com/api/person/3040-85311/",
            "id": 85311,
            "name": "Cindy Robinson",
            "site_detail_url": "http://www.giantbomb.com/cindy-robinson/3040-85311/"
        },
        {
            "api_detail_url": "http://www.giantbomb.com/api/person/3040-85797/",
            "id": 85797,
            "name": "Christian Svensson",
            "site_detail_url": "http://www.giantbomb.com/christian-svensson/3040-85797/"
        },
        {
            "api_detail_url": "http://www.giantbomb.com/api/person/3040-86850/",
            "id": 86850,
            "name": "Juliette Degenne",
            "site_detail_url": "http://www.giantbomb.com/juliette-degenne/3040-86850/"
        },
        {
            "api_detail_url": "http://www.giantbomb.com/api/person/3040-86851/",
            "id": 86851,
            "name": "Lorella De Luca",
            "site_detail_url": "http://www.giantbomb.com/lorella-de-luca/3040-86851/"
        },
        {
            "api_detail_url": "http://www.giantbomb.com/api/person/3040-86869/",
            "id": 86869,
            "name": "Gianni Quillico",
            "site_detail_url": "http://www.giantbomb.com/gianni-quillico/3040-86869/"
        },
        {
            "api_detail_url": "http://www.giantbomb.com/api/person/3040-86873/",
            "id": 86873,
            "name": "Marc Bretonni\u00e8re",
            "site_detail_url": "http://www.giantbomb.com/marc-bretonniere/3040-86873/"
        },
        {
            "api_detail_url": "http://www.giantbomb.com/api/person/3040-86886/",
            "id": 86886,
            "name": "Claudio Colombo",
            "site_detail_url": "http://www.giantbomb.com/claudio-colombo/3040-86886/"
        },
        {
            "api_detail_url": "http://www.giantbomb.com/api/person/3040-87054/",
            "id": 87054,
            "name": "Charlie Warren",
            "site_detail_url": "http://www.giantbomb.com/charlie-warren/3040-87054/"
        },
        {
            "api_detail_url": "http://www.giantbomb.com/api/person/3040-89571/",
            "id": 89571,
            "name": "Charles Martinet",
            "site_detail_url": "http://www.giantbomb.com/charles-martinet/3040-89571/"
        },
        {
            "api_detail_url": "http://www.giantbomb.com/api/person/3040-89573/",
            "id": 89573,
            "name": "Ron Perlman",
            "site_detail_url": "http://www.giantbomb.com/ron-perlman/3040-89573/"
        },
        {
            "api_detail_url": "http://www.giantbomb.com/api/person/3040-89766/",
            "id": 89766,
            "name": "Rafael Vargas",
            "site_detail_url": "http://www.giantbomb.com/rafael-vargas/3040-89766/"
        },
        {
            "api_detail_url": "http://www.giantbomb.com/api/person/3040-89767/",
            "id": 89767,
            "name": "Hiu-Lai Chong",
            "site_detail_url": "http://www.giantbomb.com/hiu-lai-chong/3040-89767/"
        },
        {
            "api_detail_url": "http://www.giantbomb.com/api/person/3040-89880/",
            "id": 89880,
            "name": "Sean Bean",
            "site_detail_url": "http://www.giantbomb.com/sean-bean/3040-89880/"
        },
        {
            "api_detail_url": "http://www.giantbomb.com/api/person/3040-89881/",
            "id": 89881,
            "name": "Terence Stamp",
            "site_detail_url": "http://www.giantbomb.com/terence-stamp/3040-89881/"
        },
        {
            "api_detail_url": "http://www.giantbomb.com/api/person/3040-90562/",
            "id": 90562,
            "name": "Mark Lampert",
            "site_detail_url": "http://www.giantbomb.com/mark-lampert/3040-90562/"
        },
        {
            "api_detail_url": "http://www.giantbomb.com/api/person/3040-90563/",
            "id": 90563,
            "name": "Jeff Gardiner",
            "site_detail_url": "http://www.giantbomb.com/jeff-gardiner/3040-90563/"
        },
        {
            "api_detail_url": "http://www.giantbomb.com/api/person/3040-90564/",
            "id": 90564,
            "name": "Angela Browder",
            "site_detail_url": "http://www.giantbomb.com/angela-browder/3040-90564/"
        },
        {
            "api_detail_url": "http://www.giantbomb.com/api/person/3040-90565/",
            "id": 90565,
            "name": "Brendan Anthony",
            "site_detail_url": "http://www.giantbomb.com/brendan-anthony/3040-90565/"
        },
        {
            "api_detail_url": "http://www.giantbomb.com/api/person/3040-90566/",
            "id": 90566,
            "name": "Shannon Bailey",
            "site_detail_url": "http://www.giantbomb.com/shannon-bailey/3040-90566/"
        },
        {
            "api_detail_url": "http://www.giantbomb.com/api/person/3040-90567/",
            "id": 90567,
            "name": "Jonathan Bilodeau",
            "site_detail_url": "http://www.giantbomb.com/jonathan-bilodeau/3040-90567/"
        },
        {
            "api_detail_url": "http://www.giantbomb.com/api/person/3040-90568/",
            "id": 90568,
            "name": "Michael Dulany",
            "site_detail_url": "http://www.giantbomb.com/michael-dulany/3040-90568/"
        },
        {
            "api_detail_url": "http://www.giantbomb.com/api/person/3040-90569/",
            "id": 90569,
            "name": "Chris Esko",
            "site_detail_url": "http://www.giantbomb.com/chris-esko/3040-90569/"
        },
        {
            "api_detail_url": "http://www.giantbomb.com/api/person/3040-90570/",
            "id": 90570,
            "name": "Ricardo Gonzalez",
            "site_detail_url": "http://www.giantbomb.com/ricardo-gonzalez/3040-90570/"
        },
        {
            "api_detail_url": "http://www.giantbomb.com/api/person/3040-90571/",
            "id": 90571,
            "name": "Brian Robb",
            "site_detail_url": "http://www.giantbomb.com/brian-robb/3040-90571/"
        },
        {
            "api_detail_url": "http://www.giantbomb.com/api/person/3040-90572/",
            "id": 90572,
            "name": "Joe Romano",
            "site_detail_url": "http://www.giantbomb.com/joe-romano/3040-90572/"
        },
        {
            "api_detail_url": "http://www.giantbomb.com/api/person/3040-90573/",
            "id": 90573,
            "name": "Jeff Sheiman",
            "site_detail_url": "http://www.giantbomb.com/jeff-sheiman/3040-90573/"
        },
        {
            "api_detail_url": "http://www.giantbomb.com/api/person/3040-90574/",
            "id": 90574,
            "name": "Jean Simonet",
            "site_detail_url": "http://www.giantbomb.com/jean-simonet/3040-90574/"
        },
        {
            "api_detail_url": "http://www.giantbomb.com/api/person/3040-90575/",
            "id": 90575,
            "name": "Dan Teitel",
            "site_detail_url": "http://www.giantbomb.com/dan-teitel/3040-90575/"
        },
        {
            "api_detail_url": "http://www.giantbomb.com/api/person/3040-90576/",
            "id": 90576,
            "name": "Orin Tresnjak",
            "site_detail_url": "http://www.giantbomb.com/orin-tresnjak/3040-90576/"
        },
        {
            "api_detail_url": "http://www.giantbomb.com/api/person/3040-90577/",
            "id": 90577,
            "name": "Jay Woodward",
            "site_detail_url": "http://www.giantbomb.com/jay-woodward/3040-90577/"
        },
        {
            "api_detail_url": "http://www.giantbomb.com/api/person/3040-90578/",
            "id": 90578,
            "name": "Joshua Andersen",
            "site_detail_url": "http://www.giantbomb.com/joshua-andersen/3040-90578/"
        },
        {
            "api_detail_url": "http://www.giantbomb.com/api/person/3040-90579/",
            "id": 90579,
            "name": "Ryan Ashford",
            "site_detail_url": "http://www.giantbomb.com/ryan-ashford/3040-90579/"
        },
        {
            "api_detail_url": "http://www.giantbomb.com/api/person/3040-90580/",
            "id": 90580,
            "name": "Daniel Dunham",
            "site_detail_url": "http://www.giantbomb.com/daniel-dunham/3040-90580/"
        },
        {
            "api_detail_url": "http://www.giantbomb.com/api/person/3040-90581/",
            "id": 90581,
            "name": "Paul Graber",
            "site_detail_url": "http://www.giantbomb.com/paul-graber/3040-90581/"
        },
        {
            "api_detail_url": "http://www.giantbomb.com/api/person/3040-90582/",
            "id": 90582,
            "name": "Jason Hammett",
            "site_detail_url": "http://www.giantbomb.com/jason-hammett/3040-90582/"
        },
        {
            "api_detail_url": "http://www.giantbomb.com/api/person/3040-90583/",
            "id": 90583,
            "name": "Chris Hynes",
            "site_detail_url": "http://www.giantbomb.com/chris-hynes/3040-90583/"
        },
        {
            "api_detail_url": "http://www.giantbomb.com/api/person/3040-90584/",
            "id": 90584,
            "name": "Ryan Lea",
            "site_detail_url": "http://www.giantbomb.com/ryan-lea/3040-90584/"
        },
        {
            "api_detail_url": "http://www.giantbomb.com/api/person/3040-90585/",
            "id": 90585,
            "name": "Nathan Nordfelt",
            "site_detail_url": "http://www.giantbomb.com/nathan-nordfelt/3040-90585/"
        },
        {
            "api_detail_url": "http://www.giantbomb.com/api/person/3040-90586/",
            "id": 90586,
            "name": "Dariush Samari",
            "site_detail_url": "http://www.giantbomb.com/dariush-samari/3040-90586/"
        },
        {
            "api_detail_url": "http://www.giantbomb.com/api/person/3040-90587/",
            "id": 90587,
            "name": "Jeff Ward",
            "site_detail_url": "http://www.giantbomb.com/jeff-ward/3040-90587/"
        },
        {
            "api_detail_url": "http://www.giantbomb.com/api/person/3040-90588/",
            "id": 90588,
            "name": "Adam Adamowicz",
            "site_detail_url": "http://www.giantbomb.com/adam-adamowicz/3040-90588/"
        },
        {
            "api_detail_url": "http://www.giantbomb.com/api/person/3040-90589/",
            "id": 90589,
            "name": "Grant Struthers",
            "site_detail_url": "http://www.giantbomb.com/grant-struthers/3040-90589/"
        },
        {
            "api_detail_url": "http://www.giantbomb.com/api/person/3040-90590/",
            "id": 90590,
            "name": "Andy Barron",
            "site_detail_url": "http://www.giantbomb.com/andy-barron/3040-90590/"
        },
        {
            "api_detail_url": "http://www.giantbomb.com/api/person/3040-90591/",
            "id": 90591,
            "name": "Cory Edwards",
            "site_detail_url": "http://www.giantbomb.com/cory-edwards/3040-90591/"
        },
        {
            "api_detail_url": "http://www.giantbomb.com/api/person/3040-90592/",
            "id": 90592,
            "name": "Tony Greco",
            "site_detail_url": "http://www.giantbomb.com/tony-greco/3040-90592/"
        },
        {
            "api_detail_url": "http://www.giantbomb.com/api/person/3040-90593/",
            "id": 90593,
            "name": "Daniel T. Lee",
            "site_detail_url": "http://www.giantbomb.com/daniel-t-lee/3040-90593/"
        },
        {
            "api_detail_url": "http://www.giantbomb.com/api/person/3040-90594/",
            "id": 90594,
            "name": "Nate Purkeypile",
            "site_detail_url": "http://www.giantbomb.com/nate-purkeypile/3040-90594/"
        },
        {
            "api_detail_url": "http://www.giantbomb.com/api/person/3040-90595/",
            "id": 90595,
            "name": "Megan Sawyer",
            "site_detail_url": "http://www.giantbomb.com/megan-sawyer/3040-90595/"
        },
        {
            "api_detail_url": "http://www.giantbomb.com/api/person/3040-90596/",
            "id": 90596,
            "name": "Ryan Sears",
            "site_detail_url": "http://www.giantbomb.com/ryan-sears/3040-90596/"
        },
        {
            "api_detail_url": "http://www.giantbomb.com/api/person/3040-90597/",
            "id": 90597,
            "name": "Clara Struthers",
            "site_detail_url": "http://www.giantbomb.com/clara-struthers/3040-90597/"
        },
        {
            "api_detail_url": "http://www.giantbomb.com/api/person/3040-90598/",
            "id": 90598,
            "name": "Todd Broadwater",
            "site_detail_url": "http://www.giantbomb.com/todd-broadwater/3040-90598/"
        },
        {
            "api_detail_url": "http://www.giantbomb.com/api/person/3040-90599/",
            "id": 90599,
            "name": "Miles Burrell",
            "site_detail_url": "http://www.giantbomb.com/miles-burrell/3040-90599/"
        },
        {
            "api_detail_url": "http://www.giantbomb.com/api/person/3040-90600/",
            "id": 90600,
            "name": "Cory Dornbusch",
            "site_detail_url": "http://www.giantbomb.com/cory-dornbusch/3040-90600/"
        },
        {
            "api_detail_url": "http://www.giantbomb.com/api/person/3040-90601/",
            "id": 90601,
            "name": "Greg Kline",
            "site_detail_url": "http://www.giantbomb.com/greg-kline/3040-90601/"
        },
        {
            "api_detail_url": "http://www.giantbomb.com/api/person/3040-90602/",
            "id": 90602,
            "name": "Ryan Salvatore",
            "site_detail_url": "http://www.giantbomb.com/ryan-salvatore/3040-90602/"
        },
        {
            "api_detail_url": "http://www.giantbomb.com/api/person/3040-90603/",
            "id": 90603,
            "name": "Ben Carnow",
            "site_detail_url": "http://www.giantbomb.com/ben-carnow/3040-90603/"
        },
        {
            "api_detail_url": "http://www.giantbomb.com/api/person/3040-90604/",
            "id": 90604,
            "name": "Jangjoon Cha",
            "site_detail_url": "http://www.giantbomb.com/jangjoon-cha/3040-90604/"
        },
        {
            "api_detail_url": "http://www.giantbomb.com/api/person/3040-90605/",
            "id": 90605,
            "name": "Jonah Lobe",
            "site_detail_url": "http://www.giantbomb.com/jonah-lobe/3040-90605/"
        },
        {
            "api_detail_url": "http://www.giantbomb.com/api/person/3040-90606/",
            "id": 90606,
            "name": "Dane Olds",
            "site_detail_url": "http://www.giantbomb.com/dane-olds/3040-90606/"
        },
        {
            "api_detail_url": "http://www.giantbomb.com/api/person/3040-90607/",
            "id": 90607,
            "name": "Liz Beetem",
            "site_detail_url": "http://www.giantbomb.com/liz-beetem/3040-90607/"
        },
        {
            "api_detail_url": "http://www.giantbomb.com/api/person/3040-90608/",
            "id": 90608,
            "name": "Natalia Smirnova",
            "site_detail_url": "http://www.giantbomb.com/natalia-smirnova/3040-90608/"
        },
        {
            "api_detail_url": "http://www.giantbomb.com/api/person/3040-90609/",
            "id": 90609,
            "name": "Erik J. Caponi",
            "site_detail_url": "http://www.giantbomb.com/erik-j-caponi/3040-90609/"
        },
        {
            "api_detail_url": "http://www.giantbomb.com/api/person/3040-90610/",
            "id": 90610,
            "name": "Jon Paul Duvall",
            "site_detail_url": "http://www.giantbomb.com/jon-paul-duvall/3040-90610/"
        },
        {
            "api_detail_url": "http://www.giantbomb.com/api/person/3040-90611/",
            "id": 90611,
            "name": "Fred Zeleny",
            "site_detail_url": "http://www.giantbomb.com/fred-zeleny/3040-90611/"
        },
        {
            "api_detail_url": "http://www.giantbomb.com/api/person/3040-90612/",
            "id": 90612,
            "name": "Nate Ellis",
            "site_detail_url": "http://www.giantbomb.com/nate-ellis/3040-90612/"
        },
        {
            "api_detail_url": "http://www.giantbomb.com/api/person/3040-90613/",
            "id": 90613,
            "name": "William Killeen",
            "site_detail_url": "http://www.giantbomb.com/william-killeen/3040-90613/"
        },
        {
            "api_detail_url": "http://www.giantbomb.com/api/person/3040-90614/",
            "id": 90614,
            "name": "Justin McSweeney",
            "site_detail_url": "http://www.giantbomb.com/justin-mcsweeney/3040-90614/"
        },
        {
            "api_detail_url": "http://www.giantbomb.com/api/person/3040-90615/",
            "id": 90615,
            "name": "Jeff Browne",
            "site_detail_url": "http://www.giantbomb.com/jeff-browne/3040-90615/"
        },
        {
            "api_detail_url": "http://www.giantbomb.com/api/person/3040-90616/",
            "id": 90616,
            "name": "Ryan Redetzke",
            "site_detail_url": "http://www.giantbomb.com/ryan-redetzke/3040-90616/"
        },
        {
            "api_detail_url": "http://www.giantbomb.com/api/person/3040-90617/",
            "id": 90617,
            "name": "Jesse Tucker",
            "site_detail_url": "http://www.giantbomb.com/jesse-tucker/3040-90617/"
        },
        {
            "api_detail_url": "http://www.giantbomb.com/api/person/3040-90618/",
            "id": 90618,
            "name": "James Costantino",
            "site_detail_url": "http://www.giantbomb.com/james-costantino/3040-90618/"
        },
        {
            "api_detail_url": "http://www.giantbomb.com/api/person/3040-90619/",
            "id": 90619,
            "name": "Christopher Krietz",
            "site_detail_url": "http://www.giantbomb.com/christopher-krietz/3040-90619/"
        },
        {
            "api_detail_url": "http://www.giantbomb.com/api/person/3040-90620/",
            "id": 90620,
            "name": "Jared Angus",
            "site_detail_url": "http://www.giantbomb.com/jared-angus/3040-90620/"
        },
        {
            "api_detail_url": "http://www.giantbomb.com/api/person/3040-90621/",
            "id": 90621,
            "name": "Sam Bernstein",
            "site_detail_url": "http://www.giantbomb.com/sam-bernstein/3040-90621/"
        },
        {
            "api_detail_url": "http://www.giantbomb.com/api/person/3040-90622/",
            "id": 90622,
            "name": "Nick Brothers",
            "site_detail_url": "http://www.giantbomb.com/nick-brothers/3040-90622/"
        },
        {
            "api_detail_url": "http://www.giantbomb.com/api/person/3040-90623/",
            "id": 90623,
            "name": "Rob Clark",
            "site_detail_url": "http://www.giantbomb.com/rob-clark/3040-90623/"
        },
        {
            "api_detail_url": "http://www.giantbomb.com/api/person/3040-90624/",
            "id": 90624,
            "name": "Terry Dunn",
            "site_detail_url": "http://www.giantbomb.com/terry-dunn/3040-90624/"
        },
        {
            "api_detail_url": "http://www.giantbomb.com/api/person/3040-90625/",
            "id": 90625,
            "name": "Phil Georgatos",
            "site_detail_url": "http://www.giantbomb.com/phil-georgatos/3040-90625/"
        },
        {
            "api_detail_url": "http://www.giantbomb.com/api/person/3040-90626/",
            "id": 90626,
            "name": "Dan Geske",
            "site_detail_url": "http://www.giantbomb.com/dan-geske/3040-90626/"
        },
        {
            "api_detail_url": "http://www.giantbomb.com/api/person/3040-90627/",
            "id": 90627,
            "name": "Mike Lattanzia",
            "site_detail_url": "http://www.giantbomb.com/mike-lattanzia/3040-90627/"
        },
        {
            "api_detail_url": "http://www.giantbomb.com/api/person/3040-90628/",
            "id": 90628,
            "name": "Jason Little",
            "site_detail_url": "http://www.giantbomb.com/jason-little/3040-90628/"
        },
        {
            "api_detail_url": "http://www.giantbomb.com/api/person/3040-90629/",
            "id": 90629,
            "name": "Mike McGinn",
            "site_detail_url": "http://www.giantbomb.com/mike-mcginn/3040-90629/"
        },
        {
            "api_detail_url": "http://www.giantbomb.com/api/person/3040-90630/",
            "id": 90630,
            "name": "Aaron Mitschelen",
            "site_detail_url": "http://www.giantbomb.com/aaron-mitschelen/3040-90630/"
        },
        {
            "api_detail_url": "http://www.giantbomb.com/api/person/3040-90631/",
            "id": 90631,
            "name": "Jonathan Peake",
            "site_detail_url": "http://www.giantbomb.com/jonathan-peake/3040-90631/"
        },
        {
            "api_detail_url": "http://www.giantbomb.com/api/person/3040-90632/",
            "id": 90632,
            "name": "John Pisano",
            "site_detail_url": "http://www.giantbomb.com/john-pisano/3040-90632/"
        },
        {
            "api_detail_url": "http://www.giantbomb.com/api/person/3040-90633/",
            "id": 90633,
            "name": "Louis Riley",
            "site_detail_url": "http://www.giantbomb.com/louis-riley/3040-90633/"
        },
        {
            "api_detail_url": "http://www.giantbomb.com/api/person/3040-90634/",
            "id": 90634,
            "name": "Matt Spahlinger",
            "site_detail_url": "http://www.giantbomb.com/matt-spahlinger/3040-90634/"
        },
        {
            "api_detail_url": "http://www.giantbomb.com/api/person/3040-90635/",
            "id": 90635,
            "name": "Chris Steidel",
            "site_detail_url": "http://www.giantbomb.com/chris-steidel/3040-90635/"
        },
        {
            "api_detail_url": "http://www.giantbomb.com/api/person/3040-90636/",
            "id": 90636,
            "name": "Larry Waldman",
            "site_detail_url": "http://www.giantbomb.com/larry-waldman/3040-90636/"
        },
        {
            "api_detail_url": "http://www.giantbomb.com/api/person/3040-90637/",
            "id": 90637,
            "name": "Matt Weil",
            "site_detail_url": "http://www.giantbomb.com/matt-weil/3040-90637/"
        },
        {
            "api_detail_url": "http://www.giantbomb.com/api/person/3040-90644/",
            "id": 90644,
            "name": "Alex Agnew",
            "site_detail_url": "http://www.giantbomb.com/alex-agnew/3040-90644/"
        },
        {
            "api_detail_url": "http://www.giantbomb.com/api/person/3040-90645/",
            "id": 90645,
            "name": "Brandon Allen",
            "site_detail_url": "http://www.giantbomb.com/brandon-allen/3040-90645/"
        },
        {
            "api_detail_url": "http://www.giantbomb.com/api/person/3040-90646/",
            "id": 90646,
            "name": "Ray Arnett",
            "site_detail_url": "http://www.giantbomb.com/ray-arnett/3040-90646/"
        },
        {
            "api_detail_url": "http://www.giantbomb.com/api/person/3040-90647/",
            "id": 90647,
            "name": "Ruben S. Brown",
            "site_detail_url": "http://www.giantbomb.com/ruben-s-brown/3040-90647/"
        },
        {
            "api_detail_url": "http://www.giantbomb.com/api/person/3040-90648/",
            "id": 90648,
            "name": "Jabarie Brown",
            "site_detail_url": "http://www.giantbomb.com/jabarie-brown/3040-90648/"
        },
        {
            "api_detail_url": "http://www.giantbomb.com/api/person/3040-92090/",
            "id": 92090,
            "name": "Diane Michelle",
            "site_detail_url": "http://www.giantbomb.com/diane-michelle/3040-92090/"
        },
        {
            "api_detail_url": "http://www.giantbomb.com/api/person/3040-93602/",
            "id": 93602,
            "name": "Brandon Keener",
            "site_detail_url": "http://www.giantbomb.com/brandon-keener/3040-93602/"
        },
        {
            "api_detail_url": "http://www.giantbomb.com/api/person/3040-95723/",
            "id": 95723,
            "name": "Bruce Sutherland",
            "site_detail_url": "http://www.giantbomb.com/bruce-sutherland/3040-95723/"
        },
        {
            "api_detail_url": "http://www.giantbomb.com/api/person/3040-97357/",
            "id": 97357,
            "name": "Michael Hogan",
            "site_detail_url": "http://www.giantbomb.com/michael-hogan/3040-97357/"
        },
        {
            "api_detail_url": "http://www.giantbomb.com/api/person/3040-97384/",
            "id": 97384,
            "name": "Keith Silverstein",
            "site_detail_url": "http://www.giantbomb.com/keith-silverstein/3040-97384/"
        },
        {
            "api_detail_url": "http://www.giantbomb.com/api/person/3040-97512/",
            "id": 97512,
            "name": "Jon Curry",
            "site_detail_url": "http://www.giantbomb.com/jon-curry/3040-97512/"
        },
        {
            "api_detail_url": "http://www.giantbomb.com/api/person/3040-97523/",
            "id": 97523,
            "name": "Odette Yustman",
            "site_detail_url": "http://www.giantbomb.com/odette-yustman/3040-97523/"
        },
        {
            "api_detail_url": "http://www.giantbomb.com/api/person/3040-97853/",
            "id": 97853,
            "name": "Liam Neeson",
            "site_detail_url": "http://www.giantbomb.com/liam-neeson/3040-97853/"
        },
        {
            "api_detail_url": "http://www.giantbomb.com/api/person/3040-97975/",
            "id": 97975,
            "name": "Erik Dellums",
            "site_detail_url": "http://www.giantbomb.com/erik-dellums/3040-97975/"
        },
        {
            "api_detail_url": "http://www.giantbomb.com/api/person/3040-97977/",
            "id": 97977,
            "name": "Craig Sechler",
            "site_detail_url": "http://www.giantbomb.com/craig-sechler/3040-97977/"
        },
        {
            "api_detail_url": "http://www.giantbomb.com/api/person/3040-98004/",
            "id": 98004,
            "name": "Karen Carbone",
            "site_detail_url": "http://www.giantbomb.com/karen-carbone/3040-98004/"
        },
        {
            "api_detail_url": "http://www.giantbomb.com/api/person/3040-98579/",
            "id": 98579,
            "name": "Nick Breckon",
            "site_detail_url": "http://www.giantbomb.com/nick-breckon/3040-98579/"
        },
        {
            "api_detail_url": "http://www.giantbomb.com/api/person/3040-99157/",
            "id": 99157,
            "name": "Heather Marie Marsden",
            "site_detail_url": "http://www.giantbomb.com/heather-marie-marsden/3040-99157/"
        },
        {
            "api_detail_url": "http://www.giantbomb.com/api/person/3040-99343/",
            "id": 99343,
            "name": "Max von Sydow",
            "site_detail_url": "http://www.giantbomb.com/max-von-sydow/3040-99343/"
        },
        {
            "api_detail_url": "http://www.giantbomb.com/api/person/3040-99380/",
            "id": 99380,
            "name": "Jason Mitchell",
            "site_detail_url": "http://www.giantbomb.com/jason-mitchell/3040-99380/"
        },
        {
            "api_detail_url": "http://www.giantbomb.com/api/person/3040-99496/",
            "id": 99496,
            "name": "Stanislaus Braun",
            "site_detail_url": "http://www.giantbomb.com/stanislaus-braun/3040-99496/"
        },
        {
            "api_detail_url": "http://www.giantbomb.com/api/person/3040-100614/",
            "id": 100614,
            "name": "DongJun Kim",
            "site_detail_url": "http://www.giantbomb.com/dongjun-kim/3040-100614/"
        },
        {
            "api_detail_url": "http://www.giantbomb.com/api/person/3040-100737/",
            "id": 100737,
            "name": "Mike Rosson",
            "site_detail_url": "http://www.giantbomb.com/mike-rosson/3040-100737/"
        },
        {
            "api_detail_url": "http://www.giantbomb.com/api/person/3040-101035/",
            "id": 101035,
            "name": "Greg Baldwin",
            "site_detail_url": "http://www.giantbomb.com/greg-baldwin/3040-101035/"
        },
        {
            "api_detail_url": "http://www.giantbomb.com/api/person/3040-101042/",
            "id": 101042,
            "name": "Christopher Plummer",
            "site_detail_url": "http://www.giantbomb.com/christopher-plummer/3040-101042/"
        },
        {
            "api_detail_url": "http://www.giantbomb.com/api/person/3040-101043/",
            "id": 101043,
            "name": "Joan Allen",
            "site_detail_url": "http://www.giantbomb.com/joan-allen/3040-101043/"
        },
        {
            "api_detail_url": "http://www.giantbomb.com/api/person/3040-101044/",
            "id": 101044,
            "name": "Vladimir Kulich",
            "site_detail_url": "http://www.giantbomb.com/vladimir-kulich/3040-101044/"
        },
        {
            "api_detail_url": "http://www.giantbomb.com/api/person/3040-101125/",
            "id": 101125,
            "name": "Lauri Hendler",
            "site_detail_url": "http://www.giantbomb.com/lauri-hendler/3040-101125/"
        },
        {
            "api_detail_url": "http://www.giantbomb.com/api/person/3040-101129/",
            "id": 101129,
            "name": "Thor Edgell",
            "site_detail_url": "http://www.giantbomb.com/thor-edgell/3040-101129/"
        },
        {
            "api_detail_url": "http://www.giantbomb.com/api/person/3040-101173/",
            "id": 101173,
            "name": "Moira Quirk",
            "site_detail_url": "http://www.giantbomb.com/moira-quirk/3040-101173/"
        },
        {
            "api_detail_url": "http://www.giantbomb.com/api/person/3040-102699/",
            "id": 102699,
            "name": "Detlef Bierstedt",
            "site_detail_url": "http://www.giantbomb.com/detlef-bierstedt/3040-102699/"
        },
        {
            "api_detail_url": "http://www.giantbomb.com/api/person/3040-102704/",
            "id": 102704,
            "name": "Bernd Vollbrecht",
            "site_detail_url": "http://www.giantbomb.com/bernd-vollbrecht/3040-102704/"
        },
        {
            "api_detail_url": "http://www.giantbomb.com/api/person/3040-103163/",
            "id": 103163,
            "name": "Diana Sowle",
            "site_detail_url": "http://www.giantbomb.com/diana-sowle/3040-103163/"
        },
        {
            "api_detail_url": "http://www.giantbomb.com/api/person/3040-103504/",
            "id": 103504,
            "name": "Ambra Ravaglia",
            "site_detail_url": "http://www.giantbomb.com/ambra-ravaglia/3040-103504/"
        },
        {
            "api_detail_url": "http://www.giantbomb.com/api/person/3040-103505/",
            "id": 103505,
            "name": "Irene Panzeri",
            "site_detail_url": "http://www.giantbomb.com/irene-panzeri/3040-103505/"
        },
        {
            "api_detail_url": "http://www.giantbomb.com/api/person/3040-103509/",
            "id": 103509,
            "name": "Simona Biasetti",
            "site_detail_url": "http://www.giantbomb.com/simona-biasetti/3040-103509/"
        },
        {
            "api_detail_url": "http://www.giantbomb.com/api/person/3040-103510/",
            "id": 103510,
            "name": "Andrea Bolognini",
            "site_detail_url": "http://www.giantbomb.com/andrea-bolognini/3040-103510/"
        },
        {
            "api_detail_url": "http://www.giantbomb.com/api/person/3040-103511/",
            "id": 103511,
            "name": "Greta Bortolotti",
            "site_detail_url": "http://www.giantbomb.com/greta-bortolotti/3040-103511/"
        },
        {
            "api_detail_url": "http://www.giantbomb.com/api/person/3040-103514/",
            "id": 103514,
            "name": "Massimo Di Benedetto",
            "site_detail_url": "http://www.giantbomb.com/massimo-di-benedetto/3040-103514/"
        },
        {
            "api_detail_url": "http://www.giantbomb.com/api/person/3040-103516/",
            "id": 103516,
            "name": "Alessandro Lussiana",
            "site_detail_url": "http://www.giantbomb.com/alessandro-lussiana/3040-103516/"
        },
        {
            "api_detail_url": "http://www.giantbomb.com/api/person/3040-103518/",
            "id": 103518,
            "name": "Alberto Olivero",
            "site_detail_url": "http://www.giantbomb.com/alberto-olivero/3040-103518/"
        },
        {
            "api_detail_url": "http://www.giantbomb.com/api/person/3040-103519/",
            "id": 103519,
            "name": "Silvio Pandolfi",
            "site_detail_url": "http://www.giantbomb.com/silvio-pandolfi/3040-103519/"
        },
        {
            "api_detail_url": "http://www.giantbomb.com/api/person/3040-103523/",
            "id": 103523,
            "name": "Paolo Sesana",
            "site_detail_url": "http://www.giantbomb.com/paolo-sesana/3040-103523/"
        },
        {
            "api_detail_url": "http://www.giantbomb.com/api/person/3040-103531/",
            "id": 103531,
            "name": "Isabel Martinez",
            "site_detail_url": "http://www.giantbomb.com/isabel-martinez/3040-103531/"
        },
        {
            "api_detail_url": "http://www.giantbomb.com/api/person/3040-103532/",
            "id": 103532,
            "name": "Rafael Azc\u00e1rraga",
            "site_detail_url": "http://www.giantbomb.com/rafael-azcarraga/3040-103532/"
        },
        {
            "api_detail_url": "http://www.giantbomb.com/api/person/3040-103533/",
            "id": 103533,
            "name": "Gema Carballedo",
            "site_detail_url": "http://www.giantbomb.com/gema-carballedo/3040-103533/"
        },
        {
            "api_detail_url": "http://www.giantbomb.com/api/person/3040-103535/",
            "id": 103535,
            "name": "Inma Gallego",
            "site_detail_url": "http://www.giantbomb.com/inma-gallego/3040-103535/"
        },
        {
            "api_detail_url": "http://www.giantbomb.com/api/person/3040-103537/",
            "id": 103537,
            "name": "Fran Jimenez",
            "site_detail_url": "http://www.giantbomb.com/fran-jimenez/3040-103537/"
        },
        {
            "api_detail_url": "http://www.giantbomb.com/api/person/3040-103539/",
            "id": 103539,
            "name": "Juan Navarro",
            "site_detail_url": "http://www.giantbomb.com/juan-navarro/3040-103539/"
        },
        {
            "api_detail_url": "http://www.giantbomb.com/api/person/3040-103541/",
            "id": 103541,
            "name": "Mariluz Parras",
            "site_detail_url": "http://www.giantbomb.com/mariluz-parras/3040-103541/"
        },
        {
            "api_detail_url": "http://www.giantbomb.com/api/person/3040-103544/",
            "id": 103544,
            "name": "Juan Rueda",
            "site_detail_url": "http://www.giantbomb.com/juan-rueda/3040-103544/"
        },
        {
            "api_detail_url": "http://www.giantbomb.com/api/person/3040-103545/",
            "id": 103545,
            "name": "Juan Antonio Sainz de la Maza",
            "site_detail_url": "http://www.giantbomb.com/juan-antonio-sainz-de-la-maza/3040-103545/"
        },
        {
            "api_detail_url": "http://www.giantbomb.com/api/person/3040-103546/",
            "id": 103546,
            "name": "Carlos Salamanca",
            "site_detail_url": "http://www.giantbomb.com/carlos-salamanca/3040-103546/"
        },
        {
            "api_detail_url": "http://www.giantbomb.com/api/person/3040-103550/",
            "id": 103550,
            "name": "Miguel Z\u00fa\u00f1iga",
            "site_detail_url": "http://www.giantbomb.com/miguel-zuniga/3040-103550/"
        },
        {
            "api_detail_url": "http://www.giantbomb.com/api/person/3040-103557/",
            "id": 103557,
            "name": "Christian Pelissier",
            "site_detail_url": "http://www.giantbomb.com/christian-pelissier/3040-103557/"
        },
        {
            "api_detail_url": "http://www.giantbomb.com/api/person/3040-103568/",
            "id": 103568,
            "name": "Paul Borne",
            "site_detail_url": "http://www.giantbomb.com/paul-borne/3040-103568/"
        },
        {
            "api_detail_url": "http://www.giantbomb.com/api/person/3040-103570/",
            "id": 103570,
            "name": "Stephane Ronchevski",
            "site_detail_url": "http://www.giantbomb.com/stephane-ronchevski/3040-103570/"
        },
        {
            "api_detail_url": "http://www.giantbomb.com/api/person/3040-103572/",
            "id": 103572,
            "name": "Vanina Pradier",
            "site_detail_url": "http://www.giantbomb.com/vanina-pradier/3040-103572/"
        },
        {
            "api_detail_url": "http://www.giantbomb.com/api/person/3040-113671/",
            "id": 113671,
            "name": "Brian T. Delaney",
            "site_detail_url": "http://www.giantbomb.com/brian-t-delaney/3040-113671/"
        },
        {
            "api_detail_url": "http://www.giantbomb.com/api/person/3040-141896/",
            "id": 141896,
            "name": "Cissy Jones",
            "site_detail_url": "http://www.giantbomb.com/cissy-jones/3040-141896/"
        },
        {
            "api_detail_url": "http://www.giantbomb.com/api/person/3040-153652/",
            "id": 153652,
            "name": "Andrew Scharf",
            "site_detail_url": "http://www.giantbomb.com/andrew-scharf/3040-153652/"
        }
    ],
    "published_games": [],
    "website": "http://bgs.bethsoft.com"
}