{
    "birth_date": "1974-01-01",
    "country": "USA",
    "death_date": null,
    "deck": "Alexander Brandon has been working in the game industry for over ten years, starting with Epic Games in 1994. He has written music for games such as the \"Unreal\" series, \"Jazz Jackrabbit 2\", and \"Deus Ex\". Currently he is working for Heatwave Interactive.",
    "first_credited_game": {
        "api_detail_url": "http://www.giantbomb.com/api/game/3030-6784/",
        "id": 6784,
        "name": "Tyrian 2000"
    },
    "games": [
        {
            "api_detail_url": "http://www.giantbomb.com/api/game/3030-14033/",
            "id": 14033,
            "name": "Extreme Pinball",
            "site_detail_url": "http://www.giantbomb.com/extreme-pinball/3030-14033/"
        },
        {
            "api_detail_url": "http://www.giantbomb.com/api/game/3030-499/",
            "id": 499,
            "name": "Tyrian",
            "site_detail_url": "http://www.giantbomb.com/tyrian/3030-499/"
        },
        {
            "api_detail_url": "http://www.giantbomb.com/api/game/3030-641/",
            "id": 641,
            "name": "Jazz Jackrabbit 2",
            "site_detail_url": "http://www.giantbomb.com/jazz-jackrabbit-2/3030-641/"
        },
        {
            "api_detail_url": "http://www.giantbomb.com/api/game/3030-7468/",
            "id": 7468,
            "name": "Vigilante 8: 2nd Offense",
            "site_detail_url": "http://www.giantbomb.com/vigilante-8-2nd-offense/3030-7468/"
        },
        {
            "api_detail_url": "http://www.giantbomb.com/api/game/3030-17448/",
            "id": 17448,
            "name": "Unreal Tournament",
            "site_detail_url": "http://www.giantbomb.com/unreal-tournament/3030-17448/"
        },
        {
            "api_detail_url": "http://www.giantbomb.com/api/game/3030-10778/",
            "id": 10778,
            "name": "Unreal Mission Pack 1: Return to Na Pali",
            "site_detail_url": "http://www.giantbomb.com/unreal-mission-pack-1-return-to-na-pali/3030-10778/"
        },
        {
            "api_detail_url": "http://www.giantbomb.com/api/game/3030-6784/",
            "id": 6784,
            "name": "Tyrian 2000",
            "site_detail_url": "http://www.giantbomb.com/tyrian-2000/3030-6784/"
        },
        {
            "api_detail_url": "http://www.giantbomb.com/api/game/3030-17533/",
            "id": 17533,
            "name": "Deus Ex",
            "site_detail_url": "http://www.giantbomb.com/deus-ex/3030-17533/"
        },
        {
            "api_detail_url": "http://www.giantbomb.com/api/game/3030-16385/",
            "id": 16385,
            "name": "Dark Vengeance",
            "site_detail_url": "http://www.giantbomb.com/dark-vengeance/3030-16385/"
        },
        {
            "api_detail_url": "http://www.giantbomb.com/api/game/3030-18749/",
            "id": 18749,
            "name": "Jazz Jackrabbit 2: The Secret Files",
            "site_detail_url": "http://www.giantbomb.com/jazz-jackrabbit-2-the-secret-files/3030-18749/"
        },
        {
            "api_detail_url": "http://www.giantbomb.com/api/game/3030-9883/",
            "id": 9883,
            "name": "Deus Ex: Invisible War",
            "site_detail_url": "http://www.giantbomb.com/deus-ex-invisible-war/3030-9883/"
        },
        {
            "api_detail_url": "http://www.giantbomb.com/api/game/3030-4576/",
            "id": 4576,
            "name": "Battlestar Galactica",
            "site_detail_url": "http://www.giantbomb.com/battlestar-galactica/3030-4576/"
        },
        {
            "api_detail_url": "http://www.giantbomb.com/api/game/3030-5203/",
            "id": 5203,
            "name": "Activision Anthology",
            "site_detail_url": "http://www.giantbomb.com/activision-anthology/3030-5203/"
        },
        {
            "api_detail_url": "http://www.giantbomb.com/api/game/3030-2335/",
            "id": 2335,
            "name": "Thief: Deadly Shadows",
            "site_detail_url": "http://www.giantbomb.com/thief-deadly-shadows/3030-2335/"
        },
        {
            "api_detail_url": "http://www.giantbomb.com/api/game/3030-16449/",
            "id": 16449,
            "name": "Gauntlet: Seven Sorrows",
            "site_detail_url": "http://www.giantbomb.com/gauntlet-seven-sorrows/3030-16449/"
        },
        {
            "api_detail_url": "http://www.giantbomb.com/api/game/3030-5390/",
            "id": 5390,
            "name": "Rampage: Total Destruction",
            "site_detail_url": "http://www.giantbomb.com/rampage-total-destruction/3030-5390/"
        },
        {
            "api_detail_url": "http://www.giantbomb.com/api/game/3030-4646/",
            "id": 4646,
            "name": "MLB Slugfest 2006",
            "site_detail_url": "http://www.giantbomb.com/mlb-slugfest-2006/3030-4646/"
        },
        {
            "api_detail_url": "http://www.giantbomb.com/api/game/3030-3821/",
            "id": 3821,
            "name": "Happy Feet",
            "site_detail_url": "http://www.giantbomb.com/happy-feet/3030-3821/"
        },
        {
            "api_detail_url": "http://www.giantbomb.com/api/game/3030-8763/",
            "id": 8763,
            "name": "Neverwinter Nights 2: Mask of the Betrayer",
            "site_detail_url": "http://www.giantbomb.com/neverwinter-nights-2-mask-of-the-betrayer/3030-8763/"
        },
        {
            "api_detail_url": "http://www.giantbomb.com/api/game/3030-17646/",
            "id": 17646,
            "name": "Unreal",
            "site_detail_url": "http://www.giantbomb.com/unreal/3030-17646/"
        },
        {
            "api_detail_url": "http://www.giantbomb.com/api/game/3030-21179/",
            "id": 21179,
            "name": "Neverwinter Nights 2: Storm of Zehir",
            "site_detail_url": "http://www.giantbomb.com/neverwinter-nights-2-storm-of-zehir/3030-21179/"
        },
        {
            "api_detail_url": "http://www.giantbomb.com/api/game/3030-21263/",
            "id": 21263,
            "name": "The Grim Adventures of Billy & Mandy",
            "site_detail_url": "http://www.giantbomb.com/the-grim-adventures-of-billy-mandy/3030-21263/"
        },
        {
            "api_detail_url": "http://www.giantbomb.com/api/game/3030-23497/",
            "id": 23497,
            "name": "Jazz Jackrabbit 3",
            "site_detail_url": "http://www.giantbomb.com/jazz-jackrabbit-3/3030-23497/"
        },
        {
            "api_detail_url": "http://www.giantbomb.com/api/game/3030-23061/",
            "id": 23061,
            "name": "NARC",
            "site_detail_url": "http://www.giantbomb.com/narc/3030-23061/"
        },
        {
            "api_detail_url": "http://www.giantbomb.com/api/game/3030-33394/",
            "id": 33394,
            "name": "The Elder Scrolls V: Skyrim",
            "site_detail_url": "http://www.giantbomb.com/the-elder-scrolls-v-skyrim/3030-33394/"
        },
        {
            "api_detail_url": "http://www.giantbomb.com/api/game/3030-20984/",
            "id": 20984,
            "name": "Alpha Protocol",
            "site_detail_url": "http://www.giantbomb.com/alpha-protocol/3030-20984/"
        },
        {
            "api_detail_url": "http://www.giantbomb.com/api/game/3030-37721/",
            "id": 37721,
            "name": "Wasteland 2",
            "site_detail_url": "http://www.giantbomb.com/wasteland-2/3030-37721/"
        }
    ],
    "gender": 1,
    "hometown": "Temecula, CA",
    "id": 6839,
    "name": "Alexander Brandon",
    "people": []
}