{
    "birth_date": null,
    "country": null,
    "death_date": null,
    "deck": null,
    "first_credited_game": {
        "api_detail_url": "http://www.giantbomb.com/api/game/3030-17289/",
        "id": 17289,
        "name": "Chaos Control"
    },
    "games": [
        {
            "api_detail_url": "http://www.giantbomb.com/api/game/3030-17438/",
            "id": 17438,
            "name": "MechAssault",
            "site_detail_url": "http://www.giantbomb.com/mechassault/3030-17438/"
        },
        {
            "api_detail_url": "http://www.giantbomb.com/api/game/3030-17289/",
            "id": 17289,
            "name": "Chaos Control",
            "site_detail_url": "http://www.giantbomb.com/chaos-control/3030-17289/"
        },
        {
            "api_detail_url": "http://www.giantbomb.com/api/game/3030-18365/",
            "id": 18365,
            "name": "MechCommander 2",
            "site_detail_url": "http://www.giantbomb.com/mechcommander-2/3030-18365/"
        },
        {
            "api_detail_url": "http://www.giantbomb.com/api/game/3030-9533/",
            "id": 9533,
            "name": "Kung Fu Chaos",
            "site_detail_url": "http://www.giantbomb.com/kung-fu-chaos/3030-9533/"
        },
        {
            "api_detail_url": "http://www.giantbomb.com/api/game/3030-6183/",
            "id": 6183,
            "name": "Pariah",
            "site_detail_url": "http://www.giantbomb.com/pariah/3030-6183/"
        },
        {
            "api_detail_url": "http://www.giantbomb.com/api/game/3030-8804/",
            "id": 8804,
            "name": "Condemned: Criminal Origins",
            "site_detail_url": "http://www.giantbomb.com/condemned-criminal-origins/3030-8804/"
        },
        {
            "api_detail_url": "http://www.giantbomb.com/api/game/3030-9290/",
            "id": 9290,
            "name": "Advent Rising",
            "site_detail_url": "http://www.giantbomb.com/advent-rising/3030-9290/"
        },
        {
            "api_detail_url": "http://www.giantbomb.com/api/game/3030-19441/",
            "id": 19441,
            "name": "World Series of Poker: Tournament of Champions",
            "site_detail_url": "http://www.giantbomb.com/world-series-of-poker-tournament-of-champions/3030-19441/"
        },
        {
            "api_detail_url": "http://www.giantbomb.com/api/game/3030-10366/",
            "id": 10366,
            "name": "Fuzion Frenzy 2",
            "site_detail_url": "http://www.giantbomb.com/fuzion-frenzy-2/3030-10366/"
        },
        {
            "api_detail_url": "http://www.giantbomb.com/api/game/3030-20238/",
            "id": 20238,
            "name": "The Elder Scrolls IV: Oblivion",
            "site_detail_url": "http://www.giantbomb.com/the-elder-scrolls-iv-oblivion/3030-20238/"
        },
        {
            "api_detail_url": "http://www.giantbomb.com/api/game/3030-8720/",
            "id": 8720,
            "name": "Dead Rising",
            "site_detail_url": "http://www.giantbomb.com/dead-rising/3030-8720/"
        },
        {
            "api_detail_url": "http://www.giantbomb.com/api/game/3030-20662/",
            "id": 20662,
            "name": "Gears of War 2",
            "site_detail_url": "http://www.giantbomb.com/gears-of-war-2/3030-20662/"
        },
        {
            "api_detail_url": "http://www.giantbomb.com/api/game/3030-4829/",
            "id": 4829,
            "name": "NFL Fever 2002",
            "site_detail_url": "http://www.giantbomb.com/nfl-fever-2002/3030-4829/"
        },
        {
            "api_detail_url": "http://www.giantbomb.com/api/game/3030-21713/",
            "id": 21713,
            "name": "NFL Fever 2003",
            "site_detail_url": "http://www.giantbomb.com/nfl-fever-2003/3030-21713/"
        }
    ],
    "gender": null,
    "hometown": null,
    "id": 51879,
    "name": "Andrew Jenkins",
    "people": []
}