{
    "birth_date": "1966-08-10",
    "country": "United States",
    "death_date": null,
    "deck": "Versatile voice actor, notable for his role as Ethan Thomas in \"Condemned 2: Bloodshot\" amongst others.",
    "first_credited_game": {
        "api_detail_url": "http://www.giantbomb.com/api/game/3030-7836/",
        "id": 7836,
        "name": "Spyro the Dragon"
    },
    "games": [
        {
            "api_detail_url": "http://www.giantbomb.com/api/game/3030-2906/",
            "id": 2906,
            "name": "Psychonauts",
            "site_detail_url": "http://www.giantbomb.com/psychonauts/3030-2906/"
        },
        {
            "api_detail_url": "http://www.giantbomb.com/api/game/3030-16426/",
            "id": 16426,
            "name": "Vampire: The Masquerade - Bloodlines",
            "site_detail_url": "http://www.giantbomb.com/vampire-the-masquerade-bloodlines/3030-16426/"
        },
        {
            "api_detail_url": "http://www.giantbomb.com/api/game/3030-11757/",
            "id": 11757,
            "name": "Crysis",
            "site_detail_url": "http://www.giantbomb.com/crysis/3030-11757/"
        },
        {
            "api_detail_url": "http://www.giantbomb.com/api/game/3030-8420/",
            "id": 8420,
            "name": "Spyro: Enter the Dragonfly",
            "site_detail_url": "http://www.giantbomb.com/spyro-enter-the-dragonfly/3030-8420/"
        },
        {
            "api_detail_url": "http://www.giantbomb.com/api/game/3030-12976/",
            "id": 12976,
            "name": "Need for Speed: Most Wanted",
            "site_detail_url": "http://www.giantbomb.com/need-for-speed-most-wanted/3030-12976/"
        },
        {
            "api_detail_url": "http://www.giantbomb.com/api/game/3030-20820/",
            "id": 20820,
            "name": "Destroy All Humans! Path of the Furon",
            "site_detail_url": "http://www.giantbomb.com/destroy-all-humans-path-of-the-furon/3030-20820/"
        },
        {
            "api_detail_url": "http://www.giantbomb.com/api/game/3030-20465/",
            "id": 20465,
            "name": "Condemned 2: Bloodshot",
            "site_detail_url": "http://www.giantbomb.com/condemned-2-bloodshot/3030-20465/"
        },
        {
            "api_detail_url": "http://www.giantbomb.com/api/game/3030-12098/",
            "id": 12098,
            "name": "Turning Point: Fall of Liberty",
            "site_detail_url": "http://www.giantbomb.com/turning-point-fall-of-liberty/3030-12098/"
        },
        {
            "api_detail_url": "http://www.giantbomb.com/api/game/3030-6164/",
            "id": 6164,
            "name": "World in Conflict",
            "site_detail_url": "http://www.giantbomb.com/world-in-conflict/3030-6164/"
        },
        {
            "api_detail_url": "http://www.giantbomb.com/api/game/3030-18883/",
            "id": 18883,
            "name": "Enemy Territory: Quake Wars",
            "site_detail_url": "http://www.giantbomb.com/enemy-territory-quake-wars/3030-18883/"
        },
        {
            "api_detail_url": "http://www.giantbomb.com/api/game/3030-5614/",
            "id": 5614,
            "name": "Spider-Man 3",
            "site_detail_url": "http://www.giantbomb.com/spider-man-3/3030-5614/"
        },
        {
            "api_detail_url": "http://www.giantbomb.com/api/game/3030-13762/",
            "id": 13762,
            "name": "Titan Quest: Immortal Throne",
            "site_detail_url": "http://www.giantbomb.com/titan-quest-immortal-throne/3030-13762/"
        },
        {
            "api_detail_url": "http://www.giantbomb.com/api/game/3030-3655/",
            "id": 3655,
            "name": "Shrek the Third",
            "site_detail_url": "http://www.giantbomb.com/shrek-the-third/3030-3655/"
        },
        {
            "api_detail_url": "http://www.giantbomb.com/api/game/3030-17675/",
            "id": 17675,
            "name": "Armored Core 4",
            "site_detail_url": "http://www.giantbomb.com/armored-core-4/3030-17675/"
        },
        {
            "api_detail_url": "http://www.giantbomb.com/api/game/3030-6447/",
            "id": 6447,
            "name": "The Lord of the Rings: The Battle for Middle-earth II - The Rise of the Witch-King",
            "site_detail_url": "http://www.giantbomb.com/the-lord-of-the-rings-the-battle-for-middle-earth-/3030-6447/"
        },
        {
            "api_detail_url": "http://www.giantbomb.com/api/game/3030-8694/",
            "id": 8694,
            "name": "The Sopranos: Road to Respect",
            "site_detail_url": "http://www.giantbomb.com/the-sopranos-road-to-respect/3030-8694/"
        },
        {
            "api_detail_url": "http://www.giantbomb.com/api/game/3030-9966/",
            "id": 9966,
            "name": "Scarface: The World is Yours",
            "site_detail_url": "http://www.giantbomb.com/scarface-the-world-is-yours/3030-9966/"
        },
        {
            "api_detail_url": "http://www.giantbomb.com/api/game/3030-7753/",
            "id": 7753,
            "name": "Gothic 3",
            "site_detail_url": "http://www.giantbomb.com/gothic-3/3030-7753/"
        },
        {
            "api_detail_url": "http://www.giantbomb.com/api/game/3030-10846/",
            "id": 10846,
            "name": "Avatar: The Last Airbender",
            "site_detail_url": "http://www.giantbomb.com/avatar-the-last-airbender/3030-10846/"
        },
        {
            "api_detail_url": "http://www.giantbomb.com/api/game/3030-18930/",
            "id": 18930,
            "name": "Company of Heroes",
            "site_detail_url": "http://www.giantbomb.com/company-of-heroes/3030-18930/"
        },
        {
            "api_detail_url": "http://www.giantbomb.com/api/game/3030-8638/",
            "id": 8638,
            "name": "Titan Quest",
            "site_detail_url": "http://www.giantbomb.com/titan-quest/3030-8638/"
        },
        {
            "api_detail_url": "http://www.giantbomb.com/api/game/3030-10040/",
            "id": 10040,
            "name": "N3: Ninety-Nine Nights",
            "site_detail_url": "http://www.giantbomb.com/n3-ninety-nine-nights/3030-10040/"
        },
        {
            "api_detail_url": "http://www.giantbomb.com/api/game/3030-2426/",
            "id": 2426,
            "name": "Dreamfall: The Longest Journey",
            "site_detail_url": "http://www.giantbomb.com/dreamfall-the-longest-journey/3030-2426/"
        },
        {
            "api_detail_url": "http://www.giantbomb.com/api/game/3030-4867/",
            "id": 4867,
            "name": "The Lord of the Rings: The Battle for Middle-earth II",
            "site_detail_url": "http://www.giantbomb.com/the-lord-of-the-rings-the-battle-for-middle-earth-/3030-4867/"
        },
        {
            "api_detail_url": "http://www.giantbomb.com/api/game/3030-5571/",
            "id": 5571,
            "name": "Dirge of Cerberus: Final Fantasy VII",
            "site_detail_url": "http://www.giantbomb.com/dirge-of-cerberus-final-fantasy-vii/3030-5571/"
        },
        {
            "api_detail_url": "http://www.giantbomb.com/api/game/3030-7180/",
            "id": 7180,
            "name": "Yakuza",
            "site_detail_url": "http://www.giantbomb.com/yakuza/3030-7180/"
        },
        {
            "api_detail_url": "http://www.giantbomb.com/api/game/3030-16255/",
            "id": 16255,
            "name": "50 Cent: Bulletproof",
            "site_detail_url": "http://www.giantbomb.com/50-cent-bulletproof/3030-16255/"
        },
        {
            "api_detail_url": "http://www.giantbomb.com/api/game/3030-3345/",
            "id": 3345,
            "name": "True Crime: New York City",
            "site_detail_url": "http://www.giantbomb.com/true-crime-new-york-city/3030-3345/"
        },
        {
            "api_detail_url": "http://www.giantbomb.com/api/game/3030-18745/",
            "id": 18745,
            "name": "Ratchet: Deadlocked",
            "site_detail_url": "http://www.giantbomb.com/ratchet-deadlocked/3030-18745/"
        },
        {
            "api_detail_url": "http://www.giantbomb.com/api/game/3030-4800/",
            "id": 4800,
            "name": "F.E.A.R.: First Encounter Assault Recon",
            "site_detail_url": "http://www.giantbomb.com/fear-first-encounter-assault-recon/3030-4800/"
        },
        {
            "api_detail_url": "http://www.giantbomb.com/api/game/3030-5731/",
            "id": 5731,
            "name": "Brave: The Search for Spirit Dancer",
            "site_detail_url": "http://www.giantbomb.com/brave-the-search-for-spirit-dancer/3030-5731/"
        },
        {
            "api_detail_url": "http://www.giantbomb.com/api/game/3030-12835/",
            "id": 12835,
            "name": "Fantastic 4",
            "site_detail_url": "http://www.giantbomb.com/fantastic-4/3030-12835/"
        },
        {
            "api_detail_url": "http://www.giantbomb.com/api/game/3030-17543/",
            "id": 17543,
            "name": "Destroy All Humans!",
            "site_detail_url": "http://www.giantbomb.com/destroy-all-humans/3030-17543/"
        },
        {
            "api_detail_url": "http://www.giantbomb.com/api/game/3030-5680/",
            "id": 5680,
            "name": "Madagascar",
            "site_detail_url": "http://www.giantbomb.com/madagascar/3030-5680/"
        },
        {
            "api_detail_url": "http://www.giantbomb.com/api/game/3030-7754/",
            "id": 7754,
            "name": "Doom 3: Resurrection of Evil",
            "site_detail_url": "http://www.giantbomb.com/doom-3-resurrection-of-evil/3030-7754/"
        },
        {
            "api_detail_url": "http://www.giantbomb.com/api/game/3030-23061/",
            "id": 23061,
            "name": "NARC",
            "site_detail_url": "http://www.giantbomb.com/narc/3030-23061/"
        },
        {
            "api_detail_url": "http://www.giantbomb.com/api/game/3030-3857/",
            "id": 3857,
            "name": "Project: Snowblind",
            "site_detail_url": "http://www.giantbomb.com/project-snowblind/3030-3857/"
        },
        {
            "api_detail_url": "http://www.giantbomb.com/api/game/3030-8852/",
            "id": 8852,
            "name": "Star Wars: Knights of the Old Republic II - The Sith Lords",
            "site_detail_url": "http://www.giantbomb.com/star-wars-knights-of-the-old-republic-ii-the-sith-/3030-8852/"
        },
        {
            "api_detail_url": "http://www.giantbomb.com/api/game/3030-14123/",
            "id": 14123,
            "name": "GoldenEye: Rogue Agent",
            "site_detail_url": "http://www.giantbomb.com/goldeneye-rogue-agent/3030-14123/"
        },
        {
            "api_detail_url": "http://www.giantbomb.com/api/game/3030-4516/",
            "id": 4516,
            "name": "The Polar Express",
            "site_detail_url": "http://www.giantbomb.com/the-polar-express/3030-4516/"
        },
        {
            "api_detail_url": "http://www.giantbomb.com/api/game/3030-18547/",
            "id": 18547,
            "name": "EverQuest II",
            "site_detail_url": "http://www.giantbomb.com/everquest-ii/3030-18547/"
        },
        {
            "api_detail_url": "http://www.giantbomb.com/api/game/3030-9313/",
            "id": 9313,
            "name": "Men of Valor",
            "site_detail_url": "http://www.giantbomb.com/men-of-valor/3030-9313/"
        },
        {
            "api_detail_url": "http://www.giantbomb.com/api/game/3030-13087/",
            "id": 13087,
            "name": "X-Men: Legends",
            "site_detail_url": "http://www.giantbomb.com/x-men-legends/3030-13087/"
        },
        {
            "api_detail_url": "http://www.giantbomb.com/api/game/3030-7932/",
            "id": 7932,
            "name": "DreamWorks' Shark Tale",
            "site_detail_url": "http://www.giantbomb.com/dreamworks-shark-tale/3030-7932/"
        },
        {
            "api_detail_url": "http://www.giantbomb.com/api/game/3030-12633/",
            "id": 12633,
            "name": "Call of Duty: United Offensive",
            "site_detail_url": "http://www.giantbomb.com/call-of-duty-united-offensive/3030-12633/"
        },
        {
            "api_detail_url": "http://www.giantbomb.com/api/game/3030-722/",
            "id": 722,
            "name": "Shrek 2",
            "site_detail_url": "http://www.giantbomb.com/shrek-2/3030-722/"
        },
        {
            "api_detail_url": "http://www.giantbomb.com/api/game/3030-1869/",
            "id": 1869,
            "name": "Medal of Honor: Pacific Assault",
            "site_detail_url": "http://www.giantbomb.com/medal-of-honor-pacific-assault/3030-1869/"
        },
        {
            "api_detail_url": "http://www.giantbomb.com/api/game/3030-15950/",
            "id": 15950,
            "name": "Spawn: Armageddon",
            "site_detail_url": "http://www.giantbomb.com/spawn-armageddon/3030-15950/"
        },
        {
            "api_detail_url": "http://www.giantbomb.com/api/game/3030-11171/",
            "id": 11171,
            "name": "Secret Weapons Over Normandy",
            "site_detail_url": "http://www.giantbomb.com/secret-weapons-over-normandy/3030-11171/"
        },
        {
            "api_detail_url": "http://www.giantbomb.com/api/game/3030-16752/",
            "id": 16752,
            "name": "Medal of Honor: Rising Sun",
            "site_detail_url": "http://www.giantbomb.com/medal-of-honor-rising-sun/3030-16752/"
        },
        {
            "api_detail_url": "http://www.giantbomb.com/api/game/3030-2278/",
            "id": 2278,
            "name": "Crash Nitro Kart",
            "site_detail_url": "http://www.giantbomb.com/crash-nitro-kart/3030-2278/"
        },
        {
            "api_detail_url": "http://www.giantbomb.com/api/game/3030-21268/",
            "id": 21268,
            "name": "The Hobbit",
            "site_detail_url": "http://www.giantbomb.com/the-hobbit/3030-21268/"
        },
        {
            "api_detail_url": "http://www.giantbomb.com/api/game/3030-11153/",
            "id": 11153,
            "name": "True Crime: Streets of LA",
            "site_detail_url": "http://www.giantbomb.com/true-crime-streets-of-la/3030-11153/"
        },
        {
            "api_detail_url": "http://www.giantbomb.com/api/game/3030-1629/",
            "id": 1629,
            "name": "Call of Duty",
            "site_detail_url": "http://www.giantbomb.com/call-of-duty/3030-1629/"
        },
        {
            "api_detail_url": "http://www.giantbomb.com/api/game/3030-13809/",
            "id": 13809,
            "name": "Rise to Honor",
            "site_detail_url": "http://www.giantbomb.com/rise-to-honor/3030-13809/"
        },
        {
            "api_detail_url": "http://www.giantbomb.com/api/game/3030-10853/",
            "id": 10853,
            "name": "Freedom Fighters",
            "site_detail_url": "http://www.giantbomb.com/freedom-fighters/3030-10853/"
        },
        {
            "api_detail_url": "http://www.giantbomb.com/api/game/3030-6707/",
            "id": 6707,
            "name": "Gladius",
            "site_detail_url": "http://www.giantbomb.com/gladius/3030-6707/"
        },
        {
            "api_detail_url": "http://www.giantbomb.com/api/game/3030-21237/",
            "id": 21237,
            "name": "Tales of Symphonia",
            "site_detail_url": "http://www.giantbomb.com/tales-of-symphonia/3030-21237/"
        },
        {
            "api_detail_url": "http://www.giantbomb.com/api/game/3030-18741/",
            "id": 18741,
            "name": "Star Wars: Knights of the Old Republic",
            "site_detail_url": "http://www.giantbomb.com/star-wars-knights-of-the-old-republic/3030-18741/"
        },
        {
            "api_detail_url": "http://www.giantbomb.com/api/game/3030-7043/",
            "id": 7043,
            "name": "Evil Dead: A Fistful of Boomstick",
            "site_detail_url": "http://www.giantbomb.com/evil-dead-a-fistful-of-boomstick/3030-7043/"
        },
        {
            "api_detail_url": "http://www.giantbomb.com/api/game/3030-2571/",
            "id": 2571,
            "name": "Minority Report: Everybody Runs",
            "site_detail_url": "http://www.giantbomb.com/minority-report-everybody-runs/3030-2571/"
        },
        {
            "api_detail_url": "http://www.giantbomb.com/api/game/3030-11683/",
            "id": 11683,
            "name": "Star Wars: The Clone Wars",
            "site_detail_url": "http://www.giantbomb.com/star-wars-the-clone-wars/3030-11683/"
        },
        {
            "api_detail_url": "http://www.giantbomb.com/api/game/3030-4170/",
            "id": 4170,
            "name": "Command & Conquer: Renegade",
            "site_detail_url": "http://www.giantbomb.com/command-conquer-renegade/3030-4170/"
        },
        {
            "api_detail_url": "http://www.giantbomb.com/api/game/3030-18261/",
            "id": 18261,
            "name": "Pirates: The Legend of Black Kat",
            "site_detail_url": "http://www.giantbomb.com/pirates-the-legend-of-black-kat/3030-18261/"
        },
        {
            "api_detail_url": "http://www.giantbomb.com/api/game/3030-22078/",
            "id": 22078,
            "name": "The Scorpion King: Rise of the Akkadian",
            "site_detail_url": "http://www.giantbomb.com/the-scorpion-king-rise-of-the-akkadian/3030-22078/"
        },
        {
            "api_detail_url": "http://www.giantbomb.com/api/game/3030-11940/",
            "id": 11940,
            "name": "No One Lives Forever 2: A Spy in H.A.R.M.'s Way",
            "site_detail_url": "http://www.giantbomb.com/no-one-lives-forever-2-a-spy-in-harms-way/3030-11940/"
        },
        {
            "api_detail_url": "http://www.giantbomb.com/api/game/3030-1753/",
            "id": 1753,
            "name": "Spyro: Year of the Dragon",
            "site_detail_url": "http://www.giantbomb.com/spyro-year-of-the-dragon/3030-1753/"
        },
        {
            "api_detail_url": "http://www.giantbomb.com/api/game/3030-1563/",
            "id": 1563,
            "name": "Spyro 2: Ripto's Rage",
            "site_detail_url": "http://www.giantbomb.com/spyro-2-riptos-rage/3030-1563/"
        },
        {
            "api_detail_url": "http://www.giantbomb.com/api/game/3030-7836/",
            "id": 7836,
            "name": "Spyro the Dragon",
            "site_detail_url": "http://www.giantbomb.com/spyro-the-dragon/3030-7836/"
        },
        {
            "api_detail_url": "http://www.giantbomb.com/api/game/3030-12911/",
            "id": 12911,
            "name": "Crimson Skies: High Road to Revenge",
            "site_detail_url": "http://www.giantbomb.com/crimson-skies-high-road-to-revenge/3030-12911/"
        },
        {
            "api_detail_url": "http://www.giantbomb.com/api/game/3030-20688/",
            "id": 20688,
            "name": "Ghostbusters: The Video Game",
            "site_detail_url": "http://www.giantbomb.com/ghostbusters-the-video-game/3030-20688/"
        },
        {
            "api_detail_url": "http://www.giantbomb.com/api/game/3030-21616/",
            "id": 21616,
            "name": "The Saboteur",
            "site_detail_url": "http://www.giantbomb.com/the-saboteur/3030-21616/"
        },
        {
            "api_detail_url": "http://www.giantbomb.com/api/game/3030-21144/",
            "id": 21144,
            "name": "Singularity",
            "site_detail_url": "http://www.giantbomb.com/singularity/3030-21144/"
        },
        {
            "api_detail_url": "http://www.giantbomb.com/api/game/3030-32853/",
            "id": 32853,
            "name": "X-Men: Destiny",
            "site_detail_url": "http://www.giantbomb.com/x-men-destiny/3030-32853/"
        },
        {
            "api_detail_url": "http://www.giantbomb.com/api/game/3030-32845/",
            "id": 32845,
            "name": "Captain America: Super Soldier",
            "site_detail_url": "http://www.giantbomb.com/captain-america-super-soldier/3030-32845/"
        },
        {
            "api_detail_url": "http://www.giantbomb.com/api/game/3030-20679/",
            "id": 20679,
            "name": "Saints Row 2",
            "site_detail_url": "http://www.giantbomb.com/saints-row-2/3030-20679/"
        },
        {
            "api_detail_url": "http://www.giantbomb.com/api/game/3030-21369/",
            "id": 21369,
            "name": "The Secret World",
            "site_detail_url": "http://www.giantbomb.com/the-secret-world/3030-21369/"
        },
        {
            "api_detail_url": "http://www.giantbomb.com/api/game/3030-27006/",
            "id": 27006,
            "name": "Battlefield 3",
            "site_detail_url": "http://www.giantbomb.com/battlefield-3/3030-27006/"
        },
        {
            "api_detail_url": "http://www.giantbomb.com/api/game/3030-33394/",
            "id": 33394,
            "name": "The Elder Scrolls V: Skyrim",
            "site_detail_url": "http://www.giantbomb.com/the-elder-scrolls-v-skyrim/3030-33394/"
        },
        {
            "api_detail_url": "http://www.giantbomb.com/api/game/3030-34129/",
            "id": 34129,
            "name": "Skylanders: Spyro's Adventure",
            "site_detail_url": "http://www.giantbomb.com/skylanders-spyros-adventure/3030-34129/"
        },
        {
            "api_detail_url": "http://www.giantbomb.com/api/game/3030-36939/",
            "id": 36939,
            "name": "Unit 13",
            "site_detail_url": "http://www.giantbomb.com/unit-13/3030-36939/"
        },
        {
            "api_detail_url": "http://www.giantbomb.com/api/game/3030-33345/",
            "id": 33345,
            "name": "Prototype 2",
            "site_detail_url": "http://www.giantbomb.com/prototype-2/3030-33345/"
        },
        {
            "api_detail_url": "http://www.giantbomb.com/api/game/3030-32243/",
            "id": 32243,
            "name": "Operation Flashpoint: Red River",
            "site_detail_url": "http://www.giantbomb.com/operation-flashpoint-red-river/3030-32243/"
        },
        {
            "api_detail_url": "http://www.giantbomb.com/api/game/3030-38049/",
            "id": 38049,
            "name": "Dinosaur Hunting",
            "site_detail_url": "http://www.giantbomb.com/dinosaur-hunting/3030-38049/"
        },
        {
            "api_detail_url": "http://www.giantbomb.com/api/game/3030-29941/",
            "id": 29941,
            "name": "Darksiders II",
            "site_detail_url": "http://www.giantbomb.com/darksiders-ii/3030-29941/"
        },
        {
            "api_detail_url": "http://www.giantbomb.com/api/game/3030-35850/",
            "id": 35850,
            "name": "Dishonored",
            "site_detail_url": "http://www.giantbomb.com/dishonored/3030-35850/"
        },
        {
            "api_detail_url": "http://www.giantbomb.com/api/game/3030-37417/",
            "id": 37417,
            "name": "Skylanders Giants",
            "site_detail_url": "http://www.giantbomb.com/skylanders-giants/3030-37417/"
        },
        {
            "api_detail_url": "http://www.giantbomb.com/api/game/3030-11669/",
            "id": 11669,
            "name": "Tak: The Great Juju Challenge",
            "site_detail_url": "http://www.giantbomb.com/tak-the-great-juju-challenge/3030-11669/"
        },
        {
            "api_detail_url": "http://www.giantbomb.com/api/game/3030-27312/",
            "id": 27312,
            "name": "Tomb Raider",
            "site_detail_url": "http://www.giantbomb.com/tomb-raider/3030-27312/"
        },
        {
            "api_detail_url": "http://www.giantbomb.com/api/game/3030-35485/",
            "id": 35485,
            "name": "Metro: Last Light",
            "site_detail_url": "http://www.giantbomb.com/metro-last-light/3030-35485/"
        },
        {
            "api_detail_url": "http://www.giantbomb.com/api/game/3030-27112/",
            "id": 27112,
            "name": "Prison Break: The Conspiracy",
            "site_detail_url": "http://www.giantbomb.com/prison-break-the-conspiracy/3030-27112/"
        },
        {
            "api_detail_url": "http://www.giantbomb.com/api/game/3030-47141/",
            "id": 47141,
            "name": "Teenage Mutant Ninja Turtles: Brothers Unite",
            "site_detail_url": "http://www.giantbomb.com/teenage-mutant-ninja-turtles-brothers-unite/3030-47141/"
        },
        {
            "api_detail_url": "http://www.giantbomb.com/api/game/3030-20674/",
            "id": 20674,
            "name": "StarCraft II: Wings of Liberty",
            "site_detail_url": "http://www.giantbomb.com/starcraft-ii-wings-of-liberty/3030-20674/"
        },
        {
            "api_detail_url": "http://www.giantbomb.com/api/game/3030-42902/",
            "id": 42902,
            "name": "Dead Rising 3",
            "site_detail_url": "http://www.giantbomb.com/dead-rising-3/3030-42902/"
        },
        {
            "api_detail_url": "http://www.giantbomb.com/api/game/3030-45803/",
            "id": 45803,
            "name": "Teenage Mutant Ninja Turtles",
            "site_detail_url": "http://www.giantbomb.com/teenage-mutant-ninja-turtles/3030-45803/"
        },
        {
            "api_detail_url": "http://www.giantbomb.com/api/game/3030-46790/",
            "id": 46790,
            "name": "The Legend of Korra",
            "site_detail_url": "http://www.giantbomb.com/the-legend-of-korra/3030-46790/"
        },
        {
            "api_detail_url": "http://www.giantbomb.com/api/game/3030-48315/",
            "id": 48315,
            "name": "Call of Duty: Heroes",
            "site_detail_url": "http://www.giantbomb.com/call-of-duty-heroes/3030-48315/"
        },
        {
            "api_detail_url": "http://www.giantbomb.com/api/game/3030-49396/",
            "id": 49396,
            "name": "LEGO Dimensions",
            "site_detail_url": "http://www.giantbomb.com/lego-dimensions/3030-49396/"
        },
        {
            "api_detail_url": "http://www.giantbomb.com/api/game/3030-40912/",
            "id": 40912,
            "name": "Disney Infinity",
            "site_detail_url": "http://www.giantbomb.com/disney-infinity/3030-40912/"
        },
        {
            "api_detail_url": "http://www.giantbomb.com/api/game/3030-49595/",
            "id": 49595,
            "name": "Kung Fu Panda: Showdown of Legendary Legends the Video Game",
            "site_detail_url": "http://www.giantbomb.com/kung-fu-panda-showdown-of-legendary-legends-the-vi/3030-49595/"
        }
    ],
    "gender": 1,
    "hometown": null,
    "id": 55757,
    "name": "Andr\u00e9 Sogliuzzo",
    "people": [
        {
            "api_detail_url": "http://www.giantbomb.com/api/person/3040-86436/",
            "id": 86436,
            "name": "Zach Hanks",
            "site_detail_url": "http://www.giantbomb.com/zach-hanks/3040-86436/"
        }
    ]
}