{
    "birth_date": "1968-02-08",
    "country": null,
    "death_date": null,
    "deck": "Voice actor who has lent her voice to a dozen fairly notable games.",
    "first_credited_game": {
        "api_detail_url": "http://www.giantbomb.com/api/game/3030-827/",
        "id": 827,
        "name": "Die Hard: Nakatomi Plaza"
    },
    "games": [
        {
            "api_detail_url": "http://www.giantbomb.com/api/game/3030-16202/",
            "id": 16202,
            "name": "Dead or Alive: Xtreme 2",
            "site_detail_url": "http://www.giantbomb.com/dead-or-alive-xtreme-2/3030-16202/"
        },
        {
            "api_detail_url": "http://www.giantbomb.com/api/game/3030-18110/",
            "id": 18110,
            "name": "Guild Wars: Eye of the North",
            "site_detail_url": "http://www.giantbomb.com/guild-wars-eye-of-the-north/3030-18110/"
        },
        {
            "api_detail_url": "http://www.giantbomb.com/api/game/3030-11497/",
            "id": 11497,
            "name": "Final Fantasy XII",
            "site_detail_url": "http://www.giantbomb.com/final-fantasy-xii/3030-11497/"
        },
        {
            "api_detail_url": "http://www.giantbomb.com/api/game/3030-5571/",
            "id": 5571,
            "name": "Dirge of Cerberus: Final Fantasy VII",
            "site_detail_url": "http://www.giantbomb.com/dirge-of-cerberus-final-fantasy-vii/3030-5571/"
        },
        {
            "api_detail_url": "http://www.giantbomb.com/api/game/3030-17494/",
            "id": 17494,
            "name": "Guild Wars",
            "site_detail_url": "http://www.giantbomb.com/guild-wars/3030-17494/"
        },
        {
            "api_detail_url": "http://www.giantbomb.com/api/game/3030-3690/",
            "id": 3690,
            "name": "Lemony Snicket's A Series of Unfortunate Events",
            "site_detail_url": "http://www.giantbomb.com/lemony-snickets-a-series-of-unfortunate-events/3030-3690/"
        },
        {
            "api_detail_url": "http://www.giantbomb.com/api/game/3030-10853/",
            "id": 10853,
            "name": "Freedom Fighters",
            "site_detail_url": "http://www.giantbomb.com/freedom-fighters/3030-10853/"
        },
        {
            "api_detail_url": "http://www.giantbomb.com/api/game/3030-18741/",
            "id": 18741,
            "name": "Star Wars: Knights of the Old Republic",
            "site_detail_url": "http://www.giantbomb.com/star-wars-knights-of-the-old-republic/3030-18741/"
        },
        {
            "api_detail_url": "http://www.giantbomb.com/api/game/3030-827/",
            "id": 827,
            "name": "Die Hard: Nakatomi Plaza",
            "site_detail_url": "http://www.giantbomb.com/die-hard-nakatomi-plaza/3030-827/"
        },
        {
            "api_detail_url": "http://www.giantbomb.com/api/game/3030-20971/",
            "id": 20971,
            "name": "Valkyria Chronicles",
            "site_detail_url": "http://www.giantbomb.com/valkyria-chronicles/3030-20971/"
        },
        {
            "api_detail_url": "http://www.giantbomb.com/api/game/3030-26790/",
            "id": 26790,
            "name": "Crackdown 2",
            "site_detail_url": "http://www.giantbomb.com/crackdown-2/3030-26790/"
        },
        {
            "api_detail_url": "http://www.giantbomb.com/api/game/3030-25933/",
            "id": 25933,
            "name": "Fallout: New Vegas",
            "site_detail_url": "http://www.giantbomb.com/fallout-new-vegas/3030-25933/"
        },
        {
            "api_detail_url": "http://www.giantbomb.com/api/game/3030-31762/",
            "id": 31762,
            "name": "Dead or Alive: Dimensions",
            "site_detail_url": "http://www.giantbomb.com/dead-or-alive-dimensions/3030-31762/"
        },
        {
            "api_detail_url": "http://www.giantbomb.com/api/game/3030-26817/",
            "id": 26817,
            "name": "Metal Gear Solid: Peace Walker",
            "site_detail_url": "http://www.giantbomb.com/metal-gear-solid-peace-walker/3030-26817/"
        },
        {
            "api_detail_url": "http://www.giantbomb.com/api/game/3030-29483/",
            "id": 29483,
            "name": "Dead or Alive: Paradise",
            "site_detail_url": "http://www.giantbomb.com/dead-or-alive-paradise/3030-29483/"
        },
        {
            "api_detail_url": "http://www.giantbomb.com/api/game/3030-20461/",
            "id": 20461,
            "name": "God of War III",
            "site_detail_url": "http://www.giantbomb.com/god-of-war-iii/3030-20461/"
        },
        {
            "api_detail_url": "http://www.giantbomb.com/api/game/3030-25787/",
            "id": 25787,
            "name": "Resonance of Fate",
            "site_detail_url": "http://www.giantbomb.com/resonance-of-fate/3030-25787/"
        },
        {
            "api_detail_url": "http://www.giantbomb.com/api/game/3030-26589/",
            "id": 26589,
            "name": "James Cameron's Avatar: The Game",
            "site_detail_url": "http://www.giantbomb.com/james-camerons-avatar-the-game/3030-26589/"
        },
        {
            "api_detail_url": "http://www.giantbomb.com/api/game/3030-20700/",
            "id": 20700,
            "name": "Br\u00fctal Legend",
            "site_detail_url": "http://www.giantbomb.com/brutal-legend/3030-20700/"
        },
        {
            "api_detail_url": "http://www.giantbomb.com/api/game/3030-21559/",
            "id": 21559,
            "name": "Marvel Ultimate Alliance 2",
            "site_detail_url": "http://www.giantbomb.com/marvel-ultimate-alliance-2/3030-21559/"
        },
        {
            "api_detail_url": "http://www.giantbomb.com/api/game/3030-24747/",
            "id": 24747,
            "name": "X-Men Origins: Wolverine",
            "site_detail_url": "http://www.giantbomb.com/x-men-origins-wolverine/3030-24747/"
        },
        {
            "api_detail_url": "http://www.giantbomb.com/api/game/3030-1819/",
            "id": 1819,
            "name": "The Golden Compass",
            "site_detail_url": "http://www.giantbomb.com/the-golden-compass/3030-1819/"
        },
        {
            "api_detail_url": "http://www.giantbomb.com/api/game/3030-18492/",
            "id": 18492,
            "name": "Bee Movie Game",
            "site_detail_url": "http://www.giantbomb.com/bee-movie-game/3030-18492/"
        },
        {
            "api_detail_url": "http://www.giantbomb.com/api/game/3030-11082/",
            "id": 11082,
            "name": "Guild Wars: Nightfall",
            "site_detail_url": "http://www.giantbomb.com/guild-wars-nightfall/3030-11082/"
        },
        {
            "api_detail_url": "http://www.giantbomb.com/api/game/3030-33394/",
            "id": 33394,
            "name": "The Elder Scrolls V: Skyrim",
            "site_detail_url": "http://www.giantbomb.com/the-elder-scrolls-v-skyrim/3030-33394/"
        },
        {
            "api_detail_url": "http://www.giantbomb.com/api/game/3030-33883/",
            "id": 33883,
            "name": "Final Fantasy XIII-2",
            "site_detail_url": "http://www.giantbomb.com/final-fantasy-xiii-2/3030-33883/"
        },
        {
            "api_detail_url": "http://www.giantbomb.com/api/game/3030-39248/",
            "id": 39248,
            "name": "God of War Saga",
            "site_detail_url": "http://www.giantbomb.com/god-of-war-saga/3030-39248/"
        },
        {
            "api_detail_url": "http://www.giantbomb.com/api/game/3030-35850/",
            "id": 35850,
            "name": "Dishonored",
            "site_detail_url": "http://www.giantbomb.com/dishonored/3030-35850/"
        },
        {
            "api_detail_url": "http://www.giantbomb.com/api/game/3030-38390/",
            "id": 38390,
            "name": "The Cave",
            "site_detail_url": "http://www.giantbomb.com/the-cave/3030-38390/"
        },
        {
            "api_detail_url": "http://www.giantbomb.com/api/game/3030-32317/",
            "id": 32317,
            "name": "BioShock Infinite",
            "site_detail_url": "http://www.giantbomb.com/bioshock-infinite/3030-32317/"
        },
        {
            "api_detail_url": "http://www.giantbomb.com/api/game/3030-35003/",
            "id": 35003,
            "name": "Marvel Heroes 2016",
            "site_detail_url": "http://www.giantbomb.com/marvel-heroes-2016/3030-35003/"
        },
        {
            "api_detail_url": "http://www.giantbomb.com/api/game/3030-39010/",
            "id": 39010,
            "name": "Deadpool",
            "site_detail_url": "http://www.giantbomb.com/deadpool/3030-39010/"
        },
        {
            "api_detail_url": "http://www.giantbomb.com/api/game/3030-36978/",
            "id": 36978,
            "name": "South Park: The Stick of Truth",
            "site_detail_url": "http://www.giantbomb.com/south-park-the-stick-of-truth/3030-36978/"
        },
        {
            "api_detail_url": "http://www.giantbomb.com/api/game/3030-16909/",
            "id": 16909,
            "name": "Mass Effect",
            "site_detail_url": "http://www.giantbomb.com/mass-effect/3030-16909/"
        },
        {
            "api_detail_url": "http://www.giantbomb.com/api/game/3030-46790/",
            "id": 46790,
            "name": "The Legend of Korra",
            "site_detail_url": "http://www.giantbomb.com/the-legend-of-korra/3030-46790/"
        },
        {
            "api_detail_url": "http://www.giantbomb.com/api/game/3030-32513/",
            "id": 32513,
            "name": "Pinball FX2",
            "site_detail_url": "http://www.giantbomb.com/pinball-fx2/3030-32513/"
        },
        {
            "api_detail_url": "http://www.giantbomb.com/api/game/3030-41357/",
            "id": 41357,
            "name": "Evolve",
            "site_detail_url": "http://www.giantbomb.com/evolve/3030-41357/"
        },
        {
            "api_detail_url": "http://www.giantbomb.com/api/game/3030-23102/",
            "id": 23102,
            "name": "South Park Let's Go Tower Defense Play!",
            "site_detail_url": "http://www.giantbomb.com/south-park-lets-go-tower-defense-play/3030-23102/"
        }
    ],
    "gender": 2,
    "hometown": null,
    "id": 75588,
    "name": "April Stewart",
    "people": [
        {
            "api_detail_url": "http://www.giantbomb.com/api/person/3040-34105/",
            "id": 34105,
            "name": "Trey Parker",
            "site_detail_url": "http://www.giantbomb.com/trey-parker/3040-34105/"
        },
        {
            "api_detail_url": "http://www.giantbomb.com/api/person/3040-34104/",
            "id": 34104,
            "name": "Matt Stone",
            "site_detail_url": "http://www.giantbomb.com/matt-stone/3040-34104/"
        },
        {
            "api_detail_url": "http://www.giantbomb.com/api/person/3040-92084/",
            "id": 92084,
            "name": "Mona Marshall",
            "site_detail_url": "http://www.giantbomb.com/mona-marshall/3040-92084/"
        }
    ]
}