{
    "birth_date": null,
    "country": null,
    "death_date": null,
    "deck": "Aron B. Gutierrez is a game developer, designer and editor with a track record for having his name quietly attached to some of the most groundbreaking and memorable games of 2000, starting with Final Fantasy IX, moving to Fallout 3 and even Final Fantasy XI Online MMORPG. ",
    "first_credited_game": {
        "api_detail_url": "http://www.giantbomb.com/api/game/3030-8825/",
        "id": 8825,
        "name": "Final Fantasy IX"
    },
    "games": [
        {
            "api_detail_url": "http://www.giantbomb.com/api/game/3030-11142/",
            "id": 11142,
            "name": "Final Fantasy XI Online",
            "site_detail_url": "http://www.giantbomb.com/final-fantasy-xi-online/3030-11142/"
        },
        {
            "api_detail_url": "http://www.giantbomb.com/api/game/3030-8721/",
            "id": 8721,
            "name": "Final Fantasy Tactics Advance",
            "site_detail_url": "http://www.giantbomb.com/final-fantasy-tactics-advance/3030-8721/"
        },
        {
            "api_detail_url": "http://www.giantbomb.com/api/game/3030-12099/",
            "id": 12099,
            "name": "Star Ocean: Till the End of Time",
            "site_detail_url": "http://www.giantbomb.com/star-ocean-till-the-end-of-time/3030-12099/"
        },
        {
            "api_detail_url": "http://www.giantbomb.com/api/game/3030-21094/",
            "id": 21094,
            "name": "Star Ocean: The Last Hope",
            "site_detail_url": "http://www.giantbomb.com/star-ocean-the-last-hope/3030-21094/"
        },
        {
            "api_detail_url": "http://www.giantbomb.com/api/game/3030-8825/",
            "id": 8825,
            "name": "Final Fantasy IX",
            "site_detail_url": "http://www.giantbomb.com/final-fantasy-ix/3030-8825/"
        },
        {
            "api_detail_url": "http://www.giantbomb.com/api/game/3030-21881/",
            "id": 21881,
            "name": "Final Fantasy Crystal Chronicles: The Crystal Bearers",
            "site_detail_url": "http://www.giantbomb.com/final-fantasy-crystal-chronicles-the-crystal-beare/3030-21881/"
        },
        {
            "api_detail_url": "http://www.giantbomb.com/api/game/3030-16836/",
            "id": 16836,
            "name": "Shin Megami Tensei: Nocturne",
            "site_detail_url": "http://www.giantbomb.com/shin-megami-tensei-nocturne/3030-16836/"
        },
        {
            "api_detail_url": "http://www.giantbomb.com/api/game/3030-4160/",
            "id": 4160,
            "name": "ChoroQ",
            "site_detail_url": "http://www.giantbomb.com/choroq/3030-4160/"
        },
        {
            "api_detail_url": "http://www.giantbomb.com/api/game/3030-9027/",
            "id": 9027,
            "name": "Galleon",
            "site_detail_url": "http://www.giantbomb.com/galleon/3030-9027/"
        },
        {
            "api_detail_url": "http://www.giantbomb.com/api/game/3030-12107/",
            "id": 12107,
            "name": "Baldur's Gate: Dark Alliance II",
            "site_detail_url": "http://www.giantbomb.com/baldurs-gate-dark-alliance-ii/3030-12107/"
        },
        {
            "api_detail_url": "http://www.giantbomb.com/api/game/3030-19362/",
            "id": 19362,
            "name": "Final Fantasy XI Online: Rise of Zilart",
            "site_detail_url": "http://www.giantbomb.com/final-fantasy-xi-online-rise-of-zilart/3030-19362/"
        },
        {
            "api_detail_url": "http://www.giantbomb.com/api/game/3030-21337/",
            "id": 21337,
            "name": "Final Fantasy XI Online: Wings of the Goddess",
            "site_detail_url": "http://www.giantbomb.com/final-fantasy-xi-online-wings-of-the-goddess/3030-21337/"
        },
        {
            "api_detail_url": "http://www.giantbomb.com/api/game/3030-20504/",
            "id": 20504,
            "name": "Fallout 3",
            "site_detail_url": "http://www.giantbomb.com/fallout-3/3030-20504/"
        }
    ],
    "gender": 1,
    "hometown": null,
    "id": 59196,
    "name": "Aron B. Gutierrez",
    "people": []
}