{
    "birth_date": null,
    "country": null,
    "death_date": null,
    "deck": "Actress who has lent her voice to a fair number of games over the years.",
    "first_credited_game": {
        "api_detail_url": "http://www.giantbomb.com/api/game/3030-13775/",
        "id": 13775,
        "name": "Disney's Tarzan"
    },
    "games": [
        {
            "api_detail_url": "http://www.giantbomb.com/api/game/3030-8474/",
            "id": 8474,
            "name": "Guild Wars: Factions",
            "site_detail_url": "http://www.giantbomb.com/guild-wars-factions/3030-8474/"
        },
        {
            "api_detail_url": "http://www.giantbomb.com/api/game/3030-8580/",
            "id": 8580,
            "name": "Jade Empire",
            "site_detail_url": "http://www.giantbomb.com/jade-empire/3030-8580/"
        },
        {
            "api_detail_url": "http://www.giantbomb.com/api/game/3030-20504/",
            "id": 20504,
            "name": "Fallout 3",
            "site_detail_url": "http://www.giantbomb.com/fallout-3/3030-20504/"
        },
        {
            "api_detail_url": "http://www.giantbomb.com/api/game/3030-7670/",
            "id": 7670,
            "name": "Crash of the Titans",
            "site_detail_url": "http://www.giantbomb.com/crash-of-the-titans/3030-7670/"
        },
        {
            "api_detail_url": "http://www.giantbomb.com/api/game/3030-20258/",
            "id": 20258,
            "name": "Spider-Man: Friend or Foe",
            "site_detail_url": "http://www.giantbomb.com/spider-man-friend-or-foe/3030-20258/"
        },
        {
            "api_detail_url": "http://www.giantbomb.com/api/game/3030-4763/",
            "id": 4763,
            "name": "Kingdom Hearts II",
            "site_detail_url": "http://www.giantbomb.com/kingdom-hearts-ii/3030-4763/"
        },
        {
            "api_detail_url": "http://www.giantbomb.com/api/game/3030-23788/",
            "id": 23788,
            "name": "The Princess Bride Game",
            "site_detail_url": "http://www.giantbomb.com/the-princess-bride-game/3030-23788/"
        },
        {
            "api_detail_url": "http://www.giantbomb.com/api/game/3030-8869/",
            "id": 8869,
            "name": "Disney/Pixar Cars: Mater-National Championship",
            "site_detail_url": "http://www.giantbomb.com/disneypixar-cars-mater-national-championship/3030-8869/"
        },
        {
            "api_detail_url": "http://www.giantbomb.com/api/game/3030-18547/",
            "id": 18547,
            "name": "EverQuest II",
            "site_detail_url": "http://www.giantbomb.com/everquest-ii/3030-18547/"
        },
        {
            "api_detail_url": "http://www.giantbomb.com/api/game/3030-7932/",
            "id": 7932,
            "name": "DreamWorks' Shark Tale",
            "site_detail_url": "http://www.giantbomb.com/dreamworks-shark-tale/3030-7932/"
        },
        {
            "api_detail_url": "http://www.giantbomb.com/api/game/3030-6759/",
            "id": 6759,
            "name": "Disney's Extreme Skate Adventure",
            "site_detail_url": "http://www.giantbomb.com/disneys-extreme-skate-adventure/3030-6759/"
        },
        {
            "api_detail_url": "http://www.giantbomb.com/api/game/3030-10983/",
            "id": 10983,
            "name": "Kingdom Hearts",
            "site_detail_url": "http://www.giantbomb.com/kingdom-hearts/3030-10983/"
        },
        {
            "api_detail_url": "http://www.giantbomb.com/api/game/3030-19474/",
            "id": 19474,
            "name": "Disney's Tarzan Untamed",
            "site_detail_url": "http://www.giantbomb.com/disneys-tarzan-untamed/3030-19474/"
        },
        {
            "api_detail_url": "http://www.giantbomb.com/api/game/3030-13775/",
            "id": 13775,
            "name": "Disney's Tarzan",
            "site_detail_url": "http://www.giantbomb.com/disneys-tarzan/3030-13775/"
        },
        {
            "api_detail_url": "http://www.giantbomb.com/api/game/3030-32374/",
            "id": 32374,
            "name": "Might & Magic Heroes VI",
            "site_detail_url": "http://www.giantbomb.com/might-magic-heroes-vi/3030-32374/"
        },
        {
            "api_detail_url": "http://www.giantbomb.com/api/game/3030-30615/",
            "id": 30615,
            "name": "Gears of War 3",
            "site_detail_url": "http://www.giantbomb.com/gears-of-war-3/3030-30615/"
        },
        {
            "api_detail_url": "http://www.giantbomb.com/api/game/3030-32845/",
            "id": 32845,
            "name": "Captain America: Super Soldier",
            "site_detail_url": "http://www.giantbomb.com/captain-america-super-soldier/3030-32845/"
        },
        {
            "api_detail_url": "http://www.giantbomb.com/api/game/3030-35948/",
            "id": 35948,
            "name": "Lollipop Chainsaw",
            "site_detail_url": "http://www.giantbomb.com/lollipop-chainsaw/3030-35948/"
        },
        {
            "api_detail_url": "http://www.giantbomb.com/api/game/3030-37417/",
            "id": 37417,
            "name": "Skylanders Giants",
            "site_detail_url": "http://www.giantbomb.com/skylanders-giants/3030-37417/"
        },
        {
            "api_detail_url": "http://www.giantbomb.com/api/game/3030-37164/",
            "id": 37164,
            "name": "Disney Epic Mickey 2: The Power of Two",
            "site_detail_url": "http://www.giantbomb.com/disney-epic-mickey-2-the-power-of-two/3030-37164/"
        },
        {
            "api_detail_url": "http://www.giantbomb.com/api/game/3030-40912/",
            "id": 40912,
            "name": "Disney Infinity",
            "site_detail_url": "http://www.giantbomb.com/disney-infinity/3030-40912/"
        },
        {
            "api_detail_url": "http://www.giantbomb.com/api/game/3030-47753/",
            "id": 47753,
            "name": "Disney Infinity 3.0 Edition",
            "site_detail_url": "http://www.giantbomb.com/disney-infinity-3-0-edition/3030-47753/"
        }
    ],
    "gender": 2,
    "hometown": null,
    "id": 75069,
    "name": "Audrey Wasilewski",
    "people": []
}