{
    "birth_date": null,
    "country": null,
    "death_date": null,
    "deck": null,
    "first_credited_game": {
        "api_detail_url": "http://www.giantbomb.com/api/game/3030-433/",
        "id": 433,
        "name": "Star Wars: X-Wing Alliance"
    },
    "games": [
        {
            "api_detail_url": "http://www.giantbomb.com/api/game/3030-1339/",
            "id": 1339,
            "name": "Star Wars: Republic Commando",
            "site_detail_url": "http://www.giantbomb.com/star-wars-republic-commando/3030-1339/"
        },
        {
            "api_detail_url": "http://www.giantbomb.com/api/game/3030-20504/",
            "id": 20504,
            "name": "Fallout 3",
            "site_detail_url": "http://www.giantbomb.com/fallout-3/3030-20504/"
        },
        {
            "api_detail_url": "http://www.giantbomb.com/api/game/3030-4017/",
            "id": 4017,
            "name": "Star Wars: Jedi Starfighter",
            "site_detail_url": "http://www.giantbomb.com/star-wars-jedi-starfighter/3030-4017/"
        },
        {
            "api_detail_url": "http://www.giantbomb.com/api/game/3030-13998/",
            "id": 13998,
            "name": "Star Wars: Starfighter",
            "site_detail_url": "http://www.giantbomb.com/star-wars-starfighter/3030-13998/"
        },
        {
            "api_detail_url": "http://www.giantbomb.com/api/game/3030-433/",
            "id": 433,
            "name": "Star Wars: X-Wing Alliance",
            "site_detail_url": "http://www.giantbomb.com/star-wars-x-wing-alliance/3030-433/"
        },
        {
            "api_detail_url": "http://www.giantbomb.com/api/game/3030-33394/",
            "id": 33394,
            "name": "The Elder Scrolls V: Skyrim",
            "site_detail_url": "http://www.giantbomb.com/the-elder-scrolls-v-skyrim/3030-33394/"
        },
        {
            "api_detail_url": "http://www.giantbomb.com/api/game/3030-38327/",
            "id": 38327,
            "name": "Gone Home",
            "site_detail_url": "http://www.giantbomb.com/gone-home/3030-38327/"
        }
    ],
    "gender": 1,
    "hometown": null,
    "id": 38884,
    "name": "Brett Douville",
    "people": []
}