{
    "birth_date": null,
    "country": null,
    "death_date": null,
    "deck": null,
    "first_credited_game": {
        "api_detail_url": "http://www.giantbomb.com/api/game/3030-9142/",
        "id": 9142,
        "name": "The Terminator: Future Shock"
    },
    "games": [
        {
            "api_detail_url": "http://www.giantbomb.com/api/game/3030-1129/",
            "id": 1129,
            "name": "The Elder Scrolls II: Daggerfall",
            "site_detail_url": "http://www.giantbomb.com/the-elder-scrolls-ii-daggerfall/3030-1129/"
        },
        {
            "api_detail_url": "http://www.giantbomb.com/api/game/3030-9142/",
            "id": 9142,
            "name": "The Terminator: Future Shock",
            "site_detail_url": "http://www.giantbomb.com/the-terminator-future-shock/3030-9142/"
        },
        {
            "api_detail_url": "http://www.giantbomb.com/api/game/3030-20328/",
            "id": 20328,
            "name": "SkyNET",
            "site_detail_url": "http://www.giantbomb.com/skynet/3030-20328/"
        },
        {
            "api_detail_url": "http://www.giantbomb.com/api/game/3030-642/",
            "id": 642,
            "name": "The Elder Scrolls Adventures: Redguard",
            "site_detail_url": "http://www.giantbomb.com/the-elder-scrolls-adventures-redguard/3030-642/"
        },
        {
            "api_detail_url": "http://www.giantbomb.com/api/game/3030-19204/",
            "id": 19204,
            "name": "Sea Dogs",
            "site_detail_url": "http://www.giantbomb.com/sea-dogs/3030-19204/"
        },
        {
            "api_detail_url": "http://www.giantbomb.com/api/game/3030-20238/",
            "id": 20238,
            "name": "The Elder Scrolls IV: Oblivion",
            "site_detail_url": "http://www.giantbomb.com/the-elder-scrolls-iv-oblivion/3030-20238/"
        },
        {
            "api_detail_url": "http://www.giantbomb.com/api/game/3030-20504/",
            "id": 20504,
            "name": "Fallout 3",
            "site_detail_url": "http://www.giantbomb.com/fallout-3/3030-20504/"
        },
        {
            "api_detail_url": "http://www.giantbomb.com/api/game/3030-33394/",
            "id": 33394,
            "name": "The Elder Scrolls V: Skyrim",
            "site_detail_url": "http://www.giantbomb.com/the-elder-scrolls-v-skyrim/3030-33394/"
        }
    ],
    "gender": 1,
    "hometown": null,
    "id": 57241,
    "name": "Bruce Nesmith",
    "people": []
}