{
    "birth_date": null,
    "country": null,
    "death_date": null,
    "deck": "Contributed voices to a handful of games over the years, most notably The Elder Scrolls IV: Oblivion.",
    "first_credited_game": {
        "api_detail_url": "http://www.giantbomb.com/api/game/3030-1983/",
        "id": 1983,
        "name": "Pirates of the Caribbean"
    },
    "games": [
        {
            "api_detail_url": "http://www.giantbomb.com/api/game/3030-20238/",
            "id": 20238,
            "name": "The Elder Scrolls IV: Oblivion",
            "site_detail_url": "http://www.giantbomb.com/the-elder-scrolls-iv-oblivion/3030-20238/"
        },
        {
            "api_detail_url": "http://www.giantbomb.com/api/game/3030-1983/",
            "id": 1983,
            "name": "Pirates of the Caribbean",
            "site_detail_url": "http://www.giantbomb.com/pirates-of-the-caribbean/3030-1983/"
        }
    ],
    "gender": 2,
    "hometown": null,
    "id": 57220,
    "name": "Catherine Flye",
    "people": []
}