{
    "birth_date": "1965-08-10",
    "country": "USA",
    "death_date": null,
    "deck": null,
    "first_credited_game": {
        "api_detail_url": "http://www.giantbomb.com/api/game/3030-18161/",
        "id": 18161,
        "name": "Solar Eclipse"
    },
    "games": [
        {
            "api_detail_url": "http://www.giantbomb.com/api/game/3030-24782/",
            "id": 24782,
            "name": "Pizza Morgana",
            "site_detail_url": "http://www.giantbomb.com/pizza-morgana/3030-24782/"
        },
        {
            "api_detail_url": "http://www.giantbomb.com/api/game/3030-722/",
            "id": 722,
            "name": "Shrek 2",
            "site_detail_url": "http://www.giantbomb.com/shrek-2/3030-722/"
        },
        {
            "api_detail_url": "http://www.giantbomb.com/api/game/3030-11171/",
            "id": 11171,
            "name": "Secret Weapons Over Normandy",
            "site_detail_url": "http://www.giantbomb.com/secret-weapons-over-normandy/3030-11171/"
        },
        {
            "api_detail_url": "http://www.giantbomb.com/api/game/3030-15885/",
            "id": 15885,
            "name": "Earth & Beyond",
            "site_detail_url": "http://www.giantbomb.com/earth-beyond/3030-15885/"
        },
        {
            "api_detail_url": "http://www.giantbomb.com/api/game/3030-10636/",
            "id": 10636,
            "name": "Summoner 2",
            "site_detail_url": "http://www.giantbomb.com/summoner-2/3030-10636/"
        },
        {
            "api_detail_url": "http://www.giantbomb.com/api/game/3030-5968/",
            "id": 5968,
            "name": "Disney's Atlantis: The Lost Empire: Search for the Journal",
            "site_detail_url": "http://www.giantbomb.com/disneys-atlantis-the-lost-empire-search-for-the-jo/3030-5968/"
        },
        {
            "api_detail_url": "http://www.giantbomb.com/api/game/3030-18161/",
            "id": 18161,
            "name": "Solar Eclipse",
            "site_detail_url": "http://www.giantbomb.com/solar-eclipse/3030-18161/"
        },
        {
            "api_detail_url": "http://www.giantbomb.com/api/game/3030-14352/",
            "id": 14352,
            "name": "Disney's Atlantis: The Lost Empire",
            "site_detail_url": "http://www.giantbomb.com/disneys-atlantis-the-lost-empire/3030-14352/"
        },
        {
            "api_detail_url": "http://www.giantbomb.com/api/game/3030-33394/",
            "id": 33394,
            "name": "The Elder Scrolls V: Skyrim",
            "site_detail_url": "http://www.giantbomb.com/the-elder-scrolls-v-skyrim/3030-33394/"
        },
        {
            "api_detail_url": "http://www.giantbomb.com/api/game/3030-29941/",
            "id": 29941,
            "name": "Darksiders II",
            "site_detail_url": "http://www.giantbomb.com/darksiders-ii/3030-29941/"
        }
    ],
    "gender": 2,
    "hometown": "Glendale, CA",
    "id": 68463,
    "name": "Claudia Christian",
    "people": []
}