{
    "birth_date": "1969-07-19",
    "country": "USA",
    "death_date": null,
    "deck": "Courtenay Taylor is a voice actress from San Francisco, California, likely best known for her role as Jack (Subject Zero) in the Mass Effect series.",
    "first_credited_game": {
        "api_detail_url": "http://www.giantbomb.com/api/game/3030-11479/",
        "id": 11479,
        "name": "Star Trek: Starfleet Command III"
    },
    "games": [
        {
            "api_detail_url": "http://www.giantbomb.com/api/game/3030-16426/",
            "id": 16426,
            "name": "Vampire: The Masquerade - Bloodlines",
            "site_detail_url": "http://www.giantbomb.com/vampire-the-masquerade-bloodlines/3030-16426/"
        },
        {
            "api_detail_url": "http://www.giantbomb.com/api/game/3030-16327/",
            "id": 16327,
            "name": "Justice League Heroes",
            "site_detail_url": "http://www.giantbomb.com/justice-league-heroes/3030-16327/"
        },
        {
            "api_detail_url": "http://www.giantbomb.com/api/game/3030-17551/",
            "id": 17551,
            "name": "Command & Conquer 3: Tiberium Wars",
            "site_detail_url": "http://www.giantbomb.com/command-conquer-3-tiberium-wars/3030-17551/"
        },
        {
            "api_detail_url": "http://www.giantbomb.com/api/game/3030-3631/",
            "id": 3631,
            "name": "Tony Hawk's Downhill Jam",
            "site_detail_url": "http://www.giantbomb.com/tony-hawks-downhill-jam/3030-3631/"
        },
        {
            "api_detail_url": "http://www.giantbomb.com/api/game/3030-18547/",
            "id": 18547,
            "name": "EverQuest II",
            "site_detail_url": "http://www.giantbomb.com/everquest-ii/3030-18547/"
        },
        {
            "api_detail_url": "http://www.giantbomb.com/api/game/3030-20679/",
            "id": 20679,
            "name": "Saints Row 2",
            "site_detail_url": "http://www.giantbomb.com/saints-row-2/3030-20679/"
        },
        {
            "api_detail_url": "http://www.giantbomb.com/api/game/3030-20599/",
            "id": 20599,
            "name": "inFamous",
            "site_detail_url": "http://www.giantbomb.com/infamous/3030-20599/"
        },
        {
            "api_detail_url": "http://www.giantbomb.com/api/game/3030-20660/",
            "id": 20660,
            "name": "Command & Conquer: Red Alert 3",
            "site_detail_url": "http://www.giantbomb.com/command-conquer-red-alert-3/3030-20660/"
        },
        {
            "api_detail_url": "http://www.giantbomb.com/api/game/3030-21105/",
            "id": 21105,
            "name": "Stormrise",
            "site_detail_url": "http://www.giantbomb.com/stormrise/3030-21105/"
        },
        {
            "api_detail_url": "http://www.giantbomb.com/api/game/3030-21847/",
            "id": 21847,
            "name": "Watchmen: The End is Nigh",
            "site_detail_url": "http://www.giantbomb.com/watchmen-the-end-is-nigh/3030-21847/"
        },
        {
            "api_detail_url": "http://www.giantbomb.com/api/game/3030-25034/",
            "id": 25034,
            "name": "Command & Conquer Red Alert 3: Uprising",
            "site_detail_url": "http://www.giantbomb.com/command-conquer-red-alert-3-uprising/3030-25034/"
        },
        {
            "api_detail_url": "http://www.giantbomb.com/api/game/3030-20891/",
            "id": 20891,
            "name": "The Incredible Hulk",
            "site_detail_url": "http://www.giantbomb.com/the-incredible-hulk/3030-20891/"
        },
        {
            "api_detail_url": "http://www.giantbomb.com/api/game/3030-20530/",
            "id": 20530,
            "name": "Iron Man",
            "site_detail_url": "http://www.giantbomb.com/iron-man/3030-20530/"
        },
        {
            "api_detail_url": "http://www.giantbomb.com/api/game/3030-20494/",
            "id": 20494,
            "name": "Command & Conquer 3: Kane's Wrath",
            "site_detail_url": "http://www.giantbomb.com/command-conquer-3-kanes-wrath/3030-20494/"
        },
        {
            "api_detail_url": "http://www.giantbomb.com/api/game/3030-9185/",
            "id": 9185,
            "name": "Destroy All Humans! 2",
            "site_detail_url": "http://www.giantbomb.com/destroy-all-humans-2/3030-9185/"
        },
        {
            "api_detail_url": "http://www.giantbomb.com/api/game/3030-21004/",
            "id": 21004,
            "name": "Destroy All Humans! Big Willy Unleashed",
            "site_detail_url": "http://www.giantbomb.com/destroy-all-humans-big-willy-unleashed/3030-21004/"
        },
        {
            "api_detail_url": "http://www.giantbomb.com/api/game/3030-1819/",
            "id": 1819,
            "name": "The Golden Compass",
            "site_detail_url": "http://www.giantbomb.com/the-golden-compass/3030-1819/"
        },
        {
            "api_detail_url": "http://www.giantbomb.com/api/game/3030-20794/",
            "id": 20794,
            "name": "Wall-E",
            "site_detail_url": "http://www.giantbomb.com/wall-e/3030-20794/"
        },
        {
            "api_detail_url": "http://www.giantbomb.com/api/game/3030-8694/",
            "id": 8694,
            "name": "The Sopranos: Road to Respect",
            "site_detail_url": "http://www.giantbomb.com/the-sopranos-road-to-respect/3030-8694/"
        },
        {
            "api_detail_url": "http://www.giantbomb.com/api/game/3030-5614/",
            "id": 5614,
            "name": "Spider-Man 3",
            "site_detail_url": "http://www.giantbomb.com/spider-man-3/3030-5614/"
        },
        {
            "api_detail_url": "http://www.giantbomb.com/api/game/3030-20928/",
            "id": 20928,
            "name": "Golden Axe: Beast Rider",
            "site_detail_url": "http://www.giantbomb.com/golden-axe-beast-rider/3030-20928/"
        },
        {
            "api_detail_url": "http://www.giantbomb.com/api/game/3030-7225/",
            "id": 7225,
            "name": "Fatal Frame III: The Tormented",
            "site_detail_url": "http://www.giantbomb.com/fatal-frame-iii-the-tormented/3030-7225/"
        },
        {
            "api_detail_url": "http://www.giantbomb.com/api/game/3030-7760/",
            "id": 7760,
            "name": "Night Watch",
            "site_detail_url": "http://www.giantbomb.com/night-watch/3030-7760/"
        },
        {
            "api_detail_url": "http://www.giantbomb.com/api/game/3030-2347/",
            "id": 2347,
            "name": "Call of Duty 2",
            "site_detail_url": "http://www.giantbomb.com/call-of-duty-2/3030-2347/"
        },
        {
            "api_detail_url": "http://www.giantbomb.com/api/game/3030-6959/",
            "id": 6959,
            "name": "God of War",
            "site_detail_url": "http://www.giantbomb.com/god-of-war/3030-6959/"
        },
        {
            "api_detail_url": "http://www.giantbomb.com/api/game/3030-7337/",
            "id": 7337,
            "name": "Van Helsing",
            "site_detail_url": "http://www.giantbomb.com/van-helsing/3030-7337/"
        },
        {
            "api_detail_url": "http://www.giantbomb.com/api/game/3030-18741/",
            "id": 18741,
            "name": "Star Wars: Knights of the Old Republic",
            "site_detail_url": "http://www.giantbomb.com/star-wars-knights-of-the-old-republic/3030-18741/"
        },
        {
            "api_detail_url": "http://www.giantbomb.com/api/game/3030-11479/",
            "id": 11479,
            "name": "Star Trek: Starfleet Command III",
            "site_detail_url": "http://www.giantbomb.com/star-trek-starfleet-command-iii/3030-11479/"
        },
        {
            "api_detail_url": "http://www.giantbomb.com/api/game/3030-3148/",
            "id": 3148,
            "name": "American Idol",
            "site_detail_url": "http://www.giantbomb.com/american-idol/3030-3148/"
        },
        {
            "api_detail_url": "http://www.giantbomb.com/api/game/3030-1901/",
            "id": 1901,
            "name": "Supreme Commander",
            "site_detail_url": "http://www.giantbomb.com/supreme-commander/3030-1901/"
        },
        {
            "api_detail_url": "http://www.giantbomb.com/api/game/3030-21590/",
            "id": 21590,
            "name": "Mass Effect 2",
            "site_detail_url": "http://www.giantbomb.com/mass-effect-2/3030-21590/"
        },
        {
            "api_detail_url": "http://www.giantbomb.com/api/game/3030-18956/",
            "id": 18956,
            "name": "Thrillville",
            "site_detail_url": "http://www.giantbomb.com/thrillville/3030-18956/"
        },
        {
            "api_detail_url": "http://www.giantbomb.com/api/game/3030-20700/",
            "id": 20700,
            "name": "Br\u00fctal Legend",
            "site_detail_url": "http://www.giantbomb.com/brutal-legend/3030-20700/"
        },
        {
            "api_detail_url": "http://www.giantbomb.com/api/game/3030-25933/",
            "id": 25933,
            "name": "Fallout: New Vegas",
            "site_detail_url": "http://www.giantbomb.com/fallout-new-vegas/3030-25933/"
        },
        {
            "api_detail_url": "http://www.giantbomb.com/api/game/3030-32297/",
            "id": 32297,
            "name": "Ace Combat Assault Horizon",
            "site_detail_url": "http://www.giantbomb.com/ace-combat-assault-horizon/3030-32297/"
        },
        {
            "api_detail_url": "http://www.giantbomb.com/api/game/3030-30615/",
            "id": 30615,
            "name": "Gears of War 3",
            "site_detail_url": "http://www.giantbomb.com/gears-of-war-3/3030-30615/"
        },
        {
            "api_detail_url": "http://www.giantbomb.com/api/game/3030-30425/",
            "id": 30425,
            "name": "The Lord of the Rings: War in the North",
            "site_detail_url": "http://www.giantbomb.com/the-lord-of-the-rings-war-in-the-north/3030-30425/"
        },
        {
            "api_detail_url": "http://www.giantbomb.com/api/game/3030-34129/",
            "id": 34129,
            "name": "Skylanders: Spyro's Adventure",
            "site_detail_url": "http://www.giantbomb.com/skylanders-spyros-adventure/3030-34129/"
        },
        {
            "api_detail_url": "http://www.giantbomb.com/api/game/3030-34553/",
            "id": 34553,
            "name": "Resident Evil: Operation Raccoon City",
            "site_detail_url": "http://www.giantbomb.com/resident-evil-operation-raccoon-city/3030-34553/"
        },
        {
            "api_detail_url": "http://www.giantbomb.com/api/game/3030-37273/",
            "id": 37273,
            "name": "Resident Evil 6",
            "site_detail_url": "http://www.giantbomb.com/resident-evil-6/3030-37273/"
        },
        {
            "api_detail_url": "http://www.giantbomb.com/api/game/3030-39248/",
            "id": 39248,
            "name": "God of War Saga",
            "site_detail_url": "http://www.giantbomb.com/god-of-war-saga/3030-39248/"
        },
        {
            "api_detail_url": "http://www.giantbomb.com/api/game/3030-37152/",
            "id": 37152,
            "name": "XCOM: Enemy Unknown",
            "site_detail_url": "http://www.giantbomb.com/xcom-enemy-unknown/3030-37152/"
        },
        {
            "api_detail_url": "http://www.giantbomb.com/api/game/3030-37417/",
            "id": 37417,
            "name": "Skylanders Giants",
            "site_detail_url": "http://www.giantbomb.com/skylanders-giants/3030-37417/"
        },
        {
            "api_detail_url": "http://www.giantbomb.com/api/game/3030-38481/",
            "id": 38481,
            "name": "Gears of War: Judgment",
            "site_detail_url": "http://www.giantbomb.com/gears-of-war-judgment/3030-38481/"
        },
        {
            "api_detail_url": "http://www.giantbomb.com/api/game/3030-36989/",
            "id": 36989,
            "name": "The Last of Us",
            "site_detail_url": "http://www.giantbomb.com/the-last-of-us/3030-36989/"
        },
        {
            "api_detail_url": "http://www.giantbomb.com/api/game/3030-36884/",
            "id": 36884,
            "name": "Saints Row IV",
            "site_detail_url": "http://www.giantbomb.com/saints-row-iv/3030-36884/"
        },
        {
            "api_detail_url": "http://www.giantbomb.com/api/game/3030-20984/",
            "id": 20984,
            "name": "Alpha Protocol",
            "site_detail_url": "http://www.giantbomb.com/alpha-protocol/3030-20984/"
        },
        {
            "api_detail_url": "http://www.giantbomb.com/api/game/3030-41357/",
            "id": 41357,
            "name": "Evolve",
            "site_detail_url": "http://www.giantbomb.com/evolve/3030-41357/"
        },
        {
            "api_detail_url": "http://www.giantbomb.com/api/game/3030-30813/",
            "id": 30813,
            "name": "The Bureau: XCOM Declassified",
            "site_detail_url": "http://www.giantbomb.com/the-bureau-xcom-declassified/3030-30813/"
        },
        {
            "api_detail_url": "http://www.giantbomb.com/api/game/3030-20521/",
            "id": 20521,
            "name": "Halo Wars",
            "site_detail_url": "http://www.giantbomb.com/halo-wars/3030-20521/"
        },
        {
            "api_detail_url": "http://www.giantbomb.com/api/game/3030-49833/",
            "id": 49833,
            "name": "Fallout 4",
            "site_detail_url": "http://www.giantbomb.com/fallout-4/3030-49833/"
        },
        {
            "api_detail_url": "http://www.giantbomb.com/api/game/3030-45577/",
            "id": 45577,
            "name": "Batman: Arkham Knight",
            "site_detail_url": "http://www.giantbomb.com/batman-arkham-knight/3030-45577/"
        },
        {
            "api_detail_url": "http://www.giantbomb.com/api/game/3030-49396/",
            "id": 49396,
            "name": "LEGO Dimensions",
            "site_detail_url": "http://www.giantbomb.com/lego-dimensions/3030-49396/"
        },
        {
            "api_detail_url": "http://www.giantbomb.com/api/game/3030-40912/",
            "id": 40912,
            "name": "Disney Infinity",
            "site_detail_url": "http://www.giantbomb.com/disney-infinity/3030-40912/"
        }
    ],
    "gender": 2,
    "hometown": "San Francisco, CA",
    "id": 75586,
    "name": "Courtenay Taylor",
    "people": [
        {
            "api_detail_url": "http://www.giantbomb.com/api/person/3040-86436/",
            "id": 86436,
            "name": "Zach Hanks",
            "site_detail_url": "http://www.giantbomb.com/zach-hanks/3040-86436/"
        }
    ]
}