{
    "birth_date": null,
    "country": null,
    "death_date": null,
    "deck": null,
    "first_credited_game": {
        "api_detail_url": "http://www.giantbomb.com/api/game/3030-1921/",
        "id": 1921,
        "name": "Marathon 2: Durandal"
    },
    "games": [
        {
            "api_detail_url": "http://www.giantbomb.com/api/game/3030-1921/",
            "id": 1921,
            "name": "Marathon 2: Durandal",
            "site_detail_url": "http://www.giantbomb.com/marathon-2-durandal/3030-1921/"
        },
        {
            "api_detail_url": "http://www.giantbomb.com/api/game/3030-20504/",
            "id": 20504,
            "name": "Fallout 3",
            "site_detail_url": "http://www.giantbomb.com/fallout-3/3030-20504/"
        },
        {
            "api_detail_url": "http://www.giantbomb.com/api/game/3030-7690/",
            "id": 7690,
            "name": "Star Trek Legacy",
            "site_detail_url": "http://www.giantbomb.com/star-trek-legacy/3030-7690/"
        },
        {
            "api_detail_url": "http://www.giantbomb.com/api/game/3030-12884/",
            "id": 12884,
            "name": "Star Trek: Tactical Assault",
            "site_detail_url": "http://www.giantbomb.com/star-trek-tactical-assault/3030-12884/"
        },
        {
            "api_detail_url": "http://www.giantbomb.com/api/game/3030-18678/",
            "id": 18678,
            "name": "Call of Cthulhu: Dark Corners of the Earth",
            "site_detail_url": "http://www.giantbomb.com/call-of-cthulhu-dark-corners-of-the-earth/3030-18678/"
        },
        {
            "api_detail_url": "http://www.giantbomb.com/api/game/3030-5565/",
            "id": 5565,
            "name": "Freelancer",
            "site_detail_url": "http://www.giantbomb.com/freelancer/3030-5565/"
        },
        {
            "api_detail_url": "http://www.giantbomb.com/api/game/3030-16870/",
            "id": 16870,
            "name": "Tao Feng: Fist of the Lotus",
            "site_detail_url": "http://www.giantbomb.com/tao-feng-fist-of-the-lotus/3030-16870/"
        },
        {
            "api_detail_url": "http://www.giantbomb.com/api/game/3030-19181/",
            "id": 19181,
            "name": "Return to Castle Wolfenstein",
            "site_detail_url": "http://www.giantbomb.com/return-to-castle-wolfenstein/3030-19181/"
        },
        {
            "api_detail_url": "http://www.giantbomb.com/api/game/3030-20018/",
            "id": 20018,
            "name": "Marathon Infinity",
            "site_detail_url": "http://www.giantbomb.com/marathon-infinity/3030-20018/"
        },
        {
            "api_detail_url": "http://www.giantbomb.com/api/game/3030-12254/",
            "id": 12254,
            "name": "Need for Speed Underground",
            "site_detail_url": "http://www.giantbomb.com/need-for-speed-underground/3030-12254/"
        }
    ],
    "gender": 1,
    "hometown": null,
    "id": 14716,
    "name": "Craig Mullins",
    "people": []
}