{
    "birth_date": null,
    "country": null,
    "death_date": null,
    "deck": null,
    "first_credited_game": {
        "api_detail_url": "http://www.giantbomb.com/api/game/3030-9370/",
        "id": 9370,
        "name": "The Terminator 2029"
    },
    "games": [
        {
            "api_detail_url": "http://www.giantbomb.com/api/game/3030-8121/",
            "id": 8121,
            "name": "The Elder Scrolls III: Bloodmoon",
            "site_detail_url": "http://www.giantbomb.com/the-elder-scrolls-iii-bloodmoon/3030-8121/"
        },
        {
            "api_detail_url": "http://www.giantbomb.com/api/game/3030-17949/",
            "id": 17949,
            "name": "The Elder Scrolls III: Tribunal",
            "site_detail_url": "http://www.giantbomb.com/the-elder-scrolls-iii-tribunal/3030-17949/"
        },
        {
            "api_detail_url": "http://www.giantbomb.com/api/game/3030-20238/",
            "id": 20238,
            "name": "The Elder Scrolls IV: Oblivion",
            "site_detail_url": "http://www.giantbomb.com/the-elder-scrolls-iv-oblivion/3030-20238/"
        },
        {
            "api_detail_url": "http://www.giantbomb.com/api/game/3030-1129/",
            "id": 1129,
            "name": "The Elder Scrolls II: Daggerfall",
            "site_detail_url": "http://www.giantbomb.com/the-elder-scrolls-ii-daggerfall/3030-1129/"
        },
        {
            "api_detail_url": "http://www.giantbomb.com/api/game/3030-20504/",
            "id": 20504,
            "name": "Fallout 3",
            "site_detail_url": "http://www.giantbomb.com/fallout-3/3030-20504/"
        },
        {
            "api_detail_url": "http://www.giantbomb.com/api/game/3030-19119/",
            "id": 19119,
            "name": "PBA Bowling 2",
            "site_detail_url": "http://www.giantbomb.com/pba-bowling-2/3030-19119/"
        },
        {
            "api_detail_url": "http://www.giantbomb.com/api/game/3030-15259/",
            "id": 15259,
            "name": "PBA Tour Bowling 2001",
            "site_detail_url": "http://www.giantbomb.com/pba-tour-bowling-2001/3030-15259/"
        },
        {
            "api_detail_url": "http://www.giantbomb.com/api/game/3030-642/",
            "id": 642,
            "name": "The Elder Scrolls Adventures: Redguard",
            "site_detail_url": "http://www.giantbomb.com/the-elder-scrolls-adventures-redguard/3030-642/"
        },
        {
            "api_detail_url": "http://www.giantbomb.com/api/game/3030-20328/",
            "id": 20328,
            "name": "SkyNET",
            "site_detail_url": "http://www.giantbomb.com/skynet/3030-20328/"
        },
        {
            "api_detail_url": "http://www.giantbomb.com/api/game/3030-9142/",
            "id": 9142,
            "name": "The Terminator: Future Shock",
            "site_detail_url": "http://www.giantbomb.com/the-terminator-future-shock/3030-9142/"
        },
        {
            "api_detail_url": "http://www.giantbomb.com/api/game/3030-12419/",
            "id": 12419,
            "name": "Delta V",
            "site_detail_url": "http://www.giantbomb.com/delta-v/3030-12419/"
        },
        {
            "api_detail_url": "http://www.giantbomb.com/api/game/3030-2753/",
            "id": 2753,
            "name": "NCAA: Road to the Final Four 2",
            "site_detail_url": "http://www.giantbomb.com/ncaa-road-to-the-final-four-2/3030-2753/"
        },
        {
            "api_detail_url": "http://www.giantbomb.com/api/game/3030-4933/",
            "id": 4933,
            "name": "The Terminator: Rampage",
            "site_detail_url": "http://www.giantbomb.com/the-terminator-rampage/3030-4933/"
        },
        {
            "api_detail_url": "http://www.giantbomb.com/api/game/3030-9370/",
            "id": 9370,
            "name": "The Terminator 2029",
            "site_detail_url": "http://www.giantbomb.com/the-terminator-2029/3030-9370/"
        },
        {
            "api_detail_url": "http://www.giantbomb.com/api/game/3030-10713/",
            "id": 10713,
            "name": "The Terminator",
            "site_detail_url": "http://www.giantbomb.com/the-terminator/3030-10713/"
        }
    ],
    "gender": 1,
    "hometown": null,
    "id": 57175,
    "name": "Craig Walton",
    "people": []
}