{
    "birth_date": null,
    "country": null,
    "death_date": null,
    "deck": null,
    "first_credited_game": {
        "api_detail_url": "http://www.giantbomb.com/api/game/3030-641/",
        "id": 641,
        "name": "Jazz Jackrabbit 2"
    },
    "games": [
        {
            "api_detail_url": "http://www.giantbomb.com/api/game/3030-20238/",
            "id": 20238,
            "name": "The Elder Scrolls IV: Oblivion",
            "site_detail_url": "http://www.giantbomb.com/the-elder-scrolls-iv-oblivion/3030-20238/"
        },
        {
            "api_detail_url": "http://www.giantbomb.com/api/game/3030-641/",
            "id": 641,
            "name": "Jazz Jackrabbit 2",
            "site_detail_url": "http://www.giantbomb.com/jazz-jackrabbit-2/3030-641/"
        },
        {
            "api_detail_url": "http://www.giantbomb.com/api/game/3030-10778/",
            "id": 10778,
            "name": "Unreal Mission Pack 1: Return to Na Pali",
            "site_detail_url": "http://www.giantbomb.com/unreal-mission-pack-1-return-to-na-pali/3030-10778/"
        },
        {
            "api_detail_url": "http://www.giantbomb.com/api/game/3030-20504/",
            "id": 20504,
            "name": "Fallout 3",
            "site_detail_url": "http://www.giantbomb.com/fallout-3/3030-20504/"
        },
        {
            "api_detail_url": "http://www.giantbomb.com/api/game/3030-49833/",
            "id": 49833,
            "name": "Fallout 4",
            "site_detail_url": "http://www.giantbomb.com/fallout-4/3030-49833/"
        }
    ],
    "gender": null,
    "hometown": null,
    "id": 9875,
    "name": "Craig Lafferty",
    "people": []
}