{
    "birth_date": null,
    "country": null,
    "death_date": null,
    "deck": null,
    "first_credited_game": {
        "api_detail_url": "http://www.giantbomb.com/api/game/3030-10389/",
        "id": 10389,
        "name": "Lode Runner 2"
    },
    "games": [
        {
            "api_detail_url": "http://www.giantbomb.com/api/game/3030-10389/",
            "id": 10389,
            "name": "Lode Runner 2",
            "site_detail_url": "http://www.giantbomb.com/lode-runner-2/3030-10389/"
        },
        {
            "api_detail_url": "http://www.giantbomb.com/api/game/3030-14541/",
            "id": 14541,
            "name": "Star Wars: Episode I - The Phantom Menace",
            "site_detail_url": "http://www.giantbomb.com/star-wars-episode-i-the-phantom-menace/3030-14541/"
        },
        {
            "api_detail_url": "http://www.giantbomb.com/api/game/3030-8697/",
            "id": 8697,
            "name": "The Simpsons Wrestling",
            "site_detail_url": "http://www.giantbomb.com/the-simpsons-wrestling/3030-8697/"
        },
        {
            "api_detail_url": "http://www.giantbomb.com/api/game/3030-6759/",
            "id": 6759,
            "name": "Disney's Extreme Skate Adventure",
            "site_detail_url": "http://www.giantbomb.com/disneys-extreme-skate-adventure/3030-6759/"
        },
        {
            "api_detail_url": "http://www.giantbomb.com/api/game/3030-5960/",
            "id": 5960,
            "name": "Shrek SuperSlam",
            "site_detail_url": "http://www.giantbomb.com/shrek-superslam/3030-5960/"
        },
        {
            "api_detail_url": "http://www.giantbomb.com/api/game/3030-5680/",
            "id": 5680,
            "name": "Madagascar",
            "site_detail_url": "http://www.giantbomb.com/madagascar/3030-5680/"
        },
        {
            "api_detail_url": "http://www.giantbomb.com/api/game/3030-3631/",
            "id": 3631,
            "name": "Tony Hawk's Downhill Jam",
            "site_detail_url": "http://www.giantbomb.com/tony-hawks-downhill-jam/3030-3631/"
        },
        {
            "api_detail_url": "http://www.giantbomb.com/api/game/3030-20504/",
            "id": 20504,
            "name": "Fallout 3",
            "site_detail_url": "http://www.giantbomb.com/fallout-3/3030-20504/"
        },
        {
            "api_detail_url": "http://www.giantbomb.com/api/game/3030-14809/",
            "id": 14809,
            "name": "MTV Celebrity Deathmatch",
            "site_detail_url": "http://www.giantbomb.com/mtv-celebrity-deathmatch/3030-14809/"
        }
    ],
    "gender": null,
    "hometown": null,
    "id": 10642,
    "name": "Dan Ross",
    "people": []
}