{
    "birth_date": null,
    "country": null,
    "death_date": null,
    "deck": "Voice actor.",
    "first_credited_game": {
        "api_detail_url": "http://www.giantbomb.com/api/game/3030-13076/",
        "id": 13076,
        "name": "Age of Mythology"
    },
    "games": [
        {
            "api_detail_url": "http://www.giantbomb.com/api/game/3030-16327/",
            "id": 16327,
            "name": "Justice League Heroes",
            "site_detail_url": "http://www.giantbomb.com/justice-league-heroes/3030-16327/"
        },
        {
            "api_detail_url": "http://www.giantbomb.com/api/game/3030-13076/",
            "id": 13076,
            "name": "Age of Mythology",
            "site_detail_url": "http://www.giantbomb.com/age-of-mythology/3030-13076/"
        },
        {
            "api_detail_url": "http://www.giantbomb.com/api/game/3030-18547/",
            "id": 18547,
            "name": "EverQuest II",
            "site_detail_url": "http://www.giantbomb.com/everquest-ii/3030-18547/"
        },
        {
            "api_detail_url": "http://www.giantbomb.com/api/game/3030-21458/",
            "id": 21458,
            "name": "White Knight Chronicles: International Edition",
            "site_detail_url": "http://www.giantbomb.com/white-knight-chronicles-international-edition/3030-21458/"
        },
        {
            "api_detail_url": "http://www.giantbomb.com/api/game/3030-33394/",
            "id": 33394,
            "name": "The Elder Scrolls V: Skyrim",
            "site_detail_url": "http://www.giantbomb.com/the-elder-scrolls-v-skyrim/3030-33394/"
        },
        {
            "api_detail_url": "http://www.giantbomb.com/api/game/3030-981/",
            "id": 981,
            "name": "Forgotten Realms: Demon Stone",
            "site_detail_url": "http://www.giantbomb.com/forgotten-realms-demon-stone/3030-981/"
        },
        {
            "api_detail_url": "http://www.giantbomb.com/api/game/3030-39750/",
            "id": 39750,
            "name": "The Evil Within",
            "site_detail_url": "http://www.giantbomb.com/the-evil-within/3030-39750/"
        },
        {
            "api_detail_url": "http://www.giantbomb.com/api/game/3030-41357/",
            "id": 41357,
            "name": "Evolve",
            "site_detail_url": "http://www.giantbomb.com/evolve/3030-41357/"
        },
        {
            "api_detail_url": "http://www.giantbomb.com/api/game/3030-11004/",
            "id": 11004,
            "name": "Hitman: Blood Money",
            "site_detail_url": "http://www.giantbomb.com/hitman-blood-money/3030-11004/"
        }
    ],
    "gender": 1,
    "hometown": null,
    "id": 12148,
    "name": "Daniel Riordan",
    "people": []
}