{
    "birth_date": null,
    "country": null,
    "death_date": null,
    "deck": null,
    "first_credited_game": {
        "api_detail_url": "http://www.giantbomb.com/api/game/3030-20238/",
        "id": 20238,
        "name": "The Elder Scrolls IV: Oblivion"
    },
    "games": [
        {
            "api_detail_url": "http://www.giantbomb.com/api/game/3030-20238/",
            "id": 20238,
            "name": "The Elder Scrolls IV: Oblivion",
            "site_detail_url": "http://www.giantbomb.com/the-elder-scrolls-iv-oblivion/3030-20238/"
        },
        {
            "api_detail_url": "http://www.giantbomb.com/api/game/3030-20504/",
            "id": 20504,
            "name": "Fallout 3",
            "site_detail_url": "http://www.giantbomb.com/fallout-3/3030-20504/"
        },
        {
            "api_detail_url": "http://www.giantbomb.com/api/game/3030-11617/",
            "id": 11617,
            "name": "Road Wars",
            "site_detail_url": "http://www.giantbomb.com/road-wars/3030-11617/"
        },
        {
            "api_detail_url": "http://www.giantbomb.com/api/game/3030-15259/",
            "id": 15259,
            "name": "PBA Tour Bowling 2001",
            "site_detail_url": "http://www.giantbomb.com/pba-tour-bowling-2001/3030-15259/"
        }
    ],
    "gender": null,
    "hometown": null,
    "id": 57185,
    "name": "David DiAngelo",
    "people": []
}