{
    "birth_date": null,
    "country": "USA",
    "death_date": null,
    "deck": "Casting director on numerous high-profile games.",
    "first_credited_game": {
        "api_detail_url": "http://www.giantbomb.com/api/game/3030-11223/",
        "id": 11223,
        "name": "Starship Troopers"
    },
    "games": [
        {
            "api_detail_url": "http://www.giantbomb.com/api/game/3030-7180/",
            "id": 7180,
            "name": "Yakuza",
            "site_detail_url": "http://www.giantbomb.com/yakuza/3030-7180/"
        },
        {
            "api_detail_url": "http://www.giantbomb.com/api/game/3030-265/",
            "id": 265,
            "name": "CSI: Crime Scene Investigation - Hard Evidence",
            "site_detail_url": "http://www.giantbomb.com/csi-crime-scene-investigation-hard-evidence/3030-265/"
        },
        {
            "api_detail_url": "http://www.giantbomb.com/api/game/3030-2426/",
            "id": 2426,
            "name": "Dreamfall: The Longest Journey",
            "site_detail_url": "http://www.giantbomb.com/dreamfall-the-longest-journey/3030-2426/"
        },
        {
            "api_detail_url": "http://www.giantbomb.com/api/game/3030-20238/",
            "id": 20238,
            "name": "The Elder Scrolls IV: Oblivion",
            "site_detail_url": "http://www.giantbomb.com/the-elder-scrolls-iv-oblivion/3030-20238/"
        },
        {
            "api_detail_url": "http://www.giantbomb.com/api/game/3030-13700/",
            "id": 13700,
            "name": "24: The Game",
            "site_detail_url": "http://www.giantbomb.com/24-the-game/3030-13700/"
        },
        {
            "api_detail_url": "http://www.giantbomb.com/api/game/3030-5731/",
            "id": 5731,
            "name": "Brave: The Search for Spirit Dancer",
            "site_detail_url": "http://www.giantbomb.com/brave-the-search-for-spirit-dancer/3030-5731/"
        },
        {
            "api_detail_url": "http://www.giantbomb.com/api/game/3030-17494/",
            "id": 17494,
            "name": "Guild Wars",
            "site_detail_url": "http://www.giantbomb.com/guild-wars/3030-17494/"
        },
        {
            "api_detail_url": "http://www.giantbomb.com/api/game/3030-11223/",
            "id": 11223,
            "name": "Starship Troopers",
            "site_detail_url": "http://www.giantbomb.com/starship-troopers/3030-11223/"
        },
        {
            "api_detail_url": "http://www.giantbomb.com/api/game/3030-22064/",
            "id": 22064,
            "name": "ATV Offroad Fury 3",
            "site_detail_url": "http://www.giantbomb.com/atv-offroad-fury-3/3030-22064/"
        },
        {
            "api_detail_url": "http://www.giantbomb.com/api/game/3030-229/",
            "id": 229,
            "name": "Kingdom Under Fire: The Crusaders",
            "site_detail_url": "http://www.giantbomb.com/kingdom-under-fire-the-crusaders/3030-229/"
        },
        {
            "api_detail_url": "http://www.giantbomb.com/api/game/3030-14084/",
            "id": 14084,
            "name": "TransFormers",
            "site_detail_url": "http://www.giantbomb.com/transformers/3030-14084/"
        },
        {
            "api_detail_url": "http://www.giantbomb.com/api/game/3030-5702/",
            "id": 5702,
            "name": "CSI: Crime Scene Investigation: Dark Motives",
            "site_detail_url": "http://www.giantbomb.com/csi-crime-scene-investigation-dark-motives/3030-5702/"
        },
        {
            "api_detail_url": "http://www.giantbomb.com/api/game/3030-15549/",
            "id": 15549,
            "name": "Tom Clancy's Splinter Cell: Pandora Tomorrow",
            "site_detail_url": "http://www.giantbomb.com/tom-clancys-splinter-cell-pandora-tomorrow/3030-15549/"
        },
        {
            "api_detail_url": "http://www.giantbomb.com/api/game/3030-6580/",
            "id": 6580,
            "name": "Terminator 3: Rise of the Machines",
            "site_detail_url": "http://www.giantbomb.com/terminator-3-rise-of-the-machines/3030-6580/"
        },
        {
            "api_detail_url": "http://www.giantbomb.com/api/game/3030-2955/",
            "id": 2955,
            "name": "XIII",
            "site_detail_url": "http://www.giantbomb.com/xiii/3030-2955/"
        },
        {
            "api_detail_url": "http://www.giantbomb.com/api/game/3030-12911/",
            "id": 12911,
            "name": "Crimson Skies: High Road to Revenge",
            "site_detail_url": "http://www.giantbomb.com/crimson-skies-high-road-to-revenge/3030-12911/"
        },
        {
            "api_detail_url": "http://www.giantbomb.com/api/game/3030-13809/",
            "id": 13809,
            "name": "Rise to Honor",
            "site_detail_url": "http://www.giantbomb.com/rise-to-honor/3030-13809/"
        },
        {
            "api_detail_url": "http://www.giantbomb.com/api/game/3030-7043/",
            "id": 7043,
            "name": "Evil Dead: A Fistful of Boomstick",
            "site_detail_url": "http://www.giantbomb.com/evil-dead-a-fistful-of-boomstick/3030-7043/"
        },
        {
            "api_detail_url": "http://www.giantbomb.com/api/game/3030-7570/",
            "id": 7570,
            "name": "Enter the Matrix",
            "site_detail_url": "http://www.giantbomb.com/enter-the-matrix/3030-7570/"
        },
        {
            "api_detail_url": "http://www.giantbomb.com/api/game/3030-6936/",
            "id": 6936,
            "name": "Primal",
            "site_detail_url": "http://www.giantbomb.com/primal/3030-6936/"
        },
        {
            "api_detail_url": "http://www.giantbomb.com/api/game/3030-943/",
            "id": 943,
            "name": "CSI: Crime Scene Investigation",
            "site_detail_url": "http://www.giantbomb.com/csi-crime-scene-investigation/3030-943/"
        },
        {
            "api_detail_url": "http://www.giantbomb.com/api/game/3030-6246/",
            "id": 6246,
            "name": "SOCOM: U.S. Navy SEALs",
            "site_detail_url": "http://www.giantbomb.com/socom-us-navy-seals/3030-6246/"
        },
        {
            "api_detail_url": "http://www.giantbomb.com/api/game/3030-2077/",
            "id": 2077,
            "name": "The Mark of Kri",
            "site_detail_url": "http://www.giantbomb.com/the-mark-of-kri/3030-2077/"
        },
        {
            "api_detail_url": "http://www.giantbomb.com/api/game/3030-12946/",
            "id": 12946,
            "name": "Karaoke Revolution Presents American Idol",
            "site_detail_url": "http://www.giantbomb.com/karaoke-revolution-presents-american-idol/3030-12946/"
        },
        {
            "api_detail_url": "http://www.giantbomb.com/api/game/3030-21237/",
            "id": 21237,
            "name": "Tales of Symphonia",
            "site_detail_url": "http://www.giantbomb.com/tales-of-symphonia/3030-21237/"
        },
        {
            "api_detail_url": "http://www.giantbomb.com/api/game/3030-16388/",
            "id": 16388,
            "name": "Alter Echo",
            "site_detail_url": "http://www.giantbomb.com/alter-echo/3030-16388/"
        },
        {
            "api_detail_url": "http://www.giantbomb.com/api/game/3030-6300/",
            "id": 6300,
            "name": "Hot Shots Golf Fore!",
            "site_detail_url": "http://www.giantbomb.com/hot-shots-golf-fore/3030-6300/"
        },
        {
            "api_detail_url": "http://www.giantbomb.com/api/game/3030-15927/",
            "id": 15927,
            "name": "Bratz",
            "site_detail_url": "http://www.giantbomb.com/bratz/3030-15927/"
        },
        {
            "api_detail_url": "http://www.giantbomb.com/api/game/3030-4301/",
            "id": 4301,
            "name": "Area-51",
            "site_detail_url": "http://www.giantbomb.com/area-51/3030-4301/"
        }
    ],
    "gender": 2,
    "hometown": "Los Angeles",
    "id": 69335,
    "name": "Dawn Hershey",
    "people": []
}