{
    "birth_date": "1962-08-31",
    "country": "United States",
    "death_date": null,
    "deck": "Best known for his vocal work on animated shows for Cartoon Network, Disney Channel and Fox, but has also voiced characters in some of the best-selling games of all time.",
    "first_credited_game": {
        "api_detail_url": "http://www.giantbomb.com/api/game/3030-17450/",
        "id": 17450,
        "name": "Lionheart"
    },
    "games": [
        {
            "api_detail_url": "http://www.giantbomb.com/api/game/3030-10637/",
            "id": 10637,
            "name": "Baldur's Gate II: Shadows of Amn",
            "site_detail_url": "http://www.giantbomb.com/baldurs-gate-ii-shadows-of-amn/3030-10637/"
        },
        {
            "api_detail_url": "http://www.giantbomb.com/api/game/3030-13601/",
            "id": 13601,
            "name": "Invictus: In the Shadow of Olympus",
            "site_detail_url": "http://www.giantbomb.com/invictus-in-the-shadow-of-olympus/3030-13601/"
        },
        {
            "api_detail_url": "http://www.giantbomb.com/api/game/3030-11829/",
            "id": 11829,
            "name": "Alundra 2",
            "site_detail_url": "http://www.giantbomb.com/alundra-2/3030-11829/"
        },
        {
            "api_detail_url": "http://www.giantbomb.com/api/game/3030-12651/",
            "id": 12651,
            "name": "Ground Control",
            "site_detail_url": "http://www.giantbomb.com/ground-control/3030-12651/"
        },
        {
            "api_detail_url": "http://www.giantbomb.com/api/game/3030-15384/",
            "id": 15384,
            "name": "Ground Control: Dark Conspiracy",
            "site_detail_url": "http://www.giantbomb.com/ground-control-dark-conspiracy/3030-15384/"
        },
        {
            "api_detail_url": "http://www.giantbomb.com/api/game/3030-6346/",
            "id": 6346,
            "name": "Fallout Tactics: Brotherhood of Steel",
            "site_detail_url": "http://www.giantbomb.com/fallout-tactics-brotherhood-of-steel/3030-6346/"
        },
        {
            "api_detail_url": "http://www.giantbomb.com/api/game/3030-16589/",
            "id": 16589,
            "name": "The Mummy Returns",
            "site_detail_url": "http://www.giantbomb.com/the-mummy-returns/3030-16589/"
        },
        {
            "api_detail_url": "http://www.giantbomb.com/api/game/3030-12305/",
            "id": 12305,
            "name": "Spider-Man 2: Enter Electro",
            "site_detail_url": "http://www.giantbomb.com/spider-man-2-enter-electro/3030-12305/"
        },
        {
            "api_detail_url": "http://www.giantbomb.com/api/game/3030-8420/",
            "id": 8420,
            "name": "Spyro: Enter the Dragonfly",
            "site_detail_url": "http://www.giantbomb.com/spyro-enter-the-dragonfly/3030-8420/"
        },
        {
            "api_detail_url": "http://www.giantbomb.com/api/game/3030-6308/",
            "id": 6308,
            "name": "The Powerpuff Girls: Relish Rampage",
            "site_detail_url": "http://www.giantbomb.com/the-powerpuff-girls-relish-rampage/3030-6308/"
        },
        {
            "api_detail_url": "http://www.giantbomb.com/api/game/3030-3855/",
            "id": 3855,
            "name": "Disney's Treasure Planet: Battle at Procyon",
            "site_detail_url": "http://www.giantbomb.com/disneys-treasure-planet-battle-at-procyon/3030-3855/"
        },
        {
            "api_detail_url": "http://www.giantbomb.com/api/game/3030-4745/",
            "id": 4745,
            "name": "Soldier of Fortune II: Double Helix",
            "site_detail_url": "http://www.giantbomb.com/soldier-of-fortune-ii-double-helix/3030-4745/"
        },
        {
            "api_detail_url": "http://www.giantbomb.com/api/game/3030-10983/",
            "id": 10983,
            "name": "Kingdom Hearts",
            "site_detail_url": "http://www.giantbomb.com/kingdom-hearts/3030-10983/"
        },
        {
            "api_detail_url": "http://www.giantbomb.com/api/game/3030-9091/",
            "id": 9091,
            "name": "Bloody Roar Extreme",
            "site_detail_url": "http://www.giantbomb.com/bloody-roar-extreme/3030-9091/"
        },
        {
            "api_detail_url": "http://www.giantbomb.com/api/game/3030-11479/",
            "id": 11479,
            "name": "Star Trek: Starfleet Command III",
            "site_detail_url": "http://www.giantbomb.com/star-trek-starfleet-command-iii/3030-11479/"
        },
        {
            "api_detail_url": "http://www.giantbomb.com/api/game/3030-18522/",
            "id": 18522,
            "name": "Onimusha: Blade Warriors",
            "site_detail_url": "http://www.giantbomb.com/onimusha-blade-warriors/3030-18522/"
        },
        {
            "api_detail_url": "http://www.giantbomb.com/api/game/3030-7539/",
            "id": 7539,
            "name": "Tenchu: Wrath of Heaven",
            "site_detail_url": "http://www.giantbomb.com/tenchu-wrath-of-heaven/3030-7539/"
        },
        {
            "api_detail_url": "http://www.giantbomb.com/api/game/3030-8985/",
            "id": 8985,
            "name": "Final Fantasy X-2",
            "site_detail_url": "http://www.giantbomb.com/final-fantasy-x-2/3030-8985/"
        },
        {
            "api_detail_url": "http://www.giantbomb.com/api/game/3030-4247/",
            "id": 4247,
            "name": "Arc the Lad: Twilight of the Spirits",
            "site_detail_url": "http://www.giantbomb.com/arc-the-lad-twilight-of-the-spirits/3030-4247/"
        },
        {
            "api_detail_url": "http://www.giantbomb.com/api/game/3030-15876/",
            "id": 15876,
            "name": "Viewtiful Joe",
            "site_detail_url": "http://www.giantbomb.com/viewtiful-joe/3030-15876/"
        },
        {
            "api_detail_url": "http://www.giantbomb.com/api/game/3030-17450/",
            "id": 17450,
            "name": "Lionheart",
            "site_detail_url": "http://www.giantbomb.com/lionheart/3030-17450/"
        },
        {
            "api_detail_url": "http://www.giantbomb.com/api/game/3030-21237/",
            "id": 21237,
            "name": "Tales of Symphonia",
            "site_detail_url": "http://www.giantbomb.com/tales-of-symphonia/3030-21237/"
        },
        {
            "api_detail_url": "http://www.giantbomb.com/api/game/3030-6759/",
            "id": 6759,
            "name": "Disney's Extreme Skate Adventure",
            "site_detail_url": "http://www.giantbomb.com/disneys-extreme-skate-adventure/3030-6759/"
        },
        {
            "api_detail_url": "http://www.giantbomb.com/api/game/3030-914/",
            "id": 914,
            "name": "Hunter: The Reckoning - Wayward",
            "site_detail_url": "http://www.giantbomb.com/hunter-the-reckoning-wayward/3030-914/"
        },
        {
            "api_detail_url": "http://www.giantbomb.com/api/game/3030-16922/",
            "id": 16922,
            "name": "Star Wars: Jedi Knight - Jedi Academy",
            "site_detail_url": "http://www.giantbomb.com/star-wars-jedi-knight-jedi-academy/3030-16922/"
        },
        {
            "api_detail_url": "http://www.giantbomb.com/api/game/3030-20349/",
            "id": 20349,
            "name": "Disney's The Haunted Mansion",
            "site_detail_url": "http://www.giantbomb.com/disneys-the-haunted-mansion/3030-20349/"
        },
        {
            "api_detail_url": "http://www.giantbomb.com/api/game/3030-8652/",
            "id": 8652,
            "name": "Hunter: The Reckoning - Redeemer",
            "site_detail_url": "http://www.giantbomb.com/hunter-the-reckoning-redeemer/3030-8652/"
        },
        {
            "api_detail_url": "http://www.giantbomb.com/api/game/3030-1049/",
            "id": 1049,
            "name": "SOCOM II: U.S. Navy SEALs",
            "site_detail_url": "http://www.giantbomb.com/socom-ii-us-navy-seals/3030-1049/"
        },
        {
            "api_detail_url": "http://www.giantbomb.com/api/game/3030-1605/",
            "id": 1605,
            "name": "I-Ninja",
            "site_detail_url": "http://www.giantbomb.com/i-ninja/3030-1605/"
        },
        {
            "api_detail_url": "http://www.giantbomb.com/api/game/3030-13217/",
            "id": 13217,
            "name": "Champions of Norrath",
            "site_detail_url": "http://www.giantbomb.com/champions-of-norrath/3030-13217/"
        },
        {
            "api_detail_url": "http://www.giantbomb.com/api/game/3030-12710/",
            "id": 12710,
            "name": "Onimusha 3: Demon Siege",
            "site_detail_url": "http://www.giantbomb.com/onimusha-3-demon-siege/3030-12710/"
        },
        {
            "api_detail_url": "http://www.giantbomb.com/api/game/3030-15172/",
            "id": 15172,
            "name": "Shellshock: Nam '67",
            "site_detail_url": "http://www.giantbomb.com/shellshock-nam-67/3030-15172/"
        },
        {
            "api_detail_url": "http://www.giantbomb.com/api/game/3030-12633/",
            "id": 12633,
            "name": "Call of Duty: United Offensive",
            "site_detail_url": "http://www.giantbomb.com/call-of-duty-united-offensive/3030-12633/"
        },
        {
            "api_detail_url": "http://www.giantbomb.com/api/game/3030-7932/",
            "id": 7932,
            "name": "DreamWorks' Shark Tale",
            "site_detail_url": "http://www.giantbomb.com/dreamworks-shark-tale/3030-7932/"
        },
        {
            "api_detail_url": "http://www.giantbomb.com/api/game/3030-13087/",
            "id": 13087,
            "name": "X-Men: Legends",
            "site_detail_url": "http://www.giantbomb.com/x-men-legends/3030-13087/"
        },
        {
            "api_detail_url": "http://www.giantbomb.com/api/game/3030-18615/",
            "id": 18615,
            "name": "Tim Burton's The Nightmare Before Christmas: Oogie's Revenge",
            "site_detail_url": "http://www.giantbomb.com/tim-burtons-the-nightmare-before-christmas-oogies-/3030-18615/"
        },
        {
            "api_detail_url": "http://www.giantbomb.com/api/game/3030-18547/",
            "id": 18547,
            "name": "EverQuest II",
            "site_detail_url": "http://www.giantbomb.com/everquest-ii/3030-18547/"
        },
        {
            "api_detail_url": "http://www.giantbomb.com/api/game/3030-16426/",
            "id": 16426,
            "name": "Vampire: The Masquerade - Bloodlines",
            "site_detail_url": "http://www.giantbomb.com/vampire-the-masquerade-bloodlines/3030-16426/"
        },
        {
            "api_detail_url": "http://www.giantbomb.com/api/game/3030-8112/",
            "id": 8112,
            "name": "Viewtiful Joe 2",
            "site_detail_url": "http://www.giantbomb.com/viewtiful-joe-2/3030-8112/"
        },
        {
            "api_detail_url": "http://www.giantbomb.com/api/game/3030-7701/",
            "id": 7701,
            "name": "The Lord of the Rings: The Battle for Middle-earth",
            "site_detail_url": "http://www.giantbomb.com/the-lord-of-the-rings-the-battle-for-middle-earth/3030-7701/"
        },
        {
            "api_detail_url": "http://www.giantbomb.com/api/game/3030-6464/",
            "id": 6464,
            "name": "Samurai Western",
            "site_detail_url": "http://www.giantbomb.com/samurai-western/3030-6464/"
        },
        {
            "api_detail_url": "http://www.giantbomb.com/api/game/3030-17636/",
            "id": 17636,
            "name": "Codename: Kids Next Door - Operation: V.I.D.E.O.G.A.M.E.",
            "site_detail_url": "http://www.giantbomb.com/codename-kids-next-door-operation-videogame/3030-17636/"
        },
        {
            "api_detail_url": "http://www.giantbomb.com/api/game/3030-12611/",
            "id": 12611,
            "name": "Robots",
            "site_detail_url": "http://www.giantbomb.com/robots/3030-12611/"
        },
        {
            "api_detail_url": "http://www.giantbomb.com/api/game/3030-7961/",
            "id": 7961,
            "name": "Ape Escape: On the Loose",
            "site_detail_url": "http://www.giantbomb.com/ape-escape-on-the-loose/3030-7961/"
        },
        {
            "api_detail_url": "http://www.giantbomb.com/api/game/3030-5680/",
            "id": 5680,
            "name": "Madagascar",
            "site_detail_url": "http://www.giantbomb.com/madagascar/3030-5680/"
        },
        {
            "api_detail_url": "http://www.giantbomb.com/api/game/3030-17543/",
            "id": 17543,
            "name": "Destroy All Humans!",
            "site_detail_url": "http://www.giantbomb.com/destroy-all-humans/3030-17543/"
        },
        {
            "api_detail_url": "http://www.giantbomb.com/api/game/3030-7048/",
            "id": 7048,
            "name": "Kingdom of Paradise",
            "site_detail_url": "http://www.giantbomb.com/kingdom-of-paradise/3030-7048/"
        },
        {
            "api_detail_url": "http://www.giantbomb.com/api/game/3030-7676/",
            "id": 7676,
            "name": "X-Men: Legends II - Rise of Apocalypse",
            "site_detail_url": "http://www.giantbomb.com/x-men-legends-ii-rise-of-apocalypse/3030-7676/"
        },
        {
            "api_detail_url": "http://www.giantbomb.com/api/game/3030-20043/",
            "id": 20043,
            "name": "Viewtiful Joe: Double Trouble!",
            "site_detail_url": "http://www.giantbomb.com/viewtiful-joe-double-trouble/3030-20043/"
        },
        {
            "api_detail_url": "http://www.giantbomb.com/api/game/3030-11669/",
            "id": 11669,
            "name": "Tak: The Great Juju Challenge",
            "site_detail_url": "http://www.giantbomb.com/tak-the-great-juju-challenge/3030-11669/"
        },
        {
            "api_detail_url": "http://www.giantbomb.com/api/game/3030-2894/",
            "id": 2894,
            "name": "Teen Titans",
            "site_detail_url": "http://www.giantbomb.com/teen-titans/3030-2894/"
        },
        {
            "api_detail_url": "http://www.giantbomb.com/api/game/3030-9269/",
            "id": 9269,
            "name": "SpongeBob SquarePants: Lights, Camera, Pants!",
            "site_detail_url": "http://www.giantbomb.com/spongebob-squarepants-lights-camera-pants/3030-9269/"
        },
        {
            "api_detail_url": "http://www.giantbomb.com/api/game/3030-4867/",
            "id": 4867,
            "name": "The Lord of the Rings: The Battle for Middle-earth II",
            "site_detail_url": "http://www.giantbomb.com/the-lord-of-the-rings-the-battle-for-middle-earth-/3030-4867/"
        },
        {
            "api_detail_url": "http://www.giantbomb.com/api/game/3030-8388/",
            "id": 8388,
            "name": "The Da Vinci Code",
            "site_detail_url": "http://www.giantbomb.com/the-da-vinci-code/3030-8388/"
        },
        {
            "api_detail_url": "http://www.giantbomb.com/api/game/3030-232/",
            "id": 232,
            "name": "X-Men: The Official Game",
            "site_detail_url": "http://www.giantbomb.com/x-men-the-official-game/3030-232/"
        },
        {
            "api_detail_url": "http://www.giantbomb.com/api/game/3030-10846/",
            "id": 10846,
            "name": "Avatar: The Last Airbender",
            "site_detail_url": "http://www.giantbomb.com/avatar-the-last-airbender/3030-10846/"
        },
        {
            "api_detail_url": "http://www.giantbomb.com/api/game/3030-3821/",
            "id": 3821,
            "name": "Happy Feet",
            "site_detail_url": "http://www.giantbomb.com/happy-feet/3030-3821/"
        },
        {
            "api_detail_url": "http://www.giantbomb.com/api/game/3030-6447/",
            "id": 6447,
            "name": "The Lord of the Rings: The Battle for Middle-earth II - The Rise of the Witch-King",
            "site_detail_url": "http://www.giantbomb.com/the-lord-of-the-rings-the-battle-for-middle-earth-/3030-6447/"
        },
        {
            "api_detail_url": "http://www.giantbomb.com/api/game/3030-5581/",
            "id": 5581,
            "name": "No More Heroes",
            "site_detail_url": "http://www.giantbomb.com/no-more-heroes/3030-5581/"
        },
        {
            "api_detail_url": "http://www.giantbomb.com/api/game/3030-20646/",
            "id": 20646,
            "name": "de Blob",
            "site_detail_url": "http://www.giantbomb.com/de-blob/3030-20646/"
        },
        {
            "api_detail_url": "http://www.giantbomb.com/api/game/3030-9201/",
            "id": 9201,
            "name": "The Darkness",
            "site_detail_url": "http://www.giantbomb.com/the-darkness/3030-9201/"
        },
        {
            "api_detail_url": "http://www.giantbomb.com/api/game/3030-1341/",
            "id": 1341,
            "name": "Fallout: Brotherhood of Steel",
            "site_detail_url": "http://www.giantbomb.com/fallout-brotherhood-of-steel/3030-1341/"
        },
        {
            "api_detail_url": "http://www.giantbomb.com/api/game/3030-21268/",
            "id": 21268,
            "name": "The Hobbit",
            "site_detail_url": "http://www.giantbomb.com/the-hobbit/3030-21268/"
        },
        {
            "api_detail_url": "http://www.giantbomb.com/api/game/3030-21586/",
            "id": 21586,
            "name": "Spider-Man",
            "site_detail_url": "http://www.giantbomb.com/spider-man/3030-21586/"
        },
        {
            "api_detail_url": "http://www.giantbomb.com/api/game/3030-10461/",
            "id": 10461,
            "name": "Clive Barker's Jericho",
            "site_detail_url": "http://www.giantbomb.com/clive-barkers-jericho/3030-10461/"
        },
        {
            "api_detail_url": "http://www.giantbomb.com/api/game/3030-14139/",
            "id": 14139,
            "name": "Spore",
            "site_detail_url": "http://www.giantbomb.com/spore/3030-14139/"
        },
        {
            "api_detail_url": "http://www.giantbomb.com/api/game/3030-10007/",
            "id": 10007,
            "name": "Dark Cloud 2",
            "site_detail_url": "http://www.giantbomb.com/dark-cloud-2/3030-10007/"
        },
        {
            "api_detail_url": "http://www.giantbomb.com/api/game/3030-20662/",
            "id": 20662,
            "name": "Gears of War 2",
            "site_detail_url": "http://www.giantbomb.com/gears-of-war-2/3030-20662/"
        },
        {
            "api_detail_url": "http://www.giantbomb.com/api/game/3030-4125/",
            "id": 4125,
            "name": "The Lost World: Jurassic Park",
            "site_detail_url": "http://www.giantbomb.com/the-lost-world-jurassic-park/3030-4125/"
        },
        {
            "api_detail_url": "http://www.giantbomb.com/api/game/3030-26649/",
            "id": 26649,
            "name": "Marvel Super Hero Squad",
            "site_detail_url": "http://www.giantbomb.com/marvel-super-hero-squad/3030-26649/"
        },
        {
            "api_detail_url": "http://www.giantbomb.com/api/game/3030-29992/",
            "id": 29992,
            "name": "LEGO Star Wars III: The Clone Wars",
            "site_detail_url": "http://www.giantbomb.com/lego-star-wars-iii-the-clone-wars/3030-29992/"
        },
        {
            "api_detail_url": "http://www.giantbomb.com/api/game/3030-32196/",
            "id": 32196,
            "name": "Marvel Super Hero Squad: The Infinity Gauntlet",
            "site_detail_url": "http://www.giantbomb.com/marvel-super-hero-squad-the-infinity-gauntlet/3030-32196/"
        },
        {
            "api_detail_url": "http://www.giantbomb.com/api/game/3030-31139/",
            "id": 31139,
            "name": "Ben 10 Ultimate Alien: Cosmic Destruction",
            "site_detail_url": "http://www.giantbomb.com/ben-10-ultimate-alien-cosmic-destruction/3030-31139/"
        },
        {
            "api_detail_url": "http://www.giantbomb.com/api/game/3030-30105/",
            "id": 30105,
            "name": "Batman: The Brave and the Bold: The Videogame",
            "site_detail_url": "http://www.giantbomb.com/batman-the-brave-and-the-bold-the-videogame/3030-30105/"
        },
        {
            "api_detail_url": "http://www.giantbomb.com/api/game/3030-24827/",
            "id": 24827,
            "name": "Dante's Inferno",
            "site_detail_url": "http://www.giantbomb.com/dantes-inferno/3030-24827/"
        },
        {
            "api_detail_url": "http://www.giantbomb.com/api/game/3030-24766/",
            "id": 24766,
            "name": "Cartoon Network Universe: FusionFall",
            "site_detail_url": "http://www.giantbomb.com/cartoon-network-universe-fusionfall/3030-24766/"
        },
        {
            "api_detail_url": "http://www.giantbomb.com/api/game/3030-21126/",
            "id": 21126,
            "name": "Ben 10 Alien Force: The Game",
            "site_detail_url": "http://www.giantbomb.com/ben-10-alien-force-the-game/3030-21126/"
        },
        {
            "api_detail_url": "http://www.giantbomb.com/api/game/3030-21037/",
            "id": 21037,
            "name": "Avatar - The Last Airbender: Into the Inferno",
            "site_detail_url": "http://www.giantbomb.com/avatar-the-last-airbender-into-the-inferno/3030-21037/"
        },
        {
            "api_detail_url": "http://www.giantbomb.com/api/game/3030-22441/",
            "id": 22441,
            "name": "Avatar: The Last Airbender - The Burning Earth",
            "site_detail_url": "http://www.giantbomb.com/avatar-the-last-airbender-the-burning-earth/3030-22441/"
        },
        {
            "api_detail_url": "http://www.giantbomb.com/api/game/3030-30601/",
            "id": 30601,
            "name": "The Last Airbender",
            "site_detail_url": "http://www.giantbomb.com/the-last-airbender/3030-30601/"
        },
        {
            "api_detail_url": "http://www.giantbomb.com/api/game/3030-21520/",
            "id": 21520,
            "name": "Viewtiful Joe: Red Hot Rumble",
            "site_detail_url": "http://www.giantbomb.com/viewtiful-joe-red-hot-rumble/3030-21520/"
        },
        {
            "api_detail_url": "http://www.giantbomb.com/api/game/3030-7757/",
            "id": 7757,
            "name": "Lionheart: Legacy of the Crusader",
            "site_detail_url": "http://www.giantbomb.com/lionheart-legacy-of-the-crusader/3030-7757/"
        },
        {
            "api_detail_url": "http://www.giantbomb.com/api/game/3030-21654/",
            "id": 21654,
            "name": "Metal Gear Solid 2: Substance",
            "site_detail_url": "http://www.giantbomb.com/metal-gear-solid-2-substance/3030-21654/"
        },
        {
            "api_detail_url": "http://www.giantbomb.com/api/game/3030-31191/",
            "id": 31191,
            "name": "Who Wants To Be A Millionaire: Third Edition",
            "site_detail_url": "http://www.giantbomb.com/who-wants-to-be-a-millionaire-third-edition/3030-31191/"
        },
        {
            "api_detail_url": "http://www.giantbomb.com/api/game/3030-30615/",
            "id": 30615,
            "name": "Gears of War 3",
            "site_detail_url": "http://www.giantbomb.com/gears-of-war-3/3030-30615/"
        },
        {
            "api_detail_url": "http://www.giantbomb.com/api/game/3030-35943/",
            "id": 35943,
            "name": "Ben 10: Galactic Racing",
            "site_detail_url": "http://www.giantbomb.com/ben-10-galactic-racing/3030-35943/"
        },
        {
            "api_detail_url": "http://www.giantbomb.com/api/game/3030-29044/",
            "id": 29044,
            "name": "Ben 10 Alien Force: Vilgax Attacks",
            "site_detail_url": "http://www.giantbomb.com/ben-10-alien-force-vilgax-attacks/3030-29044/"
        },
        {
            "api_detail_url": "http://www.giantbomb.com/api/game/3030-26850/",
            "id": 26850,
            "name": "Cars: Race-O-Rama",
            "site_detail_url": "http://www.giantbomb.com/cars-race-o-rama/3030-26850/"
        },
        {
            "api_detail_url": "http://www.giantbomb.com/api/game/3030-26390/",
            "id": 26390,
            "name": "Star Wars The Clone Wars: Republic Heroes",
            "site_detail_url": "http://www.giantbomb.com/star-wars-the-clone-wars-republic-heroes/3030-26390/"
        },
        {
            "api_detail_url": "http://www.giantbomb.com/api/game/3030-25652/",
            "id": 25652,
            "name": "G-Force",
            "site_detail_url": "http://www.giantbomb.com/g-force/3030-25652/"
        },
        {
            "api_detail_url": "http://www.giantbomb.com/api/game/3030-8869/",
            "id": 8869,
            "name": "Disney/Pixar Cars: Mater-National Championship",
            "site_detail_url": "http://www.giantbomb.com/disneypixar-cars-mater-national-championship/3030-8869/"
        },
        {
            "api_detail_url": "http://www.giantbomb.com/api/game/3030-21460/",
            "id": 21460,
            "name": "Gurumin: A Monstrous Adventure",
            "site_detail_url": "http://www.giantbomb.com/gurumin-a-monstrous-adventure/3030-21460/"
        },
        {
            "api_detail_url": "http://www.giantbomb.com/api/game/3030-15566/",
            "id": 15566,
            "name": "Bloody Roar: Primal Fury",
            "site_detail_url": "http://www.giantbomb.com/bloody-roar-primal-fury/3030-15566/"
        },
        {
            "api_detail_url": "http://www.giantbomb.com/api/game/3030-29819/",
            "id": 29819,
            "name": "Ben 10 Alien Force: The Rise of Hex",
            "site_detail_url": "http://www.giantbomb.com/ben-10-alien-force-the-rise-of-hex/3030-29819/"
        },
        {
            "api_detail_url": "http://www.giantbomb.com/api/game/3030-8984/",
            "id": 8984,
            "name": "Ben 10: Protector of Earth",
            "site_detail_url": "http://www.giantbomb.com/ben-10-protector-of-earth/3030-8984/"
        },
        {
            "api_detail_url": "http://www.giantbomb.com/api/game/3030-20504/",
            "id": 20504,
            "name": "Fallout 3",
            "site_detail_url": "http://www.giantbomb.com/fallout-3/3030-20504/"
        },
        {
            "api_detail_url": "http://www.giantbomb.com/api/game/3030-31513/",
            "id": 31513,
            "name": "Star Wars: Clone Wars Adventures",
            "site_detail_url": "http://www.giantbomb.com/star-wars-clone-wars-adventures/3030-31513/"
        },
        {
            "api_detail_url": "http://www.giantbomb.com/api/game/3030-25193/",
            "id": 25193,
            "name": "Boom Blox Bash Party",
            "site_detail_url": "http://www.giantbomb.com/boom-blox-bash-party/3030-25193/"
        },
        {
            "api_detail_url": "http://www.giantbomb.com/api/game/3030-20466/",
            "id": 20466,
            "name": "Boom Blox",
            "site_detail_url": "http://www.giantbomb.com/boom-blox/3030-20466/"
        },
        {
            "api_detail_url": "http://www.giantbomb.com/api/game/3030-20327/",
            "id": 20327,
            "name": "Ratatouille",
            "site_detail_url": "http://www.giantbomb.com/ratatouille/3030-20327/"
        },
        {
            "api_detail_url": "http://www.giantbomb.com/api/game/3030-722/",
            "id": 722,
            "name": "Shrek 2",
            "site_detail_url": "http://www.giantbomb.com/shrek-2/3030-722/"
        },
        {
            "api_detail_url": "http://www.giantbomb.com/api/game/3030-7750/",
            "id": 7750,
            "name": "Tenchu: Return from Darkness",
            "site_detail_url": "http://www.giantbomb.com/tenchu-return-from-darkness/3030-7750/"
        },
        {
            "api_detail_url": "http://www.giantbomb.com/api/game/3030-7597/",
            "id": 7597,
            "name": "Disney's Treasure Planet",
            "site_detail_url": "http://www.giantbomb.com/disneys-treasure-planet/3030-7597/"
        },
        {
            "api_detail_url": "http://www.giantbomb.com/api/game/3030-23919/",
            "id": 23919,
            "name": "Scan Command: Jurassic Park",
            "site_detail_url": "http://www.giantbomb.com/scan-command-jurassic-park/3030-23919/"
        },
        {
            "api_detail_url": "http://www.giantbomb.com/api/game/3030-40069/",
            "id": 40069,
            "name": "American Dad vs. Family Guy: Kung-Fu II Turbo! Hyper-Mega Edition",
            "site_detail_url": "http://www.giantbomb.com/american-dad-vs-family-guy-kung-fu-ii-turbo-hyper-/3030-40069/"
        },
        {
            "api_detail_url": "http://www.giantbomb.com/api/game/3030-29940/",
            "id": 29940,
            "name": "de Blob 2",
            "site_detail_url": "http://www.giantbomb.com/de-blob-2/3030-29940/"
        },
        {
            "api_detail_url": "http://www.giantbomb.com/api/game/3030-35805/",
            "id": 35805,
            "name": "The Penguins of Madagascar: Dr. Blowhole Returns Again!",
            "site_detail_url": "http://www.giantbomb.com/the-penguins-of-madagascar-dr-blowhole-returns-aga/3030-35805/"
        },
        {
            "api_detail_url": "http://www.giantbomb.com/api/game/3030-38583/",
            "id": 38583,
            "name": "Where's My Perry?",
            "site_detail_url": "http://www.giantbomb.com/wheres-my-perry/3030-38583/"
        },
        {
            "api_detail_url": "http://www.giantbomb.com/api/game/3030-40912/",
            "id": 40912,
            "name": "Disney Infinity",
            "site_detail_url": "http://www.giantbomb.com/disney-infinity/3030-40912/"
        },
        {
            "api_detail_url": "http://www.giantbomb.com/api/game/3030-36884/",
            "id": 36884,
            "name": "Saints Row IV",
            "site_detail_url": "http://www.giantbomb.com/saints-row-iv/3030-36884/"
        },
        {
            "api_detail_url": "http://www.giantbomb.com/api/game/3030-42795/",
            "id": 42795,
            "name": "Tales of Symphonia Chronicles",
            "site_detail_url": "http://www.giantbomb.com/tales-of-symphonia-chronicles/3030-42795/"
        },
        {
            "api_detail_url": "http://www.giantbomb.com/api/game/3030-42746/",
            "id": 42746,
            "name": "Adventure Time: Explore the Dungeon Because I DON\u2019T KNOW!",
            "site_detail_url": "http://www.giantbomb.com/adventure-time-explore-the-dungeon-because-i-don-t/3030-42746/"
        },
        {
            "api_detail_url": "http://www.giantbomb.com/api/game/3030-20626/",
            "id": 20626,
            "name": "Star Wars: The Force Unleashed",
            "site_detail_url": "http://www.giantbomb.com/star-wars-the-force-unleashed/3030-20626/"
        },
        {
            "api_detail_url": "http://www.giantbomb.com/api/game/3030-21662/",
            "id": 21662,
            "name": "Portal 2",
            "site_detail_url": "http://www.giantbomb.com/portal-2/3030-21662/"
        },
        {
            "api_detail_url": "http://www.giantbomb.com/api/game/3030-41090/",
            "id": 41090,
            "name": "LEGO Marvel Super Heroes",
            "site_detail_url": "http://www.giantbomb.com/lego-marvel-super-heroes/3030-41090/"
        },
        {
            "api_detail_url": "http://www.giantbomb.com/api/game/3030-46430/",
            "id": 46430,
            "name": "Lego Batman 3: Beyond Gotham",
            "site_detail_url": "http://www.giantbomb.com/lego-batman-3-beyond-gotham/3030-46430/"
        },
        {
            "api_detail_url": "http://www.giantbomb.com/api/game/3030-20674/",
            "id": 20674,
            "name": "StarCraft II: Wings of Liberty",
            "site_detail_url": "http://www.giantbomb.com/starcraft-ii-wings-of-liberty/3030-20674/"
        },
        {
            "api_detail_url": "http://www.giantbomb.com/api/game/3030-32887/",
            "id": 32887,
            "name": "Dota 2",
            "site_detail_url": "http://www.giantbomb.com/dota-2/3030-32887/"
        },
        {
            "api_detail_url": "http://www.giantbomb.com/api/game/3030-46790/",
            "id": 46790,
            "name": "The Legend of Korra",
            "site_detail_url": "http://www.giantbomb.com/the-legend-of-korra/3030-46790/"
        },
        {
            "api_detail_url": "http://www.giantbomb.com/api/game/3030-47679/",
            "id": 47679,
            "name": "Saints Row: Gat Out of Hell",
            "site_detail_url": "http://www.giantbomb.com/saints-row-gat-out-of-hell/3030-47679/"
        },
        {
            "api_detail_url": "http://www.giantbomb.com/api/game/3030-31714/",
            "id": 31714,
            "name": "Kinect Star Wars",
            "site_detail_url": "http://www.giantbomb.com/kinect-star-wars/3030-31714/"
        },
        {
            "api_detail_url": "http://www.giantbomb.com/api/game/3030-12388/",
            "id": 12388,
            "name": "Metal Gear Solid 2: Sons of Liberty",
            "site_detail_url": "http://www.giantbomb.com/metal-gear-solid-2-sons-of-liberty/3030-12388/"
        },
        {
            "api_detail_url": "http://www.giantbomb.com/api/game/3030-41357/",
            "id": 41357,
            "name": "Evolve",
            "site_detail_url": "http://www.giantbomb.com/evolve/3030-41357/"
        },
        {
            "api_detail_url": "http://www.giantbomb.com/api/game/3030-30168/",
            "id": 30168,
            "name": "Spongebob's Boating Bash",
            "site_detail_url": "http://www.giantbomb.com/spongebobs-boating-bash/3030-30168/"
        },
        {
            "api_detail_url": "http://www.giantbomb.com/api/game/3030-20746/",
            "id": 20746,
            "name": "Spore Creature Creator",
            "site_detail_url": "http://www.giantbomb.com/spore-creature-creator/3030-20746/"
        },
        {
            "api_detail_url": "http://www.giantbomb.com/api/game/3030-42516/",
            "id": 42516,
            "name": "Phineas and Ferb: Quest for Cool Stuff",
            "site_detail_url": "http://www.giantbomb.com/phineas-and-ferb-quest-for-cool-stuff/3030-42516/"
        },
        {
            "api_detail_url": "http://www.giantbomb.com/api/game/3030-47753/",
            "id": 47753,
            "name": "Disney Infinity 3.0 Edition",
            "site_detail_url": "http://www.giantbomb.com/disney-infinity-3-0-edition/3030-47753/"
        },
        {
            "api_detail_url": "http://www.giantbomb.com/api/game/3030-48413/",
            "id": 48413,
            "name": "Minecraft: Story Mode",
            "site_detail_url": "http://www.giantbomb.com/minecraft-story-mode/3030-48413/"
        },
        {
            "api_detail_url": "http://www.giantbomb.com/api/game/3030-51845/",
            "id": 51845,
            "name": "Teenage Mutant Ninja Turtles: Battle Match",
            "site_detail_url": "http://www.giantbomb.com/teenage-mutant-ninja-turtles-battle-match/3030-51845/"
        },
        {
            "api_detail_url": "http://www.giantbomb.com/api/game/3030-51893/",
            "id": 51893,
            "name": " Math Blaster Ages 8-9",
            "site_detail_url": "http://www.giantbomb.com/math-blaster-ages-8-9/3030-51893/"
        }
    ],
    "gender": 1,
    "hometown": "Greeley, Colorado",
    "id": 12879,
    "name": "Dee Bradley Baker",
    "people": [
        {
            "api_detail_url": "http://www.giantbomb.com/api/person/3040-86436/",
            "id": 86436,
            "name": "Zach Hanks",
            "site_detail_url": "http://www.giantbomb.com/zach-hanks/3040-86436/"
        }
    ]
}