{
    "birth_date": null,
    "country": null,
    "death_date": null,
    "deck": null,
    "first_credited_game": {
        "api_detail_url": "http://www.giantbomb.com/api/game/3030-8121/",
        "id": 8121,
        "name": "The Elder Scrolls III: Bloodmoon"
    },
    "games": [
        {
            "api_detail_url": "http://www.giantbomb.com/api/game/3030-8121/",
            "id": 8121,
            "name": "The Elder Scrolls III: Bloodmoon",
            "site_detail_url": "http://www.giantbomb.com/the-elder-scrolls-iii-bloodmoon/3030-8121/"
        }
    ],
    "gender": null,
    "hometown": null,
    "id": 74865,
    "name": "Diana Calihanna",
    "people": []
}