{
    "birth_date": null,
    "country": null,
    "death_date": null,
    "deck": "Actress who has lent her voice to two entries in the \"Elder Scrolls\" franchise.",
    "first_credited_game": {
        "api_detail_url": "http://www.giantbomb.com/api/game/3030-20238/",
        "id": 20238,
        "name": "The Elder Scrolls IV: Oblivion"
    },
    "games": [
        {
            "api_detail_url": "http://www.giantbomb.com/api/game/3030-20238/",
            "id": 20238,
            "name": "The Elder Scrolls IV: Oblivion",
            "site_detail_url": "http://www.giantbomb.com/the-elder-scrolls-iv-oblivion/3030-20238/"
        }
    ],
    "gender": 2,
    "hometown": null,
    "id": 57226,
    "name": "Elisabeth Noone",
    "people": []
}