{
    "birth_date": "1950-06-21",
    "country": "Scotland",
    "death_date": null,
    "deck": "Enn Reitel is a Scottish voice actor.",
    "first_credited_game": {
        "api_detail_url": "http://www.giantbomb.com/api/game/3030-8102/",
        "id": 8102,
        "name": "The Bard's Tale"
    },
    "games": [
        {
            "api_detail_url": "http://www.giantbomb.com/api/game/3030-8102/",
            "id": 8102,
            "name": "The Bard's Tale",
            "site_detail_url": "http://www.giantbomb.com/the-bards-tale/3030-8102/"
        },
        {
            "api_detail_url": "http://www.giantbomb.com/api/game/3030-7020/",
            "id": 7020,
            "name": "Driver",
            "site_detail_url": "http://www.giantbomb.com/driver/3030-7020/"
        },
        {
            "api_detail_url": "http://www.giantbomb.com/api/game/3030-20669/",
            "id": 20669,
            "name": "Metal Gear Solid 4: Guns of the Patriots",
            "site_detail_url": "http://www.giantbomb.com/metal-gear-solid-4-guns-of-the-patriots/3030-20669/"
        },
        {
            "api_detail_url": "http://www.giantbomb.com/api/game/3030-1213/",
            "id": 1213,
            "name": "Baten Kaitos Origins",
            "site_detail_url": "http://www.giantbomb.com/baten-kaitos-origins/3030-1213/"
        },
        {
            "api_detail_url": "http://www.giantbomb.com/api/game/3030-14123/",
            "id": 14123,
            "name": "GoldenEye: Rogue Agent",
            "site_detail_url": "http://www.giantbomb.com/goldeneye-rogue-agent/3030-14123/"
        },
        {
            "api_detail_url": "http://www.giantbomb.com/api/game/3030-33394/",
            "id": 33394,
            "name": "The Elder Scrolls V: Skyrim",
            "site_detail_url": "http://www.giantbomb.com/the-elder-scrolls-v-skyrim/3030-33394/"
        },
        {
            "api_detail_url": "http://www.giantbomb.com/api/game/3030-26539/",
            "id": 26539,
            "name": "The Lord of the Rings: Aragorn's Quest",
            "site_detail_url": "http://www.giantbomb.com/the-lord-of-the-rings-aragorns-quest/3030-26539/"
        },
        {
            "api_detail_url": "http://www.giantbomb.com/api/game/3030-36679/",
            "id": 36679,
            "name": "Men in Black: Alien Crisis",
            "site_detail_url": "http://www.giantbomb.com/men-in-black-alien-crisis/3030-36679/"
        },
        {
            "api_detail_url": "http://www.giantbomb.com/api/game/3030-21369/",
            "id": 21369,
            "name": "The Secret World",
            "site_detail_url": "http://www.giantbomb.com/the-secret-world/3030-21369/"
        },
        {
            "api_detail_url": "http://www.giantbomb.com/api/game/3030-35003/",
            "id": 35003,
            "name": "Marvel Heroes 2016",
            "site_detail_url": "http://www.giantbomb.com/marvel-heroes-2016/3030-35003/"
        }
    ],
    "gender": 1,
    "hometown": "Forfar, Angus",
    "id": 4110,
    "name": "Enn Reitel",
    "people": []
}