{
    "birth_date": null,
    "country": null,
    "death_date": null,
    "deck": "Programmer currently working for Bethesda.",
    "first_credited_game": {
        "api_detail_url": "http://www.giantbomb.com/api/game/3030-19474/",
        "id": 19474,
        "name": "Disney's Tarzan Untamed"
    },
    "games": [
        {
            "api_detail_url": "http://www.giantbomb.com/api/game/3030-20238/",
            "id": 20238,
            "name": "The Elder Scrolls IV: Oblivion",
            "site_detail_url": "http://www.giantbomb.com/the-elder-scrolls-iv-oblivion/3030-20238/"
        },
        {
            "api_detail_url": "http://www.giantbomb.com/api/game/3030-20504/",
            "id": 20504,
            "name": "Fallout 3",
            "site_detail_url": "http://www.giantbomb.com/fallout-3/3030-20504/"
        },
        {
            "api_detail_url": "http://www.giantbomb.com/api/game/3030-19474/",
            "id": 19474,
            "name": "Disney's Tarzan Untamed",
            "site_detail_url": "http://www.giantbomb.com/disneys-tarzan-untamed/3030-19474/"
        }
    ],
    "gender": 1,
    "hometown": null,
    "id": 75027,
    "name": "Erik Deitrick",
    "people": []
}