{
    "birth_date": null,
    "country": null,
    "death_date": null,
    "deck": null,
    "first_credited_game": {
        "api_detail_url": "http://www.giantbomb.com/api/game/3030-10920/",
        "id": 10920,
        "name": "Banjo-Kazooie"
    },
    "games": [
        {
            "api_detail_url": "http://www.giantbomb.com/api/game/3030-7122/",
            "id": 7122,
            "name": "The Lemmings Chronicles",
            "site_detail_url": "http://www.giantbomb.com/the-lemmings-chronicles/3030-7122/"
        },
        {
            "api_detail_url": "http://www.giantbomb.com/api/game/3030-18772/",
            "id": 18772,
            "name": "Body Harvest",
            "site_detail_url": "http://www.giantbomb.com/body-harvest/3030-18772/"
        },
        {
            "api_detail_url": "http://www.giantbomb.com/api/game/3030-2888/",
            "id": 2888,
            "name": "Micro Machines 64 Turbo",
            "site_detail_url": "http://www.giantbomb.com/micro-machines-64-turbo/3030-2888/"
        },
        {
            "api_detail_url": "http://www.giantbomb.com/api/game/3030-2505/",
            "id": 2505,
            "name": "Tom and Jerry: War of the Whiskers",
            "site_detail_url": "http://www.giantbomb.com/tom-and-jerry-war-of-the-whiskers/3030-2505/"
        },
        {
            "api_detail_url": "http://www.giantbomb.com/api/game/3030-23061/",
            "id": 23061,
            "name": "NARC",
            "site_detail_url": "http://www.giantbomb.com/narc/3030-23061/"
        },
        {
            "api_detail_url": "http://www.giantbomb.com/api/game/3030-17105/",
            "id": 17105,
            "name": "Star Trek: Conquest",
            "site_detail_url": "http://www.giantbomb.com/star-trek-conquest/3030-17105/"
        },
        {
            "api_detail_url": "http://www.giantbomb.com/api/game/3030-20238/",
            "id": 20238,
            "name": "The Elder Scrolls IV: Oblivion",
            "site_detail_url": "http://www.giantbomb.com/the-elder-scrolls-iv-oblivion/3030-20238/"
        },
        {
            "api_detail_url": "http://www.giantbomb.com/api/game/3030-33406/",
            "id": 33406,
            "name": "Overlord: Raising Hell",
            "site_detail_url": "http://www.giantbomb.com/overlord-raising-hell/3030-33406/"
        },
        {
            "api_detail_url": "http://www.giantbomb.com/api/game/3030-10920/",
            "id": 10920,
            "name": "Banjo-Kazooie",
            "site_detail_url": "http://www.giantbomb.com/banjo-kazooie/3030-10920/"
        },
        {
            "api_detail_url": "http://www.giantbomb.com/api/game/3030-2871/",
            "id": 2871,
            "name": "Banjo-Tooie",
            "site_detail_url": "http://www.giantbomb.com/banjo-tooie/3030-2871/"
        },
        {
            "api_detail_url": "http://www.giantbomb.com/api/game/3030-5364/",
            "id": 5364,
            "name": "Breeders' Cup World Thoroughbred Championships",
            "site_detail_url": "http://www.giantbomb.com/breeders-cup-world-thoroughbred-championships/3030-5364/"
        }
    ],
    "gender": 1,
    "hometown": null,
    "id": 23265,
    "name": "Frank Arnot",
    "people": []
}