{
    "birth_date": null,
    "country": null,
    "death_date": null,
    "deck": "Voice actress who has lent her voice to several games in the Elder Scrolls franchise.",
    "first_credited_game": {
        "api_detail_url": "http://www.giantbomb.com/api/game/3030-642/",
        "id": 642,
        "name": "The Elder Scrolls Adventures: Redguard"
    },
    "games": [
        {
            "api_detail_url": "http://www.giantbomb.com/api/game/3030-20238/",
            "id": 20238,
            "name": "The Elder Scrolls IV: Oblivion",
            "site_detail_url": "http://www.giantbomb.com/the-elder-scrolls-iv-oblivion/3030-20238/"
        },
        {
            "api_detail_url": "http://www.giantbomb.com/api/game/3030-642/",
            "id": 642,
            "name": "The Elder Scrolls Adventures: Redguard",
            "site_detail_url": "http://www.giantbomb.com/the-elder-scrolls-adventures-redguard/3030-642/"
        }
    ],
    "gender": 2,
    "hometown": null,
    "id": 57222,
    "name": "Gayle Jessup",
    "people": []
}