{
    "birth_date": null,
    "country": null,
    "death_date": null,
    "deck": "Vice President of Product Development at 2K Games.",
    "first_credited_game": {
        "api_detail_url": "http://www.giantbomb.com/api/game/3030-4482/",
        "id": 4482,
        "name": "AD&D Dark Sun Online: Crimson Sands"
    },
    "games": [
        {
            "api_detail_url": "http://www.giantbomb.com/api/game/3030-9551/",
            "id": 9551,
            "name": "Disney's Donald Duck: Goin' Quackers",
            "site_detail_url": "http://www.giantbomb.com/disneys-donald-duck-goin-quackers/3030-9551/"
        },
        {
            "api_detail_url": "http://www.giantbomb.com/api/game/3030-19287/",
            "id": 19287,
            "name": "Sid Meier's Civilization IV: Beyond the Sword",
            "site_detail_url": "http://www.giantbomb.com/sid-meiers-civilization-iv-beyond-the-sword/3030-19287/"
        },
        {
            "api_detail_url": "http://www.giantbomb.com/api/game/3030-8382/",
            "id": 8382,
            "name": "Sid Meier's Civilization IV: Warlords",
            "site_detail_url": "http://www.giantbomb.com/sid-meiers-civilization-iv-warlords/3030-8382/"
        },
        {
            "api_detail_url": "http://www.giantbomb.com/api/game/3030-16073/",
            "id": 16073,
            "name": "Tom Clancy's Rainbow Six 3: Raven Shield",
            "site_detail_url": "http://www.giantbomb.com/tom-clancys-rainbow-six-3-raven-shield/3030-16073/"
        },
        {
            "api_detail_url": "http://www.giantbomb.com/api/game/3030-11027/",
            "id": 11027,
            "name": "Tonic Trouble",
            "site_detail_url": "http://www.giantbomb.com/tonic-trouble/3030-11027/"
        },
        {
            "api_detail_url": "http://www.giantbomb.com/api/game/3030-9201/",
            "id": 9201,
            "name": "The Darkness",
            "site_detail_url": "http://www.giantbomb.com/the-darkness/3030-9201/"
        },
        {
            "api_detail_url": "http://www.giantbomb.com/api/game/3030-20538/",
            "id": 20538,
            "name": "Mafia II",
            "site_detail_url": "http://www.giantbomb.com/mafia-ii/3030-20538/"
        },
        {
            "api_detail_url": "http://www.giantbomb.com/api/game/3030-20876/",
            "id": 20876,
            "name": "Major League Baseball 2K8",
            "site_detail_url": "http://www.giantbomb.com/major-league-baseball-2k8/3030-20876/"
        },
        {
            "api_detail_url": "http://www.giantbomb.com/api/game/3030-20917/",
            "id": 20917,
            "name": "NBA 2K9",
            "site_detail_url": "http://www.giantbomb.com/nba-2k9/3030-20917/"
        },
        {
            "api_detail_url": "http://www.giantbomb.com/api/game/3030-20779/",
            "id": 20779,
            "name": "Sid Meier's Civilization IV: Colonization",
            "site_detail_url": "http://www.giantbomb.com/sid-meiers-civilization-iv-colonization/3030-20779/"
        },
        {
            "api_detail_url": "http://www.giantbomb.com/api/game/3030-20857/",
            "id": 20857,
            "name": "Top Spin 3",
            "site_detail_url": "http://www.giantbomb.com/top-spin-3/3030-20857/"
        },
        {
            "api_detail_url": "http://www.giantbomb.com/api/game/3030-18255/",
            "id": 18255,
            "name": "The BIGS",
            "site_detail_url": "http://www.giantbomb.com/the-bigs/3030-18255/"
        },
        {
            "api_detail_url": "http://www.giantbomb.com/api/game/3030-2172/",
            "id": 2172,
            "name": "Fantastic Four: Rise of the Silver Surfer",
            "site_detail_url": "http://www.giantbomb.com/fantastic-four-rise-of-the-silver-surfer/3030-2172/"
        },
        {
            "api_detail_url": "http://www.giantbomb.com/api/game/3030-10988/",
            "id": 10988,
            "name": "Ghost Rider",
            "site_detail_url": "http://www.giantbomb.com/ghost-rider/3030-10988/"
        },
        {
            "api_detail_url": "http://www.giantbomb.com/api/game/3030-8580/",
            "id": 8580,
            "name": "Jade Empire",
            "site_detail_url": "http://www.giantbomb.com/jade-empire/3030-8580/"
        },
        {
            "api_detail_url": "http://www.giantbomb.com/api/game/3030-16331/",
            "id": 16331,
            "name": "Sid Meier's Pirates!",
            "site_detail_url": "http://www.giantbomb.com/sid-meiers-pirates/3030-16331/"
        },
        {
            "api_detail_url": "http://www.giantbomb.com/api/game/3030-13700/",
            "id": 13700,
            "name": "24: The Game",
            "site_detail_url": "http://www.giantbomb.com/24-the-game/3030-13700/"
        },
        {
            "api_detail_url": "http://www.giantbomb.com/api/game/3030-12120/",
            "id": 12120,
            "name": "AND 1 Streetball",
            "site_detail_url": "http://www.giantbomb.com/and-1-streetball/3030-12120/"
        },
        {
            "api_detail_url": "http://www.giantbomb.com/api/game/3030-11466/",
            "id": 11466,
            "name": "CivCity: Rome",
            "site_detail_url": "http://www.giantbomb.com/civcity-rome/3030-11466/"
        },
        {
            "api_detail_url": "http://www.giantbomb.com/api/game/3030-8388/",
            "id": 8388,
            "name": "The Da Vinci Code",
            "site_detail_url": "http://www.giantbomb.com/the-da-vinci-code/3030-8388/"
        },
        {
            "api_detail_url": "http://www.giantbomb.com/api/game/3030-9745/",
            "id": 9745,
            "name": "Dungeon Siege II: Broken World",
            "site_detail_url": "http://www.giantbomb.com/dungeon-siege-ii-broken-world/3030-9745/"
        },
        {
            "api_detail_url": "http://www.giantbomb.com/api/game/3030-11620/",
            "id": 11620,
            "name": "Dungeon Siege: Throne of Agony",
            "site_detail_url": "http://www.giantbomb.com/dungeon-siege-throne-of-agony/3030-11620/"
        },
        {
            "api_detail_url": "http://www.giantbomb.com/api/game/3030-20238/",
            "id": 20238,
            "name": "The Elder Scrolls IV: Oblivion",
            "site_detail_url": "http://www.giantbomb.com/the-elder-scrolls-iv-oblivion/3030-20238/"
        },
        {
            "api_detail_url": "http://www.giantbomb.com/api/game/3030-13341/",
            "id": 13341,
            "name": "Family Guy Video Game!",
            "site_detail_url": "http://www.giantbomb.com/family-guy-video-game/3030-13341/"
        },
        {
            "api_detail_url": "http://www.giantbomb.com/api/game/3030-7385/",
            "id": 7385,
            "name": "Stronghold Legends",
            "site_detail_url": "http://www.giantbomb.com/stronghold-legends/3030-7385/"
        },
        {
            "api_detail_url": "http://www.giantbomb.com/api/game/3030-9829/",
            "id": 9829,
            "name": "NBA 2K7",
            "site_detail_url": "http://www.giantbomb.com/nba-2k7/3030-9829/"
        },
        {
            "api_detail_url": "http://www.giantbomb.com/api/game/3030-16372/",
            "id": 16372,
            "name": "Prey",
            "site_detail_url": "http://www.giantbomb.com/prey/3030-16372/"
        },
        {
            "api_detail_url": "http://www.giantbomb.com/api/game/3030-18275/",
            "id": 18275,
            "name": "Sid Meier's Railroads!",
            "site_detail_url": "http://www.giantbomb.com/sid-meiers-railroads/3030-18275/"
        },
        {
            "api_detail_url": "http://www.giantbomb.com/api/game/3030-17111/",
            "id": 17111,
            "name": "Top Spin 2",
            "site_detail_url": "http://www.giantbomb.com/top-spin-2/3030-17111/"
        },
        {
            "api_detail_url": "http://www.giantbomb.com/api/game/3030-18678/",
            "id": 18678,
            "name": "Call of Cthulhu: Dark Corners of the Earth",
            "site_detail_url": "http://www.giantbomb.com/call-of-cthulhu-dark-corners-of-the-earth/3030-18678/"
        },
        {
            "api_detail_url": "http://www.giantbomb.com/api/game/3030-5036/",
            "id": 5036,
            "name": "Serious Sam II",
            "site_detail_url": "http://www.giantbomb.com/serious-sam-ii/3030-5036/"
        },
        {
            "api_detail_url": "http://www.giantbomb.com/api/game/3030-9909/",
            "id": 9909,
            "name": "Shattered Union",
            "site_detail_url": "http://www.giantbomb.com/shattered-union/3030-9909/"
        },
        {
            "api_detail_url": "http://www.giantbomb.com/api/game/3030-16457/",
            "id": 16457,
            "name": "Sid Meier's Civilization IV",
            "site_detail_url": "http://www.giantbomb.com/sid-meiers-civilization-iv/3030-16457/"
        },
        {
            "api_detail_url": "http://www.giantbomb.com/api/game/3030-9200/",
            "id": 9200,
            "name": "Star Wars: Episode III - Revenge of the Sith",
            "site_detail_url": "http://www.giantbomb.com/star-wars-episode-iii-revenge-of-the-sith/3030-9200/"
        },
        {
            "api_detail_url": "http://www.giantbomb.com/api/game/3030-12354/",
            "id": 12354,
            "name": "Tom Clancy's Splinter Cell: Chaos Theory",
            "site_detail_url": "http://www.giantbomb.com/tom-clancys-splinter-cell-chaos-theory/3030-12354/"
        },
        {
            "api_detail_url": "http://www.giantbomb.com/api/game/3030-3180/",
            "id": 3180,
            "name": "Vietcong 2",
            "site_detail_url": "http://www.giantbomb.com/vietcong-2/3030-3180/"
        },
        {
            "api_detail_url": "http://www.giantbomb.com/api/game/3030-7863/",
            "id": 7863,
            "name": "Myst IV: Revelation",
            "site_detail_url": "http://www.giantbomb.com/myst-iv-revelation/3030-7863/"
        },
        {
            "api_detail_url": "http://www.giantbomb.com/api/game/3030-17357/",
            "id": 17357,
            "name": "Prince of Persia: Warrior Within",
            "site_detail_url": "http://www.giantbomb.com/prince-of-persia-warrior-within/3030-17357/"
        },
        {
            "api_detail_url": "http://www.giantbomb.com/api/game/3030-7262/",
            "id": 7262,
            "name": "Star Wars Trilogy: Apprentice of the Force",
            "site_detail_url": "http://www.giantbomb.com/star-wars-trilogy-apprentice-of-the-force/3030-7262/"
        },
        {
            "api_detail_url": "http://www.giantbomb.com/api/game/3030-15549/",
            "id": 15549,
            "name": "Tom Clancy's Splinter Cell: Pandora Tomorrow",
            "site_detail_url": "http://www.giantbomb.com/tom-clancys-splinter-cell-pandora-tomorrow/3030-15549/"
        },
        {
            "api_detail_url": "http://www.giantbomb.com/api/game/3030-4482/",
            "id": 4482,
            "name": "AD&D Dark Sun Online: Crimson Sands",
            "site_detail_url": "http://www.giantbomb.com/add-dark-sun-online-crimson-sands/3030-4482/"
        },
        {
            "api_detail_url": "http://www.giantbomb.com/api/game/3030-26350/",
            "id": 26350,
            "name": "Rayman 3",
            "site_detail_url": "http://www.giantbomb.com/rayman-3/3030-26350/"
        },
        {
            "api_detail_url": "http://www.giantbomb.com/api/game/3030-5821/",
            "id": 5821,
            "name": "Rayman 3: Hoodlum Havoc",
            "site_detail_url": "http://www.giantbomb.com/rayman-3-hoodlum-havoc/3030-5821/"
        },
        {
            "api_detail_url": "http://www.giantbomb.com/api/game/3030-5961/",
            "id": 5961,
            "name": "Tom Clancy's Splinter Cell",
            "site_detail_url": "http://www.giantbomb.com/tom-clancys-splinter-cell/3030-5961/"
        },
        {
            "api_detail_url": "http://www.giantbomb.com/api/game/3030-17596/",
            "id": 17596,
            "name": "Sabrina, the Teenage Witch: Potion Commotion",
            "site_detail_url": "http://www.giantbomb.com/sabrina-the-teenage-witch-potion-commotion/3030-17596/"
        },
        {
            "api_detail_url": "http://www.giantbomb.com/api/game/3030-6290/",
            "id": 6290,
            "name": "Batman: Vengeance",
            "site_detail_url": "http://www.giantbomb.com/batman-vengeance/3030-6290/"
        },
        {
            "api_detail_url": "http://www.giantbomb.com/api/game/3030-19474/",
            "id": 19474,
            "name": "Disney's Tarzan Untamed",
            "site_detail_url": "http://www.giantbomb.com/disneys-tarzan-untamed/3030-19474/"
        },
        {
            "api_detail_url": "http://www.giantbomb.com/api/game/3030-609/",
            "id": 609,
            "name": "Rayman 2: The Great Escape",
            "site_detail_url": "http://www.giantbomb.com/rayman-2-the-great-escape/3030-609/"
        },
        {
            "api_detail_url": "http://www.giantbomb.com/api/game/3030-11573/",
            "id": 11573,
            "name": "POD: Planet of Death",
            "site_detail_url": "http://www.giantbomb.com/pod-planet-of-death/3030-11573/"
        },
        {
            "api_detail_url": "http://www.giantbomb.com/api/game/3030-37152/",
            "id": 37152,
            "name": "XCOM: Enemy Unknown",
            "site_detail_url": "http://www.giantbomb.com/xcom-enemy-unknown/3030-37152/"
        },
        {
            "api_detail_url": "http://www.giantbomb.com/api/game/3030-27746/",
            "id": 27746,
            "name": "Zathura",
            "site_detail_url": "http://www.giantbomb.com/zathura/3030-27746/"
        }
    ],
    "gender": 1,
    "hometown": null,
    "id": 28027,
    "name": "Gr\u00e9goire Gobbi",
    "people": []
}