{
    "birth_date": "1965-07-04",
    "country": "Israel",
    "death_date": null,
    "deck": "Inon Zur is a highly acclaimed and award winning musical composer.  While he has also created music for movies, television and movie trailers, the majority of his work involves composition for video games. ",
    "first_credited_game": {
        "api_detail_url": "http://www.giantbomb.com/api/game/3030-20121/",
        "id": 20121,
        "name": "Star Trek: Klingon Academy"
    },
    "games": [
        {
            "api_detail_url": "http://www.giantbomb.com/api/game/3030-18930/",
            "id": 18930,
            "name": "Company of Heroes",
            "site_detail_url": "http://www.giantbomb.com/company-of-heroes/3030-18930/"
        },
        {
            "api_detail_url": "http://www.giantbomb.com/api/game/3030-3156/",
            "id": 3156,
            "name": "Champions: Return to Arms",
            "site_detail_url": "http://www.giantbomb.com/champions-return-to-arms/3030-3156/"
        },
        {
            "api_detail_url": "http://www.giantbomb.com/api/game/3030-8502/",
            "id": 8502,
            "name": "Power Rangers: Lightspeed Rescue",
            "site_detail_url": "http://www.giantbomb.com/power-rangers-lightspeed-rescue/3030-8502/"
        },
        {
            "api_detail_url": "http://www.giantbomb.com/api/game/3030-1049/",
            "id": 1049,
            "name": "SOCOM II: U.S. Navy SEALs",
            "site_detail_url": "http://www.giantbomb.com/socom-ii-us-navy-seals/3030-1049/"
        },
        {
            "api_detail_url": "http://www.giantbomb.com/api/game/3030-19845/",
            "id": 19845,
            "name": "Crusader Kings",
            "site_detail_url": "http://www.giantbomb.com/crusader-kings/3030-19845/"
        },
        {
            "api_detail_url": "http://www.giantbomb.com/api/game/3030-1975/",
            "id": 1975,
            "name": "Syberia II",
            "site_detail_url": "http://www.giantbomb.com/syberia-ii/3030-1975/"
        },
        {
            "api_detail_url": "http://www.giantbomb.com/api/game/3030-6357/",
            "id": 6357,
            "name": "Star Trek: New Worlds",
            "site_detail_url": "http://www.giantbomb.com/star-trek-new-worlds/3030-6357/"
        },
        {
            "api_detail_url": "http://www.giantbomb.com/api/game/3030-11757/",
            "id": 11757,
            "name": "Crysis",
            "site_detail_url": "http://www.giantbomb.com/crysis/3030-11757/"
        },
        {
            "api_detail_url": "http://www.giantbomb.com/api/game/3030-21425/",
            "id": 21425,
            "name": "Naruto: The Broken Bond",
            "site_detail_url": "http://www.giantbomb.com/naruto-the-broken-bond/3030-21425/"
        },
        {
            "api_detail_url": "http://www.giantbomb.com/api/game/3030-13250/",
            "id": 13250,
            "name": "EverQuest II: Rise of Kunark",
            "site_detail_url": "http://www.giantbomb.com/everquest-ii-rise-of-kunark/3030-13250/"
        },
        {
            "api_detail_url": "http://www.giantbomb.com/api/game/3030-4750/",
            "id": 4750,
            "name": "Company of Heroes: Opposing Fronts",
            "site_detail_url": "http://www.giantbomb.com/company-of-heroes-opposing-fronts/3030-4750/"
        },
        {
            "api_detail_url": "http://www.giantbomb.com/api/game/3030-15928/",
            "id": 15928,
            "name": "Naruto: Rise of a Ninja",
            "site_detail_url": "http://www.giantbomb.com/naruto-rise-of-a-ninja/3030-15928/"
        },
        {
            "api_detail_url": "http://www.giantbomb.com/api/game/3030-21603/",
            "id": 21603,
            "name": "Prince of Persia: Rival Swords",
            "site_detail_url": "http://www.giantbomb.com/prince-of-persia-rival-swords/3030-21603/"
        },
        {
            "api_detail_url": "http://www.giantbomb.com/api/game/3030-14901/",
            "id": 14901,
            "name": "EverQuest II: Echoes of Faydwer",
            "site_detail_url": "http://www.giantbomb.com/everquest-ii-echoes-of-faydwer/3030-14901/"
        },
        {
            "api_detail_url": "http://www.giantbomb.com/api/game/3030-9705/",
            "id": 9705,
            "name": "Lineage II: The Chaotic Chronicle",
            "site_detail_url": "http://www.giantbomb.com/lineage-ii-the-chaotic-chronicle/3030-9705/"
        },
        {
            "api_detail_url": "http://www.giantbomb.com/api/game/3030-10883/",
            "id": 10883,
            "name": "Warhammer 40,000: Dawn of War - Soulstorm",
            "site_detail_url": "http://www.giantbomb.com/warhammer-40000-dawn-of-war-soulstorm/3030-10883/"
        },
        {
            "api_detail_url": "http://www.giantbomb.com/api/game/3030-5681/",
            "id": 5681,
            "name": "Warhammer 40,000: Dawn of War - Dark Crusade",
            "site_detail_url": "http://www.giantbomb.com/warhammer-40000-dawn-of-war-dark-crusade/3030-5681/"
        },
        {
            "api_detail_url": "http://www.giantbomb.com/api/game/3030-4913/",
            "id": 4913,
            "name": "Pirates of the Caribbean: The Legend of Jack Sparrow",
            "site_detail_url": "http://www.giantbomb.com/pirates-of-the-caribbean-the-legend-of-jack-sparro/3030-4913/"
        },
        {
            "api_detail_url": "http://www.giantbomb.com/api/game/3030-21380/",
            "id": 21380,
            "name": "Prince of Persia: The Two Thrones",
            "site_detail_url": "http://www.giantbomb.com/prince-of-persia-the-two-thrones/3030-21380/"
        },
        {
            "api_detail_url": "http://www.giantbomb.com/api/game/3030-19335/",
            "id": 19335,
            "name": "Warhammer 40,000: Dawn of War - Winter Assault",
            "site_detail_url": "http://www.giantbomb.com/warhammer-40000-dawn-of-war-winter-assault/3030-19335/"
        },
        {
            "api_detail_url": "http://www.giantbomb.com/api/game/3030-16449/",
            "id": 16449,
            "name": "Gauntlet: Seven Sorrows",
            "site_detail_url": "http://www.giantbomb.com/gauntlet-seven-sorrows/3030-16449/"
        },
        {
            "api_detail_url": "http://www.giantbomb.com/api/game/3030-20512/",
            "id": 20512,
            "name": "Exteel",
            "site_detail_url": "http://www.giantbomb.com/exteel/3030-20512/"
        },
        {
            "api_detail_url": "http://www.giantbomb.com/api/game/3030-9259/",
            "id": 9259,
            "name": "Twisted Metal: Head-On",
            "site_detail_url": "http://www.giantbomb.com/twisted-metal-head-on/3030-9259/"
        },
        {
            "api_detail_url": "http://www.giantbomb.com/api/game/3030-17357/",
            "id": 17357,
            "name": "Prince of Persia: Warrior Within",
            "site_detail_url": "http://www.giantbomb.com/prince-of-persia-warrior-within/3030-17357/"
        },
        {
            "api_detail_url": "http://www.giantbomb.com/api/game/3030-9313/",
            "id": 9313,
            "name": "Men of Valor",
            "site_detail_url": "http://www.giantbomb.com/men-of-valor/3030-9313/"
        },
        {
            "api_detail_url": "http://www.giantbomb.com/api/game/3030-10151/",
            "id": 10151,
            "name": "Shadow Ops: Red Mercury",
            "site_detail_url": "http://www.giantbomb.com/shadow-ops-red-mercury/3030-10151/"
        },
        {
            "api_detail_url": "http://www.giantbomb.com/api/game/3030-21221/",
            "id": 21221,
            "name": "StarCraft Ghost",
            "site_detail_url": "http://www.giantbomb.com/starcraft-ghost/3030-21221/"
        },
        {
            "api_detail_url": "http://www.giantbomb.com/api/game/3030-13217/",
            "id": 13217,
            "name": "Champions of Norrath",
            "site_detail_url": "http://www.giantbomb.com/champions-of-norrath/3030-13217/"
        },
        {
            "api_detail_url": "http://www.giantbomb.com/api/game/3030-7757/",
            "id": 7757,
            "name": "Lionheart: Legacy of the Crusader",
            "site_detail_url": "http://www.giantbomb.com/lionheart-legacy-of-the-crusader/3030-7757/"
        },
        {
            "api_detail_url": "http://www.giantbomb.com/api/game/3030-8890/",
            "id": 8890,
            "name": "Icewind Dale II",
            "site_detail_url": "http://www.giantbomb.com/icewind-dale-ii/3030-8890/"
        },
        {
            "api_detail_url": "http://www.giantbomb.com/api/game/3030-1341/",
            "id": 1341,
            "name": "Fallout: Brotherhood of Steel",
            "site_detail_url": "http://www.giantbomb.com/fallout-brotherhood-of-steel/3030-1341/"
        },
        {
            "api_detail_url": "http://www.giantbomb.com/api/game/3030-6795/",
            "id": 6795,
            "name": "Baldur's Gate II: Throne of Bhaal",
            "site_detail_url": "http://www.giantbomb.com/baldurs-gate-ii-throne-of-bhaal/3030-6795/"
        },
        {
            "api_detail_url": "http://www.giantbomb.com/api/game/3030-20121/",
            "id": 20121,
            "name": "Star Trek: Klingon Academy",
            "site_detail_url": "http://www.giantbomb.com/star-trek-klingon-academy/3030-20121/"
        },
        {
            "api_detail_url": "http://www.giantbomb.com/api/game/3030-19319/",
            "id": 19319,
            "name": "Star Trek: Starfleet Command: Orion Pirates",
            "site_detail_url": "http://www.giantbomb.com/star-trek-starfleet-command-orion-pirates/3030-19319/"
        },
        {
            "api_detail_url": "http://www.giantbomb.com/api/game/3030-3551/",
            "id": 3551,
            "name": "Star Trek: Starfleet Command Volume II - Empires at War",
            "site_detail_url": "http://www.giantbomb.com/star-trek-starfleet-command-volume-ii-empires-at-w/3030-3551/"
        },
        {
            "api_detail_url": "http://www.giantbomb.com/api/game/3030-20504/",
            "id": 20504,
            "name": "Fallout 3",
            "site_detail_url": "http://www.giantbomb.com/fallout-3/3030-20504/"
        },
        {
            "api_detail_url": "http://www.giantbomb.com/api/game/3030-20497/",
            "id": 20497,
            "name": "Dark Sector",
            "site_detail_url": "http://www.giantbomb.com/dark-sector/3030-20497/"
        },
        {
            "api_detail_url": "http://www.giantbomb.com/api/game/3030-25933/",
            "id": 25933,
            "name": "Fallout: New Vegas",
            "site_detail_url": "http://www.giantbomb.com/fallout-new-vegas/3030-25933/"
        },
        {
            "api_detail_url": "http://www.giantbomb.com/api/game/3030-6346/",
            "id": 6346,
            "name": "Fallout Tactics: Brotherhood of Steel",
            "site_detail_url": "http://www.giantbomb.com/fallout-tactics-brotherhood-of-steel/3030-6346/"
        },
        {
            "api_detail_url": "http://www.giantbomb.com/api/game/3030-20738/",
            "id": 20738,
            "name": "Dragon Age: Origins",
            "site_detail_url": "http://www.giantbomb.com/dragon-age-origins/3030-20738/"
        }
    ],
    "gender": 1,
    "hometown": null,
    "id": 46828,
    "name": "Inon Zur",
    "people": []
}