{
    "birth_date": null,
    "country": null,
    "death_date": null,
    "deck": null,
    "first_credited_game": {
        "api_detail_url": "http://www.giantbomb.com/api/game/3030-642/",
        "id": 642,
        "name": "The Elder Scrolls Adventures: Redguard"
    },
    "games": [
        {
            "api_detail_url": "http://www.giantbomb.com/api/game/3030-8121/",
            "id": 8121,
            "name": "The Elder Scrolls III: Bloodmoon",
            "site_detail_url": "http://www.giantbomb.com/the-elder-scrolls-iii-bloodmoon/3030-8121/"
        },
        {
            "api_detail_url": "http://www.giantbomb.com/api/game/3030-20238/",
            "id": 20238,
            "name": "The Elder Scrolls IV: Oblivion",
            "site_detail_url": "http://www.giantbomb.com/the-elder-scrolls-iv-oblivion/3030-20238/"
        },
        {
            "api_detail_url": "http://www.giantbomb.com/api/game/3030-20504/",
            "id": 20504,
            "name": "Fallout 3",
            "site_detail_url": "http://www.giantbomb.com/fallout-3/3030-20504/"
        },
        {
            "api_detail_url": "http://www.giantbomb.com/api/game/3030-3468/",
            "id": 3468,
            "name": "Zero Critical",
            "site_detail_url": "http://www.giantbomb.com/zero-critical/3030-3468/"
        },
        {
            "api_detail_url": "http://www.giantbomb.com/api/game/3030-6880/",
            "id": 6880,
            "name": "Symbiocom",
            "site_detail_url": "http://www.giantbomb.com/symbiocom/3030-6880/"
        },
        {
            "api_detail_url": "http://www.giantbomb.com/api/game/3030-642/",
            "id": 642,
            "name": "The Elder Scrolls Adventures: Redguard",
            "site_detail_url": "http://www.giantbomb.com/the-elder-scrolls-adventures-redguard/3030-642/"
        },
        {
            "api_detail_url": "http://www.giantbomb.com/api/game/3030-1983/",
            "id": 1983,
            "name": "Pirates of the Caribbean",
            "site_detail_url": "http://www.giantbomb.com/pirates-of-the-caribbean/3030-1983/"
        },
        {
            "api_detail_url": "http://www.giantbomb.com/api/game/3030-49833/",
            "id": 49833,
            "name": "Fallout 4",
            "site_detail_url": "http://www.giantbomb.com/fallout-4/3030-49833/"
        }
    ],
    "gender": 1,
    "hometown": null,
    "id": 36338,
    "name": "Istvan Pely",
    "people": []
}