{
    "birth_date": null,
    "country": null,
    "death_date": null,
    "deck": "Director of Production at 2K Games/Take Two Interactive, Scalici has worked on a number of prominent games over the years and is credited as a writer for Mafia II.",
    "first_credited_game": {
        "api_detail_url": "http://www.giantbomb.com/api/game/3030-5037/",
        "id": 5037,
        "name": "Re-Volt"
    },
    "games": [
        {
            "api_detail_url": "http://www.giantbomb.com/api/game/3030-9201/",
            "id": 9201,
            "name": "The Darkness",
            "site_detail_url": "http://www.giantbomb.com/the-darkness/3030-9201/"
        },
        {
            "api_detail_url": "http://www.giantbomb.com/api/game/3030-19287/",
            "id": 19287,
            "name": "Sid Meier's Civilization IV: Beyond the Sword",
            "site_detail_url": "http://www.giantbomb.com/sid-meiers-civilization-iv-beyond-the-sword/3030-19287/"
        },
        {
            "api_detail_url": "http://www.giantbomb.com/api/game/3030-8382/",
            "id": 8382,
            "name": "Sid Meier's Civilization IV: Warlords",
            "site_detail_url": "http://www.giantbomb.com/sid-meiers-civilization-iv-warlords/3030-8382/"
        },
        {
            "api_detail_url": "http://www.giantbomb.com/api/game/3030-13341/",
            "id": 13341,
            "name": "Family Guy Video Game!",
            "site_detail_url": "http://www.giantbomb.com/family-guy-video-game/3030-13341/"
        },
        {
            "api_detail_url": "http://www.giantbomb.com/api/game/3030-16372/",
            "id": 16372,
            "name": "Prey",
            "site_detail_url": "http://www.giantbomb.com/prey/3030-16372/"
        },
        {
            "api_detail_url": "http://www.giantbomb.com/api/game/3030-8388/",
            "id": 8388,
            "name": "The Da Vinci Code",
            "site_detail_url": "http://www.giantbomb.com/the-da-vinci-code/3030-8388/"
        },
        {
            "api_detail_url": "http://www.giantbomb.com/api/game/3030-13700/",
            "id": 13700,
            "name": "24: The Game",
            "site_detail_url": "http://www.giantbomb.com/24-the-game/3030-13700/"
        },
        {
            "api_detail_url": "http://www.giantbomb.com/api/game/3030-16457/",
            "id": 16457,
            "name": "Sid Meier's Civilization IV",
            "site_detail_url": "http://www.giantbomb.com/sid-meiers-civilization-iv/3030-16457/"
        },
        {
            "api_detail_url": "http://www.giantbomb.com/api/game/3030-5036/",
            "id": 5036,
            "name": "Serious Sam II",
            "site_detail_url": "http://www.giantbomb.com/serious-sam-ii/3030-5036/"
        },
        {
            "api_detail_url": "http://www.giantbomb.com/api/game/3030-853/",
            "id": 853,
            "name": "Charlie and the Chocolate Factory",
            "site_detail_url": "http://www.giantbomb.com/charlie-and-the-chocolate-factory/3030-853/"
        },
        {
            "api_detail_url": "http://www.giantbomb.com/api/game/3030-2172/",
            "id": 2172,
            "name": "Fantastic Four: Rise of the Silver Surfer",
            "site_detail_url": "http://www.giantbomb.com/fantastic-four-rise-of-the-silver-surfer/3030-2172/"
        },
        {
            "api_detail_url": "http://www.giantbomb.com/api/game/3030-2015/",
            "id": 2015,
            "name": "Shadow Man: 2econd Coming",
            "site_detail_url": "http://www.giantbomb.com/shadow-man-2econd-coming/3030-2015/"
        },
        {
            "api_detail_url": "http://www.giantbomb.com/api/game/3030-19017/",
            "id": 19017,
            "name": "Super Bust-A-Move",
            "site_detail_url": "http://www.giantbomb.com/super-bust-a-move/3030-19017/"
        },
        {
            "api_detail_url": "http://www.giantbomb.com/api/game/3030-10746/",
            "id": 10746,
            "name": "Shadow Man",
            "site_detail_url": "http://www.giantbomb.com/shadow-man/3030-10746/"
        },
        {
            "api_detail_url": "http://www.giantbomb.com/api/game/3030-20538/",
            "id": 20538,
            "name": "Mafia II",
            "site_detail_url": "http://www.giantbomb.com/mafia-ii/3030-20538/"
        },
        {
            "api_detail_url": "http://www.giantbomb.com/api/game/3030-2570/",
            "id": 2570,
            "name": "Aggressive Inline",
            "site_detail_url": "http://www.giantbomb.com/aggressive-inline/3030-2570/"
        },
        {
            "api_detail_url": "http://www.giantbomb.com/api/game/3030-20876/",
            "id": 20876,
            "name": "Major League Baseball 2K8",
            "site_detail_url": "http://www.giantbomb.com/major-league-baseball-2k8/3030-20876/"
        },
        {
            "api_detail_url": "http://www.giantbomb.com/api/game/3030-20917/",
            "id": 20917,
            "name": "NBA 2K9",
            "site_detail_url": "http://www.giantbomb.com/nba-2k9/3030-20917/"
        },
        {
            "api_detail_url": "http://www.giantbomb.com/api/game/3030-20779/",
            "id": 20779,
            "name": "Sid Meier's Civilization IV: Colonization",
            "site_detail_url": "http://www.giantbomb.com/sid-meiers-civilization-iv-colonization/3030-20779/"
        },
        {
            "api_detail_url": "http://www.giantbomb.com/api/game/3030-20857/",
            "id": 20857,
            "name": "Top Spin 3",
            "site_detail_url": "http://www.giantbomb.com/top-spin-3/3030-20857/"
        },
        {
            "api_detail_url": "http://www.giantbomb.com/api/game/3030-18255/",
            "id": 18255,
            "name": "The BIGS",
            "site_detail_url": "http://www.giantbomb.com/the-bigs/3030-18255/"
        },
        {
            "api_detail_url": "http://www.giantbomb.com/api/game/3030-10988/",
            "id": 10988,
            "name": "Ghost Rider",
            "site_detail_url": "http://www.giantbomb.com/ghost-rider/3030-10988/"
        },
        {
            "api_detail_url": "http://www.giantbomb.com/api/game/3030-8580/",
            "id": 8580,
            "name": "Jade Empire",
            "site_detail_url": "http://www.giantbomb.com/jade-empire/3030-8580/"
        },
        {
            "api_detail_url": "http://www.giantbomb.com/api/game/3030-16331/",
            "id": 16331,
            "name": "Sid Meier's Pirates!",
            "site_detail_url": "http://www.giantbomb.com/sid-meiers-pirates/3030-16331/"
        },
        {
            "api_detail_url": "http://www.giantbomb.com/api/game/3030-11466/",
            "id": 11466,
            "name": "CivCity: Rome",
            "site_detail_url": "http://www.giantbomb.com/civcity-rome/3030-11466/"
        },
        {
            "api_detail_url": "http://www.giantbomb.com/api/game/3030-1727/",
            "id": 1727,
            "name": "Dungeon Siege II",
            "site_detail_url": "http://www.giantbomb.com/dungeon-siege-ii/3030-1727/"
        },
        {
            "api_detail_url": "http://www.giantbomb.com/api/game/3030-11620/",
            "id": 11620,
            "name": "Dungeon Siege: Throne of Agony",
            "site_detail_url": "http://www.giantbomb.com/dungeon-siege-throne-of-agony/3030-11620/"
        },
        {
            "api_detail_url": "http://www.giantbomb.com/api/game/3030-20238/",
            "id": 20238,
            "name": "The Elder Scrolls IV: Oblivion",
            "site_detail_url": "http://www.giantbomb.com/the-elder-scrolls-iv-oblivion/3030-20238/"
        },
        {
            "api_detail_url": "http://www.giantbomb.com/api/game/3030-7385/",
            "id": 7385,
            "name": "Stronghold Legends",
            "site_detail_url": "http://www.giantbomb.com/stronghold-legends/3030-7385/"
        },
        {
            "api_detail_url": "http://www.giantbomb.com/api/game/3030-18275/",
            "id": 18275,
            "name": "Sid Meier's Railroads!",
            "site_detail_url": "http://www.giantbomb.com/sid-meiers-railroads/3030-18275/"
        },
        {
            "api_detail_url": "http://www.giantbomb.com/api/game/3030-17111/",
            "id": 17111,
            "name": "Top Spin 2",
            "site_detail_url": "http://www.giantbomb.com/top-spin-2/3030-17111/"
        },
        {
            "api_detail_url": "http://www.giantbomb.com/api/game/3030-18678/",
            "id": 18678,
            "name": "Call of Cthulhu: Dark Corners of the Earth",
            "site_detail_url": "http://www.giantbomb.com/call-of-cthulhu-dark-corners-of-the-earth/3030-18678/"
        },
        {
            "api_detail_url": "http://www.giantbomb.com/api/game/3030-19707/",
            "id": 19707,
            "name": "Ford Vs. Chevy",
            "site_detail_url": "http://www.giantbomb.com/ford-vs-chevy/3030-19707/"
        },
        {
            "api_detail_url": "http://www.giantbomb.com/api/game/3030-9909/",
            "id": 9909,
            "name": "Shattered Union",
            "site_detail_url": "http://www.giantbomb.com/shattered-union/3030-9909/"
        },
        {
            "api_detail_url": "http://www.giantbomb.com/api/game/3030-3180/",
            "id": 3180,
            "name": "Vietcong 2",
            "site_detail_url": "http://www.giantbomb.com/vietcong-2/3030-3180/"
        },
        {
            "api_detail_url": "http://www.giantbomb.com/api/game/3030-15758/",
            "id": 15758,
            "name": "Speed Kings",
            "site_detail_url": "http://www.giantbomb.com/speed-kings/3030-15758/"
        },
        {
            "api_detail_url": "http://www.giantbomb.com/api/game/3030-5064/",
            "id": 5064,
            "name": "All-Star Baseball 2003",
            "site_detail_url": "http://www.giantbomb.com/all-star-baseball-2003/3030-5064/"
        },
        {
            "api_detail_url": "http://www.giantbomb.com/api/game/3030-12925/",
            "id": 12925,
            "name": "ATV: Quad Power Racing",
            "site_detail_url": "http://www.giantbomb.com/atv-quad-power-racing/3030-12925/"
        },
        {
            "api_detail_url": "http://www.giantbomb.com/api/game/3030-5474/",
            "id": 5474,
            "name": "BMX XXX",
            "site_detail_url": "http://www.giantbomb.com/bmx-xxx/3030-5474/"
        },
        {
            "api_detail_url": "http://www.giantbomb.com/api/game/3030-7951/",
            "id": 7951,
            "name": "Legends of Wrestling II",
            "site_detail_url": "http://www.giantbomb.com/legends-of-wrestling-ii/3030-7951/"
        },
        {
            "api_detail_url": "http://www.giantbomb.com/api/game/3030-3171/",
            "id": 3171,
            "name": "Turok: Evolution",
            "site_detail_url": "http://www.giantbomb.com/turok-evolution/3030-3171/"
        },
        {
            "api_detail_url": "http://www.giantbomb.com/api/game/3030-2593/",
            "id": 2593,
            "name": "ZooCube",
            "site_detail_url": "http://www.giantbomb.com/zoocube/3030-2593/"
        },
        {
            "api_detail_url": "http://www.giantbomb.com/api/game/3030-15578/",
            "id": 15578,
            "name": "All-Star Baseball 2002",
            "site_detail_url": "http://www.giantbomb.com/all-star-baseball-2002/3030-15578/"
        },
        {
            "api_detail_url": "http://www.giantbomb.com/api/game/3030-10174/",
            "id": 10174,
            "name": "Dave Mirra Freestyle BMX 2",
            "site_detail_url": "http://www.giantbomb.com/dave-mirra-freestyle-bmx-2/3030-10174/"
        },
        {
            "api_detail_url": "http://www.giantbomb.com/api/game/3030-6737/",
            "id": 6737,
            "name": "Dave Mirra Freestyle BMX: Maximum Remix",
            "site_detail_url": "http://www.giantbomb.com/dave-mirra-freestyle-bmx-maximum-remix/3030-6737/"
        },
        {
            "api_detail_url": "http://www.giantbomb.com/api/game/3030-1299/",
            "id": 1299,
            "name": "Legends of Wrestling",
            "site_detail_url": "http://www.giantbomb.com/legends-of-wrestling/3030-1299/"
        },
        {
            "api_detail_url": "http://www.giantbomb.com/api/game/3030-4978/",
            "id": 4978,
            "name": "XG3: Extreme G Racing",
            "site_detail_url": "http://www.giantbomb.com/xg3-extreme-g-racing/3030-4978/"
        },
        {
            "api_detail_url": "http://www.giantbomb.com/api/game/3030-9243/",
            "id": 9243,
            "name": "Dave Mirra Freestyle BMX",
            "site_detail_url": "http://www.giantbomb.com/dave-mirra-freestyle-bmx/3030-9243/"
        },
        {
            "api_detail_url": "http://www.giantbomb.com/api/game/3030-4298/",
            "id": 4298,
            "name": "Jeremy McGrath Supercross 2000",
            "site_detail_url": "http://www.giantbomb.com/jeremy-mcgrath-supercross-2000/3030-4298/"
        },
        {
            "api_detail_url": "http://www.giantbomb.com/api/game/3030-5037/",
            "id": 5037,
            "name": "Re-Volt",
            "site_detail_url": "http://www.giantbomb.com/re-volt/3030-5037/"
        },
        {
            "api_detail_url": "http://www.giantbomb.com/api/game/3030-25538/",
            "id": 25538,
            "name": "Mall Tycoon 3",
            "site_detail_url": "http://www.giantbomb.com/mall-tycoon-3/3030-25538/"
        },
        {
            "api_detail_url": "http://www.giantbomb.com/api/game/3030-37152/",
            "id": 37152,
            "name": "XCOM: Enemy Unknown",
            "site_detail_url": "http://www.giantbomb.com/xcom-enemy-unknown/3030-37152/"
        },
        {
            "api_detail_url": "http://www.giantbomb.com/api/game/3030-47380/",
            "id": 47380,
            "name": "WWE SuperCard",
            "site_detail_url": "http://www.giantbomb.com/wwe-supercard/3030-47380/"
        },
        {
            "api_detail_url": "http://www.giantbomb.com/api/game/3030-24082/",
            "id": 24082,
            "name": "Blast Lacrosse",
            "site_detail_url": "http://www.giantbomb.com/blast-lacrosse/3030-24082/"
        },
        {
            "api_detail_url": "http://www.giantbomb.com/api/game/3030-7794/",
            "id": 7794,
            "name": "Mary-Kate And Ashley: Magical Mystery Mall",
            "site_detail_url": "http://www.giantbomb.com/mary-kate-and-ashley-magical-mystery-mall/3030-7794/"
        },
        {
            "api_detail_url": "http://www.giantbomb.com/api/game/3030-41357/",
            "id": 41357,
            "name": "Evolve",
            "site_detail_url": "http://www.giantbomb.com/evolve/3030-41357/"
        },
        {
            "api_detail_url": "http://www.giantbomb.com/api/game/3030-28024/",
            "id": 28024,
            "name": "Baseball Blast",
            "site_detail_url": "http://www.giantbomb.com/baseball-blast/3030-28024/"
        },
        {
            "api_detail_url": "http://www.giantbomb.com/api/game/3030-51226/",
            "id": 51226,
            "name": "NHL SuperCard",
            "site_detail_url": "http://www.giantbomb.com/nhl-supercard/3030-51226/"
        },
        {
            "api_detail_url": "http://www.giantbomb.com/api/game/3030-27746/",
            "id": 27746,
            "name": "Zathura",
            "site_detail_url": "http://www.giantbomb.com/zathura/3030-27746/"
        }
    ],
    "gender": 1,
    "hometown": null,
    "id": 3174,
    "name": "Jack Scalici",
    "people": []
}