{
    "birth_date": "1952-11-03",
    "country": "United States",
    "death_date": null,
    "deck": "Jim Cummings is a veteran voice actor who is probably best known for his work as Darkwing Duck.  He has been in many Disney TV shows and movies, such as Winnie the Pooh, Aladdin and TaleSpin.",
    "first_credited_game": {
        "api_detail_url": "http://www.giantbomb.com/api/game/3030-13964/",
        "id": 13964,
        "name": "Ys: Book I & II"
    },
    "games": [
        {
            "api_detail_url": "http://www.giantbomb.com/api/game/3030-13964/",
            "id": 13964,
            "name": "Ys: Book I & II",
            "site_detail_url": "http://www.giantbomb.com/ys-book-i-ii/3030-13964/"
        },
        {
            "api_detail_url": "http://www.giantbomb.com/api/game/3030-18034/",
            "id": 18034,
            "name": "Teenage Mutant Ninja Turtles: Turtles in Time",
            "site_detail_url": "http://www.giantbomb.com/teenage-mutant-ninja-turtles-turtles-in-time/3030-18034/"
        },
        {
            "api_detail_url": "http://www.giantbomb.com/api/game/3030-14075/",
            "id": 14075,
            "name": "Gabriel Knight: Sins of the Fathers",
            "site_detail_url": "http://www.giantbomb.com/gabriel-knight-sins-of-the-fathers/3030-14075/"
        },
        {
            "api_detail_url": "http://www.giantbomb.com/api/game/3030-11357/",
            "id": 11357,
            "name": "Quest for Glory IV: Shadows of Darkness",
            "site_detail_url": "http://www.giantbomb.com/quest-for-glory-iv-shadows-of-darkness/3030-11357/"
        },
        {
            "api_detail_url": "http://www.giantbomb.com/api/game/3030-19378/",
            "id": 19378,
            "name": "Blazing Dragons",
            "site_detail_url": "http://www.giantbomb.com/blazing-dragons/3030-19378/"
        },
        {
            "api_detail_url": "http://www.giantbomb.com/api/game/3030-7088/",
            "id": 7088,
            "name": "Toonstruck",
            "site_detail_url": "http://www.giantbomb.com/toonstruck/3030-7088/"
        },
        {
            "api_detail_url": "http://www.giantbomb.com/api/game/3030-5843/",
            "id": 5843,
            "name": "Descent to Undermountain",
            "site_detail_url": "http://www.giantbomb.com/descent-to-undermountain/3030-5843/"
        },
        {
            "api_detail_url": "http://www.giantbomb.com/api/game/3030-17383/",
            "id": 17383,
            "name": "Star Trek: Starfleet Academy",
            "site_detail_url": "http://www.giantbomb.com/star-trek-starfleet-academy/3030-17383/"
        },
        {
            "api_detail_url": "http://www.giantbomb.com/api/game/3030-17124/",
            "id": 17124,
            "name": "Disney's Hercules: Action Game",
            "site_detail_url": "http://www.giantbomb.com/disneys-hercules-action-game/3030-17124/"
        },
        {
            "api_detail_url": "http://www.giantbomb.com/api/game/3030-3185/",
            "id": 3185,
            "name": "ClayFighter 63 1/3",
            "site_detail_url": "http://www.giantbomb.com/clayfighter-63-13/3030-3185/"
        },
        {
            "api_detail_url": "http://www.giantbomb.com/api/game/3030-11704/",
            "id": 11704,
            "name": "Fallout",
            "site_detail_url": "http://www.giantbomb.com/fallout/3030-11704/"
        },
        {
            "api_detail_url": "http://www.giantbomb.com/api/game/3030-13775/",
            "id": 13775,
            "name": "Disney's Tarzan",
            "site_detail_url": "http://www.giantbomb.com/disneys-tarzan/3030-13775/"
        },
        {
            "api_detail_url": "http://www.giantbomb.com/api/game/3030-11157/",
            "id": 11157,
            "name": "Army Men: Sarge's Heroes",
            "site_detail_url": "http://www.giantbomb.com/army-men-sarges-heroes/3030-11157/"
        },
        {
            "api_detail_url": "http://www.giantbomb.com/api/game/3030-13601/",
            "id": 13601,
            "name": "Invictus: In the Shadow of Olympus",
            "site_detail_url": "http://www.giantbomb.com/invictus-in-the-shadow-of-olympus/3030-13601/"
        },
        {
            "api_detail_url": "http://www.giantbomb.com/api/game/3030-10637/",
            "id": 10637,
            "name": "Baldur's Gate II: Shadows of Amn",
            "site_detail_url": "http://www.giantbomb.com/baldurs-gate-ii-shadows-of-amn/3030-10637/"
        },
        {
            "api_detail_url": "http://www.giantbomb.com/api/game/3030-5446/",
            "id": 5446,
            "name": "Bugs Bunny & Taz: Time Busters",
            "site_detail_url": "http://www.giantbomb.com/bugs-bunny-taz-time-busters/3030-5446/"
        },
        {
            "api_detail_url": "http://www.giantbomb.com/api/game/3030-5242/",
            "id": 5242,
            "name": "Icewind Dale",
            "site_detail_url": "http://www.giantbomb.com/icewind-dale/3030-5242/"
        },
        {
            "api_detail_url": "http://www.giantbomb.com/api/game/3030-15969/",
            "id": 15969,
            "name": "Army Men: Air Attack 2",
            "site_detail_url": "http://www.giantbomb.com/army-men-air-attack-2/3030-15969/"
        },
        {
            "api_detail_url": "http://www.giantbomb.com/api/game/3030-14160/",
            "id": 14160,
            "name": "Army Men: Sarge's Heroes 2",
            "site_detail_url": "http://www.giantbomb.com/army-men-sarges-heroes-2/3030-14160/"
        },
        {
            "api_detail_url": "http://www.giantbomb.com/api/game/3030-6368/",
            "id": 6368,
            "name": "Mickey's Speedway USA",
            "site_detail_url": "http://www.giantbomb.com/mickeys-speedway-usa/3030-6368/"
        },
        {
            "api_detail_url": "http://www.giantbomb.com/api/game/3030-18221/",
            "id": 18221,
            "name": "Looney Tunes Racing",
            "site_detail_url": "http://www.giantbomb.com/looney-tunes-racing/3030-18221/"
        },
        {
            "api_detail_url": "http://www.giantbomb.com/api/game/3030-2830/",
            "id": 2830,
            "name": "The Powerpuff Girls: Chemical X-Traction",
            "site_detail_url": "http://www.giantbomb.com/the-powerpuff-girls-chemical-x-traction/3030-2830/"
        },
        {
            "api_detail_url": "http://www.giantbomb.com/api/game/3030-10128/",
            "id": 10128,
            "name": "Army Men: Green Rogue",
            "site_detail_url": "http://www.giantbomb.com/army-men-green-rogue/3030-10128/"
        },
        {
            "api_detail_url": "http://www.giantbomb.com/api/game/3030-9795/",
            "id": 9795,
            "name": "Walt Disney's The Jungle Book: Rhythm n' Groove",
            "site_detail_url": "http://www.giantbomb.com/walt-disneys-the-jungle-book-rhythm-n-groove/3030-9795/"
        },
        {
            "api_detail_url": "http://www.giantbomb.com/api/game/3030-6795/",
            "id": 6795,
            "name": "Baldur's Gate II: Throne of Bhaal",
            "site_detail_url": "http://www.giantbomb.com/baldurs-gate-ii-throne-of-bhaal/3030-6795/"
        },
        {
            "api_detail_url": "http://www.giantbomb.com/api/game/3030-13091/",
            "id": 13091,
            "name": "Baldur's Gate: Dark Alliance",
            "site_detail_url": "http://www.giantbomb.com/baldurs-gate-dark-alliance/3030-13091/"
        },
        {
            "api_detail_url": "http://www.giantbomb.com/api/game/3030-2070/",
            "id": 2070,
            "name": "Army Men RTS",
            "site_detail_url": "http://www.giantbomb.com/army-men-rts/3030-2070/"
        },
        {
            "api_detail_url": "http://www.giantbomb.com/api/game/3030-10983/",
            "id": 10983,
            "name": "Kingdom Hearts",
            "site_detail_url": "http://www.giantbomb.com/kingdom-hearts/3030-10983/"
        },
        {
            "api_detail_url": "http://www.giantbomb.com/api/game/3030-9876/",
            "id": 9876,
            "name": "Taz: Wanted",
            "site_detail_url": "http://www.giantbomb.com/taz-wanted/3030-9876/"
        },
        {
            "api_detail_url": "http://www.giantbomb.com/api/game/3030-134/",
            "id": 134,
            "name": "Army Men Air Combat: The Elite Missions",
            "site_detail_url": "http://www.giantbomb.com/army-men-air-combat-the-elite-missions/3030-134/"
        },
        {
            "api_detail_url": "http://www.giantbomb.com/api/game/3030-6759/",
            "id": 6759,
            "name": "Disney's Extreme Skate Adventure",
            "site_detail_url": "http://www.giantbomb.com/disneys-extreme-skate-adventure/3030-6759/"
        },
        {
            "api_detail_url": "http://www.giantbomb.com/api/game/3030-18376/",
            "id": 18376,
            "name": "Looney Tunes Back in Action",
            "site_detail_url": "http://www.giantbomb.com/looney-tunes-back-in-action/3030-18376/"
        },
        {
            "api_detail_url": "http://www.giantbomb.com/api/game/3030-12107/",
            "id": 12107,
            "name": "Baldur's Gate: Dark Alliance II",
            "site_detail_url": "http://www.giantbomb.com/baldurs-gate-dark-alliance-ii/3030-12107/"
        },
        {
            "api_detail_url": "http://www.giantbomb.com/api/game/3030-6730/",
            "id": 6730,
            "name": "Painkiller",
            "site_detail_url": "http://www.giantbomb.com/painkiller/3030-6730/"
        },
        {
            "api_detail_url": "http://www.giantbomb.com/api/game/3030-20425/",
            "id": 20425,
            "name": "Painkiller: Battle Out of Hell",
            "site_detail_url": "http://www.giantbomb.com/painkiller-battle-out-of-hell/3030-20425/"
        },
        {
            "api_detail_url": "http://www.giantbomb.com/api/game/3030-20319/",
            "id": 20319,
            "name": "Nicktoons Unite!",
            "site_detail_url": "http://www.giantbomb.com/nicktoons-unite/3030-20319/"
        },
        {
            "api_detail_url": "http://www.giantbomb.com/api/game/3030-2894/",
            "id": 2894,
            "name": "Teen Titans",
            "site_detail_url": "http://www.giantbomb.com/teen-titans/3030-2894/"
        },
        {
            "api_detail_url": "http://www.giantbomb.com/api/game/3030-4763/",
            "id": 4763,
            "name": "Kingdom Hearts II",
            "site_detail_url": "http://www.giantbomb.com/kingdom-hearts-ii/3030-4763/"
        },
        {
            "api_detail_url": "http://www.giantbomb.com/api/game/3030-12533/",
            "id": 12533,
            "name": "Pirates of the Caribbean: At World's End",
            "site_detail_url": "http://www.giantbomb.com/pirates-of-the-caribbean-at-worlds-end/3030-12533/"
        },
        {
            "api_detail_url": "http://www.giantbomb.com/api/game/3030-1819/",
            "id": 1819,
            "name": "The Golden Compass",
            "site_detail_url": "http://www.giantbomb.com/the-golden-compass/3030-1819/"
        },
        {
            "api_detail_url": "http://www.giantbomb.com/api/game/3030-21339/",
            "id": 21339,
            "name": "Looney Tunes: Acme Arsenal",
            "site_detail_url": "http://www.giantbomb.com/looney-tunes-acme-arsenal/3030-21339/"
        },
        {
            "api_detail_url": "http://www.giantbomb.com/api/game/3030-21262/",
            "id": 21262,
            "name": "Disney Golf",
            "site_detail_url": "http://www.giantbomb.com/disney-golf/3030-21262/"
        },
        {
            "api_detail_url": "http://www.giantbomb.com/api/game/3030-21269/",
            "id": 21269,
            "name": "Nicktoons Racing",
            "site_detail_url": "http://www.giantbomb.com/nicktoons-racing/3030-21269/"
        },
        {
            "api_detail_url": "http://www.giantbomb.com/api/game/3030-21261/",
            "id": 21261,
            "name": "Looney Tunes: Space Race",
            "site_detail_url": "http://www.giantbomb.com/looney-tunes-space-race/3030-21261/"
        },
        {
            "api_detail_url": "http://www.giantbomb.com/api/game/3030-21342/",
            "id": 21342,
            "name": "Wacky Races",
            "site_detail_url": "http://www.giantbomb.com/wacky-races/3030-21342/"
        },
        {
            "api_detail_url": "http://www.giantbomb.com/api/game/3030-10461/",
            "id": 10461,
            "name": "Clive Barker's Jericho",
            "site_detail_url": "http://www.giantbomb.com/clive-barkers-jericho/3030-10461/"
        },
        {
            "api_detail_url": "http://www.giantbomb.com/api/game/3030-12958/",
            "id": 12958,
            "name": "Cartoon Network Racing",
            "site_detail_url": "http://www.giantbomb.com/cartoon-network-racing/3030-12958/"
        },
        {
            "api_detail_url": "http://www.giantbomb.com/api/game/3030-21559/",
            "id": 21559,
            "name": "Marvel Ultimate Alliance 2",
            "site_detail_url": "http://www.giantbomb.com/marvel-ultimate-alliance-2/3030-21559/"
        },
        {
            "api_detail_url": "http://www.giantbomb.com/api/game/3030-21590/",
            "id": 21590,
            "name": "Mass Effect 2",
            "site_detail_url": "http://www.giantbomb.com/mass-effect-2/3030-21590/"
        },
        {
            "api_detail_url": "http://www.giantbomb.com/api/game/3030-30399/",
            "id": 30399,
            "name": "Spider-Man: Shattered Dimensions",
            "site_detail_url": "http://www.giantbomb.com/spider-man-shattered-dimensions/3030-30399/"
        },
        {
            "api_detail_url": "http://www.giantbomb.com/api/game/3030-22968/",
            "id": 22968,
            "name": "Splatterhouse",
            "site_detail_url": "http://www.giantbomb.com/splatterhouse/3030-22968/"
        },
        {
            "api_detail_url": "http://www.giantbomb.com/api/game/3030-33394/",
            "id": 33394,
            "name": "The Elder Scrolls V: Skyrim",
            "site_detail_url": "http://www.giantbomb.com/the-elder-scrolls-v-skyrim/3030-33394/"
        },
        {
            "api_detail_url": "http://www.giantbomb.com/api/game/3030-36048/",
            "id": 36048,
            "name": "Nicktoons MLB",
            "site_detail_url": "http://www.giantbomb.com/nicktoons-mlb/3030-36048/"
        },
        {
            "api_detail_url": "http://www.giantbomb.com/api/game/3030-34622/",
            "id": 34622,
            "name": "Spider-Man: Edge of Time",
            "site_detail_url": "http://www.giantbomb.com/spider-man-edge-of-time/3030-34622/"
        },
        {
            "api_detail_url": "http://www.giantbomb.com/api/game/3030-27562/",
            "id": 27562,
            "name": "Disney Epic Mickey",
            "site_detail_url": "http://www.giantbomb.com/disney-epic-mickey/3030-27562/"
        },
        {
            "api_detail_url": "http://www.giantbomb.com/api/game/3030-32196/",
            "id": 32196,
            "name": "Marvel Super Hero Squad: The Infinity Gauntlet",
            "site_detail_url": "http://www.giantbomb.com/marvel-super-hero-squad-the-infinity-gauntlet/3030-32196/"
        },
        {
            "api_detail_url": "http://www.giantbomb.com/api/game/3030-31644/",
            "id": 31644,
            "name": "Kingdom Hearts Re:coded",
            "site_detail_url": "http://www.giantbomb.com/kingdom-hearts-recoded/3030-31644/"
        },
        {
            "api_detail_url": "http://www.giantbomb.com/api/game/3030-20538/",
            "id": 20538,
            "name": "Mafia II",
            "site_detail_url": "http://www.giantbomb.com/mafia-ii/3030-20538/"
        },
        {
            "api_detail_url": "http://www.giantbomb.com/api/game/3030-30191/",
            "id": 30191,
            "name": "Lara Croft and the Guardian of Light",
            "site_detail_url": "http://www.giantbomb.com/lara-croft-and-the-guardian-of-light/3030-30191/"
        },
        {
            "api_detail_url": "http://www.giantbomb.com/api/game/3030-24766/",
            "id": 24766,
            "name": "Cartoon Network Universe: FusionFall",
            "site_detail_url": "http://www.giantbomb.com/cartoon-network-universe-fusionfall/3030-24766/"
        },
        {
            "api_detail_url": "http://www.giantbomb.com/api/game/3030-23030/",
            "id": 23030,
            "name": "Disney Th!nk Fast",
            "site_detail_url": "http://www.giantbomb.com/disney-thnk-fast/3030-23030/"
        },
        {
            "api_detail_url": "http://www.giantbomb.com/api/game/3030-4434/",
            "id": 4434,
            "name": "Earthworm Jim 3D",
            "site_detail_url": "http://www.giantbomb.com/earthworm-jim-3d/3030-4434/"
        },
        {
            "api_detail_url": "http://www.giantbomb.com/api/game/3030-30877/",
            "id": 30877,
            "name": "Shrek Forever After",
            "site_detail_url": "http://www.giantbomb.com/shrek-forever-after/3030-30877/"
        },
        {
            "api_detail_url": "http://www.giantbomb.com/api/game/3030-21448/",
            "id": 21448,
            "name": "Kingdom Hearts 358/2 Days",
            "site_detail_url": "http://www.giantbomb.com/kingdom-hearts-3582-days/3030-21448/"
        },
        {
            "api_detail_url": "http://www.giantbomb.com/api/game/3030-25872/",
            "id": 25872,
            "name": "Night at the Museum: Battle of the Smithsonian",
            "site_detail_url": "http://www.giantbomb.com/night-at-the-museum-battle-of-the-smithsonian/3030-25872/"
        },
        {
            "api_detail_url": "http://www.giantbomb.com/api/game/3030-20535/",
            "id": 20535,
            "name": "Looney Tunes: Cartoon Concerto",
            "site_detail_url": "http://www.giantbomb.com/looney-tunes-cartoon-concerto/3030-20535/"
        },
        {
            "api_detail_url": "http://www.giantbomb.com/api/game/3030-19964/",
            "id": 19964,
            "name": "Disney Friends",
            "site_detail_url": "http://www.giantbomb.com/disney-friends/3030-19964/"
        },
        {
            "api_detail_url": "http://www.giantbomb.com/api/game/3030-25062/",
            "id": 25062,
            "name": "Painkiller: Hell Wars",
            "site_detail_url": "http://www.giantbomb.com/painkiller-hell-wars/3030-25062/"
        },
        {
            "api_detail_url": "http://www.giantbomb.com/api/game/3030-10874/",
            "id": 10874,
            "name": "Disney's Winnie the Pooh's Rumbly Tumbly Adventure",
            "site_detail_url": "http://www.giantbomb.com/disneys-winnie-the-poohs-rumbly-tumbly-adventure/3030-10874/"
        },
        {
            "api_detail_url": "http://www.giantbomb.com/api/game/3030-203/",
            "id": 203,
            "name": "The Adventures of Jimmy Neutron: Boy Genius - Attack of the Twonkies",
            "site_detail_url": "http://www.giantbomb.com/the-adventures-of-jimmy-neutron-boy-genius-attack-/3030-203/"
        },
        {
            "api_detail_url": "http://www.giantbomb.com/api/game/3030-19534/",
            "id": 19534,
            "name": "Piglet's Big Game",
            "site_detail_url": "http://www.giantbomb.com/piglets-big-game/3030-19534/"
        },
        {
            "api_detail_url": "http://www.giantbomb.com/api/game/3030-8138/",
            "id": 8138,
            "name": "Disney's the Lion King: Simba's Mighty Adventure",
            "site_detail_url": "http://www.giantbomb.com/disneys-the-lion-king-simbas-mighty-adventure/3030-8138/"
        },
        {
            "api_detail_url": "http://www.giantbomb.com/api/game/3030-673/",
            "id": 673,
            "name": "Portal Runner",
            "site_detail_url": "http://www.giantbomb.com/portal-runner/3030-673/"
        },
        {
            "api_detail_url": "http://www.giantbomb.com/api/game/3030-16245/",
            "id": 16245,
            "name": "Clifford the Big Red Dog: Thinking Adventures",
            "site_detail_url": "http://www.giantbomb.com/clifford-the-big-red-dog-thinking-adventures/3030-16245/"
        },
        {
            "api_detail_url": "http://www.giantbomb.com/api/game/3030-17158/",
            "id": 17158,
            "name": "Disney's Aladdin in Nasira's Revenge",
            "site_detail_url": "http://www.giantbomb.com/disneys-aladdin-in-nasiras-revenge/3030-17158/"
        },
        {
            "api_detail_url": "http://www.giantbomb.com/api/game/3030-12485/",
            "id": 12485,
            "name": "Disney's Winnie the Pooh Preschool",
            "site_detail_url": "http://www.giantbomb.com/disneys-winnie-the-pooh-preschool/3030-12485/"
        },
        {
            "api_detail_url": "http://www.giantbomb.com/api/game/3030-15484/",
            "id": 15484,
            "name": "Winnie the Pooh and Tigger Too",
            "site_detail_url": "http://www.giantbomb.com/winnie-the-pooh-and-tigger-too/3030-15484/"
        },
        {
            "api_detail_url": "http://www.giantbomb.com/api/game/3030-18019/",
            "id": 18019,
            "name": "ClayFighter: Sculptor's Cut",
            "site_detail_url": "http://www.giantbomb.com/clayfighter-sculptors-cut/3030-18019/"
        },
        {
            "api_detail_url": "http://www.giantbomb.com/api/game/3030-5445/",
            "id": 5445,
            "name": "Disney's Ready to Read with Pooh",
            "site_detail_url": "http://www.giantbomb.com/disneys-ready-to-read-with-pooh/3030-5445/"
        },
        {
            "api_detail_url": "http://www.giantbomb.com/api/game/3030-14573/",
            "id": 14573,
            "name": "Dragon Dice",
            "site_detail_url": "http://www.giantbomb.com/dragon-dice/3030-14573/"
        },
        {
            "api_detail_url": "http://www.giantbomb.com/api/game/3030-4134/",
            "id": 4134,
            "name": "Norse by Norse West: The Return of the Lost Vikings",
            "site_detail_url": "http://www.giantbomb.com/norse-by-norse-west-the-return-of-the-lost-vikings/3030-4134/"
        },
        {
            "api_detail_url": "http://www.giantbomb.com/api/game/3030-15489/",
            "id": 15489,
            "name": "Disney's Pocahontas",
            "site_detail_url": "http://www.giantbomb.com/disneys-pocahontas/3030-15489/"
        },
        {
            "api_detail_url": "http://www.giantbomb.com/api/game/3030-22883/",
            "id": 22883,
            "name": "Red Asphalt",
            "site_detail_url": "http://www.giantbomb.com/red-asphalt/3030-22883/"
        },
        {
            "api_detail_url": "http://www.giantbomb.com/api/game/3030-35003/",
            "id": 35003,
            "name": "Marvel Heroes 2016",
            "site_detail_url": "http://www.giantbomb.com/marvel-heroes-2016/3030-35003/"
        },
        {
            "api_detail_url": "http://www.giantbomb.com/api/game/3030-36765/",
            "id": 36765,
            "name": "Grand Theft Auto V",
            "site_detail_url": "http://www.giantbomb.com/grand-theft-auto-v/3030-36765/"
        },
        {
            "api_detail_url": "http://www.giantbomb.com/api/game/3030-39815/",
            "id": 39815,
            "name": "Kingdom Hearts HD 1.5 ReMIX",
            "site_detail_url": "http://www.giantbomb.com/kingdom-hearts-hd-1-5-remix/3030-39815/"
        },
        {
            "api_detail_url": "http://www.giantbomb.com/api/game/3030-38206/",
            "id": 38206,
            "name": "The Elder Scrolls Online",
            "site_detail_url": "http://www.giantbomb.com/the-elder-scrolls-online/3030-38206/"
        },
        {
            "api_detail_url": "http://www.giantbomb.com/api/game/3030-20984/",
            "id": 20984,
            "name": "Alpha Protocol",
            "site_detail_url": "http://www.giantbomb.com/alpha-protocol/3030-20984/"
        },
        {
            "api_detail_url": "http://www.giantbomb.com/api/game/3030-35541/",
            "id": 35541,
            "name": "Kinect Disneyland Adventures",
            "site_detail_url": "http://www.giantbomb.com/kinect-disneyland-adventures/3030-35541/"
        },
        {
            "api_detail_url": "http://www.giantbomb.com/api/game/3030-36621/",
            "id": 36621,
            "name": "Infinity Blade II",
            "site_detail_url": "http://www.giantbomb.com/infinity-blade-ii/3030-36621/"
        },
        {
            "api_detail_url": "http://www.giantbomb.com/api/game/3030-42900/",
            "id": 42900,
            "name": "Project Spark",
            "site_detail_url": "http://www.giantbomb.com/project-spark/3030-42900/"
        },
        {
            "api_detail_url": "http://www.giantbomb.com/api/game/3030-46064/",
            "id": 46064,
            "name": "Scooby-Doo! & Looney Tunes: Cartoon Universe Adventure",
            "site_detail_url": "http://www.giantbomb.com/scoobydoo-looney-tunes-cartoon-universe-adventure/3030-46064/"
        },
        {
            "api_detail_url": "http://www.giantbomb.com/api/game/3030-31714/",
            "id": 31714,
            "name": "Kinect Star Wars",
            "site_detail_url": "http://www.giantbomb.com/kinect-star-wars/3030-31714/"
        },
        {
            "api_detail_url": "http://www.giantbomb.com/api/game/3030-37164/",
            "id": 37164,
            "name": "Disney Epic Mickey 2: The Power of Two",
            "site_detail_url": "http://www.giantbomb.com/disney-epic-mickey-2-the-power-of-two/3030-37164/"
        },
        {
            "api_detail_url": "http://www.giantbomb.com/api/game/3030-51544/",
            "id": 51544,
            "name": "Clarence: Thirty Days & Seven Seas",
            "site_detail_url": "http://www.giantbomb.com/clarence-thirty-days-seven-seas/3030-51544/"
        }
    ],
    "gender": 1,
    "hometown": "Youngstown, Ohio",
    "id": 3244,
    "name": "James Jonah \"Jim\" Cummings",
    "people": []
}