{
    "birth_date": "1962-09-01",
    "country": null,
    "death_date": null,
    "deck": null,
    "first_credited_game": {
        "api_detail_url": "http://www.giantbomb.com/api/game/3030-20667/",
        "id": 20667,
        "name": "Flushed Away"
    },
    "games": [
        {
            "api_detail_url": "http://www.giantbomb.com/api/game/3030-20504/",
            "id": 20504,
            "name": "Fallout 3",
            "site_detail_url": "http://www.giantbomb.com/fallout-3/3030-20504/"
        },
        {
            "api_detail_url": "http://www.giantbomb.com/api/game/3030-20667/",
            "id": 20667,
            "name": "Flushed Away",
            "site_detail_url": "http://www.giantbomb.com/flushed-away/3030-20667/"
        }
    ],
    "gender": 1,
    "hometown": "Washington, DC",
    "id": 25402,
    "name": "James Lewis",
    "people": []
}