{
    "birth_date": "1977-05-30",
    "country": null,
    "death_date": null,
    "deck": "The Internet's own \"Loonyboi\" was a prolific producer at 2K Games and is now at Bethesda Software.",
    "first_credited_game": {
        "api_detail_url": "http://www.giantbomb.com/api/game/3030-1109/",
        "id": 1109,
        "name": "Trespasser: Jurassic Park"
    },
    "games": [
        {
            "api_detail_url": "http://www.giantbomb.com/api/game/3030-25933/",
            "id": 25933,
            "name": "Fallout: New Vegas",
            "site_detail_url": "http://www.giantbomb.com/fallout-new-vegas/3030-25933/"
        },
        {
            "api_detail_url": "http://www.giantbomb.com/api/game/3030-1109/",
            "id": 1109,
            "name": "Trespasser: Jurassic Park",
            "site_detail_url": "http://www.giantbomb.com/trespasser-jurassic-park/3030-1109/"
        },
        {
            "api_detail_url": "http://www.giantbomb.com/api/game/3030-17429/",
            "id": 17429,
            "name": "Vietcong: Purple Haze",
            "site_detail_url": "http://www.giantbomb.com/vietcong-purple-haze/3030-17429/"
        },
        {
            "api_detail_url": "http://www.giantbomb.com/api/game/3030-11470/",
            "id": 11470,
            "name": "Scaler",
            "site_detail_url": "http://www.giantbomb.com/scaler/3030-11470/"
        },
        {
            "api_detail_url": "http://www.giantbomb.com/api/game/3030-6957/",
            "id": 6957,
            "name": "Outlaw Golf 2",
            "site_detail_url": "http://www.giantbomb.com/outlaw-golf-2/3030-6957/"
        },
        {
            "api_detail_url": "http://www.giantbomb.com/api/game/3030-720/",
            "id": 720,
            "name": "Hidden & Dangerous 2: Sabre Squadron",
            "site_detail_url": "http://www.giantbomb.com/hidden-dangerous-2-sabre-squadron/3030-720/"
        },
        {
            "api_detail_url": "http://www.giantbomb.com/api/game/3030-12815/",
            "id": 12815,
            "name": "Conflict: Vietnam",
            "site_detail_url": "http://www.giantbomb.com/conflict-vietnam/3030-12815/"
        },
        {
            "api_detail_url": "http://www.giantbomb.com/api/game/3030-15642/",
            "id": 15642,
            "name": "Army Men: Sarge's War",
            "site_detail_url": "http://www.giantbomb.com/army-men-sarges-war/3030-15642/"
        },
        {
            "api_detail_url": "http://www.giantbomb.com/api/game/3030-3180/",
            "id": 3180,
            "name": "Vietcong 2",
            "site_detail_url": "http://www.giantbomb.com/vietcong-2/3030-3180/"
        },
        {
            "api_detail_url": "http://www.giantbomb.com/api/game/3030-14290/",
            "id": 14290,
            "name": "Spy vs Spy",
            "site_detail_url": "http://www.giantbomb.com/spy-vs-spy/3030-14290/"
        },
        {
            "api_detail_url": "http://www.giantbomb.com/api/game/3030-16457/",
            "id": 16457,
            "name": "Sid Meier's Civilization IV",
            "site_detail_url": "http://www.giantbomb.com/sid-meiers-civilization-iv/3030-16457/"
        },
        {
            "api_detail_url": "http://www.giantbomb.com/api/game/3030-9909/",
            "id": 9909,
            "name": "Shattered Union",
            "site_detail_url": "http://www.giantbomb.com/shattered-union/3030-9909/"
        },
        {
            "api_detail_url": "http://www.giantbomb.com/api/game/3030-5036/",
            "id": 5036,
            "name": "Serious Sam II",
            "site_detail_url": "http://www.giantbomb.com/serious-sam-ii/3030-5036/"
        },
        {
            "api_detail_url": "http://www.giantbomb.com/api/game/3030-5957/",
            "id": 5957,
            "name": "Outlaw Volleyball: Remixed",
            "site_detail_url": "http://www.giantbomb.com/outlaw-volleyball-remixed/3030-5957/"
        },
        {
            "api_detail_url": "http://www.giantbomb.com/api/game/3030-6217/",
            "id": 6217,
            "name": "Outlaw Tennis",
            "site_detail_url": "http://www.giantbomb.com/outlaw-tennis/3030-6217/"
        },
        {
            "api_detail_url": "http://www.giantbomb.com/api/game/3030-15310/",
            "id": 15310,
            "name": "Motocross Mania 3",
            "site_detail_url": "http://www.giantbomb.com/motocross-mania-3/3030-15310/"
        },
        {
            "api_detail_url": "http://www.giantbomb.com/api/game/3030-15536/",
            "id": 15536,
            "name": "Ford Racing 3",
            "site_detail_url": "http://www.giantbomb.com/ford-racing-3/3030-15536/"
        },
        {
            "api_detail_url": "http://www.giantbomb.com/api/game/3030-8897/",
            "id": 8897,
            "name": "Stronghold 2",
            "site_detail_url": "http://www.giantbomb.com/stronghold-2/3030-8897/"
        },
        {
            "api_detail_url": "http://www.giantbomb.com/api/game/3030-17636/",
            "id": 17636,
            "name": "Codename: Kids Next Door - Operation: V.I.D.E.O.G.A.M.E.",
            "site_detail_url": "http://www.giantbomb.com/codename-kids-next-door-operation-videogame/3030-17636/"
        },
        {
            "api_detail_url": "http://www.giantbomb.com/api/game/3030-22119/",
            "id": 22119,
            "name": "Close Combat: First to Fight",
            "site_detail_url": "http://www.giantbomb.com/close-combat-first-to-fight/3030-22119/"
        },
        {
            "api_detail_url": "http://www.giantbomb.com/api/game/3030-853/",
            "id": 853,
            "name": "Charlie and the Chocolate Factory",
            "site_detail_url": "http://www.giantbomb.com/charlie-and-the-chocolate-factory/3030-853/"
        },
        {
            "api_detail_url": "http://www.giantbomb.com/api/game/3030-17111/",
            "id": 17111,
            "name": "Top Spin 2",
            "site_detail_url": "http://www.giantbomb.com/top-spin-2/3030-17111/"
        },
        {
            "api_detail_url": "http://www.giantbomb.com/api/game/3030-18275/",
            "id": 18275,
            "name": "Sid Meier's Railroads!",
            "site_detail_url": "http://www.giantbomb.com/sid-meiers-railroads/3030-18275/"
        },
        {
            "api_detail_url": "http://www.giantbomb.com/api/game/3030-8382/",
            "id": 8382,
            "name": "Sid Meier's Civilization IV: Warlords",
            "site_detail_url": "http://www.giantbomb.com/sid-meiers-civilization-iv-warlords/3030-8382/"
        },
        {
            "api_detail_url": "http://www.giantbomb.com/api/game/3030-16372/",
            "id": 16372,
            "name": "Prey",
            "site_detail_url": "http://www.giantbomb.com/prey/3030-16372/"
        },
        {
            "api_detail_url": "http://www.giantbomb.com/api/game/3030-20238/",
            "id": 20238,
            "name": "The Elder Scrolls IV: Oblivion",
            "site_detail_url": "http://www.giantbomb.com/the-elder-scrolls-iv-oblivion/3030-20238/"
        },
        {
            "api_detail_url": "http://www.giantbomb.com/api/game/3030-11466/",
            "id": 11466,
            "name": "CivCity: Rome",
            "site_detail_url": "http://www.giantbomb.com/civcity-rome/3030-11466/"
        },
        {
            "api_detail_url": "http://www.giantbomb.com/api/game/3030-19287/",
            "id": 19287,
            "name": "Sid Meier's Civilization IV: Beyond the Sword",
            "site_detail_url": "http://www.giantbomb.com/sid-meiers-civilization-iv-beyond-the-sword/3030-19287/"
        },
        {
            "api_detail_url": "http://www.giantbomb.com/api/game/3030-9201/",
            "id": 9201,
            "name": "The Darkness",
            "site_detail_url": "http://www.giantbomb.com/the-darkness/3030-9201/"
        },
        {
            "api_detail_url": "http://www.giantbomb.com/api/game/3030-20779/",
            "id": 20779,
            "name": "Sid Meier's Civilization IV: Colonization",
            "site_detail_url": "http://www.giantbomb.com/sid-meiers-civilization-iv-colonization/3030-20779/"
        },
        {
            "api_detail_url": "http://www.giantbomb.com/api/game/3030-44077/",
            "id": 44077,
            "name": "Codename: Kids Next Door: Operation S.O.D.A.",
            "site_detail_url": "http://www.giantbomb.com/codename-kids-next-door-operation-s-o-d-a/3030-44077/"
        },
        {
            "api_detail_url": "http://www.giantbomb.com/api/game/3030-27746/",
            "id": 27746,
            "name": "Zathura",
            "site_detail_url": "http://www.giantbomb.com/zathura/3030-27746/"
        }
    ],
    "gender": 1,
    "hometown": null,
    "id": 77484,
    "name": "Jason Bergman",
    "people": []
}