{
    "birth_date": null,
    "country": null,
    "death_date": null,
    "deck": null,
    "first_credited_game": {
        "api_detail_url": "http://www.giantbomb.com/api/game/3030-17367/",
        "id": 17367,
        "name": "The Elder Scrolls III: Morrowind"
    },
    "games": [
        {
            "api_detail_url": "http://www.giantbomb.com/api/game/3030-17367/",
            "id": 17367,
            "name": "The Elder Scrolls III: Morrowind",
            "site_detail_url": "http://www.giantbomb.com/the-elder-scrolls-iii-morrowind/3030-17367/"
        }
    ],
    "gender": null,
    "hometown": null,
    "id": 57213,
    "name": "Jason Ruddy",
    "people": []
}