{
    "birth_date": null,
    "country": null,
    "death_date": null,
    "deck": null,
    "first_credited_game": {
        "api_detail_url": "http://www.giantbomb.com/api/game/3030-5242/",
        "id": 5242,
        "name": "Icewind Dale"
    },
    "games": [
        {
            "api_detail_url": "http://www.giantbomb.com/api/game/3030-16426/",
            "id": 16426,
            "name": "Vampire: The Masquerade - Bloodlines",
            "site_detail_url": "http://www.giantbomb.com/vampire-the-masquerade-bloodlines/3030-16426/"
        },
        {
            "api_detail_url": "http://www.giantbomb.com/api/game/3030-10637/",
            "id": 10637,
            "name": "Baldur's Gate II: Shadows of Amn",
            "site_detail_url": "http://www.giantbomb.com/baldurs-gate-ii-shadows-of-amn/3030-10637/"
        },
        {
            "api_detail_url": "http://www.giantbomb.com/api/game/3030-5242/",
            "id": 5242,
            "name": "Icewind Dale",
            "site_detail_url": "http://www.giantbomb.com/icewind-dale/3030-5242/"
        },
        {
            "api_detail_url": "http://www.giantbomb.com/api/game/3030-3153/",
            "id": 3153,
            "name": "Icewind Dale: Heart of Winter",
            "site_detail_url": "http://www.giantbomb.com/icewind-dale-heart-of-winter/3030-3153/"
        },
        {
            "api_detail_url": "http://www.giantbomb.com/api/game/3030-8890/",
            "id": 8890,
            "name": "Icewind Dale II",
            "site_detail_url": "http://www.giantbomb.com/icewind-dale-ii/3030-8890/"
        },
        {
            "api_detail_url": "http://www.giantbomb.com/api/game/3030-15211/",
            "id": 15211,
            "name": "Lords of the Realm III",
            "site_detail_url": "http://www.giantbomb.com/lords-of-the-realm-iii/3030-15211/"
        },
        {
            "api_detail_url": "http://www.giantbomb.com/api/game/3030-8785/",
            "id": 8785,
            "name": "Cubis 2",
            "site_detail_url": "http://www.giantbomb.com/cubis-2/3030-8785/"
        },
        {
            "api_detail_url": "http://www.giantbomb.com/api/game/3030-11544/",
            "id": 11544,
            "name": "Armies of Exigo",
            "site_detail_url": "http://www.giantbomb.com/armies-of-exigo/3030-11544/"
        },
        {
            "api_detail_url": "http://www.giantbomb.com/api/game/3030-6/",
            "id": 6,
            "name": "WWE SmackDown! vs. RAW 2007",
            "site_detail_url": "http://www.giantbomb.com/wwe-smackdown-vs-raw-2007/3030-6/"
        },
        {
            "api_detail_url": "http://www.giantbomb.com/api/game/3030-9989/",
            "id": 9989,
            "name": "Hellgate: London",
            "site_detail_url": "http://www.giantbomb.com/hellgate-london/3030-9989/"
        },
        {
            "api_detail_url": "http://www.giantbomb.com/api/game/3030-7941/",
            "id": 7941,
            "name": "Dead Head Fred",
            "site_detail_url": "http://www.giantbomb.com/dead-head-fred/3030-7941/"
        },
        {
            "api_detail_url": "http://www.giantbomb.com/api/game/3030-20504/",
            "id": 20504,
            "name": "Fallout 3",
            "site_detail_url": "http://www.giantbomb.com/fallout-3/3030-20504/"
        },
        {
            "api_detail_url": "http://www.giantbomb.com/api/game/3030-23974/",
            "id": 23974,
            "name": "Eat Lead: The Return of Matt Hazard",
            "site_detail_url": "http://www.giantbomb.com/eat-lead-the-return-of-matt-hazard/3030-23974/"
        },
        {
            "api_detail_url": "http://www.giantbomb.com/api/game/3030-20461/",
            "id": 20461,
            "name": "God of War III",
            "site_detail_url": "http://www.giantbomb.com/god-of-war-iii/3030-20461/"
        },
        {
            "api_detail_url": "http://www.giantbomb.com/api/game/3030-39248/",
            "id": 39248,
            "name": "God of War Saga",
            "site_detail_url": "http://www.giantbomb.com/god-of-war-saga/3030-39248/"
        }
    ],
    "gender": 1,
    "hometown": null,
    "id": 25512,
    "name": "Jason Manley",
    "people": []
}