{
    "birth_date": null,
    "country": null,
    "death_date": null,
    "deck": "A Voice Actor.",
    "first_credited_game": {
        "api_detail_url": "http://www.giantbomb.com/api/game/3030-13076/",
        "id": 13076,
        "name": "Age of Mythology"
    },
    "games": [
        {
            "api_detail_url": "http://www.giantbomb.com/api/game/3030-13076/",
            "id": 13076,
            "name": "Age of Mythology",
            "site_detail_url": "http://www.giantbomb.com/age-of-mythology/3030-13076/"
        },
        {
            "api_detail_url": "http://www.giantbomb.com/api/game/3030-20532/",
            "id": 20532,
            "name": "Legendary",
            "site_detail_url": "http://www.giantbomb.com/legendary/3030-20532/"
        },
        {
            "api_detail_url": "http://www.giantbomb.com/api/game/3030-6647/",
            "id": 6647,
            "name": "007: Nightfire",
            "site_detail_url": "http://www.giantbomb.com/007-nightfire/3030-6647/"
        },
        {
            "api_detail_url": "http://www.giantbomb.com/api/game/3030-33394/",
            "id": 33394,
            "name": "The Elder Scrolls V: Skyrim",
            "site_detail_url": "http://www.giantbomb.com/the-elder-scrolls-v-skyrim/3030-33394/"
        },
        {
            "api_detail_url": "http://www.giantbomb.com/api/game/3030-31714/",
            "id": 31714,
            "name": "Kinect Star Wars",
            "site_detail_url": "http://www.giantbomb.com/kinect-star-wars/3030-31714/"
        }
    ],
    "gender": null,
    "hometown": null,
    "id": 64352,
    "name": "Jean Gilpin",
    "people": []
}