{
    "birth_date": null,
    "country": null,
    "death_date": null,
    "deck": null,
    "first_credited_game": {
        "api_detail_url": "http://www.giantbomb.com/api/game/3030-2414/",
        "id": 2414,
        "name": "Max Payne"
    },
    "games": [
        {
            "api_detail_url": "http://www.giantbomb.com/api/game/3030-270/",
            "id": 270,
            "name": "Tom Clancy's Ghost Recon: Advanced Warfighter 2",
            "site_detail_url": "http://www.giantbomb.com/tom-clancys-ghost-recon-advanced-warfighter-2/3030-270/"
        },
        {
            "api_detail_url": "http://www.giantbomb.com/api/game/3030-10955/",
            "id": 10955,
            "name": "Unreal Tournament 3",
            "site_detail_url": "http://www.giantbomb.com/unreal-tournament-3/3030-10955/"
        },
        {
            "api_detail_url": "http://www.giantbomb.com/api/game/3030-20238/",
            "id": 20238,
            "name": "The Elder Scrolls IV: Oblivion",
            "site_detail_url": "http://www.giantbomb.com/the-elder-scrolls-iv-oblivion/3030-20238/"
        },
        {
            "api_detail_url": "http://www.giantbomb.com/api/game/3030-9061/",
            "id": 9061,
            "name": "Neverwinter Nights 2",
            "site_detail_url": "http://www.giantbomb.com/neverwinter-nights-2/3030-9061/"
        },
        {
            "api_detail_url": "http://www.giantbomb.com/api/game/3030-16372/",
            "id": 16372,
            "name": "Prey",
            "site_detail_url": "http://www.giantbomb.com/prey/3030-16372/"
        },
        {
            "api_detail_url": "http://www.giantbomb.com/api/game/3030-7288/",
            "id": 7288,
            "name": "SWAT 4",
            "site_detail_url": "http://www.giantbomb.com/swat-4/3030-7288/"
        },
        {
            "api_detail_url": "http://www.giantbomb.com/api/game/3030-5625/",
            "id": 5625,
            "name": "RollerCoaster Tycoon 3",
            "site_detail_url": "http://www.giantbomb.com/rollercoaster-tycoon-3/3030-5625/"
        },
        {
            "api_detail_url": "http://www.giantbomb.com/api/game/3030-13286/",
            "id": 13286,
            "name": "Unreal Tournament 2004",
            "site_detail_url": "http://www.giantbomb.com/unreal-tournament-2004/3030-13286/"
        },
        {
            "api_detail_url": "http://www.giantbomb.com/api/game/3030-10783/",
            "id": 10783,
            "name": "Vendetta Online",
            "site_detail_url": "http://www.giantbomb.com/vendetta-online/3030-10783/"
        },
        {
            "api_detail_url": "http://www.giantbomb.com/api/game/3030-10784/",
            "id": 10784,
            "name": "Arx Fatalis",
            "site_detail_url": "http://www.giantbomb.com/arx-fatalis/3030-10784/"
        },
        {
            "api_detail_url": "http://www.giantbomb.com/api/game/3030-9260/",
            "id": 9260,
            "name": "K. Hawk: Survival Instinct",
            "site_detail_url": "http://www.giantbomb.com/k-hawk-survival-instinct/3030-9260/"
        },
        {
            "api_detail_url": "http://www.giantbomb.com/api/game/3030-614/",
            "id": 614,
            "name": "Silent Hill 2: Restless Dreams",
            "site_detail_url": "http://www.giantbomb.com/silent-hill-2-restless-dreams/3030-614/"
        },
        {
            "api_detail_url": "http://www.giantbomb.com/api/game/3030-2414/",
            "id": 2414,
            "name": "Max Payne",
            "site_detail_url": "http://www.giantbomb.com/max-payne/3030-2414/"
        },
        {
            "api_detail_url": "http://www.giantbomb.com/api/game/3030-6276/",
            "id": 6276,
            "name": "Rally Trophy",
            "site_detail_url": "http://www.giantbomb.com/rally-trophy/3030-6276/"
        },
        {
            "api_detail_url": "http://www.giantbomb.com/api/game/3030-12863/",
            "id": 12863,
            "name": "Postal 2",
            "site_detail_url": "http://www.giantbomb.com/postal-2/3030-12863/"
        }
    ],
    "gender": 1,
    "hometown": null,
    "id": 47272,
    "name": "Jeff Royle",
    "people": []
}