{
    "birth_date": null,
    "country": null,
    "death_date": null,
    "deck": "Voice actor whose work consists mainly of titles released by Bethesda, the makers of the Elder Scrolls franchise.",
    "first_credited_game": {
        "api_detail_url": "http://www.giantbomb.com/api/game/3030-1719/",
        "id": 1719,
        "name": "Star Control 3"
    },
    "games": [
        {
            "api_detail_url": "http://www.giantbomb.com/api/game/3030-8121/",
            "id": 8121,
            "name": "The Elder Scrolls III: Bloodmoon",
            "site_detail_url": "http://www.giantbomb.com/the-elder-scrolls-iii-bloodmoon/3030-8121/"
        },
        {
            "api_detail_url": "http://www.giantbomb.com/api/game/3030-17949/",
            "id": 17949,
            "name": "The Elder Scrolls III: Tribunal",
            "site_detail_url": "http://www.giantbomb.com/the-elder-scrolls-iii-tribunal/3030-17949/"
        },
        {
            "api_detail_url": "http://www.giantbomb.com/api/game/3030-20238/",
            "id": 20238,
            "name": "The Elder Scrolls IV: Oblivion",
            "site_detail_url": "http://www.giantbomb.com/the-elder-scrolls-iv-oblivion/3030-20238/"
        },
        {
            "api_detail_url": "http://www.giantbomb.com/api/game/3030-7690/",
            "id": 7690,
            "name": "Star Trek Legacy",
            "site_detail_url": "http://www.giantbomb.com/star-trek-legacy/3030-7690/"
        },
        {
            "api_detail_url": "http://www.giantbomb.com/api/game/3030-17350/",
            "id": 17350,
            "name": "Unreal II: The Awakening",
            "site_detail_url": "http://www.giantbomb.com/unreal-ii-the-awakening/3030-17350/"
        },
        {
            "api_detail_url": "http://www.giantbomb.com/api/game/3030-16577/",
            "id": 16577,
            "name": "The Wheel of Time",
            "site_detail_url": "http://www.giantbomb.com/the-wheel-of-time/3030-16577/"
        },
        {
            "api_detail_url": "http://www.giantbomb.com/api/game/3030-642/",
            "id": 642,
            "name": "The Elder Scrolls Adventures: Redguard",
            "site_detail_url": "http://www.giantbomb.com/the-elder-scrolls-adventures-redguard/3030-642/"
        },
        {
            "api_detail_url": "http://www.giantbomb.com/api/game/3030-1719/",
            "id": 1719,
            "name": "Star Control 3",
            "site_detail_url": "http://www.giantbomb.com/star-control-3/3030-1719/"
        },
        {
            "api_detail_url": "http://www.giantbomb.com/api/game/3030-20504/",
            "id": 20504,
            "name": "Fallout 3",
            "site_detail_url": "http://www.giantbomb.com/fallout-3/3030-20504/"
        }
    ],
    "gender": 1,
    "hometown": null,
    "id": 8951,
    "name": "Jeff Baker",
    "people": []
}