{
    "birth_date": null,
    "country": null,
    "death_date": null,
    "deck": "Systems Programmer at Bethesda Game Studios.",
    "first_credited_game": {
        "api_detail_url": "http://www.giantbomb.com/api/game/3030-42/",
        "id": 42,
        "name": "Uru: Ages Beyond Myst"
    },
    "games": [
        {
            "api_detail_url": "http://www.giantbomb.com/api/game/3030-20504/",
            "id": 20504,
            "name": "Fallout 3",
            "site_detail_url": "http://www.giantbomb.com/fallout-3/3030-20504/"
        },
        {
            "api_detail_url": "http://www.giantbomb.com/api/game/3030-1572/",
            "id": 1572,
            "name": "Myst Online: Uru Live",
            "site_detail_url": "http://www.giantbomb.com/myst-online-uru-live/3030-1572/"
        },
        {
            "api_detail_url": "http://www.giantbomb.com/api/game/3030-1961/",
            "id": 1961,
            "name": "Myst V: End of Ages",
            "site_detail_url": "http://www.giantbomb.com/myst-v-end-of-ages/3030-1961/"
        },
        {
            "api_detail_url": "http://www.giantbomb.com/api/game/3030-42/",
            "id": 42,
            "name": "Uru: Ages Beyond Myst",
            "site_detail_url": "http://www.giantbomb.com/uru-ages-beyond-myst/3030-42/"
        },
        {
            "api_detail_url": "http://www.giantbomb.com/api/game/3030-33394/",
            "id": 33394,
            "name": "The Elder Scrolls V: Skyrim",
            "site_detail_url": "http://www.giantbomb.com/the-elder-scrolls-v-skyrim/3030-33394/"
        }
    ],
    "gender": 1,
    "hometown": null,
    "id": 77534,
    "name": "Jeff Lundin",
    "people": []
}