{
    "birth_date": null,
    "country": null,
    "death_date": null,
    "deck": null,
    "first_credited_game": {
        "api_detail_url": "http://www.giantbomb.com/api/game/3030-8121/",
        "id": 8121,
        "name": "The Elder Scrolls III: Bloodmoon"
    },
    "games": [
        {
            "api_detail_url": "http://www.giantbomb.com/api/game/3030-8121/",
            "id": 8121,
            "name": "The Elder Scrolls III: Bloodmoon",
            "site_detail_url": "http://www.giantbomb.com/the-elder-scrolls-iii-bloodmoon/3030-8121/"
        },
        {
            "api_detail_url": "http://www.giantbomb.com/api/game/3030-1983/",
            "id": 1983,
            "name": "Pirates of the Caribbean",
            "site_detail_url": "http://www.giantbomb.com/pirates-of-the-caribbean/3030-1983/"
        },
        {
            "api_detail_url": "http://www.giantbomb.com/api/game/3030-15028/",
            "id": 15028,
            "name": "IHRA Drag Racing 2004",
            "site_detail_url": "http://www.giantbomb.com/ihra-drag-racing-2004/3030-15028/"
        },
        {
            "api_detail_url": "http://www.giantbomb.com/api/game/3030-18678/",
            "id": 18678,
            "name": "Call of Cthulhu: Dark Corners of the Earth",
            "site_detail_url": "http://www.giantbomb.com/call-of-cthulhu-dark-corners-of-the-earth/3030-18678/"
        },
        {
            "api_detail_url": "http://www.giantbomb.com/api/game/3030-20238/",
            "id": 20238,
            "name": "The Elder Scrolls IV: Oblivion",
            "site_detail_url": "http://www.giantbomb.com/the-elder-scrolls-iv-oblivion/3030-20238/"
        },
        {
            "api_detail_url": "http://www.giantbomb.com/api/game/3030-20504/",
            "id": 20504,
            "name": "Fallout 3",
            "site_detail_url": "http://www.giantbomb.com/fallout-3/3030-20504/"
        }
    ],
    "gender": null,
    "hometown": null,
    "id": 74867,
    "name": "Jennifer Noland",
    "people": []
}