{
    "birth_date": null,
    "country": "USA",
    "death_date": null,
    "deck": "Jeremy Soule is an award-winning composer, best known for his work in the Elder Scrolls, Guild Wars, Harry Potter & Total Annihilation series.",
    "first_credited_game": {
        "api_detail_url": "http://www.giantbomb.com/api/game/3030-13067/",
        "id": 13067,
        "name": "Freddi Fish & Luther's Maze Madness"
    },
    "games": [
        {
            "api_detail_url": "http://www.giantbomb.com/api/game/3030-1901/",
            "id": 1901,
            "name": "Supreme Commander",
            "site_detail_url": "http://www.giantbomb.com/supreme-commander/3030-1901/"
        },
        {
            "api_detail_url": "http://www.giantbomb.com/api/game/3030-3594/",
            "id": 3594,
            "name": "Total Annihilation",
            "site_detail_url": "http://www.giantbomb.com/total-annihilation/3030-3594/"
        },
        {
            "api_detail_url": "http://www.giantbomb.com/api/game/3030-16372/",
            "id": 16372,
            "name": "Prey",
            "site_detail_url": "http://www.giantbomb.com/prey/3030-16372/"
        },
        {
            "api_detail_url": "http://www.giantbomb.com/api/game/3030-8474/",
            "id": 8474,
            "name": "Guild Wars: Factions",
            "site_detail_url": "http://www.giantbomb.com/guild-wars-factions/3030-8474/"
        },
        {
            "api_detail_url": "http://www.giantbomb.com/api/game/3030-20238/",
            "id": 20238,
            "name": "The Elder Scrolls IV: Oblivion",
            "site_detail_url": "http://www.giantbomb.com/the-elder-scrolls-iv-oblivion/3030-20238/"
        },
        {
            "api_detail_url": "http://www.giantbomb.com/api/game/3030-17494/",
            "id": 17494,
            "name": "Guild Wars",
            "site_detail_url": "http://www.giantbomb.com/guild-wars/3030-17494/"
        },
        {
            "api_detail_url": "http://www.giantbomb.com/api/game/3030-1727/",
            "id": 1727,
            "name": "Dungeon Siege II",
            "site_detail_url": "http://www.giantbomb.com/dungeon-siege-ii/3030-1727/"
        },
        {
            "api_detail_url": "http://www.giantbomb.com/api/game/3030-18741/",
            "id": 18741,
            "name": "Star Wars: Knights of the Old Republic",
            "site_detail_url": "http://www.giantbomb.com/star-wars-knights-of-the-old-republic/3030-18741/"
        },
        {
            "api_detail_url": "http://www.giantbomb.com/api/game/3030-2115/",
            "id": 2115,
            "name": "Warhammer 40,000: Dawn of War",
            "site_detail_url": "http://www.giantbomb.com/warhammer-40000-dawn-of-war/3030-2115/"
        },
        {
            "api_detail_url": "http://www.giantbomb.com/api/game/3030-9953/",
            "id": 9953,
            "name": "Neverwinter Nights",
            "site_detail_url": "http://www.giantbomb.com/neverwinter-nights/3030-9953/"
        },
        {
            "api_detail_url": "http://www.giantbomb.com/api/game/3030-2059/",
            "id": 2059,
            "name": "Dungeon Siege",
            "site_detail_url": "http://www.giantbomb.com/dungeon-siege/3030-2059/"
        },
        {
            "api_detail_url": "http://www.giantbomb.com/api/game/3030-17350/",
            "id": 17350,
            "name": "Unreal II: The Awakening",
            "site_detail_url": "http://www.giantbomb.com/unreal-ii-the-awakening/3030-17350/"
        },
        {
            "api_detail_url": "http://www.giantbomb.com/api/game/3030-5242/",
            "id": 5242,
            "name": "Icewind Dale",
            "site_detail_url": "http://www.giantbomb.com/icewind-dale/3030-5242/"
        },
        {
            "api_detail_url": "http://www.giantbomb.com/api/game/3030-18110/",
            "id": 18110,
            "name": "Guild Wars: Eye of the North",
            "site_detail_url": "http://www.giantbomb.com/guild-wars-eye-of-the-north/3030-18110/"
        },
        {
            "api_detail_url": "http://www.giantbomb.com/api/game/3030-18930/",
            "id": 18930,
            "name": "Company of Heroes",
            "site_detail_url": "http://www.giantbomb.com/company-of-heroes/3030-18930/"
        },
        {
            "api_detail_url": "http://www.giantbomb.com/api/game/3030-13629/",
            "id": 13629,
            "name": "Giants: Citizen Kabuto",
            "site_detail_url": "http://www.giantbomb.com/giants-citizen-kabuto/3030-13629/"
        },
        {
            "api_detail_url": "http://www.giantbomb.com/api/game/3030-11082/",
            "id": 11082,
            "name": "Guild Wars: Nightfall",
            "site_detail_url": "http://www.giantbomb.com/guild-wars-nightfall/3030-11082/"
        },
        {
            "api_detail_url": "http://www.giantbomb.com/api/game/3030-12053/",
            "id": 12053,
            "name": "Harry Potter and the Order of the Phoenix",
            "site_detail_url": "http://www.giantbomb.com/harry-potter-and-the-order-of-the-phoenix/3030-12053/"
        },
        {
            "api_detail_url": "http://www.giantbomb.com/api/game/3030-18048/",
            "id": 18048,
            "name": "Supreme Commander: Forged Alliance",
            "site_detail_url": "http://www.giantbomb.com/supreme-commander-forged-alliance/3030-18048/"
        },
        {
            "api_detail_url": "http://www.giantbomb.com/api/game/3030-9745/",
            "id": 9745,
            "name": "Dungeon Siege II: Broken World",
            "site_detail_url": "http://www.giantbomb.com/dungeon-siege-ii-broken-world/3030-9745/"
        },
        {
            "api_detail_url": "http://www.giantbomb.com/api/game/3030-11620/",
            "id": 11620,
            "name": "Dungeon Siege: Throne of Agony",
            "site_detail_url": "http://www.giantbomb.com/dungeon-siege-throne-of-agony/3030-11620/"
        },
        {
            "api_detail_url": "http://www.giantbomb.com/api/game/3030-18510/",
            "id": 18510,
            "name": "Warhammer: Mark of Chaos",
            "site_detail_url": "http://www.giantbomb.com/warhammer-mark-of-chaos/3030-18510/"
        },
        {
            "api_detail_url": "http://www.giantbomb.com/api/game/3030-11544/",
            "id": 11544,
            "name": "Armies of Exigo",
            "site_detail_url": "http://www.giantbomb.com/armies-of-exigo/3030-11544/"
        },
        {
            "api_detail_url": "http://www.giantbomb.com/api/game/3030-12107/",
            "id": 12107,
            "name": "Baldur's Gate: Dark Alliance II",
            "site_detail_url": "http://www.giantbomb.com/baldurs-gate-dark-alliance-ii/3030-12107/"
        },
        {
            "api_detail_url": "http://www.giantbomb.com/api/game/3030-19439/",
            "id": 19439,
            "name": "Kohan II: Kings of War",
            "site_detail_url": "http://www.giantbomb.com/kohan-ii-kings-of-war/3030-19439/"
        },
        {
            "api_detail_url": "http://www.giantbomb.com/api/game/3030-8852/",
            "id": 8852,
            "name": "Star Wars: Knights of the Old Republic II - The Sith Lords",
            "site_detail_url": "http://www.giantbomb.com/star-wars-knights-of-the-old-republic-ii-the-sith-/3030-8852/"
        },
        {
            "api_detail_url": "http://www.giantbomb.com/api/game/3030-19215/",
            "id": 19215,
            "name": "EverQuest Online Adventures: Frontiers",
            "site_detail_url": "http://www.giantbomb.com/everquest-online-adventures-frontiers/3030-19215/"
        },
        {
            "api_detail_url": "http://www.giantbomb.com/api/game/3030-9343/",
            "id": 9343,
            "name": "Harry Potter: Quidditch World Cup",
            "site_detail_url": "http://www.giantbomb.com/harry-potter-quidditch-world-cup/3030-9343/"
        },
        {
            "api_detail_url": "http://www.giantbomb.com/api/game/3030-4452/",
            "id": 4452,
            "name": "Neverwinter Nights: Hordes of the Underdark",
            "site_detail_url": "http://www.giantbomb.com/neverwinter-nights-hordes-of-the-underdark/3030-4452/"
        },
        {
            "api_detail_url": "http://www.giantbomb.com/api/game/3030-240/",
            "id": 240,
            "name": "Natural Selection",
            "site_detail_url": "http://www.giantbomb.com/natural-selection/3030-240/"
        },
        {
            "api_detail_url": "http://www.giantbomb.com/api/game/3030-8046/",
            "id": 8046,
            "name": "Rugrats in Paris",
            "site_detail_url": "http://www.giantbomb.com/rugrats-in-paris/3030-8046/"
        },
        {
            "api_detail_url": "http://www.giantbomb.com/api/game/3030-6246/",
            "id": 6246,
            "name": "SOCOM: U.S. Navy SEALs",
            "site_detail_url": "http://www.giantbomb.com/socom-us-navy-seals/3030-6246/"
        },
        {
            "api_detail_url": "http://www.giantbomb.com/api/game/3030-17571/",
            "id": 17571,
            "name": "Star Wars: Bounty Hunter",
            "site_detail_url": "http://www.giantbomb.com/star-wars-bounty-hunter/3030-17571/"
        },
        {
            "api_detail_url": "http://www.giantbomb.com/api/game/3030-17039/",
            "id": 17039,
            "name": "Azurik: Rise of Perathia",
            "site_detail_url": "http://www.giantbomb.com/azurik-rise-of-perathia/3030-17039/"
        },
        {
            "api_detail_url": "http://www.giantbomb.com/api/game/3030-13091/",
            "id": 13091,
            "name": "Baldur's Gate: Dark Alliance",
            "site_detail_url": "http://www.giantbomb.com/baldurs-gate-dark-alliance/3030-13091/"
        },
        {
            "api_detail_url": "http://www.giantbomb.com/api/game/3030-3153/",
            "id": 3153,
            "name": "Icewind Dale: Heart of Winter",
            "site_detail_url": "http://www.giantbomb.com/icewind-dale-heart-of-winter/3030-3153/"
        },
        {
            "api_detail_url": "http://www.giantbomb.com/api/game/3030-9805/",
            "id": 9805,
            "name": "Freddi Fish's One-Stop Fun Shop",
            "site_detail_url": "http://www.giantbomb.com/freddi-fishs-one-stop-fun-shop/3030-9805/"
        },
        {
            "api_detail_url": "http://www.giantbomb.com/api/game/3030-19680/",
            "id": 19680,
            "name": "Total Annihilation: Kingdoms",
            "site_detail_url": "http://www.giantbomb.com/total-annihilation-kingdoms/3030-19680/"
        },
        {
            "api_detail_url": "http://www.giantbomb.com/api/game/3030-5746/",
            "id": 5746,
            "name": "Total Annihilation: Kingdoms - Iron Plague",
            "site_detail_url": "http://www.giantbomb.com/total-annihilation-kingdoms-iron-plague/3030-5746/"
        },
        {
            "api_detail_url": "http://www.giantbomb.com/api/game/3030-17987/",
            "id": 17987,
            "name": "Pajama Sam: Lost and Found",
            "site_detail_url": "http://www.giantbomb.com/pajama-sam-lost-and-found/3030-17987/"
        },
        {
            "api_detail_url": "http://www.giantbomb.com/api/game/3030-2622/",
            "id": 2622,
            "name": "Total Annihilation: The Core Contingency",
            "site_detail_url": "http://www.giantbomb.com/total-annihilation-the-core-contingency/3030-2622/"
        },
        {
            "api_detail_url": "http://www.giantbomb.com/api/game/3030-17824/",
            "id": 17824,
            "name": "Pajama Sam's SockWorks",
            "site_detail_url": "http://www.giantbomb.com/pajama-sams-sockworks/3030-17824/"
        },
        {
            "api_detail_url": "http://www.giantbomb.com/api/game/3030-931/",
            "id": 931,
            "name": "Putt-Putt Travels Through Time",
            "site_detail_url": "http://www.giantbomb.com/putt-putt-travels-through-time/3030-931/"
        },
        {
            "api_detail_url": "http://www.giantbomb.com/api/game/3030-17025/",
            "id": 17025,
            "name": "Young Dilbert Hi-Tech Hijinks",
            "site_detail_url": "http://www.giantbomb.com/young-dilbert-hi-tech-hijinks/3030-17025/"
        },
        {
            "api_detail_url": "http://www.giantbomb.com/api/game/3030-5449/",
            "id": 5449,
            "name": "Freddi Fish and Luther's Water Worries",
            "site_detail_url": "http://www.giantbomb.com/freddi-fish-and-luthers-water-worries/3030-5449/"
        },
        {
            "api_detail_url": "http://www.giantbomb.com/api/game/3030-13067/",
            "id": 13067,
            "name": "Freddi Fish & Luther's Maze Madness",
            "site_detail_url": "http://www.giantbomb.com/freddi-fish-luthers-maze-madness/3030-13067/"
        },
        {
            "api_detail_url": "http://www.giantbomb.com/api/game/3030-4615/",
            "id": 4615,
            "name": "Putt-Putt and Pep's Dog on a Stick",
            "site_detail_url": "http://www.giantbomb.com/putt-putt-and-peps-dog-on-a-stick/3030-4615/"
        },
        {
            "api_detail_url": "http://www.giantbomb.com/api/game/3030-8370/",
            "id": 8370,
            "name": "Harry Potter and the Chamber of Secrets",
            "site_detail_url": "http://www.giantbomb.com/harry-potter-and-the-chamber-of-secrets/3030-8370/"
        },
        {
            "api_detail_url": "http://www.giantbomb.com/api/game/3030-3792/",
            "id": 3792,
            "name": "Harry Potter and the Prisoner of Azkaban",
            "site_detail_url": "http://www.giantbomb.com/harry-potter-and-the-prisoner-of-azkaban/3030-3792/"
        },
        {
            "api_detail_url": "http://www.giantbomb.com/api/game/3030-577/",
            "id": 577,
            "name": "Harry Potter and the Philosopher's Stone",
            "site_detail_url": "http://www.giantbomb.com/harry-potter-and-the-philosophers-stone/3030-577/"
        },
        {
            "api_detail_url": "http://www.giantbomb.com/api/game/3030-3690/",
            "id": 3690,
            "name": "Lemony Snicket's A Series of Unfortunate Events",
            "site_detail_url": "http://www.giantbomb.com/lemony-snickets-a-series-of-unfortunate-events/3030-3690/"
        },
        {
            "api_detail_url": "http://www.giantbomb.com/api/game/3030-20722/",
            "id": 20722,
            "name": "Il-2 Sturmovik: Birds of Prey",
            "site_detail_url": "http://www.giantbomb.com/il-2-sturmovik-birds-of-prey/3030-20722/"
        },
        {
            "api_detail_url": "http://www.giantbomb.com/api/game/3030-29725/",
            "id": 29725,
            "name": "Wings of Prey",
            "site_detail_url": "http://www.giantbomb.com/wings-of-prey/3030-29725/"
        },
        {
            "api_detail_url": "http://www.giantbomb.com/api/game/3030-17778/",
            "id": 17778,
            "name": "Impossible Creatures",
            "site_detail_url": "http://www.giantbomb.com/impossible-creatures/3030-17778/"
        },
        {
            "api_detail_url": "http://www.giantbomb.com/api/game/3030-21985/",
            "id": 21985,
            "name": "zOMG!",
            "site_detail_url": "http://www.giantbomb.com/zomg/3030-21985/"
        },
        {
            "api_detail_url": "http://www.giantbomb.com/api/game/3030-26817/",
            "id": 26817,
            "name": "Metal Gear Solid: Peace Walker",
            "site_detail_url": "http://www.giantbomb.com/metal-gear-solid-peace-walker/3030-26817/"
        },
        {
            "api_detail_url": "http://www.giantbomb.com/api/game/3030-33394/",
            "id": 33394,
            "name": "The Elder Scrolls V: Skyrim",
            "site_detail_url": "http://www.giantbomb.com/the-elder-scrolls-v-skyrim/3030-33394/"
        },
        {
            "api_detail_url": "http://www.giantbomb.com/api/game/3030-32284/",
            "id": 32284,
            "name": "EverQuest Next",
            "site_detail_url": "http://www.giantbomb.com/everquest-next/3030-32284/"
        }
    ],
    "gender": 1,
    "hometown": "Keokuk, Iowa",
    "id": 17632,
    "name": "Jeremy Soule",
    "people": []
}