{
    "birth_date": "1973-02-25",
    "country": "USA",
    "death_date": null,
    "deck": null,
    "first_credited_game": {
        "api_detail_url": "http://www.giantbomb.com/api/game/3030-13827/",
        "id": 13827,
        "name": "Elvira II: The Jaws of Cerberus"
    },
    "games": [
        {
            "api_detail_url": "http://www.giantbomb.com/api/game/3030-20238/",
            "id": 20238,
            "name": "The Elder Scrolls IV: Oblivion",
            "site_detail_url": "http://www.giantbomb.com/the-elder-scrolls-iv-oblivion/3030-20238/"
        },
        {
            "api_detail_url": "http://www.giantbomb.com/api/game/3030-20504/",
            "id": 20504,
            "name": "Fallout 3",
            "site_detail_url": "http://www.giantbomb.com/fallout-3/3030-20504/"
        },
        {
            "api_detail_url": "http://www.giantbomb.com/api/game/3030-1282/",
            "id": 1282,
            "name": "Army Men 3D",
            "site_detail_url": "http://www.giantbomb.com/army-men-3d/3030-1282/"
        },
        {
            "api_detail_url": "http://www.giantbomb.com/api/game/3030-12459/",
            "id": 12459,
            "name": "Jack Nicklaus Golf & Course Design: Signature Edition",
            "site_detail_url": "http://www.giantbomb.com/jack-nicklaus-golf-course-design-signature-edition/3030-12459/"
        },
        {
            "api_detail_url": "http://www.giantbomb.com/api/game/3030-1910/",
            "id": 1910,
            "name": "Speed Racer in The Challenge of Racer X",
            "site_detail_url": "http://www.giantbomb.com/speed-racer-in-the-challenge-of-racer-x/3030-1910/"
        },
        {
            "api_detail_url": "http://www.giantbomb.com/api/game/3030-13827/",
            "id": 13827,
            "name": "Elvira II: The Jaws of Cerberus",
            "site_detail_url": "http://www.giantbomb.com/elvira-ii-the-jaws-of-cerberus/3030-13827/"
        },
        {
            "api_detail_url": "http://www.giantbomb.com/api/game/3030-15969/",
            "id": 15969,
            "name": "Army Men: Air Attack 2",
            "site_detail_url": "http://www.giantbomb.com/army-men-air-attack-2/3030-15969/"
        },
        {
            "api_detail_url": "http://www.giantbomb.com/api/game/3030-11157/",
            "id": 11157,
            "name": "Army Men: Sarge's Heroes",
            "site_detail_url": "http://www.giantbomb.com/army-men-sarges-heroes/3030-11157/"
        },
        {
            "api_detail_url": "http://www.giantbomb.com/api/game/3030-1288/",
            "id": 1288,
            "name": "Dungeons & Dragons: Heroes",
            "site_detail_url": "http://www.giantbomb.com/dungeons-dragons-heroes/3030-1288/"
        },
        {
            "api_detail_url": "http://www.giantbomb.com/api/game/3030-5364/",
            "id": 5364,
            "name": "Breeders' Cup World Thoroughbred Championships",
            "site_detail_url": "http://www.giantbomb.com/breeders-cup-world-thoroughbred-championships/3030-5364/"
        }
    ],
    "gender": 1,
    "hometown": null,
    "id": 9787,
    "name": "Joel Dinolt",
    "people": []
}