{
    "birth_date": null,
    "country": null,
    "death_date": null,
    "deck": null,
    "first_credited_game": {
        "api_detail_url": "http://www.giantbomb.com/api/game/3030-2554/",
        "id": 2554,
        "name": "Chip 'N Dale Rescue Rangers: The Adventure in Nimnul's Castle"
    },
    "games": [
        {
            "api_detail_url": "http://www.giantbomb.com/api/game/3030-8121/",
            "id": 8121,
            "name": "The Elder Scrolls III: Bloodmoon",
            "site_detail_url": "http://www.giantbomb.com/the-elder-scrolls-iii-bloodmoon/3030-8121/"
        },
        {
            "api_detail_url": "http://www.giantbomb.com/api/game/3030-17949/",
            "id": 17949,
            "name": "The Elder Scrolls III: Tribunal",
            "site_detail_url": "http://www.giantbomb.com/the-elder-scrolls-iii-tribunal/3030-17949/"
        },
        {
            "api_detail_url": "http://www.giantbomb.com/api/game/3030-20504/",
            "id": 20504,
            "name": "Fallout 3",
            "site_detail_url": "http://www.giantbomb.com/fallout-3/3030-20504/"
        },
        {
            "api_detail_url": "http://www.giantbomb.com/api/game/3030-13556/",
            "id": 13556,
            "name": "David Crane's The Rescue of Princess Blobette",
            "site_detail_url": "http://www.giantbomb.com/david-cranes-the-rescue-of-princess-blobette/3030-13556/"
        },
        {
            "api_detail_url": "http://www.giantbomb.com/api/game/3030-2554/",
            "id": 2554,
            "name": "Chip 'N Dale Rescue Rangers: The Adventure in Nimnul's Castle",
            "site_detail_url": "http://www.giantbomb.com/chip-n-dale-rescue-rangers-the-adventure-in-nimnul/3030-2554/"
        },
        {
            "api_detail_url": "http://www.giantbomb.com/api/game/3030-12843/",
            "id": 12843,
            "name": "Beetlejuice in: Skeletons in the Closet",
            "site_detail_url": "http://www.giantbomb.com/beetlejuice-in-skeletons-in-the-closet/3030-12843/"
        },
        {
            "api_detail_url": "http://www.giantbomb.com/api/game/3030-4028/",
            "id": 4028,
            "name": "Gremlins 2: The New Batch",
            "site_detail_url": "http://www.giantbomb.com/gremlins-2-the-new-batch/3030-4028/"
        },
        {
            "api_detail_url": "http://www.giantbomb.com/api/game/3030-7359/",
            "id": 7359,
            "name": "Flight of the Intruder",
            "site_detail_url": "http://www.giantbomb.com/flight-of-the-intruder/3030-7359/"
        },
        {
            "api_detail_url": "http://www.giantbomb.com/api/game/3030-9142/",
            "id": 9142,
            "name": "The Terminator: Future Shock",
            "site_detail_url": "http://www.giantbomb.com/the-terminator-future-shock/3030-9142/"
        },
        {
            "api_detail_url": "http://www.giantbomb.com/api/game/3030-20328/",
            "id": 20328,
            "name": "SkyNET",
            "site_detail_url": "http://www.giantbomb.com/skynet/3030-20328/"
        },
        {
            "api_detail_url": "http://www.giantbomb.com/api/game/3030-15259/",
            "id": 15259,
            "name": "PBA Tour Bowling 2001",
            "site_detail_url": "http://www.giantbomb.com/pba-tour-bowling-2001/3030-15259/"
        },
        {
            "api_detail_url": "http://www.giantbomb.com/api/game/3030-19119/",
            "id": 19119,
            "name": "PBA Bowling 2",
            "site_detail_url": "http://www.giantbomb.com/pba-bowling-2/3030-19119/"
        },
        {
            "api_detail_url": "http://www.giantbomb.com/api/game/3030-15481/",
            "id": 15481,
            "name": "Star Wars: Battlefront",
            "site_detail_url": "http://www.giantbomb.com/star-wars-battlefront/3030-15481/"
        },
        {
            "api_detail_url": "http://www.giantbomb.com/api/game/3030-41357/",
            "id": 41357,
            "name": "Evolve",
            "site_detail_url": "http://www.giantbomb.com/evolve/3030-41357/"
        },
        {
            "api_detail_url": "http://www.giantbomb.com/api/game/3030-7094/",
            "id": 7094,
            "name": "Star Wars: Battlefront II",
            "site_detail_url": "http://www.giantbomb.com/star-wars-battlefront-ii/3030-7094/"
        }
    ],
    "gender": 1,
    "hometown": null,
    "id": 31547,
    "name": "Juan Sanchez",
    "people": []
}