{
    "birth_date": null,
    "country": null,
    "death_date": null,
    "deck": "Julianne Buescher is an American actress and voice actress.",
    "first_credited_game": {
        "api_detail_url": "http://www.giantbomb.com/api/game/3030-433/",
        "id": 433,
        "name": "Star Wars: X-Wing Alliance"
    },
    "games": [
        {
            "api_detail_url": "http://www.giantbomb.com/api/game/3030-8102/",
            "id": 8102,
            "name": "The Bard's Tale",
            "site_detail_url": "http://www.giantbomb.com/the-bards-tale/3030-8102/"
        },
        {
            "api_detail_url": "http://www.giantbomb.com/api/game/3030-20497/",
            "id": 20497,
            "name": "Dark Sector",
            "site_detail_url": "http://www.giantbomb.com/dark-sector/3030-20497/"
        },
        {
            "api_detail_url": "http://www.giantbomb.com/api/game/3030-20878/",
            "id": 20878,
            "name": "Speed Racer: The Videogame",
            "site_detail_url": "http://www.giantbomb.com/speed-racer-the-videogame/3030-20878/"
        },
        {
            "api_detail_url": "http://www.giantbomb.com/api/game/3030-18547/",
            "id": 18547,
            "name": "EverQuest II",
            "site_detail_url": "http://www.giantbomb.com/everquest-ii/3030-18547/"
        },
        {
            "api_detail_url": "http://www.giantbomb.com/api/game/3030-31762/",
            "id": 31762,
            "name": "Dead or Alive: Dimensions",
            "site_detail_url": "http://www.giantbomb.com/dead-or-alive-dimensions/3030-31762/"
        },
        {
            "api_detail_url": "http://www.giantbomb.com/api/game/3030-11082/",
            "id": 11082,
            "name": "Guild Wars: Nightfall",
            "site_detail_url": "http://www.giantbomb.com/guild-wars-nightfall/3030-11082/"
        },
        {
            "api_detail_url": "http://www.giantbomb.com/api/game/3030-17494/",
            "id": 17494,
            "name": "Guild Wars",
            "site_detail_url": "http://www.giantbomb.com/guild-wars/3030-17494/"
        },
        {
            "api_detail_url": "http://www.giantbomb.com/api/game/3030-23220/",
            "id": 23220,
            "name": "Naruto: Ultimate Ninja",
            "site_detail_url": "http://www.giantbomb.com/naruto-ultimate-ninja/3030-23220/"
        },
        {
            "api_detail_url": "http://www.giantbomb.com/api/game/3030-12295/",
            "id": 12295,
            "name": "Law & Order: Criminal Intent",
            "site_detail_url": "http://www.giantbomb.com/law-order-criminal-intent/3030-12295/"
        },
        {
            "api_detail_url": "http://www.giantbomb.com/api/game/3030-10096/",
            "id": 10096,
            "name": "Law & Order: Justice is Served",
            "site_detail_url": "http://www.giantbomb.com/law-order-justice-is-served/3030-10096/"
        },
        {
            "api_detail_url": "http://www.giantbomb.com/api/game/3030-11171/",
            "id": 11171,
            "name": "Secret Weapons Over Normandy",
            "site_detail_url": "http://www.giantbomb.com/secret-weapons-over-normandy/3030-11171/"
        },
        {
            "api_detail_url": "http://www.giantbomb.com/api/game/3030-4618/",
            "id": 4618,
            "name": "Ratchet & Clank: Going Commando",
            "site_detail_url": "http://www.giantbomb.com/ratchet-clank-going-commando/3030-4618/"
        },
        {
            "api_detail_url": "http://www.giantbomb.com/api/game/3030-433/",
            "id": 433,
            "name": "Star Wars: X-Wing Alliance",
            "site_detail_url": "http://www.giantbomb.com/star-wars-x-wing-alliance/3030-433/"
        },
        {
            "api_detail_url": "http://www.giantbomb.com/api/game/3030-12722/",
            "id": 12722,
            "name": "Star Wars: Episode I - The Gungan Frontier",
            "site_detail_url": "http://www.giantbomb.com/star-wars-episode-i-the-gungan-frontier/3030-12722/"
        },
        {
            "api_detail_url": "http://www.giantbomb.com/api/game/3030-14541/",
            "id": 14541,
            "name": "Star Wars: Episode I - The Phantom Menace",
            "site_detail_url": "http://www.giantbomb.com/star-wars-episode-i-the-phantom-menace/3030-14541/"
        },
        {
            "api_detail_url": "http://www.giantbomb.com/api/game/3030-33394/",
            "id": 33394,
            "name": "The Elder Scrolls V: Skyrim",
            "site_detail_url": "http://www.giantbomb.com/the-elder-scrolls-v-skyrim/3030-33394/"
        },
        {
            "api_detail_url": "http://www.giantbomb.com/api/game/3030-35003/",
            "id": 35003,
            "name": "Marvel Heroes 2016",
            "site_detail_url": "http://www.giantbomb.com/marvel-heroes-2016/3030-35003/"
        },
        {
            "api_detail_url": "http://www.giantbomb.com/api/game/3030-40912/",
            "id": 40912,
            "name": "Disney Infinity",
            "site_detail_url": "http://www.giantbomb.com/disney-infinity/3030-40912/"
        },
        {
            "api_detail_url": "http://www.giantbomb.com/api/game/3030-20674/",
            "id": 20674,
            "name": "StarCraft II: Wings of Liberty",
            "site_detail_url": "http://www.giantbomb.com/starcraft-ii-wings-of-liberty/3030-20674/"
        },
        {
            "api_detail_url": "http://www.giantbomb.com/api/game/3030-37164/",
            "id": 37164,
            "name": "Disney Epic Mickey 2: The Power of Two",
            "site_detail_url": "http://www.giantbomb.com/disney-epic-mickey-2-the-power-of-two/3030-37164/"
        }
    ],
    "gender": 2,
    "hometown": null,
    "id": 10663,
    "name": "Julianne Buescher",
    "people": []
}