{
    "birth_date": null,
    "country": null,
    "death_date": null,
    "deck": "Julian is the brother of popular composer Jeremy Soule.  The two often collaborate on the soundtracks to games, with Julian sometimes being uncredited.",
    "first_credited_game": {
        "api_detail_url": "http://www.giantbomb.com/api/game/3030-17025/",
        "id": 17025,
        "name": "Young Dilbert Hi-Tech Hijinks"
    },
    "games": [
        {
            "api_detail_url": "http://www.giantbomb.com/api/game/3030-8474/",
            "id": 8474,
            "name": "Guild Wars: Factions",
            "site_detail_url": "http://www.giantbomb.com/guild-wars-factions/3030-8474/"
        },
        {
            "api_detail_url": "http://www.giantbomb.com/api/game/3030-20238/",
            "id": 20238,
            "name": "The Elder Scrolls IV: Oblivion",
            "site_detail_url": "http://www.giantbomb.com/the-elder-scrolls-iv-oblivion/3030-20238/"
        },
        {
            "api_detail_url": "http://www.giantbomb.com/api/game/3030-13907/",
            "id": 13907,
            "name": "Lode Runner 3D",
            "site_detail_url": "http://www.giantbomb.com/lode-runner-3d/3030-13907/"
        },
        {
            "api_detail_url": "http://www.giantbomb.com/api/game/3030-11620/",
            "id": 11620,
            "name": "Dungeon Siege: Throne of Agony",
            "site_detail_url": "http://www.giantbomb.com/dungeon-siege-throne-of-agony/3030-11620/"
        },
        {
            "api_detail_url": "http://www.giantbomb.com/api/game/3030-17025/",
            "id": 17025,
            "name": "Young Dilbert Hi-Tech Hijinks",
            "site_detail_url": "http://www.giantbomb.com/young-dilbert-hi-tech-hijinks/3030-17025/"
        }
    ],
    "gender": 1,
    "hometown": null,
    "id": 56411,
    "name": "Julian Soule",
    "people": []
}