{
    "birth_date": "1952-12-02",
    "country": "United States",
    "death_date": null,
    "deck": "Keith Szarabajka is a character and voice actor with a metric ton of video game, film and television credits. Szarabajka's most noted role in video games is most likely as Hershel Biggs, Arson Detective and partner to Cole Phelps in the 2011 game 'L.A. Noire'.",
    "first_credited_game": {
        "api_detail_url": "http://www.giantbomb.com/api/game/3030-2529/",
        "id": 2529,
        "name": "Black Dawn"
    },
    "games": [
        {
            "api_detail_url": "http://www.giantbomb.com/api/game/3030-20991/",
            "id": 20991,
            "name": "Darksiders",
            "site_detail_url": "http://www.giantbomb.com/darksiders/3030-20991/"
        },
        {
            "api_detail_url": "http://www.giantbomb.com/api/game/3030-2529/",
            "id": 2529,
            "name": "Black Dawn",
            "site_detail_url": "http://www.giantbomb.com/black-dawn/3030-2529/"
        },
        {
            "api_detail_url": "http://www.giantbomb.com/api/game/3030-2422/",
            "id": 2422,
            "name": "Soviet Strike",
            "site_detail_url": "http://www.giantbomb.com/soviet-strike/3030-2422/"
        },
        {
            "api_detail_url": "http://www.giantbomb.com/api/game/3030-17353/",
            "id": 17353,
            "name": "Star Wars: Force Commander",
            "site_detail_url": "http://www.giantbomb.com/star-wars-force-commander/3030-17353/"
        },
        {
            "api_detail_url": "http://www.giantbomb.com/api/game/3030-9058/",
            "id": 9058,
            "name": "Escape from Monkey Island",
            "site_detail_url": "http://www.giantbomb.com/escape-from-monkey-island/3030-9058/"
        },
        {
            "api_detail_url": "http://www.giantbomb.com/api/game/3030-5550/",
            "id": 5550,
            "name": "Command & Conquer: Yuri's Revenge",
            "site_detail_url": "http://www.giantbomb.com/command-conquer-yuris-revenge/3030-5550/"
        },
        {
            "api_detail_url": "http://www.giantbomb.com/api/game/3030-18261/",
            "id": 18261,
            "name": "Pirates: The Legend of Black Kat",
            "site_detail_url": "http://www.giantbomb.com/pirates-the-legend-of-black-kat/3030-18261/"
        },
        {
            "api_detail_url": "http://www.giantbomb.com/api/game/3030-4745/",
            "id": 4745,
            "name": "Soldier of Fortune II: Double Helix",
            "site_detail_url": "http://www.giantbomb.com/soldier-of-fortune-ii-double-helix/3030-4745/"
        },
        {
            "api_detail_url": "http://www.giantbomb.com/api/game/3030-15885/",
            "id": 15885,
            "name": "Earth & Beyond",
            "site_detail_url": "http://www.giantbomb.com/earth-beyond/3030-15885/"
        },
        {
            "api_detail_url": "http://www.giantbomb.com/api/game/3030-7570/",
            "id": 7570,
            "name": "Enter the Matrix",
            "site_detail_url": "http://www.giantbomb.com/enter-the-matrix/3030-7570/"
        },
        {
            "api_detail_url": "http://www.giantbomb.com/api/game/3030-12911/",
            "id": 12911,
            "name": "Crimson Skies: High Road to Revenge",
            "site_detail_url": "http://www.giantbomb.com/crimson-skies-high-road-to-revenge/3030-12911/"
        },
        {
            "api_detail_url": "http://www.giantbomb.com/api/game/3030-6707/",
            "id": 6707,
            "name": "Gladius",
            "site_detail_url": "http://www.giantbomb.com/gladius/3030-6707/"
        },
        {
            "api_detail_url": "http://www.giantbomb.com/api/game/3030-8102/",
            "id": 8102,
            "name": "The Bard's Tale",
            "site_detail_url": "http://www.giantbomb.com/the-bards-tale/3030-8102/"
        },
        {
            "api_detail_url": "http://www.giantbomb.com/api/game/3030-8112/",
            "id": 8112,
            "name": "Viewtiful Joe 2",
            "site_detail_url": "http://www.giantbomb.com/viewtiful-joe-2/3030-8112/"
        },
        {
            "api_detail_url": "http://www.giantbomb.com/api/game/3030-5680/",
            "id": 5680,
            "name": "Madagascar",
            "site_detail_url": "http://www.giantbomb.com/madagascar/3030-5680/"
        },
        {
            "api_detail_url": "http://www.giantbomb.com/api/game/3030-1581/",
            "id": 1581,
            "name": "Tom Clancy's Rainbow Six: Lockdown",
            "site_detail_url": "http://www.giantbomb.com/tom-clancys-rainbow-six-lockdown/3030-1581/"
        },
        {
            "api_detail_url": "http://www.giantbomb.com/api/game/3030-19166/",
            "id": 19166,
            "name": "EverQuest II: Desert of Flames",
            "site_detail_url": "http://www.giantbomb.com/everquest-ii-desert-of-flames/3030-19166/"
        },
        {
            "api_detail_url": "http://www.giantbomb.com/api/game/3030-7593/",
            "id": 7593,
            "name": "Ultimate Spider-Man",
            "site_detail_url": "http://www.giantbomb.com/ultimate-spider-man/3030-7593/"
        },
        {
            "api_detail_url": "http://www.giantbomb.com/api/game/3030-18930/",
            "id": 18930,
            "name": "Company of Heroes",
            "site_detail_url": "http://www.giantbomb.com/company-of-heroes/3030-18930/"
        },
        {
            "api_detail_url": "http://www.giantbomb.com/api/game/3030-11082/",
            "id": 11082,
            "name": "Guild Wars: Nightfall",
            "site_detail_url": "http://www.giantbomb.com/guild-wars-nightfall/3030-11082/"
        },
        {
            "api_detail_url": "http://www.giantbomb.com/api/game/3030-8694/",
            "id": 8694,
            "name": "The Sopranos: Road to Respect",
            "site_detail_url": "http://www.giantbomb.com/the-sopranos-road-to-respect/3030-8694/"
        },
        {
            "api_detail_url": "http://www.giantbomb.com/api/game/3030-7753/",
            "id": 7753,
            "name": "Gothic 3",
            "site_detail_url": "http://www.giantbomb.com/gothic-3/3030-7753/"
        },
        {
            "api_detail_url": "http://www.giantbomb.com/api/game/3030-13762/",
            "id": 13762,
            "name": "Titan Quest: Immortal Throne",
            "site_detail_url": "http://www.giantbomb.com/titan-quest-immortal-throne/3030-13762/"
        },
        {
            "api_detail_url": "http://www.giantbomb.com/api/game/3030-17551/",
            "id": 17551,
            "name": "Command & Conquer 3: Tiberium Wars",
            "site_detail_url": "http://www.giantbomb.com/command-conquer-3-tiberium-wars/3030-17551/"
        },
        {
            "api_detail_url": "http://www.giantbomb.com/api/game/3030-16624/",
            "id": 16624,
            "name": "Transformers: The Game",
            "site_detail_url": "http://www.giantbomb.com/transformers-the-game/3030-16624/"
        },
        {
            "api_detail_url": "http://www.giantbomb.com/api/game/3030-9326/",
            "id": 9326,
            "name": "Universe at War: Earth Assault",
            "site_detail_url": "http://www.giantbomb.com/universe-at-war-earth-assault/3030-9326/"
        },
        {
            "api_detail_url": "http://www.giantbomb.com/api/game/3030-20679/",
            "id": 20679,
            "name": "Saints Row 2",
            "site_detail_url": "http://www.giantbomb.com/saints-row-2/3030-20679/"
        },
        {
            "api_detail_url": "http://www.giantbomb.com/api/game/3030-21590/",
            "id": 21590,
            "name": "Mass Effect 2",
            "site_detail_url": "http://www.giantbomb.com/mass-effect-2/3030-21590/"
        },
        {
            "api_detail_url": "http://www.giantbomb.com/api/game/3030-29405/",
            "id": 29405,
            "name": "Transformers: War For Cybertron",
            "site_detail_url": "http://www.giantbomb.com/transformers-war-for-cybertron/3030-29405/"
        },
        {
            "api_detail_url": "http://www.giantbomb.com/api/game/3030-25933/",
            "id": 25933,
            "name": "Fallout: New Vegas",
            "site_detail_url": "http://www.giantbomb.com/fallout-new-vegas/3030-25933/"
        },
        {
            "api_detail_url": "http://www.giantbomb.com/api/game/3030-25444/",
            "id": 25444,
            "name": "Dead Space 2",
            "site_detail_url": "http://www.giantbomb.com/dead-space-2/3030-25444/"
        },
        {
            "api_detail_url": "http://www.giantbomb.com/api/game/3030-20800/",
            "id": 20800,
            "name": "Dead Space",
            "site_detail_url": "http://www.giantbomb.com/dead-space/3030-20800/"
        },
        {
            "api_detail_url": "http://www.giantbomb.com/api/game/3030-21500/",
            "id": 21500,
            "name": "L.A. Noire",
            "site_detail_url": "http://www.giantbomb.com/la-noire/3030-21500/"
        },
        {
            "api_detail_url": "http://www.giantbomb.com/api/game/3030-34622/",
            "id": 34622,
            "name": "Spider-Man: Edge of Time",
            "site_detail_url": "http://www.giantbomb.com/spider-man-edge-of-time/3030-34622/"
        },
        {
            "api_detail_url": "http://www.giantbomb.com/api/game/3030-35533/",
            "id": 35533,
            "name": "Halo 4",
            "site_detail_url": "http://www.giantbomb.com/halo-4/3030-35533/"
        },
        {
            "api_detail_url": "http://www.giantbomb.com/api/game/3030-34129/",
            "id": 34129,
            "name": "Skylanders: Spyro's Adventure",
            "site_detail_url": "http://www.giantbomb.com/skylanders-spyros-adventure/3030-34129/"
        },
        {
            "api_detail_url": "http://www.giantbomb.com/api/game/3030-30425/",
            "id": 30425,
            "name": "The Lord of the Rings: War in the North",
            "site_detail_url": "http://www.giantbomb.com/the-lord-of-the-rings-war-in-the-north/3030-30425/"
        },
        {
            "api_detail_url": "http://www.giantbomb.com/api/game/3030-33394/",
            "id": 33394,
            "name": "The Elder Scrolls V: Skyrim",
            "site_detail_url": "http://www.giantbomb.com/the-elder-scrolls-v-skyrim/3030-33394/"
        },
        {
            "api_detail_url": "http://www.giantbomb.com/api/game/3030-29941/",
            "id": 29941,
            "name": "Darksiders II",
            "site_detail_url": "http://www.giantbomb.com/darksiders-ii/3030-29941/"
        },
        {
            "api_detail_url": "http://www.giantbomb.com/api/game/3030-36634/",
            "id": 36634,
            "name": "Transformers: Fall of Cybertron",
            "site_detail_url": "http://www.giantbomb.com/transformers-fall-of-cybertron/3030-36634/"
        },
        {
            "api_detail_url": "http://www.giantbomb.com/api/game/3030-38039/",
            "id": 38039,
            "name": "Call of Duty: Black Ops II",
            "site_detail_url": "http://www.giantbomb.com/call-of-duty-black-ops-ii/3030-38039/"
        },
        {
            "api_detail_url": "http://www.giantbomb.com/api/game/3030-38270/",
            "id": 38270,
            "name": "Dead Space 3",
            "site_detail_url": "http://www.giantbomb.com/dead-space-3/3030-38270/"
        },
        {
            "api_detail_url": "http://www.giantbomb.com/api/game/3030-32853/",
            "id": 32853,
            "name": "X-Men: Destiny",
            "site_detail_url": "http://www.giantbomb.com/x-men-destiny/3030-32853/"
        },
        {
            "api_detail_url": "http://www.giantbomb.com/api/game/3030-32317/",
            "id": 32317,
            "name": "BioShock Infinite",
            "site_detail_url": "http://www.giantbomb.com/bioshock-infinite/3030-32317/"
        },
        {
            "api_detail_url": "http://www.giantbomb.com/api/game/3030-41836/",
            "id": 41836,
            "name": "Teenage Mutant Ninja Turtles: Out of the Shadows",
            "site_detail_url": "http://www.giantbomb.com/teenage-mutant-ninja-turtles-out-of-the-shadows/3030-41836/"
        },
        {
            "api_detail_url": "http://www.giantbomb.com/api/game/3030-42795/",
            "id": 42795,
            "name": "Tales of Symphonia Chronicles",
            "site_detail_url": "http://www.giantbomb.com/tales-of-symphonia-chronicles/3030-42795/"
        },
        {
            "api_detail_url": "http://www.giantbomb.com/api/game/3030-21237/",
            "id": 21237,
            "name": "Tales of Symphonia",
            "site_detail_url": "http://www.giantbomb.com/tales-of-symphonia/3030-21237/"
        },
        {
            "api_detail_url": "http://www.giantbomb.com/api/game/3030-38206/",
            "id": 38206,
            "name": "The Elder Scrolls Online",
            "site_detail_url": "http://www.giantbomb.com/the-elder-scrolls-online/3030-38206/"
        },
        {
            "api_detail_url": "http://www.giantbomb.com/api/game/3030-30995/",
            "id": 30995,
            "name": "Dragon Age II",
            "site_detail_url": "http://www.giantbomb.com/dragon-age-ii/3030-30995/"
        },
        {
            "api_detail_url": "http://www.giantbomb.com/api/game/3030-16909/",
            "id": 16909,
            "name": "Mass Effect",
            "site_detail_url": "http://www.giantbomb.com/mass-effect/3030-16909/"
        },
        {
            "api_detail_url": "http://www.giantbomb.com/api/game/3030-45435/",
            "id": 45435,
            "name": "Transformers: Rise of the Dark Spark",
            "site_detail_url": "http://www.giantbomb.com/transformers-rise-of-the-dark-spark/3030-45435/"
        },
        {
            "api_detail_url": "http://www.giantbomb.com/api/game/3030-44653/",
            "id": 44653,
            "name": "Tales from the Borderlands",
            "site_detail_url": "http://www.giantbomb.com/tales-from-the-borderlands/3030-44653/"
        },
        {
            "api_detail_url": "http://www.giantbomb.com/api/game/3030-13230/",
            "id": 13230,
            "name": "Grim Fandango",
            "site_detail_url": "http://www.giantbomb.com/grim-fandango/3030-13230/"
        },
        {
            "api_detail_url": "http://www.giantbomb.com/api/game/3030-47854/",
            "id": 47854,
            "name": "Final Fantasy Type-0 HD",
            "site_detail_url": "http://www.giantbomb.com/final-fantasy-type0-hd/3030-47854/"
        },
        {
            "api_detail_url": "http://www.giantbomb.com/api/game/3030-45577/",
            "id": 45577,
            "name": "Batman: Arkham Knight",
            "site_detail_url": "http://www.giantbomb.com/batman-arkham-knight/3030-45577/"
        }
    ],
    "gender": 1,
    "hometown": null,
    "id": 31078,
    "name": "Keith Szarabajka",
    "people": []
}