{
    "birth_date": null,
    "country": null,
    "death_date": null,
    "deck": "Ken Rolston is a member of the Science Fiction Writers Association. He is a computer and board game designer, best known for his work on \"The Elder Scrolls\" game series.",
    "first_credited_game": {
        "api_detail_url": "http://www.giantbomb.com/api/game/3030-1059/",
        "id": 1059,
        "name": "Callahan's Crosstime Saloon"
    },
    "games": [
        {
            "api_detail_url": "http://www.giantbomb.com/api/game/3030-8121/",
            "id": 8121,
            "name": "The Elder Scrolls III: Bloodmoon",
            "site_detail_url": "http://www.giantbomb.com/the-elder-scrolls-iii-bloodmoon/3030-8121/"
        },
        {
            "api_detail_url": "http://www.giantbomb.com/api/game/3030-17949/",
            "id": 17949,
            "name": "The Elder Scrolls III: Tribunal",
            "site_detail_url": "http://www.giantbomb.com/the-elder-scrolls-iii-tribunal/3030-17949/"
        },
        {
            "api_detail_url": "http://www.giantbomb.com/api/game/3030-20238/",
            "id": 20238,
            "name": "The Elder Scrolls IV: Oblivion",
            "site_detail_url": "http://www.giantbomb.com/the-elder-scrolls-iv-oblivion/3030-20238/"
        },
        {
            "api_detail_url": "http://www.giantbomb.com/api/game/3030-1059/",
            "id": 1059,
            "name": "Callahan's Crosstime Saloon",
            "site_detail_url": "http://www.giantbomb.com/callahans-crosstime-saloon/3030-1059/"
        },
        {
            "api_detail_url": "http://www.giantbomb.com/api/game/3030-642/",
            "id": 642,
            "name": "The Elder Scrolls Adventures: Redguard",
            "site_detail_url": "http://www.giantbomb.com/the-elder-scrolls-adventures-redguard/3030-642/"
        },
        {
            "api_detail_url": "http://www.giantbomb.com/api/game/3030-1983/",
            "id": 1983,
            "name": "Pirates of the Caribbean",
            "site_detail_url": "http://www.giantbomb.com/pirates-of-the-caribbean/3030-1983/"
        },
        {
            "api_detail_url": "http://www.giantbomb.com/api/game/3030-19119/",
            "id": 19119,
            "name": "PBA Bowling 2",
            "site_detail_url": "http://www.giantbomb.com/pba-bowling-2/3030-19119/"
        },
        {
            "api_detail_url": "http://www.giantbomb.com/api/game/3030-19204/",
            "id": 19204,
            "name": "Sea Dogs",
            "site_detail_url": "http://www.giantbomb.com/sea-dogs/3030-19204/"
        },
        {
            "api_detail_url": "http://www.giantbomb.com/api/game/3030-15259/",
            "id": 15259,
            "name": "PBA Tour Bowling 2001",
            "site_detail_url": "http://www.giantbomb.com/pba-tour-bowling-2001/3030-15259/"
        },
        {
            "api_detail_url": "http://www.giantbomb.com/api/game/3030-22395/",
            "id": 22395,
            "name": "Copernicus",
            "site_detail_url": "http://www.giantbomb.com/copernicus/3030-22395/"
        }
    ],
    "gender": 1,
    "hometown": null,
    "id": 57174,
    "name": "Ken Rolston",
    "people": []
}