{
    "birth_date": "1956-05-13",
    "country": "United States",
    "death_date": null,
    "deck": "Voice actor who has been lending his voice to video-games for over a decade. Featured prominently in the \".hack\" and \"Ace Combat\" series.",
    "first_credited_game": {
        "api_detail_url": "http://www.giantbomb.com/api/game/3030-1368/",
        "id": 1368,
        "name": "Romancing SaGa"
    },
    "games": [
        {
            "api_detail_url": "http://www.giantbomb.com/api/game/3030-4763/",
            "id": 4763,
            "name": "Kingdom Hearts II",
            "site_detail_url": "http://www.giantbomb.com/kingdom-hearts-ii/3030-4763/"
        },
        {
            "api_detail_url": "http://www.giantbomb.com/api/game/3030-11227/",
            "id": 11227,
            "name": "Jewels of the Oracle",
            "site_detail_url": "http://www.giantbomb.com/jewels-of-the-oracle/3030-11227/"
        },
        {
            "api_detail_url": "http://www.giantbomb.com/api/game/3030-14060/",
            "id": 14060,
            "name": "Codename: Panzers - Phase Two",
            "site_detail_url": "http://www.giantbomb.com/codename-panzers-phase-two/3030-14060/"
        },
        {
            "api_detail_url": "http://www.giantbomb.com/api/game/3030-2197/",
            "id": 2197,
            "name": "Where in the U.S.A. is Carmen Sandiego? (Deluxe Edition)",
            "site_detail_url": "http://www.giantbomb.com/where-in-the-usa-is-carmen-sandiego-deluxe-edition/3030-2197/"
        },
        {
            "api_detail_url": "http://www.giantbomb.com/api/game/3030-18043/",
            "id": 18043,
            "name": "Rugrats: Search for Reptar",
            "site_detail_url": "http://www.giantbomb.com/rugrats-search-for-reptar/3030-18043/"
        },
        {
            "api_detail_url": "http://www.giantbomb.com/api/game/3030-11768/",
            "id": 11768,
            "name": "The Granstream Saga",
            "site_detail_url": "http://www.giantbomb.com/the-granstream-saga/3030-11768/"
        },
        {
            "api_detail_url": "http://www.giantbomb.com/api/game/3030-209/",
            "id": 209,
            "name": "Tiny Toon Adventures: The Great Beanstalk",
            "site_detail_url": "http://www.giantbomb.com/tiny-toon-adventures-the-great-beanstalk/3030-209/"
        },
        {
            "api_detail_url": "http://www.giantbomb.com/api/game/3030-11106/",
            "id": 11106,
            "name": "Raymond E. Feist's Return to Krondor",
            "site_detail_url": "http://www.giantbomb.com/raymond-e-feists-return-to-krondor/3030-11106/"
        },
        {
            "api_detail_url": "http://www.giantbomb.com/api/game/3030-18599/",
            "id": 18599,
            "name": "Syphon Filter 2",
            "site_detail_url": "http://www.giantbomb.com/syphon-filter-2/3030-18599/"
        },
        {
            "api_detail_url": "http://www.giantbomb.com/api/game/3030-3050/",
            "id": 3050,
            "name": "Silent Bomber",
            "site_detail_url": "http://www.giantbomb.com/silent-bomber/3030-3050/"
        },
        {
            "api_detail_url": "http://www.giantbomb.com/api/game/3030-21439/",
            "id": 21439,
            "name": "Gundam Side Story 0079:  Rise from the Ashes",
            "site_detail_url": "http://www.giantbomb.com/gundam-side-story-0079-rise-from-the-ashes/3030-21439/"
        },
        {
            "api_detail_url": "http://www.giantbomb.com/api/game/3030-11814/",
            "id": 11814,
            "name": "The Bouncer",
            "site_detail_url": "http://www.giantbomb.com/the-bouncer/3030-11814/"
        },
        {
            "api_detail_url": "http://www.giantbomb.com/api/game/3030-6976/",
            "id": 6976,
            "name": "Kessen II",
            "site_detail_url": "http://www.giantbomb.com/kessen-ii/3030-6976/"
        },
        {
            "api_detail_url": "http://www.giantbomb.com/api/game/3030-18389/",
            "id": 18389,
            "name": "Digimon Rumble Arena",
            "site_detail_url": "http://www.giantbomb.com/digimon-rumble-arena/3030-18389/"
        },
        {
            "api_detail_url": "http://www.giantbomb.com/api/game/3030-10287/",
            "id": 10287,
            "name": ".hack//INFECTION - Part 1",
            "site_detail_url": "http://www.giantbomb.com/hackinfection-part-1/3030-10287/"
        },
        {
            "api_detail_url": "http://www.giantbomb.com/api/game/3030-718/",
            "id": 718,
            "name": "Galerians: Ash",
            "site_detail_url": "http://www.giantbomb.com/galerians-ash/3030-718/"
        },
        {
            "api_detail_url": "http://www.giantbomb.com/api/game/3030-20336/",
            "id": 20336,
            "name": "Xenosaga: Episode I - Der Wille zur Macht",
            "site_detail_url": "http://www.giantbomb.com/xenosaga-episode-i-der-wille-zur-macht/3030-20336/"
        },
        {
            "api_detail_url": "http://www.giantbomb.com/api/game/3030-6597/",
            "id": 6597,
            "name": "Dynasty Warriors 4",
            "site_detail_url": "http://www.giantbomb.com/dynasty-warriors-4/3030-6597/"
        },
        {
            "api_detail_url": "http://www.giantbomb.com/api/game/3030-12021/",
            "id": 12021,
            "name": ".hack//MUTATION - Part 2",
            "site_detail_url": "http://www.giantbomb.com/hackmutation-part-2/3030-12021/"
        },
        {
            "api_detail_url": "http://www.giantbomb.com/api/game/3030-2038/",
            "id": 2038,
            "name": ".hack//OUTBREAK - Part 3",
            "site_detail_url": "http://www.giantbomb.com/hackoutbreak-part-3/3030-2038/"
        },
        {
            "api_detail_url": "http://www.giantbomb.com/api/game/3030-8556/",
            "id": 8556,
            "name": "Drakengard",
            "site_detail_url": "http://www.giantbomb.com/drakengard/3030-8556/"
        },
        {
            "api_detail_url": "http://www.giantbomb.com/api/game/3030-12585/",
            "id": 12585,
            "name": "Dynasty Tactics 2",
            "site_detail_url": "http://www.giantbomb.com/dynasty-tactics-2/3030-12585/"
        },
        {
            "api_detail_url": "http://www.giantbomb.com/api/game/3030-21742/",
            "id": 21742,
            "name": "Dynasty Warriors 4: Xtreme Legends",
            "site_detail_url": "http://www.giantbomb.com/dynasty-warriors-4-xtreme-legends/3030-21742/"
        },
        {
            "api_detail_url": "http://www.giantbomb.com/api/game/3030-14979/",
            "id": 14979,
            "name": "Mission: Impossible - Operation Surma",
            "site_detail_url": "http://www.giantbomb.com/mission-impossible-operation-surma/3030-14979/"
        },
        {
            "api_detail_url": "http://www.giantbomb.com/api/game/3030-13921/",
            "id": 13921,
            "name": ".hack//QUARANTINE - Part 4",
            "site_detail_url": "http://www.giantbomb.com/hackquarantine-part-4/3030-13921/"
        },
        {
            "api_detail_url": "http://www.giantbomb.com/api/game/3030-13385/",
            "id": 13385,
            "name": "Breakdown",
            "site_detail_url": "http://www.giantbomb.com/breakdown/3030-13385/"
        },
        {
            "api_detail_url": "http://www.giantbomb.com/api/game/3030-10139/",
            "id": 10139,
            "name": "Samurai Warriors",
            "site_detail_url": "http://www.giantbomb.com/samurai-warriors/3030-10139/"
        },
        {
            "api_detail_url": "http://www.giantbomb.com/api/game/3030-771/",
            "id": 771,
            "name": "Front Mission 4",
            "site_detail_url": "http://www.giantbomb.com/front-mission-4/3030-771/"
        },
        {
            "api_detail_url": "http://www.giantbomb.com/api/game/3030-12101/",
            "id": 12101,
            "name": "Dynasty Warriors 4: Empires",
            "site_detail_url": "http://www.giantbomb.com/dynasty-warriors-4-empires/3030-12101/"
        },
        {
            "api_detail_url": "http://www.giantbomb.com/api/game/3030-3731/",
            "id": 3731,
            "name": "Phantom Brave",
            "site_detail_url": "http://www.giantbomb.com/phantom-brave/3030-3731/"
        },
        {
            "api_detail_url": "http://www.giantbomb.com/api/game/3030-12099/",
            "id": 12099,
            "name": "Star Ocean: Till the End of Time",
            "site_detail_url": "http://www.giantbomb.com/star-ocean-till-the-end-of-time/3030-12099/"
        },
        {
            "api_detail_url": "http://www.giantbomb.com/api/game/3030-4001/",
            "id": 4001,
            "name": "Shadow Hearts: Covenant",
            "site_detail_url": "http://www.giantbomb.com/shadow-hearts-covenant/3030-4001/"
        },
        {
            "api_detail_url": "http://www.giantbomb.com/api/game/3030-11470/",
            "id": 11470,
            "name": "Scaler",
            "site_detail_url": "http://www.giantbomb.com/scaler/3030-11470/"
        },
        {
            "api_detail_url": "http://www.giantbomb.com/api/game/3030-14827/",
            "id": 14827,
            "name": "Ace Combat 5: The Unsung War",
            "site_detail_url": "http://www.giantbomb.com/ace-combat-5-the-unsung-war/3030-14827/"
        },
        {
            "api_detail_url": "http://www.giantbomb.com/api/game/3030-8098/",
            "id": 8098,
            "name": "Neo Contra",
            "site_detail_url": "http://www.giantbomb.com/neo-contra/3030-8098/"
        },
        {
            "api_detail_url": "http://www.giantbomb.com/api/game/3030-23197/",
            "id": 23197,
            "name": "Samurai Warriors: Xtreme Legends",
            "site_detail_url": "http://www.giantbomb.com/samurai-warriors-xtreme-legends/3030-23197/"
        },
        {
            "api_detail_url": "http://www.giantbomb.com/api/game/3030-18991/",
            "id": 18991,
            "name": "Suikoden IV",
            "site_detail_url": "http://www.giantbomb.com/suikoden-iv/3030-18991/"
        },
        {
            "api_detail_url": "http://www.giantbomb.com/api/game/3030-15394/",
            "id": 15394,
            "name": "Death by Degrees",
            "site_detail_url": "http://www.giantbomb.com/death-by-degrees/3030-15394/"
        },
        {
            "api_detail_url": "http://www.giantbomb.com/api/game/3030-11093/",
            "id": 11093,
            "name": "Xenosaga: Episode II - Jenseits von Gut und B\u00f6se",
            "site_detail_url": "http://www.giantbomb.com/xenosaga-episode-ii-jenseits-von-gut-und-bose/3030-11093/"
        },
        {
            "api_detail_url": "http://www.giantbomb.com/api/game/3030-894/",
            "id": 894,
            "name": "Kessen III",
            "site_detail_url": "http://www.giantbomb.com/kessen-iii/3030-894/"
        },
        {
            "api_detail_url": "http://www.giantbomb.com/api/game/3030-3757/",
            "id": 3757,
            "name": "Dynasty Warriors 5",
            "site_detail_url": "http://www.giantbomb.com/dynasty-warriors-5/3030-3757/"
        },
        {
            "api_detail_url": "http://www.giantbomb.com/api/game/3030-15222/",
            "id": 15222,
            "name": "Resident Evil: Outbreak - File #2",
            "site_detail_url": "http://www.giantbomb.com/resident-evil-outbreak-file-2/3030-15222/"
        },
        {
            "api_detail_url": "http://www.giantbomb.com/api/game/3030-15050/",
            "id": 15050,
            "name": "Atelier Iris: Eternal Mana",
            "site_detail_url": "http://www.giantbomb.com/atelier-iris-eternal-mana/3030-15050/"
        },
        {
            "api_detail_url": "http://www.giantbomb.com/api/game/3030-11898/",
            "id": 11898,
            "name": "Beat Down: Fists of Vengeance",
            "site_detail_url": "http://www.giantbomb.com/beat-down-fists-of-vengeance/3030-11898/"
        },
        {
            "api_detail_url": "http://www.giantbomb.com/api/game/3030-15532/",
            "id": 15532,
            "name": "Urban Reign",
            "site_detail_url": "http://www.giantbomb.com/urban-reign/3030-15532/"
        },
        {
            "api_detail_url": "http://www.giantbomb.com/api/game/3030-21741/",
            "id": 21741,
            "name": "Dynasty Warriors 5: Xtreme Legends",
            "site_detail_url": "http://www.giantbomb.com/dynasty-warriors-5-xtreme-legends/3030-21741/"
        },
        {
            "api_detail_url": "http://www.giantbomb.com/api/game/3030-18607/",
            "id": 18607,
            "name": "Dungeons & Dragons: Dragonshard",
            "site_detail_url": "http://www.giantbomb.com/dungeons-dragons-dragonshard/3030-18607/"
        },
        {
            "api_detail_url": "http://www.giantbomb.com/api/game/3030-1914/",
            "id": 1914,
            "name": "Shin Megami Tensei: Digital Devil Saga 2",
            "site_detail_url": "http://www.giantbomb.com/shin-megami-tensei-digital-devil-saga-2/3030-1914/"
        },
        {
            "api_detail_url": "http://www.giantbomb.com/api/game/3030-1368/",
            "id": 1368,
            "name": "Romancing SaGa",
            "site_detail_url": "http://www.giantbomb.com/romancing-saga/3030-1368/"
        },
        {
            "api_detail_url": "http://www.giantbomb.com/api/game/3030-259/",
            "id": 259,
            "name": "Grandia III",
            "site_detail_url": "http://www.giantbomb.com/grandia-iii/3030-259/"
        },
        {
            "api_detail_url": "http://www.giantbomb.com/api/game/3030-4201/",
            "id": 4201,
            "name": "EverQuest II: Kingdom of Sky",
            "site_detail_url": "http://www.giantbomb.com/everquest-ii-kingdom-of-sky/3030-4201/"
        },
        {
            "api_detail_url": "http://www.giantbomb.com/api/game/3030-19152/",
            "id": 19152,
            "name": "Suikoden V",
            "site_detail_url": "http://www.giantbomb.com/suikoden-v/3030-19152/"
        },
        {
            "api_detail_url": "http://www.giantbomb.com/api/game/3030-1786/",
            "id": 1786,
            "name": "Dynasty Warriors 5: Empires",
            "site_detail_url": "http://www.giantbomb.com/dynasty-warriors-5-empires/3030-1786/"
        },
        {
            "api_detail_url": "http://www.giantbomb.com/api/game/3030-22045/",
            "id": 22045,
            "name": "Samurai Champloo: Sidetracked",
            "site_detail_url": "http://www.giantbomb.com/samurai-champloo-sidetracked/3030-22045/"
        },
        {
            "api_detail_url": "http://www.giantbomb.com/api/game/3030-1959/",
            "id": 1959,
            "name": "Atelier Iris 2: The Azoth of Destiny",
            "site_detail_url": "http://www.giantbomb.com/atelier-iris-2-the-azoth-of-destiny/3030-1959/"
        },
        {
            "api_detail_url": "http://www.giantbomb.com/api/game/3030-17960/",
            "id": 17960,
            "name": "Ace Combat Zero: The Belkan War",
            "site_detail_url": "http://www.giantbomb.com/ace-combat-zero-the-belkan-war/3030-17960/"
        },
        {
            "api_detail_url": "http://www.giantbomb.com/api/game/3030-7087/",
            "id": 7087,
            "name": "Steambot Chronicles",
            "site_detail_url": "http://www.giantbomb.com/steambot-chronicles/3030-7087/"
        },
        {
            "api_detail_url": "http://www.giantbomb.com/api/game/3030-5571/",
            "id": 5571,
            "name": "Dirge of Cerberus: Final Fantasy VII",
            "site_detail_url": "http://www.giantbomb.com/dirge-of-cerberus-final-fantasy-vii/3030-5571/"
        },
        {
            "api_detail_url": "http://www.giantbomb.com/api/game/3030-8600/",
            "id": 8600,
            "name": "Xenosaga: Episode III - Also Sprach Zarathustra",
            "site_detail_url": "http://www.giantbomb.com/xenosaga-episode-iii-also-sprach-zarathustra/3030-8600/"
        },
        {
            "api_detail_url": "http://www.giantbomb.com/api/game/3030-2652/",
            "id": 2652,
            "name": "Disgaea 2: Cursed Memories",
            "site_detail_url": "http://www.giantbomb.com/disgaea-2-cursed-memories/3030-2652/"
        },
        {
            "api_detail_url": "http://www.giantbomb.com/api/game/3030-18930/",
            "id": 18930,
            "name": "Company of Heroes",
            "site_detail_url": "http://www.giantbomb.com/company-of-heroes/3030-18930/"
        },
        {
            "api_detail_url": "http://www.giantbomb.com/api/game/3030-1213/",
            "id": 1213,
            "name": "Baten Kaitos Origins",
            "site_detail_url": "http://www.giantbomb.com/baten-kaitos-origins/3030-1213/"
        },
        {
            "api_detail_url": "http://www.giantbomb.com/api/game/3030-14210/",
            "id": 14210,
            "name": "Tales of the Abyss",
            "site_detail_url": "http://www.giantbomb.com/tales-of-the-abyss/3030-14210/"
        },
        {
            "api_detail_url": "http://www.giantbomb.com/api/game/3030-21677/",
            "id": 21677,
            "name": "Eureka Seven Vol. 1: The New Wave",
            "site_detail_url": "http://www.giantbomb.com/eureka-seven-vol-1-the-new-wave/3030-21677/"
        },
        {
            "api_detail_url": "http://www.giantbomb.com/api/game/3030-1695/",
            "id": 1695,
            "name": ".hack//G.U. Vol. 1: Rebirth",
            "site_detail_url": "http://www.giantbomb.com/hackgu-vol-1-rebirth/3030-1695/"
        },
        {
            "api_detail_url": "http://www.giantbomb.com/api/game/3030-4214/",
            "id": 4214,
            "name": "Naruto: Uzumaki Chronicles",
            "site_detail_url": "http://www.giantbomb.com/naruto-uzumaki-chronicles/3030-4214/"
        },
        {
            "api_detail_url": "http://www.giantbomb.com/api/game/3030-7712/",
            "id": 7712,
            "name": "Red Steel",
            "site_detail_url": "http://www.giantbomb.com/red-steel/3030-7712/"
        },
        {
            "api_detail_url": "http://www.giantbomb.com/api/game/3030-7940/",
            "id": 7940,
            "name": "Rogue Galaxy",
            "site_detail_url": "http://www.giantbomb.com/rogue-galaxy/3030-7940/"
        },
        {
            "api_detail_url": "http://www.giantbomb.com/api/game/3030-18603/",
            "id": 18603,
            "name": "World of Warcraft: The Burning Crusade",
            "site_detail_url": "http://www.giantbomb.com/world-of-warcraft-the-burning-crusade/3030-18603/"
        },
        {
            "api_detail_url": "http://www.giantbomb.com/api/game/3030-17621/",
            "id": 17621,
            "name": "Ar tonelico: Melody of Elemia",
            "site_detail_url": "http://www.giantbomb.com/ar-tonelico-melody-of-elemia/3030-17621/"
        },
        {
            "api_detail_url": "http://www.giantbomb.com/api/game/3030-3364/",
            "id": 3364,
            "name": "Monster Kingdom: Jewel Summoner",
            "site_detail_url": "http://www.giantbomb.com/monster-kingdom-jewel-summoner/3030-3364/"
        },
        {
            "api_detail_url": "http://www.giantbomb.com/api/game/3030-10988/",
            "id": 10988,
            "name": "Ghost Rider",
            "site_detail_url": "http://www.giantbomb.com/ghost-rider/3030-10988/"
        },
        {
            "api_detail_url": "http://www.giantbomb.com/api/game/3030-1901/",
            "id": 1901,
            "name": "Supreme Commander",
            "site_detail_url": "http://www.giantbomb.com/supreme-commander/3030-1901/"
        },
        {
            "api_detail_url": "http://www.giantbomb.com/api/game/3030-270/",
            "id": 270,
            "name": "Tom Clancy's Ghost Recon: Advanced Warfighter 2",
            "site_detail_url": "http://www.giantbomb.com/tom-clancys-ghost-recon-advanced-warfighter-2/3030-270/"
        },
        {
            "api_detail_url": "http://www.giantbomb.com/api/game/3030-7338/",
            "id": 7338,
            "name": "Earth Defense Force 2017",
            "site_detail_url": "http://www.giantbomb.com/earth-defense-force-2017/3030-7338/"
        },
        {
            "api_detail_url": "http://www.giantbomb.com/api/game/3030-21442/",
            "id": 21442,
            "name": "Atelier Iris 3: Grand Phantasm",
            "site_detail_url": "http://www.giantbomb.com/atelier-iris-3-grand-phantasm/3030-21442/"
        },
        {
            "api_detail_url": "http://www.giantbomb.com/api/game/3030-18303/",
            "id": 18303,
            "name": "Naruto: Ultimate Ninja 2",
            "site_detail_url": "http://www.giantbomb.com/naruto-ultimate-ninja-2/3030-18303/"
        },
        {
            "api_detail_url": "http://www.giantbomb.com/api/game/3030-21375/",
            "id": 21375,
            "name": "Naruto: Ultimate Ninja 3",
            "site_detail_url": "http://www.giantbomb.com/naruto-ultimate-ninja-3/3030-21375/"
        },
        {
            "api_detail_url": "http://www.giantbomb.com/api/game/3030-21222/",
            "id": 21222,
            "name": "GrimGrimoire",
            "site_detail_url": "http://www.giantbomb.com/grimgrimoire/3030-21222/"
        },
        {
            "api_detail_url": "http://www.giantbomb.com/api/game/3030-9503/",
            "id": 9503,
            "name": "Project Sylpheed: Arc of Deception",
            "site_detail_url": "http://www.giantbomb.com/project-sylpheed-arc-of-deception/3030-9503/"
        },
        {
            "api_detail_url": "http://www.giantbomb.com/api/game/3030-23007/",
            "id": 23007,
            "name": "Naruto: Ultimate Ninja Heroes",
            "site_detail_url": "http://www.giantbomb.com/naruto-ultimate-ninja-heroes/3030-23007/"
        },
        {
            "api_detail_url": "http://www.giantbomb.com/api/game/3030-17707/",
            "id": 17707,
            "name": "Wild Arms 5",
            "site_detail_url": "http://www.giantbomb.com/wild-arms-5/3030-17707/"
        },
        {
            "api_detail_url": "http://www.giantbomb.com/api/game/3030-22519/",
            "id": 22519,
            "name": "Naruto: Uzumaki Chronicles 2",
            "site_detail_url": "http://www.giantbomb.com/naruto-uzumaki-chronicles-2/3030-22519/"
        },
        {
            "api_detail_url": "http://www.giantbomb.com/api/game/3030-22824/",
            "id": 22824,
            "name": ".hack//G.U. Vol. 3: Redemption",
            "site_detail_url": "http://www.giantbomb.com/hackgu-vol-3-redemption/3030-22824/"
        },
        {
            "api_detail_url": "http://www.giantbomb.com/api/game/3030-21703/",
            "id": 21703,
            "name": "Growlanser: Heritage of War",
            "site_detail_url": "http://www.giantbomb.com/growlanser-heritage-of-war/3030-21703/"
        },
        {
            "api_detail_url": "http://www.giantbomb.com/api/game/3030-25049/",
            "id": 25049,
            "name": "Digimon World Data Squad",
            "site_detail_url": "http://www.giantbomb.com/digimon-world-data-squad/3030-25049/"
        },
        {
            "api_detail_url": "http://www.giantbomb.com/api/game/3030-5552/",
            "id": 5552,
            "name": "Warriors Orochi",
            "site_detail_url": "http://www.giantbomb.com/warriors-orochi/3030-5552/"
        },
        {
            "api_detail_url": "http://www.giantbomb.com/api/game/3030-16314/",
            "id": 16314,
            "name": "Heroes of Might and Magic V: Tribes of the East",
            "site_detail_url": "http://www.giantbomb.com/heroes-of-might-and-magic-v-tribes-of-the-east/3030-16314/"
        },
        {
            "api_detail_url": "http://www.giantbomb.com/api/game/3030-20545/",
            "id": 20545,
            "name": "Naruto: Clash of Ninja Revolution",
            "site_detail_url": "http://www.giantbomb.com/naruto-clash-of-ninja-revolution/3030-20545/"
        },
        {
            "api_detail_url": "http://www.giantbomb.com/api/game/3030-19273/",
            "id": 19273,
            "name": "Ace Combat 6: Fires of Liberation",
            "site_detail_url": "http://www.giantbomb.com/ace-combat-6-fires-of-liberation/3030-19273/"
        },
        {
            "api_detail_url": "http://www.giantbomb.com/api/game/3030-12592/",
            "id": 12592,
            "name": "WWE SmackDown! vs. RAW 2008",
            "site_detail_url": "http://www.giantbomb.com/wwe-smackdown-vs-raw-2008/3030-12592/"
        },
        {
            "api_detail_url": "http://www.giantbomb.com/api/game/3030-21468/",
            "id": 21468,
            "name": "Time Crisis 4",
            "site_detail_url": "http://www.giantbomb.com/time-crisis-4/3030-21468/"
        },
        {
            "api_detail_url": "http://www.giantbomb.com/api/game/3030-16944/",
            "id": 16944,
            "name": "Trauma Center: New Blood",
            "site_detail_url": "http://www.giantbomb.com/trauma-center-new-blood/3030-16944/"
        },
        {
            "api_detail_url": "http://www.giantbomb.com/api/game/3030-20786/",
            "id": 20786,
            "name": "Culdcept Saga",
            "site_detail_url": "http://www.giantbomb.com/culdcept-saga/3030-20786/"
        },
        {
            "api_detail_url": "http://www.giantbomb.com/api/game/3030-20816/",
            "id": 20816,
            "name": "Dynasty Warriors 6",
            "site_detail_url": "http://www.giantbomb.com/dynasty-warriors-6/3030-20816/"
        },
        {
            "api_detail_url": "http://www.giantbomb.com/api/game/3030-20729/",
            "id": 20729,
            "name": "GRID",
            "site_detail_url": "http://www.giantbomb.com/grid/3030-20729/"
        },
        {
            "api_detail_url": "http://www.giantbomb.com/api/game/3030-21007/",
            "id": 21007,
            "name": "Naruto: Ultimate Ninja Heroes 2: Phantom Fortress",
            "site_detail_url": "http://www.giantbomb.com/naruto-ultimate-ninja-heroes-2-phantom-fortress/3030-21007/"
        },
        {
            "api_detail_url": "http://www.giantbomb.com/api/game/3030-20557/",
            "id": 20557,
            "name": "Operation Darkness",
            "site_detail_url": "http://www.giantbomb.com/operation-darkness/3030-20557/"
        },
        {
            "api_detail_url": "http://www.giantbomb.com/api/game/3030-20613/",
            "id": 20613,
            "name": "Spectral Force 3",
            "site_detail_url": "http://www.giantbomb.com/spectral-force-3/3030-20613/"
        },
        {
            "api_detail_url": "http://www.giantbomb.com/api/game/3030-20836/",
            "id": 20836,
            "name": "Tales of Vesperia",
            "site_detail_url": "http://www.giantbomb.com/tales-of-vesperia/3030-20836/"
        },
        {
            "api_detail_url": "http://www.giantbomb.com/api/game/3030-22133/",
            "id": 22133,
            "name": "Armored Core: for Answer",
            "site_detail_url": "http://www.giantbomb.com/armored-core-for-answer/3030-22133/"
        },
        {
            "api_detail_url": "http://www.giantbomb.com/api/game/3030-20792/",
            "id": 20792,
            "name": "Warriors Orochi 2",
            "site_detail_url": "http://www.giantbomb.com/warriors-orochi-2/3030-20792/"
        },
        {
            "api_detail_url": "http://www.giantbomb.com/api/game/3030-20679/",
            "id": 20679,
            "name": "Saints Row 2",
            "site_detail_url": "http://www.giantbomb.com/saints-row-2/3030-20679/"
        },
        {
            "api_detail_url": "http://www.giantbomb.com/api/game/3030-21051/",
            "id": 21051,
            "name": "Naruto: Clash of Ninja Revolution 2",
            "site_detail_url": "http://www.giantbomb.com/naruto-clash-of-ninja-revolution-2/3030-21051/"
        },
        {
            "api_detail_url": "http://www.giantbomb.com/api/game/3030-20903/",
            "id": 20903,
            "name": "Naruto: Ultimate Ninja Storm",
            "site_detail_url": "http://www.giantbomb.com/naruto-ultimate-ninja-storm/3030-20903/"
        },
        {
            "api_detail_url": "http://www.giantbomb.com/api/game/3030-20739/",
            "id": 20739,
            "name": "Tom Clancy's EndWar",
            "site_detail_url": "http://www.giantbomb.com/tom-clancys-endwar/3030-20739/"
        },
        {
            "api_detail_url": "http://www.giantbomb.com/api/game/3030-20777/",
            "id": 20777,
            "name": "Call of Duty: World at War",
            "site_detail_url": "http://www.giantbomb.com/call-of-duty-world-at-war/3030-20777/"
        },
        {
            "api_detail_url": "http://www.giantbomb.com/api/game/3030-21038/",
            "id": 21038,
            "name": "Tecmo Bowl: Kickoff",
            "site_detail_url": "http://www.giantbomb.com/tecmo-bowl-kickoff/3030-21038/"
        },
        {
            "api_detail_url": "http://www.giantbomb.com/api/game/3030-21425/",
            "id": 21425,
            "name": "Naruto: The Broken Bond",
            "site_detail_url": "http://www.giantbomb.com/naruto-the-broken-bond/3030-21425/"
        },
        {
            "api_detail_url": "http://www.giantbomb.com/api/game/3030-21163/",
            "id": 21163,
            "name": "Luminous Arc 2",
            "site_detail_url": "http://www.giantbomb.com/luminous-arc-2/3030-21163/"
        },
        {
            "api_detail_url": "http://www.giantbomb.com/api/game/3030-20831/",
            "id": 20831,
            "name": "Castlevania Judgment",
            "site_detail_url": "http://www.giantbomb.com/castlevania-judgment/3030-20831/"
        },
        {
            "api_detail_url": "http://www.giantbomb.com/api/game/3030-21846/",
            "id": 21846,
            "name": "Gothic 3 : Forsaken Gods",
            "site_detail_url": "http://www.giantbomb.com/gothic-3-forsaken-gods/3030-21846/"
        },
        {
            "api_detail_url": "http://www.giantbomb.com/api/game/3030-36273/",
            "id": 36273,
            "name": "Persona 4 Golden",
            "site_detail_url": "http://www.giantbomb.com/persona-4-golden/3030-36273/"
        },
        {
            "api_detail_url": "http://www.giantbomb.com/api/game/3030-21373/",
            "id": 21373,
            "name": "Shin Megami Tensei: Persona 4",
            "site_detail_url": "http://www.giantbomb.com/shin-megami-tensei-persona-4/3030-21373/"
        },
        {
            "api_detail_url": "http://www.giantbomb.com/api/game/3030-20965/",
            "id": 20965,
            "name": "The Lord of the Rings: Conquest",
            "site_detail_url": "http://www.giantbomb.com/the-lord-of-the-rings-conquest/3030-20965/"
        },
        {
            "api_detail_url": "http://www.giantbomb.com/api/game/3030-25084/",
            "id": 25084,
            "name": "Naruto Shippuden: Ultimate Ninja 4",
            "site_detail_url": "http://www.giantbomb.com/naruto-shippuden-ultimate-ninja-4/3030-25084/"
        },
        {
            "api_detail_url": "http://www.giantbomb.com/api/game/3030-24700/",
            "id": 24700,
            "name": "Monsters vs. Aliens",
            "site_detail_url": "http://www.giantbomb.com/monsters-vs-aliens/3030-24700/"
        },
        {
            "api_detail_url": "http://www.giantbomb.com/api/game/3030-24309/",
            "id": 24309,
            "name": "Dynasty Warriors: Strikeforce",
            "site_detail_url": "http://www.giantbomb.com/dynasty-warriors-strikeforce/3030-24309/"
        },
        {
            "api_detail_url": "http://www.giantbomb.com/api/game/3030-24136/",
            "id": 24136,
            "name": "Dynasty Warriors 6: Empires",
            "site_detail_url": "http://www.giantbomb.com/dynasty-warriors-6-empires/3030-24136/"
        },
        {
            "api_detail_url": "http://www.giantbomb.com/api/game/3030-21768/",
            "id": 21768,
            "name": "BlazBlue: Calamity Trigger",
            "site_detail_url": "http://www.giantbomb.com/blazblue-calamity-trigger/3030-21768/"
        },
        {
            "api_detail_url": "http://www.giantbomb.com/api/game/3030-20576/",
            "id": 20576,
            "name": "Section 8",
            "site_detail_url": "http://www.giantbomb.com/section-8/3030-20576/"
        },
        {
            "api_detail_url": "http://www.giantbomb.com/api/game/3030-24513/",
            "id": 24513,
            "name": "DiRT 2",
            "site_detail_url": "http://www.giantbomb.com/dirt-2/3030-24513/"
        },
        {
            "api_detail_url": "http://www.giantbomb.com/api/game/3030-29558/",
            "id": 29558,
            "name": "Naruto Shippuden Ninja Destiny 2",
            "site_detail_url": "http://www.giantbomb.com/naruto-shippuden-ninja-destiny-2/3030-29558/"
        },
        {
            "api_detail_url": "http://www.giantbomb.com/api/game/3030-21559/",
            "id": 21559,
            "name": "Marvel Ultimate Alliance 2",
            "site_detail_url": "http://www.giantbomb.com/marvel-ultimate-alliance-2/3030-21559/"
        },
        {
            "api_detail_url": "http://www.giantbomb.com/api/game/3030-21448/",
            "id": 21448,
            "name": "Kingdom Hearts 358/2 Days",
            "site_detail_url": "http://www.giantbomb.com/kingdom-hearts-3582-days/3030-21448/"
        },
        {
            "api_detail_url": "http://www.giantbomb.com/api/game/3030-21665/",
            "id": 21665,
            "name": "Operation Flashpoint: Dragon Rising",
            "site_detail_url": "http://www.giantbomb.com/operation-flashpoint-dragon-rising/3030-21665/"
        },
        {
            "api_detail_url": "http://www.giantbomb.com/api/game/3030-33649/",
            "id": 33649,
            "name": "Naruto Shipp\u016bden: Legends: Akatsuki Rising",
            "site_detail_url": "http://www.giantbomb.com/naruto-shippuden-legends-akatsuki-rising/3030-33649/"
        },
        {
            "api_detail_url": "http://www.giantbomb.com/api/game/3030-25942/",
            "id": 25942,
            "name": "Magna Carta 2",
            "site_detail_url": "http://www.giantbomb.com/magna-carta-2/3030-25942/"
        },
        {
            "api_detail_url": "http://www.giantbomb.com/api/game/3030-28865/",
            "id": 28865,
            "name": "Naruto Shippuden: Clash of Ninja Revolution 3",
            "site_detail_url": "http://www.giantbomb.com/naruto-shippuden-clash-of-ninja-revolution-3/3030-28865/"
        },
        {
            "api_detail_url": "http://www.giantbomb.com/api/game/3030-27495/",
            "id": 27495,
            "name": "Naruto Shippuden: Ultimate Ninja 5",
            "site_detail_url": "http://www.giantbomb.com/naruto-shippuden-ultimate-ninja-5/3030-27495/"
        },
        {
            "api_detail_url": "http://www.giantbomb.com/api/game/3030-25707/",
            "id": 25707,
            "name": "Silent Hill: Shattered Memories",
            "site_detail_url": "http://www.giantbomb.com/silent-hill-shattered-memories/3030-25707/"
        },
        {
            "api_detail_url": "http://www.giantbomb.com/api/game/3030-25787/",
            "id": 25787,
            "name": "Resonance of Fate",
            "site_detail_url": "http://www.giantbomb.com/resonance-of-fate/3030-25787/"
        },
        {
            "api_detail_url": "http://www.giantbomb.com/api/game/3030-20964/",
            "id": 20964,
            "name": "Metro 2033",
            "site_detail_url": "http://www.giantbomb.com/metro-2033/3030-20964/"
        },
        {
            "api_detail_url": "http://www.giantbomb.com/api/game/3030-26596/",
            "id": 26596,
            "name": "Nier",
            "site_detail_url": "http://www.giantbomb.com/nier/3030-26596/"
        },
        {
            "api_detail_url": "http://www.giantbomb.com/api/game/3030-30786/",
            "id": 30786,
            "name": "Naruto Shippuden Ultimate Ninja Heroes 3",
            "site_detail_url": "http://www.giantbomb.com/naruto-shippuden-ultimate-ninja-heroes-3/3030-30786/"
        },
        {
            "api_detail_url": "http://www.giantbomb.com/api/game/3030-27501/",
            "id": 27501,
            "name": "Hexyz Force",
            "site_detail_url": "http://www.giantbomb.com/hexyz-force/3030-27501/"
        },
        {
            "api_detail_url": "http://www.giantbomb.com/api/game/3030-21144/",
            "id": 21144,
            "name": "Singularity",
            "site_detail_url": "http://www.giantbomb.com/singularity/3030-21144/"
        },
        {
            "api_detail_url": "http://www.giantbomb.com/api/game/3030-28321/",
            "id": 28321,
            "name": "BlazBlue: Continuum Shift",
            "site_detail_url": "http://www.giantbomb.com/blazblue-continuum-shift/3030-28321/"
        },
        {
            "api_detail_url": "http://www.giantbomb.com/api/game/3030-26394/",
            "id": 26394,
            "name": "Kane & Lynch 2: Dog Days",
            "site_detail_url": "http://www.giantbomb.com/kane-lynch-2-dog-days/3030-26394/"
        },
        {
            "api_detail_url": "http://www.giantbomb.com/api/game/3030-21447/",
            "id": 21447,
            "name": "Kingdom Hearts: Birth by Sleep",
            "site_detail_url": "http://www.giantbomb.com/kingdom-hearts-birth-by-sleep/3030-21447/"
        },
        {
            "api_detail_url": "http://www.giantbomb.com/api/game/3030-30539/",
            "id": 30539,
            "name": "Naruto Shippuden: Ultimate Ninja Storm 2",
            "site_detail_url": "http://www.giantbomb.com/naruto-shippuden-ultimate-ninja-storm-2/3030-30539/"
        },
        {
            "api_detail_url": "http://www.giantbomb.com/api/game/3030-23796/",
            "id": 23796,
            "name": "Arcania: Gothic 4",
            "site_detail_url": "http://www.giantbomb.com/arcania-gothic-4/3030-23796/"
        },
        {
            "api_detail_url": "http://www.giantbomb.com/api/game/3030-31719/",
            "id": 31719,
            "name": "Sonic Free Riders",
            "site_detail_url": "http://www.giantbomb.com/sonic-free-riders/3030-31719/"
        },
        {
            "api_detail_url": "http://www.giantbomb.com/api/game/3030-26423/",
            "id": 26423,
            "name": "Call of Duty: Black Ops",
            "site_detail_url": "http://www.giantbomb.com/call-of-duty-black-ops/3030-26423/"
        },
        {
            "api_detail_url": "http://www.giantbomb.com/api/game/3030-32932/",
            "id": 32932,
            "name": "Naruto Shippuden: Dragon Blade Chronicles",
            "site_detail_url": "http://www.giantbomb.com/naruto-shippuden-dragon-blade-chronicles/3030-32932/"
        },
        {
            "api_detail_url": "http://www.giantbomb.com/api/game/3030-31428/",
            "id": 31428,
            "name": "Sonic Colors",
            "site_detail_url": "http://www.giantbomb.com/sonic-colors/3030-31428/"
        },
        {
            "api_detail_url": "http://www.giantbomb.com/api/game/3030-27916/",
            "id": 27916,
            "name": "Majin and the Forsaken Kingdom",
            "site_detail_url": "http://www.giantbomb.com/majin-and-the-forsaken-kingdom/3030-27916/"
        },
        {
            "api_detail_url": "http://www.giantbomb.com/api/game/3030-21110/",
            "id": 21110,
            "name": "DC Universe Online",
            "site_detail_url": "http://www.giantbomb.com/dc-universe-online/3030-21110/"
        },
        {
            "api_detail_url": "http://www.giantbomb.com/api/game/3030-32367/",
            "id": 32367,
            "name": "Catherine",
            "site_detail_url": "http://www.giantbomb.com/catherine/3030-32367/"
        },
        {
            "api_detail_url": "http://www.giantbomb.com/api/game/3030-32719/",
            "id": 32719,
            "name": "Dynasty Warriors 7",
            "site_detail_url": "http://www.giantbomb.com/dynasty-warriors-7/3030-32719/"
        },
        {
            "api_detail_url": "http://www.giantbomb.com/api/game/3030-32620/",
            "id": 32620,
            "name": "Section 8: Prejudice",
            "site_detail_url": "http://www.giantbomb.com/section-8-prejudice/3030-32620/"
        },
        {
            "api_detail_url": "http://www.giantbomb.com/api/game/3030-25726/",
            "id": 25726,
            "name": "Red Faction: Armageddon",
            "site_detail_url": "http://www.giantbomb.com/red-faction-armageddon/3030-25726/"
        },
        {
            "api_detail_url": "http://www.giantbomb.com/api/game/3030-32839/",
            "id": 32839,
            "name": "Dynasty Warriors: Gundam 3",
            "site_detail_url": "http://www.giantbomb.com/dynasty-warriors-gundam-3/3030-32839/"
        },
        {
            "api_detail_url": "http://www.giantbomb.com/api/game/3030-31810/",
            "id": 31810,
            "name": "Shin Megami Tensei: Devil Survivor Overclocked",
            "site_detail_url": "http://www.giantbomb.com/shin-megami-tensei-devil-survivor-overclocked/3030-31810/"
        },
        {
            "api_detail_url": "http://www.giantbomb.com/api/game/3030-32374/",
            "id": 32374,
            "name": "Might & Magic Heroes VI",
            "site_detail_url": "http://www.giantbomb.com/might-magic-heroes-vi/3030-32374/"
        },
        {
            "api_detail_url": "http://www.giantbomb.com/api/game/3030-35965/",
            "id": 35965,
            "name": "Naruto Shippuden: Ultimate Ninja Impact",
            "site_detail_url": "http://www.giantbomb.com/naruto-shippuden-ultimate-ninja-impact/3030-35965/"
        },
        {
            "api_detail_url": "http://www.giantbomb.com/api/game/3030-37432/",
            "id": 37432,
            "name": "Arcania: Fall of Setarrif",
            "site_detail_url": "http://www.giantbomb.com/arcania-fall-of-setarrif/3030-37432/"
        },
        {
            "api_detail_url": "http://www.giantbomb.com/api/game/3030-34833/",
            "id": 34833,
            "name": "Sonic Generations",
            "site_detail_url": "http://www.giantbomb.com/sonic-generations/3030-34833/"
        },
        {
            "api_detail_url": "http://www.giantbomb.com/api/game/3030-33394/",
            "id": 33394,
            "name": "The Elder Scrolls V: Skyrim",
            "site_detail_url": "http://www.giantbomb.com/the-elder-scrolls-v-skyrim/3030-33394/"
        },
        {
            "api_detail_url": "http://www.giantbomb.com/api/game/3030-36133/",
            "id": 36133,
            "name": "Dynasty Warriors 7: Xtreme Legends",
            "site_detail_url": "http://www.giantbomb.com/dynasty-warriors-7-xtreme-legends/3030-36133/"
        },
        {
            "api_detail_url": "http://www.giantbomb.com/api/game/3030-34986/",
            "id": 34986,
            "name": "Mario & Sonic at the London 2012 Olympic Games",
            "site_detail_url": "http://www.giantbomb.com/mario-sonic-at-the-london-2012-olympic-games/3030-34986/"
        },
        {
            "api_detail_url": "http://www.giantbomb.com/api/game/3030-31737/",
            "id": 31737,
            "name": "Resident Evil: Revelations",
            "site_detail_url": "http://www.giantbomb.com/resident-evil-revelations/3030-31737/"
        },
        {
            "api_detail_url": "http://www.giantbomb.com/api/game/3030-35161/",
            "id": 35161,
            "name": "Soulcalibur V",
            "site_detail_url": "http://www.giantbomb.com/soulcalibur-v/3030-35161/"
        },
        {
            "api_detail_url": "http://www.giantbomb.com/api/game/3030-33883/",
            "id": 33883,
            "name": "Final Fantasy XIII-2",
            "site_detail_url": "http://www.giantbomb.com/final-fantasy-xiii-2/3030-33883/"
        },
        {
            "api_detail_url": "http://www.giantbomb.com/api/game/3030-33304/",
            "id": 33304,
            "name": "Binary Domain",
            "site_detail_url": "http://www.giantbomb.com/binary-domain/3030-33304/"
        },
        {
            "api_detail_url": "http://www.giantbomb.com/api/game/3030-35816/",
            "id": 35816,
            "name": "Naruto Shippuden: Ultimate Ninja Storm Generations",
            "site_detail_url": "http://www.giantbomb.com/naruto-shippuden-ultimate-ninja-storm-generations/3030-35816/"
        },
        {
            "api_detail_url": "http://www.giantbomb.com/api/game/3030-35510/",
            "id": 35510,
            "name": "Silent Hill HD Collection",
            "site_detail_url": "http://www.giantbomb.com/silent-hill-hd-collection/3030-35510/"
        },
        {
            "api_detail_url": "http://www.giantbomb.com/api/game/3030-37440/",
            "id": 37440,
            "name": "Battleship",
            "site_detail_url": "http://www.giantbomb.com/battleship/3030-37440/"
        },
        {
            "api_detail_url": "http://www.giantbomb.com/api/game/3030-34776/",
            "id": 34776,
            "name": "Dragon's Dogma",
            "site_detail_url": "http://www.giantbomb.com/dragons-dogma/3030-34776/"
        },
        {
            "api_detail_url": "http://www.giantbomb.com/api/game/3030-32695/",
            "id": 32695,
            "name": "Steel Battalion: Heavy Armor",
            "site_detail_url": "http://www.giantbomb.com/steel-battalion-heavy-armor/3030-32695/"
        },
        {
            "api_detail_url": "http://www.giantbomb.com/api/game/3030-37273/",
            "id": 37273,
            "name": "Resident Evil 6",
            "site_detail_url": "http://www.giantbomb.com/resident-evil-6/3030-37273/"
        },
        {
            "api_detail_url": "http://www.giantbomb.com/api/game/3030-36721/",
            "id": 36721,
            "name": "Code of Princess",
            "site_detail_url": "http://www.giantbomb.com/code-of-princess/3030-36721/"
        },
        {
            "api_detail_url": "http://www.giantbomb.com/api/game/3030-39291/",
            "id": 39291,
            "name": "Cabela's Dangerous Hunts 2013",
            "site_detail_url": "http://www.giantbomb.com/cabelas-dangerous-hunts-2013/3030-39291/"
        },
        {
            "api_detail_url": "http://www.giantbomb.com/api/game/3030-38039/",
            "id": 38039,
            "name": "Call of Duty: Black Ops II",
            "site_detail_url": "http://www.giantbomb.com/call-of-duty-black-ops-ii/3030-38039/"
        },
        {
            "api_detail_url": "http://www.giantbomb.com/api/game/3030-38173/",
            "id": 38173,
            "name": "Sonic & All-Stars Racing Transformed",
            "site_detail_url": "http://www.giantbomb.com/sonic-all-stars-racing-transformed/3030-38173/"
        },
        {
            "api_detail_url": "http://www.giantbomb.com/api/game/3030-38694/",
            "id": 38694,
            "name": "Earth Defense Force 2017 Portable",
            "site_detail_url": "http://www.giantbomb.com/earth-defense-force-2017-portable/3030-38694/"
        },
        {
            "api_detail_url": "http://www.giantbomb.com/api/game/3030-38786/",
            "id": 38786,
            "name": "Naruto Shippuden: Ultimate Ninja Storm 3",
            "site_detail_url": "http://www.giantbomb.com/naruto-shippuden-ultimate-ninja-storm-3/3030-38786/"
        },
        {
            "api_detail_url": "http://www.giantbomb.com/api/game/3030-38481/",
            "id": 38481,
            "name": "Gears of War: Judgment",
            "site_detail_url": "http://www.giantbomb.com/gears-of-war-judgment/3030-38481/"
        },
        {
            "api_detail_url": "http://www.giantbomb.com/api/game/3030-36884/",
            "id": 36884,
            "name": "Saints Row IV",
            "site_detail_url": "http://www.giantbomb.com/saints-row-iv/3030-36884/"
        },
        {
            "api_detail_url": "http://www.giantbomb.com/api/game/3030-42655/",
            "id": 42655,
            "name": "Sonic Lost World",
            "site_detail_url": "http://www.giantbomb.com/sonic-lost-world/3030-42655/"
        },
        {
            "api_detail_url": "http://www.giantbomb.com/api/game/3030-40313/",
            "id": 40313,
            "name": "Dynasty Warriors 8",
            "site_detail_url": "http://www.giantbomb.com/dynasty-warriors-8/3030-40313/"
        },
        {
            "api_detail_url": "http://www.giantbomb.com/api/game/3030-42658/",
            "id": 42658,
            "name": "Mario & Sonic at the Sochi 2014 Winter Olympic Games",
            "site_detail_url": "http://www.giantbomb.com/mario-sonic-at-the-sochi-2014-winter-olympic-games/3030-42658/"
        },
        {
            "api_detail_url": "http://www.giantbomb.com/api/game/3030-37881/",
            "id": 37881,
            "name": "Killer is Dead",
            "site_detail_url": "http://www.giantbomb.com/killer-is-dead/3030-37881/"
        },
        {
            "api_detail_url": "http://www.giantbomb.com/api/game/3030-42599/",
            "id": 42599,
            "name": "Dead or Alive 5 Ultimate",
            "site_detail_url": "http://www.giantbomb.com/dead-or-alive-5-ultimate/3030-42599/"
        },
        {
            "api_detail_url": "http://www.giantbomb.com/api/game/3030-36412/",
            "id": 36412,
            "name": "Dead or Alive 5",
            "site_detail_url": "http://www.giantbomb.com/dead-or-alive-5/3030-36412/"
        },
        {
            "api_detail_url": "http://www.giantbomb.com/api/game/3030-35573/",
            "id": 35573,
            "name": "Super Smash Bros. for Wii U/Nintendo 3DS",
            "site_detail_url": "http://www.giantbomb.com/super-smash-bros-for-wii-u-nintendo-3ds/3030-35573/"
        },
        {
            "api_detail_url": "http://www.giantbomb.com/api/game/3030-45349/",
            "id": 45349,
            "name": "Sonic Boom: Rise of Lyric",
            "site_detail_url": "http://www.giantbomb.com/sonic-boom-rise-of-lyric/3030-45349/"
        },
        {
            "api_detail_url": "http://www.giantbomb.com/api/game/3030-42679/",
            "id": 42679,
            "name": "Guilty Gear Xrd -SIGN-",
            "site_detail_url": "http://www.giantbomb.com/guilty-gear-xrd-sign/3030-42679/"
        },
        {
            "api_detail_url": "http://www.giantbomb.com/api/game/3030-46482/",
            "id": 46482,
            "name": "Sonic Boom: Shattered Crystal",
            "site_detail_url": "http://www.giantbomb.com/sonic-boom-shattered-crystal/3030-46482/"
        },
        {
            "api_detail_url": "http://www.giantbomb.com/api/game/3030-47854/",
            "id": 47854,
            "name": "Final Fantasy Type-0 HD",
            "site_detail_url": "http://www.giantbomb.com/final-fantasy-type0-hd/3030-47854/"
        },
        {
            "api_detail_url": "http://www.giantbomb.com/api/game/3030-28253/",
            "id": 28253,
            "name": "Arcade Zone",
            "site_detail_url": "http://www.giantbomb.com/arcade-zone/3030-28253/"
        }
    ],
    "gender": 1,
    "hometown": null,
    "id": 49471,
    "name": "Kirk Thornton",
    "people": []
}