{
    "birth_date": null,
    "country": null,
    "death_date": null,
    "deck": null,
    "first_credited_game": {
        "api_detail_url": "http://www.giantbomb.com/api/game/3030-20328/",
        "id": 20328,
        "name": "SkyNET"
    },
    "games": [
        {
            "api_detail_url": "http://www.giantbomb.com/api/game/3030-20238/",
            "id": 20238,
            "name": "The Elder Scrolls IV: Oblivion",
            "site_detail_url": "http://www.giantbomb.com/the-elder-scrolls-iv-oblivion/3030-20238/"
        },
        {
            "api_detail_url": "http://www.giantbomb.com/api/game/3030-1129/",
            "id": 1129,
            "name": "The Elder Scrolls II: Daggerfall",
            "site_detail_url": "http://www.giantbomb.com/the-elder-scrolls-ii-daggerfall/3030-1129/"
        },
        {
            "api_detail_url": "http://www.giantbomb.com/api/game/3030-20504/",
            "id": 20504,
            "name": "Fallout 3",
            "site_detail_url": "http://www.giantbomb.com/fallout-3/3030-20504/"
        },
        {
            "api_detail_url": "http://www.giantbomb.com/api/game/3030-17686/",
            "id": 17686,
            "name": "The Lord of the Rings: The Return of the King",
            "site_detail_url": "http://www.giantbomb.com/the-lord-of-the-rings-the-return-of-the-king/3030-17686/"
        },
        {
            "api_detail_url": "http://www.giantbomb.com/api/game/3030-3159/",
            "id": 3159,
            "name": "Nightcaster: Defeat the Darkness",
            "site_detail_url": "http://www.giantbomb.com/nightcaster-defeat-the-darkness/3030-3159/"
        },
        {
            "api_detail_url": "http://www.giantbomb.com/api/game/3030-642/",
            "id": 642,
            "name": "The Elder Scrolls Adventures: Redguard",
            "site_detail_url": "http://www.giantbomb.com/the-elder-scrolls-adventures-redguard/3030-642/"
        },
        {
            "api_detail_url": "http://www.giantbomb.com/api/game/3030-20328/",
            "id": 20328,
            "name": "SkyNET",
            "site_detail_url": "http://www.giantbomb.com/skynet/3030-20328/"
        }
    ],
    "gender": 1,
    "hometown": null,
    "id": 57235,
    "name": "Kurt Kuhlmann",
    "people": []
}