{
    "birth_date": "1954-10-31",
    "country": "USA",
    "death_date": null,
    "deck": "Lani Minella is a famous voice actress for Anime and Video Games. Her voice is in over 500 video games to date.  Her company is Audiogodz Inc doing game casting, directing, VOs and writing since '92.",
    "first_credited_game": {
        "api_detail_url": "http://www.giantbomb.com/api/game/3030-7815/",
        "id": 7815,
        "name": "Knights of Xentar"
    },
    "games": [
        {
            "api_detail_url": "http://www.giantbomb.com/api/game/3030-17746/",
            "id": 17746,
            "name": "Shadow Warrior",
            "site_detail_url": "http://www.giantbomb.com/shadow-warrior/3030-17746/"
        },
        {
            "api_detail_url": "http://www.giantbomb.com/api/game/3030-14489/",
            "id": 14489,
            "name": "Fire Emblem: Radiant Dawn",
            "site_detail_url": "http://www.giantbomb.com/fire-emblem-radiant-dawn/3030-14489/"
        },
        {
            "api_detail_url": "http://www.giantbomb.com/api/game/3030-18898/",
            "id": 18898,
            "name": "D2",
            "site_detail_url": "http://www.giantbomb.com/d2/3030-18898/"
        },
        {
            "api_detail_url": "http://www.giantbomb.com/api/game/3030-15580/",
            "id": 15580,
            "name": "Bubsy 3D",
            "site_detail_url": "http://www.giantbomb.com/bubsy-3d/3030-15580/"
        },
        {
            "api_detail_url": "http://www.giantbomb.com/api/game/3030-890/",
            "id": 890,
            "name": "Devil May Cry 3: Dante's Awakening",
            "site_detail_url": "http://www.giantbomb.com/devil-may-cry-3-dantes-awakening/3030-890/"
        },
        {
            "api_detail_url": "http://www.giantbomb.com/api/game/3030-17050/",
            "id": 17050,
            "name": "Leisure Suit Larry: Magna Cum Laude",
            "site_detail_url": "http://www.giantbomb.com/leisure-suit-larry-magna-cum-laude/3030-17050/"
        },
        {
            "api_detail_url": "http://www.giantbomb.com/api/game/3030-13286/",
            "id": 13286,
            "name": "Unreal Tournament 2004",
            "site_detail_url": "http://www.giantbomb.com/unreal-tournament-2004/3030-13286/"
        },
        {
            "api_detail_url": "http://www.giantbomb.com/api/game/3030-14073/",
            "id": 14073,
            "name": "Warcraft III: The Frozen Throne",
            "site_detail_url": "http://www.giantbomb.com/warcraft-iii-the-frozen-throne/3030-14073/"
        },
        {
            "api_detail_url": "http://www.giantbomb.com/api/game/3030-14365/",
            "id": 14365,
            "name": "Evil Dead: Hail to the King",
            "site_detail_url": "http://www.giantbomb.com/evil-dead-hail-to-the-king/3030-14365/"
        },
        {
            "api_detail_url": "http://www.giantbomb.com/api/game/3030-19345/",
            "id": 19345,
            "name": "Die Hard Trilogy",
            "site_detail_url": "http://www.giantbomb.com/die-hard-trilogy/3030-19345/"
        },
        {
            "api_detail_url": "http://www.giantbomb.com/api/game/3030-8941/",
            "id": 8941,
            "name": "Die Hard Trilogy 2: Viva Las Vegas",
            "site_detail_url": "http://www.giantbomb.com/die-hard-trilogy-2-viva-las-vegas/3030-8941/"
        },
        {
            "api_detail_url": "http://www.giantbomb.com/api/game/3030-21183/",
            "id": 21183,
            "name": "Blue Stinger",
            "site_detail_url": "http://www.giantbomb.com/blue-stinger/3030-21183/"
        },
        {
            "api_detail_url": "http://www.giantbomb.com/api/game/3030-4172/",
            "id": 4172,
            "name": "The Next Tetris",
            "site_detail_url": "http://www.giantbomb.com/the-next-tetris/3030-4172/"
        },
        {
            "api_detail_url": "http://www.giantbomb.com/api/game/3030-2819/",
            "id": 2819,
            "name": "Sonic Shuffle",
            "site_detail_url": "http://www.giantbomb.com/sonic-shuffle/3030-2819/"
        },
        {
            "api_detail_url": "http://www.giantbomb.com/api/game/3030-3407/",
            "id": 3407,
            "name": "Duke Nukem 3D",
            "site_detail_url": "http://www.giantbomb.com/duke-nukem-3d/3030-3407/"
        },
        {
            "api_detail_url": "http://www.giantbomb.com/api/game/3030-5495/",
            "id": 5495,
            "name": "Persona 2: Eternal Punishment",
            "site_detail_url": "http://www.giantbomb.com/persona-2-eternal-punishment/3030-5495/"
        },
        {
            "api_detail_url": "http://www.giantbomb.com/api/game/3030-10173/",
            "id": 10173,
            "name": "Twisted Metal 4",
            "site_detail_url": "http://www.giantbomb.com/twisted-metal-4/3030-10173/"
        },
        {
            "api_detail_url": "http://www.giantbomb.com/api/game/3030-6614/",
            "id": 6614,
            "name": "Duke Nukem: Land of the Babes",
            "site_detail_url": "http://www.giantbomb.com/duke-nukem-land-of-the-babes/3030-6614/"
        },
        {
            "api_detail_url": "http://www.giantbomb.com/api/game/3030-126/",
            "id": 126,
            "name": "Illbleed",
            "site_detail_url": "http://www.giantbomb.com/illbleed/3030-126/"
        },
        {
            "api_detail_url": "http://www.giantbomb.com/api/game/3030-6654/",
            "id": 6654,
            "name": "Duke Nukem: Time to Kill",
            "site_detail_url": "http://www.giantbomb.com/duke-nukem-time-to-kill/3030-6654/"
        },
        {
            "api_detail_url": "http://www.giantbomb.com/api/game/3030-13062/",
            "id": 13062,
            "name": "StarCraft",
            "site_detail_url": "http://www.giantbomb.com/starcraft/3030-13062/"
        },
        {
            "api_detail_url": "http://www.giantbomb.com/api/game/3030-6845/",
            "id": 6845,
            "name": "Sonic Adventure 2: Battle",
            "site_detail_url": "http://www.giantbomb.com/sonic-adventure-2-battle/3030-6845/"
        },
        {
            "api_detail_url": "http://www.giantbomb.com/api/game/3030-6338/",
            "id": 6338,
            "name": "TimeShift",
            "site_detail_url": "http://www.giantbomb.com/timeshift/3030-6338/"
        },
        {
            "api_detail_url": "http://www.giantbomb.com/api/game/3030-18678/",
            "id": 18678,
            "name": "Call of Cthulhu: Dark Corners of the Earth",
            "site_detail_url": "http://www.giantbomb.com/call-of-cthulhu-dark-corners-of-the-earth/3030-18678/"
        },
        {
            "api_detail_url": "http://www.giantbomb.com/api/game/3030-15675/",
            "id": 15675,
            "name": "Go! Go! Hypergrind",
            "site_detail_url": "http://www.giantbomb.com/go-go-hypergrind/3030-15675/"
        },
        {
            "api_detail_url": "http://www.giantbomb.com/api/game/3030-16197/",
            "id": 16197,
            "name": "The Sims: House Party",
            "site_detail_url": "http://www.giantbomb.com/the-sims-house-party/3030-16197/"
        },
        {
            "api_detail_url": "http://www.giantbomb.com/api/game/3030-17017/",
            "id": 17017,
            "name": "Alien Resurrection",
            "site_detail_url": "http://www.giantbomb.com/alien-resurrection/3030-17017/"
        },
        {
            "api_detail_url": "http://www.giantbomb.com/api/game/3030-11259/",
            "id": 11259,
            "name": "BoomBots",
            "site_detail_url": "http://www.giantbomb.com/boombots/3030-11259/"
        },
        {
            "api_detail_url": "http://www.giantbomb.com/api/game/3030-18694/",
            "id": 18694,
            "name": "40 Winks",
            "site_detail_url": "http://www.giantbomb.com/40-winks/3030-18694/"
        },
        {
            "api_detail_url": "http://www.giantbomb.com/api/game/3030-2025/",
            "id": 2025,
            "name": "Revenant",
            "site_detail_url": "http://www.giantbomb.com/revenant/3030-2025/"
        },
        {
            "api_detail_url": "http://www.giantbomb.com/api/game/3030-5633/",
            "id": 5633,
            "name": "Reelect JFK",
            "site_detail_url": "http://www.giantbomb.com/reelect-jfk/3030-5633/"
        },
        {
            "api_detail_url": "http://www.giantbomb.com/api/game/3030-7371/",
            "id": 7371,
            "name": "Starwinder: The Ultimate Space Race",
            "site_detail_url": "http://www.giantbomb.com/starwinder-the-ultimate-space-race/3030-7371/"
        },
        {
            "api_detail_url": "http://www.giantbomb.com/api/game/3030-5985/",
            "id": 5985,
            "name": "Diablo",
            "site_detail_url": "http://www.giantbomb.com/diablo/3030-5985/"
        },
        {
            "api_detail_url": "http://www.giantbomb.com/api/game/3030-14981/",
            "id": 14981,
            "name": "Star Trek: Generations",
            "site_detail_url": "http://www.giantbomb.com/star-trek-generations/3030-14981/"
        },
        {
            "api_detail_url": "http://www.giantbomb.com/api/game/3030-11471/",
            "id": 11471,
            "name": "Obsidian",
            "site_detail_url": "http://www.giantbomb.com/obsidian/3030-11471/"
        },
        {
            "api_detail_url": "http://www.giantbomb.com/api/game/3030-3603/",
            "id": 3603,
            "name": "Duckman: The Legend of the Fall",
            "site_detail_url": "http://www.giantbomb.com/duckman-the-legend-of-the-fall/3030-3603/"
        },
        {
            "api_detail_url": "http://www.giantbomb.com/api/game/3030-14194/",
            "id": 14194,
            "name": "Men in Black: The Game",
            "site_detail_url": "http://www.giantbomb.com/men-in-black-the-game/3030-14194/"
        },
        {
            "api_detail_url": "http://www.giantbomb.com/api/game/3030-16879/",
            "id": 16879,
            "name": "Bomberman World",
            "site_detail_url": "http://www.giantbomb.com/bomberman-world/3030-16879/"
        },
        {
            "api_detail_url": "http://www.giantbomb.com/api/game/3030-8698/",
            "id": 8698,
            "name": "Tail Concerto",
            "site_detail_url": "http://www.giantbomb.com/tail-concerto/3030-8698/"
        },
        {
            "api_detail_url": "http://www.giantbomb.com/api/game/3030-9774/",
            "id": 9774,
            "name": "Extreme-G 2",
            "site_detail_url": "http://www.giantbomb.com/extreme-g-2/3030-9774/"
        },
        {
            "api_detail_url": "http://www.giantbomb.com/api/game/3030-2288/",
            "id": 2288,
            "name": "Blood II: The Chosen",
            "site_detail_url": "http://www.giantbomb.com/blood-ii-the-chosen/3030-2288/"
        },
        {
            "api_detail_url": "http://www.giantbomb.com/api/game/3030-20280/",
            "id": 20280,
            "name": "Nancy Drew: Secrets Can Kill",
            "site_detail_url": "http://www.giantbomb.com/nancy-drew-secrets-can-kill/3030-20280/"
        },
        {
            "api_detail_url": "http://www.giantbomb.com/api/game/3030-19187/",
            "id": 19187,
            "name": "Nancy Drew: Stay Tuned for Danger",
            "site_detail_url": "http://www.giantbomb.com/nancy-drew-stay-tuned-for-danger/3030-19187/"
        },
        {
            "api_detail_url": "http://www.giantbomb.com/api/game/3030-2438/",
            "id": 2438,
            "name": "Nancy Drew: Message in a Haunted Mansion",
            "site_detail_url": "http://www.giantbomb.com/nancy-drew-message-in-a-haunted-mansion/3030-2438/"
        },
        {
            "api_detail_url": "http://www.giantbomb.com/api/game/3030-19223/",
            "id": 19223,
            "name": "Nancy Drew: Treasure in the Royal Tower",
            "site_detail_url": "http://www.giantbomb.com/nancy-drew-treasure-in-the-royal-tower/3030-19223/"
        },
        {
            "api_detail_url": "http://www.giantbomb.com/api/game/3030-60/",
            "id": 60,
            "name": "Nancy Drew: The Final Scene",
            "site_detail_url": "http://www.giantbomb.com/nancy-drew-the-final-scene/3030-60/"
        },
        {
            "api_detail_url": "http://www.giantbomb.com/api/game/3030-18960/",
            "id": 18960,
            "name": "Nancy Drew: Ghost Dogs of Moon Lake",
            "site_detail_url": "http://www.giantbomb.com/nancy-drew-ghost-dogs-of-moon-lake/3030-18960/"
        },
        {
            "api_detail_url": "http://www.giantbomb.com/api/game/3030-19601/",
            "id": 19601,
            "name": "Nancy Drew: The Secret of the Scarlet Hand",
            "site_detail_url": "http://www.giantbomb.com/nancy-drew-the-secret-of-the-scarlet-hand/3030-19601/"
        },
        {
            "api_detail_url": "http://www.giantbomb.com/api/game/3030-8516/",
            "id": 8516,
            "name": "Nancy Drew: The Haunted Carousel",
            "site_detail_url": "http://www.giantbomb.com/nancy-drew-the-haunted-carousel/3030-8516/"
        },
        {
            "api_detail_url": "http://www.giantbomb.com/api/game/3030-19004/",
            "id": 19004,
            "name": "Nancy Drew: Danger on Deception Island",
            "site_detail_url": "http://www.giantbomb.com/nancy-drew-danger-on-deception-island/3030-19004/"
        },
        {
            "api_detail_url": "http://www.giantbomb.com/api/game/3030-3336/",
            "id": 3336,
            "name": "Nancy Drew: The Secret of Shadow Ranch",
            "site_detail_url": "http://www.giantbomb.com/nancy-drew-the-secret-of-shadow-ranch/3030-3336/"
        },
        {
            "api_detail_url": "http://www.giantbomb.com/api/game/3030-17878/",
            "id": 17878,
            "name": "Nancy Drew: Curse of Blackmoor Manor",
            "site_detail_url": "http://www.giantbomb.com/nancy-drew-curse-of-blackmoor-manor/3030-17878/"
        },
        {
            "api_detail_url": "http://www.giantbomb.com/api/game/3030-15904/",
            "id": 15904,
            "name": "Nancy Drew: Secret of the Old Clock",
            "site_detail_url": "http://www.giantbomb.com/nancy-drew-secret-of-the-old-clock/3030-15904/"
        },
        {
            "api_detail_url": "http://www.giantbomb.com/api/game/3030-16040/",
            "id": 16040,
            "name": "Nancy Drew: Last Train to Blue Moon Canyon",
            "site_detail_url": "http://www.giantbomb.com/nancy-drew-last-train-to-blue-moon-canyon/3030-16040/"
        },
        {
            "api_detail_url": "http://www.giantbomb.com/api/game/3030-7911/",
            "id": 7911,
            "name": "Nancy Drew: Danger by Design",
            "site_detail_url": "http://www.giantbomb.com/nancy-drew-danger-by-design/3030-7911/"
        },
        {
            "api_detail_url": "http://www.giantbomb.com/api/game/3030-12583/",
            "id": 12583,
            "name": "Nancy Drew: The Creature of Kapu Cave",
            "site_detail_url": "http://www.giantbomb.com/nancy-drew-the-creature-of-kapu-cave/3030-12583/"
        },
        {
            "api_detail_url": "http://www.giantbomb.com/api/game/3030-895/",
            "id": 895,
            "name": "Nancy Drew: The White Wolf of Icicle Creek",
            "site_detail_url": "http://www.giantbomb.com/nancy-drew-the-white-wolf-of-icicle-creek/3030-895/"
        },
        {
            "api_detail_url": "http://www.giantbomb.com/api/game/3030-2539/",
            "id": 2539,
            "name": "Nancy Drew: Legend of the Crystal Skull",
            "site_detail_url": "http://www.giantbomb.com/nancy-drew-legend-of-the-crystal-skull/3030-2539/"
        },
        {
            "api_detail_url": "http://www.giantbomb.com/api/game/3030-20476/",
            "id": 20476,
            "name": "America's Army: True Soldiers",
            "site_detail_url": "http://www.giantbomb.com/americas-army-true-soldiers/3030-20476/"
        },
        {
            "api_detail_url": "http://www.giantbomb.com/api/game/3030-6867/",
            "id": 6867,
            "name": "Richard Garriott's Tabula Rasa",
            "site_detail_url": "http://www.giantbomb.com/richard-garriotts-tabula-rasa/3030-6867/"
        },
        {
            "api_detail_url": "http://www.giantbomb.com/api/game/3030-20588/",
            "id": 20588,
            "name": "Super Smash Bros. Brawl",
            "site_detail_url": "http://www.giantbomb.com/super-smash-bros-brawl/3030-20588/"
        },
        {
            "api_detail_url": "http://www.giantbomb.com/api/game/3030-3346/",
            "id": 3346,
            "name": "Penumbra: Black Plague",
            "site_detail_url": "http://www.giantbomb.com/penumbra-black-plague/3030-3346/"
        },
        {
            "api_detail_url": "http://www.giantbomb.com/api/game/3030-12014/",
            "id": 12014,
            "name": "Evil Zone",
            "site_detail_url": "http://www.giantbomb.com/evil-zone/3030-12014/"
        },
        {
            "api_detail_url": "http://www.giantbomb.com/api/game/3030-6107/",
            "id": 6107,
            "name": "Drakan: Order of the Flame",
            "site_detail_url": "http://www.giantbomb.com/drakan-order-of-the-flame/3030-6107/"
        },
        {
            "api_detail_url": "http://www.giantbomb.com/api/game/3030-18860/",
            "id": 18860,
            "name": "The Mummy",
            "site_detail_url": "http://www.giantbomb.com/the-mummy/3030-18860/"
        },
        {
            "api_detail_url": "http://www.giantbomb.com/api/game/3030-13991/",
            "id": 13991,
            "name": "Gauntlet: Dark Legacy",
            "site_detail_url": "http://www.giantbomb.com/gauntlet-dark-legacy/3030-13991/"
        },
        {
            "api_detail_url": "http://www.giantbomb.com/api/game/3030-15589/",
            "id": 15589,
            "name": "Diablo II: Lord of Destruction",
            "site_detail_url": "http://www.giantbomb.com/diablo-ii-lord-of-destruction/3030-15589/"
        },
        {
            "api_detail_url": "http://www.giantbomb.com/api/game/3030-3075/",
            "id": 3075,
            "name": "Frogger: The Great Quest",
            "site_detail_url": "http://www.giantbomb.com/frogger-the-great-quest/3030-3075/"
        },
        {
            "api_detail_url": "http://www.giantbomb.com/api/game/3030-18828/",
            "id": 18828,
            "name": "Unreal Tournament 2003",
            "site_detail_url": "http://www.giantbomb.com/unreal-tournament-2003/3030-18828/"
        },
        {
            "api_detail_url": "http://www.giantbomb.com/api/game/3030-15330/",
            "id": 15330,
            "name": "Tony Tough and the Night of Roasted Moths",
            "site_detail_url": "http://www.giantbomb.com/tony-tough-and-the-night-of-roasted-moths/3030-15330/"
        },
        {
            "api_detail_url": "http://www.giantbomb.com/api/game/3030-3159/",
            "id": 3159,
            "name": "Nightcaster: Defeat the Darkness",
            "site_detail_url": "http://www.giantbomb.com/nightcaster-defeat-the-darkness/3030-3159/"
        },
        {
            "api_detail_url": "http://www.giantbomb.com/api/game/3030-1014/",
            "id": 1014,
            "name": "Runaway: A Road Adventure",
            "site_detail_url": "http://www.giantbomb.com/runaway-a-road-adventure/3030-1014/"
        },
        {
            "api_detail_url": "http://www.giantbomb.com/api/game/3030-8035/",
            "id": 8035,
            "name": "Dr. Muto",
            "site_detail_url": "http://www.giantbomb.com/dr-muto/3030-8035/"
        },
        {
            "api_detail_url": "http://www.giantbomb.com/api/game/3030-14656/",
            "id": 14656,
            "name": "EverQuest: The Legacy of Ykesha",
            "site_detail_url": "http://www.giantbomb.com/everquest-the-legacy-of-ykesha/3030-14656/"
        },
        {
            "api_detail_url": "http://www.giantbomb.com/api/game/3030-10099/",
            "id": 10099,
            "name": "Shadowbane",
            "site_detail_url": "http://www.giantbomb.com/shadowbane/3030-10099/"
        },
        {
            "api_detail_url": "http://www.giantbomb.com/api/game/3030-8979/",
            "id": 8979,
            "name": "EverQuest: Lost Dungeons of Norrath",
            "site_detail_url": "http://www.giantbomb.com/everquest-lost-dungeons-of-norrath/3030-8979/"
        },
        {
            "api_detail_url": "http://www.giantbomb.com/api/game/3030-522/",
            "id": 522,
            "name": "Worms 3D",
            "site_detail_url": "http://www.giantbomb.com/worms-3d/3030-522/"
        },
        {
            "api_detail_url": "http://www.giantbomb.com/api/game/3030-9985/",
            "id": 9985,
            "name": "Sonic Battle",
            "site_detail_url": "http://www.giantbomb.com/sonic-battle/3030-9985/"
        },
        {
            "api_detail_url": "http://www.giantbomb.com/api/game/3030-9523/",
            "id": 9523,
            "name": "Sonic Heroes",
            "site_detail_url": "http://www.giantbomb.com/sonic-heroes/3030-9523/"
        },
        {
            "api_detail_url": "http://www.giantbomb.com/api/game/3030-12034/",
            "id": 12034,
            "name": "Iron Phoenix",
            "site_detail_url": "http://www.giantbomb.com/iron-phoenix/3030-12034/"
        },
        {
            "api_detail_url": "http://www.giantbomb.com/api/game/3030-1492/",
            "id": 1492,
            "name": "Tony Hawk's Underground 2",
            "site_detail_url": "http://www.giantbomb.com/tony-hawks-underground-2/3030-1492/"
        },
        {
            "api_detail_url": "http://www.giantbomb.com/api/game/3030-12100/",
            "id": 12100,
            "name": "Gangland",
            "site_detail_url": "http://www.giantbomb.com/gangland/3030-12100/"
        },
        {
            "api_detail_url": "http://www.giantbomb.com/api/game/3030-21254/",
            "id": 21254,
            "name": "Major League Baseball 2K5",
            "site_detail_url": "http://www.giantbomb.com/major-league-baseball-2k5/3030-21254/"
        },
        {
            "api_detail_url": "http://www.giantbomb.com/api/game/3030-18926/",
            "id": 18926,
            "name": "Malice",
            "site_detail_url": "http://www.giantbomb.com/malice/3030-18926/"
        },
        {
            "api_detail_url": "http://www.giantbomb.com/api/game/3030-13159/",
            "id": 13159,
            "name": "Duel Masters Kaijudo Showdown",
            "site_detail_url": "http://www.giantbomb.com/duel-masters-kaijudo-showdown/3030-13159/"
        },
        {
            "api_detail_url": "http://www.giantbomb.com/api/game/3030-2789/",
            "id": 2789,
            "name": "Duel Masters: Limited Edition",
            "site_detail_url": "http://www.giantbomb.com/duel-masters-limited-edition/3030-2789/"
        },
        {
            "api_detail_url": "http://www.giantbomb.com/api/game/3030-11999/",
            "id": 11999,
            "name": "Worms Forts: Under Siege",
            "site_detail_url": "http://www.giantbomb.com/worms-forts-under-siege/3030-11999/"
        },
        {
            "api_detail_url": "http://www.giantbomb.com/api/game/3030-14565/",
            "id": 14565,
            "name": "Dungeon Lords",
            "site_detail_url": "http://www.giantbomb.com/dungeon-lords/3030-14565/"
        },
        {
            "api_detail_url": "http://www.giantbomb.com/api/game/3030-14292/",
            "id": 14292,
            "name": "Unreal Championship 2: The Liandri Conflict",
            "site_detail_url": "http://www.giantbomb.com/unreal-championship-2-the-liandri-conflict/3030-14292/"
        },
        {
            "api_detail_url": "http://www.giantbomb.com/api/game/3030-9290/",
            "id": 9290,
            "name": "Advent Rising",
            "site_detail_url": "http://www.giantbomb.com/advent-rising/3030-9290/"
        },
        {
            "api_detail_url": "http://www.giantbomb.com/api/game/3030-2978/",
            "id": 2978,
            "name": "Cold War",
            "site_detail_url": "http://www.giantbomb.com/cold-war/3030-2978/"
        },
        {
            "api_detail_url": "http://www.giantbomb.com/api/game/3030-1393/",
            "id": 1393,
            "name": "Toontown Online",
            "site_detail_url": "http://www.giantbomb.com/toontown-online/3030-1393/"
        },
        {
            "api_detail_url": "http://www.giantbomb.com/api/game/3030-16030/",
            "id": 16030,
            "name": "High Seize",
            "site_detail_url": "http://www.giantbomb.com/high-seize/3030-16030/"
        },
        {
            "api_detail_url": "http://www.giantbomb.com/api/game/3030-9855/",
            "id": 9855,
            "name": "Soulcalibur III",
            "site_detail_url": "http://www.giantbomb.com/soulcalibur-iii/3030-9855/"
        },
        {
            "api_detail_url": "http://www.giantbomb.com/api/game/3030-16449/",
            "id": 16449,
            "name": "Gauntlet: Seven Sorrows",
            "site_detail_url": "http://www.giantbomb.com/gauntlet-seven-sorrows/3030-16449/"
        },
        {
            "api_detail_url": "http://www.giantbomb.com/api/game/3030-12365/",
            "id": 12365,
            "name": "State of Emergency 2",
            "site_detail_url": "http://www.giantbomb.com/state-of-emergency-2/3030-12365/"
        },
        {
            "api_detail_url": "http://www.giantbomb.com/api/game/3030-4867/",
            "id": 4867,
            "name": "The Lord of the Rings: The Battle for Middle-earth II",
            "site_detail_url": "http://www.giantbomb.com/the-lord-of-the-rings-the-battle-for-middle-earth-/3030-4867/"
        },
        {
            "api_detail_url": "http://www.giantbomb.com/api/game/3030-6447/",
            "id": 6447,
            "name": "The Lord of the Rings: The Battle for Middle-earth II - The Rise of the Witch-King",
            "site_detail_url": "http://www.giantbomb.com/the-lord-of-the-rings-the-battle-for-middle-earth-/3030-6447/"
        },
        {
            "api_detail_url": "http://www.giantbomb.com/api/game/3030-11188/",
            "id": 11188,
            "name": "Kao the Kangaroo Round 2",
            "site_detail_url": "http://www.giantbomb.com/kao-the-kangaroo-round-2/3030-11188/"
        },
        {
            "api_detail_url": "http://www.giantbomb.com/api/game/3030-11583/",
            "id": 11583,
            "name": "SpellForce 2: Shadow Wars",
            "site_detail_url": "http://www.giantbomb.com/spellforce-2-shadow-wars/3030-11583/"
        },
        {
            "api_detail_url": "http://www.giantbomb.com/api/game/3030-19170/",
            "id": 19170,
            "name": "Caesar IV",
            "site_detail_url": "http://www.giantbomb.com/caesar-iv/3030-19170/"
        },
        {
            "api_detail_url": "http://www.giantbomb.com/api/game/3030-11221/",
            "id": 11221,
            "name": "Runaway 2: The Dream of the Turtle",
            "site_detail_url": "http://www.giantbomb.com/runaway-2-the-dream-of-the-turtle/3030-11221/"
        },
        {
            "api_detail_url": "http://www.giantbomb.com/api/game/3030-16008/",
            "id": 16008,
            "name": "Maken X",
            "site_detail_url": "http://www.giantbomb.com/maken-x/3030-16008/"
        },
        {
            "api_detail_url": "http://www.giantbomb.com/api/game/3030-19407/",
            "id": 19407,
            "name": "Kingdom O' Magic",
            "site_detail_url": "http://www.giantbomb.com/kingdom-o-magic/3030-19407/"
        },
        {
            "api_detail_url": "http://www.giantbomb.com/api/game/3030-7815/",
            "id": 7815,
            "name": "Knights of Xentar",
            "site_detail_url": "http://www.giantbomb.com/knights-of-xentar/3030-7815/"
        },
        {
            "api_detail_url": "http://www.giantbomb.com/api/game/3030-9203/",
            "id": 9203,
            "name": "Shadowgrounds",
            "site_detail_url": "http://www.giantbomb.com/shadowgrounds/3030-9203/"
        },
        {
            "api_detail_url": "http://www.giantbomb.com/api/game/3030-13705/",
            "id": 13705,
            "name": "Sonic Advance 3",
            "site_detail_url": "http://www.giantbomb.com/sonic-advance-3/3030-13705/"
        },
        {
            "api_detail_url": "http://www.giantbomb.com/api/game/3030-18062/",
            "id": 18062,
            "name": "Snowboard Kids",
            "site_detail_url": "http://www.giantbomb.com/snowboard-kids/3030-18062/"
        },
        {
            "api_detail_url": "http://www.giantbomb.com/api/game/3030-13158/",
            "id": 13158,
            "name": "Sonic Adventure DX: Director's Cut",
            "site_detail_url": "http://www.giantbomb.com/sonic-adventure-dx-directors-cut/3030-13158/"
        },
        {
            "api_detail_url": "http://www.giantbomb.com/api/game/3030-5352/",
            "id": 5352,
            "name": "Zephyr",
            "site_detail_url": "http://www.giantbomb.com/zephyr/3030-5352/"
        },
        {
            "api_detail_url": "http://www.giantbomb.com/api/game/3030-3293/",
            "id": 3293,
            "name": "Power Dolls",
            "site_detail_url": "http://www.giantbomb.com/power-dolls/3030-3293/"
        },
        {
            "api_detail_url": "http://www.giantbomb.com/api/game/3030-11692/",
            "id": 11692,
            "name": "Renegade: The Battle for Jacob's Star",
            "site_detail_url": "http://www.giantbomb.com/renegade-the-battle-for-jacobs-star/3030-11692/"
        },
        {
            "api_detail_url": "http://www.giantbomb.com/api/game/3030-16225/",
            "id": 16225,
            "name": "The Hive",
            "site_detail_url": "http://www.giantbomb.com/the-hive/3030-16225/"
        },
        {
            "api_detail_url": "http://www.giantbomb.com/api/game/3030-13758/",
            "id": 13758,
            "name": "Astal",
            "site_detail_url": "http://www.giantbomb.com/astal/3030-13758/"
        },
        {
            "api_detail_url": "http://www.giantbomb.com/api/game/3030-21559/",
            "id": 21559,
            "name": "Marvel Ultimate Alliance 2",
            "site_detail_url": "http://www.giantbomb.com/marvel-ultimate-alliance-2/3030-21559/"
        },
        {
            "api_detail_url": "http://www.giantbomb.com/api/game/3030-3255/",
            "id": 3255,
            "name": "Nancy Drew 75th Anniversary Edition",
            "site_detail_url": "http://www.giantbomb.com/nancy-drew-75th-anniversary-edition/3030-3255/"
        },
        {
            "api_detail_url": "http://www.giantbomb.com/api/game/3030-25983/",
            "id": 25983,
            "name": "Torchlight",
            "site_detail_url": "http://www.giantbomb.com/torchlight/3030-25983/"
        },
        {
            "api_detail_url": "http://www.giantbomb.com/api/game/3030-23924/",
            "id": 23924,
            "name": "Spy Fiction",
            "site_detail_url": "http://www.giantbomb.com/spy-fiction/3030-23924/"
        },
        {
            "api_detail_url": "http://www.giantbomb.com/api/game/3030-12532/",
            "id": 12532,
            "name": "Backyard Baseball 2003",
            "site_detail_url": "http://www.giantbomb.com/backyard-baseball-2003/3030-12532/"
        },
        {
            "api_detail_url": "http://www.giantbomb.com/api/game/3030-25042/",
            "id": 25042,
            "name": "Mortal Kombat",
            "site_detail_url": "http://www.giantbomb.com/mortal-kombat/3030-25042/"
        },
        {
            "api_detail_url": "http://www.giantbomb.com/api/game/3030-32362/",
            "id": 32362,
            "name": "Warhammer 40,000: Dawn of War II - Retribution",
            "site_detail_url": "http://www.giantbomb.com/warhammer-40000-dawn-of-war-ii-retribution/3030-32362/"
        },
        {
            "api_detail_url": "http://www.giantbomb.com/api/game/3030-24041/",
            "id": 24041,
            "name": "Quantum Theory",
            "site_detail_url": "http://www.giantbomb.com/quantum-theory/3030-24041/"
        },
        {
            "api_detail_url": "http://www.giantbomb.com/api/game/3030-25322/",
            "id": 25322,
            "name": "America's Next Top Model",
            "site_detail_url": "http://www.giantbomb.com/americas-next-top-model/3030-25322/"
        },
        {
            "api_detail_url": "http://www.giantbomb.com/api/game/3030-21810/",
            "id": 21810,
            "name": "Star Trek Online",
            "site_detail_url": "http://www.giantbomb.com/star-trek-online/3030-21810/"
        },
        {
            "api_detail_url": "http://www.giantbomb.com/api/game/3030-20991/",
            "id": 20991,
            "name": "Darksiders",
            "site_detail_url": "http://www.giantbomb.com/darksiders/3030-20991/"
        },
        {
            "api_detail_url": "http://www.giantbomb.com/api/game/3030-33394/",
            "id": 33394,
            "name": "The Elder Scrolls V: Skyrim",
            "site_detail_url": "http://www.giantbomb.com/the-elder-scrolls-v-skyrim/3030-33394/"
        },
        {
            "api_detail_url": "http://www.giantbomb.com/api/game/3030-35989/",
            "id": 35989,
            "name": "Nancy Drew: The Captive Curse",
            "site_detail_url": "http://www.giantbomb.com/nancy-drew-the-captive-curse/3030-35989/"
        },
        {
            "api_detail_url": "http://www.giantbomb.com/api/game/3030-25680/",
            "id": 25680,
            "name": "Ghost Pirates of Vooju Island",
            "site_detail_url": "http://www.giantbomb.com/ghost-pirates-of-vooju-island/3030-25680/"
        },
        {
            "api_detail_url": "http://www.giantbomb.com/api/game/3030-35988/",
            "id": 35988,
            "name": "Nancy Drew: Trail of the Twister",
            "site_detail_url": "http://www.giantbomb.com/nancy-drew-trail-of-the-twister/3030-35988/"
        },
        {
            "api_detail_url": "http://www.giantbomb.com/api/game/3030-25318/",
            "id": 25318,
            "name": "Mario & Sonic at the Olympic Winter Games",
            "site_detail_url": "http://www.giantbomb.com/mario-sonic-at-the-olympic-winter-games/3030-25318/"
        },
        {
            "api_detail_url": "http://www.giantbomb.com/api/game/3030-29805/",
            "id": 29805,
            "name": "Nancy Drew: Warnings at Waverly Academy",
            "site_detail_url": "http://www.giantbomb.com/nancy-drew-warnings-at-waverly-academy/3030-29805/"
        },
        {
            "api_detail_url": "http://www.giantbomb.com/api/game/3030-21508/",
            "id": 21508,
            "name": "Champions Online",
            "site_detail_url": "http://www.giantbomb.com/champions-online/3030-21508/"
        },
        {
            "api_detail_url": "http://www.giantbomb.com/api/game/3030-27449/",
            "id": 27449,
            "name": "Nancy Drew: Ransom of the Seven Ships",
            "site_detail_url": "http://www.giantbomb.com/nancy-drew-ransom-of-the-seven-ships/3030-27449/"
        },
        {
            "api_detail_url": "http://www.giantbomb.com/api/game/3030-22610/",
            "id": 22610,
            "name": "Nancy Drew: The Haunting of Castle Malloy",
            "site_detail_url": "http://www.giantbomb.com/nancy-drew-the-haunting-of-castle-malloy/3030-22610/"
        },
        {
            "api_detail_url": "http://www.giantbomb.com/api/game/3030-23596/",
            "id": 23596,
            "name": "Penumbra: Requiem",
            "site_detail_url": "http://www.giantbomb.com/penumbra-requiem/3030-23596/"
        },
        {
            "api_detail_url": "http://www.giantbomb.com/api/game/3030-25105/",
            "id": 25105,
            "name": "Drakensang: The Dark Eye",
            "site_detail_url": "http://www.giantbomb.com/drakensang-the-dark-eye/3030-25105/"
        },
        {
            "api_detail_url": "http://www.giantbomb.com/api/game/3030-20678/",
            "id": 20678,
            "name": "Soulcalibur IV",
            "site_detail_url": "http://www.giantbomb.com/soulcalibur-iv/3030-20678/"
        },
        {
            "api_detail_url": "http://www.giantbomb.com/api/game/3030-6681/",
            "id": 6681,
            "name": "Devil May Cry 4",
            "site_detail_url": "http://www.giantbomb.com/devil-may-cry-4/3030-6681/"
        },
        {
            "api_detail_url": "http://www.giantbomb.com/api/game/3030-1819/",
            "id": 1819,
            "name": "The Golden Compass",
            "site_detail_url": "http://www.giantbomb.com/the-golden-compass/3030-1819/"
        },
        {
            "api_detail_url": "http://www.giantbomb.com/api/game/3030-22322/",
            "id": 22322,
            "name": "Professor Layton and the Diabolical Box",
            "site_detail_url": "http://www.giantbomb.com/professor-layton-and-the-diabolical-box/3030-22322/"
        },
        {
            "api_detail_url": "http://www.giantbomb.com/api/game/3030-11945/",
            "id": 11945,
            "name": "Soulcalibur Legends",
            "site_detail_url": "http://www.giantbomb.com/soulcalibur-legends/3030-11945/"
        },
        {
            "api_detail_url": "http://www.giantbomb.com/api/game/3030-20557/",
            "id": 20557,
            "name": "Operation Darkness",
            "site_detail_url": "http://www.giantbomb.com/operation-darkness/3030-20557/"
        },
        {
            "api_detail_url": "http://www.giantbomb.com/api/game/3030-21350/",
            "id": 21350,
            "name": "Jack Keane",
            "site_detail_url": "http://www.giantbomb.com/jack-keane/3030-21350/"
        },
        {
            "api_detail_url": "http://www.giantbomb.com/api/game/3030-20928/",
            "id": 20928,
            "name": "Golden Axe: Beast Rider",
            "site_detail_url": "http://www.giantbomb.com/golden-axe-beast-rider/3030-20928/"
        },
        {
            "api_detail_url": "http://www.giantbomb.com/api/game/3030-4282/",
            "id": 4282,
            "name": "SiN Episodes: Emergence",
            "site_detail_url": "http://www.giantbomb.com/sin-episodes-emergence/3030-4282/"
        },
        {
            "api_detail_url": "http://www.giantbomb.com/api/game/3030-17614/",
            "id": 17614,
            "name": "Rogue Ops",
            "site_detail_url": "http://www.giantbomb.com/rogue-ops/3030-17614/"
        },
        {
            "api_detail_url": "http://www.giantbomb.com/api/game/3030-23236/",
            "id": 23236,
            "name": "SWAT:  Global Strike Team",
            "site_detail_url": "http://www.giantbomb.com/swat-global-strike-team/3030-23236/"
        },
        {
            "api_detail_url": "http://www.giantbomb.com/api/game/3030-21988/",
            "id": 21988,
            "name": "Airblade",
            "site_detail_url": "http://www.giantbomb.com/airblade/3030-21988/"
        },
        {
            "api_detail_url": "http://www.giantbomb.com/api/game/3030-22715/",
            "id": 22715,
            "name": "Fur Fighters: Viggo's Revenge",
            "site_detail_url": "http://www.giantbomb.com/fur-fighters-viggos-revenge/3030-22715/"
        },
        {
            "api_detail_url": "http://www.giantbomb.com/api/game/3030-10157/",
            "id": 10157,
            "name": "Clive Barker's Undying",
            "site_detail_url": "http://www.giantbomb.com/clive-barkers-undying/3030-10157/"
        },
        {
            "api_detail_url": "http://www.giantbomb.com/api/game/3030-22904/",
            "id": 22904,
            "name": "The Land Before Time Return to the Great Valley",
            "site_detail_url": "http://www.giantbomb.com/the-land-before-time-return-to-the-great-valley/3030-22904/"
        },
        {
            "api_detail_url": "http://www.giantbomb.com/api/game/3030-5756/",
            "id": 5756,
            "name": "Danger Girl",
            "site_detail_url": "http://www.giantbomb.com/danger-girl/3030-5756/"
        },
        {
            "api_detail_url": "http://www.giantbomb.com/api/game/3030-22690/",
            "id": 22690,
            "name": "Half-Life: Decay",
            "site_detail_url": "http://www.giantbomb.com/half-life-decay/3030-22690/"
        },
        {
            "api_detail_url": "http://www.giantbomb.com/api/game/3030-17646/",
            "id": 17646,
            "name": "Unreal",
            "site_detail_url": "http://www.giantbomb.com/unreal/3030-17646/"
        },
        {
            "api_detail_url": "http://www.giantbomb.com/api/game/3030-30544/",
            "id": 30544,
            "name": "Conduit 2",
            "site_detail_url": "http://www.giantbomb.com/conduit-2/3030-30544/"
        },
        {
            "api_detail_url": "http://www.giantbomb.com/api/game/3030-34303/",
            "id": 34303,
            "name": "Super Mario 3D Land",
            "site_detail_url": "http://www.giantbomb.com/super-mario-3d-land/3030-34303/"
        },
        {
            "api_detail_url": "http://www.giantbomb.com/api/game/3030-36436/",
            "id": 36436,
            "name": "Nancy Drew: Alibi in Ashes",
            "site_detail_url": "http://www.giantbomb.com/nancy-drew-alibi-in-ashes/3030-36436/"
        },
        {
            "api_detail_url": "http://www.giantbomb.com/api/game/3030-22336/",
            "id": 22336,
            "name": "Professor Layton and the Unwound Future",
            "site_detail_url": "http://www.giantbomb.com/professor-layton-and-the-unwound-future/3030-22336/"
        },
        {
            "api_detail_url": "http://www.giantbomb.com/api/game/3030-29299/",
            "id": 29299,
            "name": "Professor Layton and the Last Specter",
            "site_detail_url": "http://www.giantbomb.com/professor-layton-and-the-last-specter/3030-29299/"
        },
        {
            "api_detail_url": "http://www.giantbomb.com/api/game/3030-6235/",
            "id": 6235,
            "name": "7th Legion",
            "site_detail_url": "http://www.giantbomb.com/7th-legion/3030-6235/"
        },
        {
            "api_detail_url": "http://www.giantbomb.com/api/game/3030-35161/",
            "id": 35161,
            "name": "Soulcalibur V",
            "site_detail_url": "http://www.giantbomb.com/soulcalibur-v/3030-35161/"
        },
        {
            "api_detail_url": "http://www.giantbomb.com/api/game/3030-18655/",
            "id": 18655,
            "name": "Earthrise",
            "site_detail_url": "http://www.giantbomb.com/earthrise/3030-18655/"
        },
        {
            "api_detail_url": "http://www.giantbomb.com/api/game/3030-29380/",
            "id": 29380,
            "name": "Nancy Drew Dossier: Resorting to Danger",
            "site_detail_url": "http://www.giantbomb.com/nancy-drew-dossier-resorting-to-danger/3030-29380/"
        },
        {
            "api_detail_url": "http://www.giantbomb.com/api/game/3030-19660/",
            "id": 19660,
            "name": "Escape from Paradise City",
            "site_detail_url": "http://www.giantbomb.com/escape-from-paradise-city/3030-19660/"
        },
        {
            "api_detail_url": "http://www.giantbomb.com/api/game/3030-18059/",
            "id": 18059,
            "name": "PAIN",
            "site_detail_url": "http://www.giantbomb.com/pain/3030-18059/"
        },
        {
            "api_detail_url": "http://www.giantbomb.com/api/game/3030-3816/",
            "id": 3816,
            "name": "SpellForce 2: Dragon Storm",
            "site_detail_url": "http://www.giantbomb.com/spellforce-2-dragon-storm/3030-3816/"
        },
        {
            "api_detail_url": "http://www.giantbomb.com/api/game/3030-13936/",
            "id": 13936,
            "name": "Warhammer 40,000: Squad Command",
            "site_detail_url": "http://www.giantbomb.com/warhammer-40000-squad-command/3030-13936/"
        },
        {
            "api_detail_url": "http://www.giantbomb.com/api/game/3030-5684/",
            "id": 5684,
            "name": "World Series of Poker 2008: Battle for the Bracelets",
            "site_detail_url": "http://www.giantbomb.com/world-series-of-poker-2008-battle-for-the-bracelet/3030-5684/"
        },
        {
            "api_detail_url": "http://www.giantbomb.com/api/game/3030-3748/",
            "id": 3748,
            "name": "Urban Chaos: Riot Response",
            "site_detail_url": "http://www.giantbomb.com/urban-chaos-riot-response/3030-3748/"
        },
        {
            "api_detail_url": "http://www.giantbomb.com/api/game/3030-19441/",
            "id": 19441,
            "name": "World Series of Poker: Tournament of Champions",
            "site_detail_url": "http://www.giantbomb.com/world-series-of-poker-tournament-of-champions/3030-19441/"
        },
        {
            "api_detail_url": "http://www.giantbomb.com/api/game/3030-12780/",
            "id": 12780,
            "name": "Darkwatch",
            "site_detail_url": "http://www.giantbomb.com/darkwatch/3030-12780/"
        },
        {
            "api_detail_url": "http://www.giantbomb.com/api/game/3030-13654/",
            "id": 13654,
            "name": "Glimmerati",
            "site_detail_url": "http://www.giantbomb.com/glimmerati/3030-13654/"
        },
        {
            "api_detail_url": "http://www.giantbomb.com/api/game/3030-599/",
            "id": 599,
            "name": "Pathway to Glory: Ikusa Islands",
            "site_detail_url": "http://www.giantbomb.com/pathway-to-glory-ikusa-islands/3030-599/"
        },
        {
            "api_detail_url": "http://www.giantbomb.com/api/game/3030-18231/",
            "id": 18231,
            "name": "Tony Hawk's Underground 2: Remix",
            "site_detail_url": "http://www.giantbomb.com/tony-hawks-underground-2-remix/3030-18231/"
        },
        {
            "api_detail_url": "http://www.giantbomb.com/api/game/3030-13355/",
            "id": 13355,
            "name": "Worms 4: Mayhem",
            "site_detail_url": "http://www.giantbomb.com/worms-4-mayhem/3030-13355/"
        },
        {
            "api_detail_url": "http://www.giantbomb.com/api/game/3030-3009/",
            "id": 3009,
            "name": "Immortal Cities: Children of the Nile",
            "site_detail_url": "http://www.giantbomb.com/immortal-cities-children-of-the-nile/3030-3009/"
        },
        {
            "api_detail_url": "http://www.giantbomb.com/api/game/3030-14005/",
            "id": 14005,
            "name": "Pathway to Glory",
            "site_detail_url": "http://www.giantbomb.com/pathway-to-glory/3030-14005/"
        },
        {
            "api_detail_url": "http://www.giantbomb.com/api/game/3030-13440/",
            "id": 13440,
            "name": "Backyard Wrestling: Don't Try This at Home",
            "site_detail_url": "http://www.giantbomb.com/backyard-wrestling-dont-try-this-at-home/3030-13440/"
        },
        {
            "api_detail_url": "http://www.giantbomb.com/api/game/3030-15444/",
            "id": 15444,
            "name": "Chrome",
            "site_detail_url": "http://www.giantbomb.com/chrome/3030-15444/"
        },
        {
            "api_detail_url": "http://www.giantbomb.com/api/game/3030-1854/",
            "id": 1854,
            "name": "Devastation",
            "site_detail_url": "http://www.giantbomb.com/devastation/3030-1854/"
        },
        {
            "api_detail_url": "http://www.giantbomb.com/api/game/3030-39/",
            "id": 39,
            "name": "Humvee Assault",
            "site_detail_url": "http://www.giantbomb.com/humvee-assault/3030-39/"
        },
        {
            "api_detail_url": "http://www.giantbomb.com/api/game/3030-3061/",
            "id": 3061,
            "name": "Will Rock",
            "site_detail_url": "http://www.giantbomb.com/will-rock/3030-3061/"
        },
        {
            "api_detail_url": "http://www.giantbomb.com/api/game/3030-4949/",
            "id": 4949,
            "name": "Backyard Football",
            "site_detail_url": "http://www.giantbomb.com/backyard-football/3030-4949/"
        },
        {
            "api_detail_url": "http://www.giantbomb.com/api/game/3030-20484/",
            "id": 20484,
            "name": "Burnout",
            "site_detail_url": "http://www.giantbomb.com/burnout/3030-20484/"
        },
        {
            "api_detail_url": "http://www.giantbomb.com/api/game/3030-13514/",
            "id": 13514,
            "name": "Burnout 2: Point of Impact",
            "site_detail_url": "http://www.giantbomb.com/burnout-2-point-of-impact/3030-13514/"
        },
        {
            "api_detail_url": "http://www.giantbomb.com/api/game/3030-10324/",
            "id": 10324,
            "name": "Hungry Red Planet",
            "site_detail_url": "http://www.giantbomb.com/hungry-red-planet/3030-10324/"
        },
        {
            "api_detail_url": "http://www.giantbomb.com/api/game/3030-240/",
            "id": 240,
            "name": "Natural Selection",
            "site_detail_url": "http://www.giantbomb.com/natural-selection/3030-240/"
        },
        {
            "api_detail_url": "http://www.giantbomb.com/api/game/3030-11252/",
            "id": 11252,
            "name": "Suikoden III",
            "site_detail_url": "http://www.giantbomb.com/suikoden-iii/3030-11252/"
        },
        {
            "api_detail_url": "http://www.giantbomb.com/api/game/3030-8266/",
            "id": 8266,
            "name": "Tactical Ops: Assault on Terror",
            "site_detail_url": "http://www.giantbomb.com/tactical-ops-assault-on-terror/3030-8266/"
        },
        {
            "api_detail_url": "http://www.giantbomb.com/api/game/3030-10603/",
            "id": 10603,
            "name": "Tribes: Aerial Assault",
            "site_detail_url": "http://www.giantbomb.com/tribes-aerial-assault/3030-10603/"
        },
        {
            "api_detail_url": "http://www.giantbomb.com/api/game/3030-12054/",
            "id": 12054,
            "name": "Battle Realms",
            "site_detail_url": "http://www.giantbomb.com/battle-realms/3030-12054/"
        },
        {
            "api_detail_url": "http://www.giantbomb.com/api/game/3030-7128/",
            "id": 7128,
            "name": "Cool Boarders 2001",
            "site_detail_url": "http://www.giantbomb.com/cool-boarders-2001/3030-7128/"
        },
        {
            "api_detail_url": "http://www.giantbomb.com/api/game/3030-20359/",
            "id": 20359,
            "name": "Etherlords",
            "site_detail_url": "http://www.giantbomb.com/etherlords/3030-20359/"
        },
        {
            "api_detail_url": "http://www.giantbomb.com/api/game/3030-2611/",
            "id": 2611,
            "name": "NASCAR Racing 4",
            "site_detail_url": "http://www.giantbomb.com/nascar-racing-4/3030-2611/"
        },
        {
            "api_detail_url": "http://www.giantbomb.com/api/game/3030-13983/",
            "id": 13983,
            "name": "3-D Ultra Lionel Train Town Deluxe",
            "site_detail_url": "http://www.giantbomb.com/3-d-ultra-lionel-train-town-deluxe/3030-13983/"
        },
        {
            "api_detail_url": "http://www.giantbomb.com/api/game/3030-18830/",
            "id": 18830,
            "name": "Final Fight Revenge",
            "site_detail_url": "http://www.giantbomb.com/final-fight-revenge/3030-18830/"
        },
        {
            "api_detail_url": "http://www.giantbomb.com/api/game/3030-16698/",
            "id": 16698,
            "name": "Renegade Racers",
            "site_detail_url": "http://www.giantbomb.com/renegade-racers/3030-16698/"
        },
        {
            "api_detail_url": "http://www.giantbomb.com/api/game/3030-2711/",
            "id": 2711,
            "name": "Duke Nukem: Zero Hour",
            "site_detail_url": "http://www.giantbomb.com/duke-nukem-zero-hour/3030-2711/"
        },
        {
            "api_detail_url": "http://www.giantbomb.com/api/game/3030-3172/",
            "id": 3172,
            "name": "Gunship!",
            "site_detail_url": "http://www.giantbomb.com/gunship/3030-3172/"
        },
        {
            "api_detail_url": "http://www.giantbomb.com/api/game/3030-17448/",
            "id": 17448,
            "name": "Unreal Tournament",
            "site_detail_url": "http://www.giantbomb.com/unreal-tournament/3030-17448/"
        },
        {
            "api_detail_url": "http://www.giantbomb.com/api/game/3030-17701/",
            "id": 17701,
            "name": "F-16 Aggressor",
            "site_detail_url": "http://www.giantbomb.com/f-16-aggressor/3030-17701/"
        },
        {
            "api_detail_url": "http://www.giantbomb.com/api/game/3030-15636/",
            "id": 15636,
            "name": "Forsaken",
            "site_detail_url": "http://www.giantbomb.com/forsaken/3030-15636/"
        },
        {
            "api_detail_url": "http://www.giantbomb.com/api/game/3030-17221/",
            "id": 17221,
            "name": "Little Caesars Fractions Pizza",
            "site_detail_url": "http://www.giantbomb.com/little-caesars-fractions-pizza/3030-17221/"
        },
        {
            "api_detail_url": "http://www.giantbomb.com/api/game/3030-5817/",
            "id": 5817,
            "name": "WarGames: Defcon 1",
            "site_detail_url": "http://www.giantbomb.com/wargames-defcon-1/3030-5817/"
        },
        {
            "api_detail_url": "http://www.giantbomb.com/api/game/3030-15806/",
            "id": 15806,
            "name": "The Arrival",
            "site_detail_url": "http://www.giantbomb.com/the-arrival/3030-15806/"
        },
        {
            "api_detail_url": "http://www.giantbomb.com/api/game/3030-18824/",
            "id": 18824,
            "name": "Magic: The Gathering - Battlemage",
            "site_detail_url": "http://www.giantbomb.com/magic-the-gathering-battlemage/3030-18824/"
        },
        {
            "api_detail_url": "http://www.giantbomb.com/api/game/3030-4969/",
            "id": 4969,
            "name": "Big Red Racing",
            "site_detail_url": "http://www.giantbomb.com/big-red-racing/3030-4969/"
        },
        {
            "api_detail_url": "http://www.giantbomb.com/api/game/3030-33072/",
            "id": 33072,
            "name": "World of Aden: Entomorph - Plague of the Darkfall",
            "site_detail_url": "http://www.giantbomb.com/world-of-aden-entomorph-plague-of-the-darkfall/3030-33072/"
        },
        {
            "api_detail_url": "http://www.giantbomb.com/api/game/3030-34129/",
            "id": 34129,
            "name": "Skylanders: Spyro's Adventure",
            "site_detail_url": "http://www.giantbomb.com/skylanders-spyros-adventure/3030-34129/"
        },
        {
            "api_detail_url": "http://www.giantbomb.com/api/game/3030-18426/",
            "id": 18426,
            "name": "Snowboard Kids 2",
            "site_detail_url": "http://www.giantbomb.com/snowboard-kids-2/3030-18426/"
        },
        {
            "api_detail_url": "http://www.giantbomb.com/api/game/3030-27595/",
            "id": 27595,
            "name": "Jeremy McGrath Supercross '98",
            "site_detail_url": "http://www.giantbomb.com/jeremy-mcgrath-supercross-98/3030-27595/"
        },
        {
            "api_detail_url": "http://www.giantbomb.com/api/game/3030-13183/",
            "id": 13183,
            "name": "EverQuest: The Scars of Velious",
            "site_detail_url": "http://www.giantbomb.com/everquest-the-scars-of-velious/3030-13183/"
        },
        {
            "api_detail_url": "http://www.giantbomb.com/api/game/3030-21724/",
            "id": 21724,
            "name": "NASCAR Racing 2002 Season",
            "site_detail_url": "http://www.giantbomb.com/nascar-racing-2002-season/3030-21724/"
        },
        {
            "api_detail_url": "http://www.giantbomb.com/api/game/3030-10010/",
            "id": 10010,
            "name": "Battle Realms: Winter of the Wolf",
            "site_detail_url": "http://www.giantbomb.com/battle-realms-winter-of-the-wolf/3030-10010/"
        },
        {
            "api_detail_url": "http://www.giantbomb.com/api/game/3030-11610/",
            "id": 11610,
            "name": "Empires: Dawn of the Modern World",
            "site_detail_url": "http://www.giantbomb.com/empires-dawn-of-the-modern-world/3030-11610/"
        },
        {
            "api_detail_url": "http://www.giantbomb.com/api/game/3030-1727/",
            "id": 1727,
            "name": "Dungeon Siege II",
            "site_detail_url": "http://www.giantbomb.com/dungeon-siege-ii/3030-1727/"
        },
        {
            "api_detail_url": "http://www.giantbomb.com/api/game/3030-23461/",
            "id": 23461,
            "name": "FUEL",
            "site_detail_url": "http://www.giantbomb.com/fuel/3030-23461/"
        },
        {
            "api_detail_url": "http://www.giantbomb.com/api/game/3030-22388/",
            "id": 22388,
            "name": "Nancy Drew: The Phantom of Venice",
            "site_detail_url": "http://www.giantbomb.com/nancy-drew-the-phantom-of-venice/3030-22388/"
        },
        {
            "api_detail_url": "http://www.giantbomb.com/api/game/3030-12376/",
            "id": 12376,
            "name": "The Lord of the Rings Online: Shadows of Angmar",
            "site_detail_url": "http://www.giantbomb.com/the-lord-of-the-rings-online-shadows-of-angmar/3030-12376/"
        },
        {
            "api_detail_url": "http://www.giantbomb.com/api/game/3030-16903/",
            "id": 16903,
            "name": "NFL Xtreme",
            "site_detail_url": "http://www.giantbomb.com/nfl-xtreme/3030-16903/"
        },
        {
            "api_detail_url": "http://www.giantbomb.com/api/game/3030-11793/",
            "id": 11793,
            "name": "Wave Race: Blue Storm",
            "site_detail_url": "http://www.giantbomb.com/wave-race-blue-storm/3030-11793/"
        },
        {
            "api_detail_url": "http://www.giantbomb.com/api/game/3030-11572/",
            "id": 11572,
            "name": "Jade Cocoon 2",
            "site_detail_url": "http://www.giantbomb.com/jade-cocoon-2/3030-11572/"
        },
        {
            "api_detail_url": "http://www.giantbomb.com/api/game/3030-5722/",
            "id": 5722,
            "name": "Counter-Strike: Condition Zero",
            "site_detail_url": "http://www.giantbomb.com/counter-strike-condition-zero/3030-5722/"
        },
        {
            "api_detail_url": "http://www.giantbomb.com/api/game/3030-5792/",
            "id": 5792,
            "name": "Worms Blast",
            "site_detail_url": "http://www.giantbomb.com/worms-blast/3030-5792/"
        },
        {
            "api_detail_url": "http://www.giantbomb.com/api/game/3030-20274/",
            "id": 20274,
            "name": "Bionicle",
            "site_detail_url": "http://www.giantbomb.com/bionicle/3030-20274/"
        },
        {
            "api_detail_url": "http://www.giantbomb.com/api/game/3030-16372/",
            "id": 16372,
            "name": "Prey",
            "site_detail_url": "http://www.giantbomb.com/prey/3030-16372/"
        },
        {
            "api_detail_url": "http://www.giantbomb.com/api/game/3030-4635/",
            "id": 4635,
            "name": "Twisted Metal III",
            "site_detail_url": "http://www.giantbomb.com/twisted-metal-iii/3030-4635/"
        },
        {
            "api_detail_url": "http://www.giantbomb.com/api/game/3030-9953/",
            "id": 9953,
            "name": "Neverwinter Nights",
            "site_detail_url": "http://www.giantbomb.com/neverwinter-nights/3030-9953/"
        },
        {
            "api_detail_url": "http://www.giantbomb.com/api/game/3030-2751/",
            "id": 2751,
            "name": "TransWorld SURF",
            "site_detail_url": "http://www.giantbomb.com/transworld-surf/3030-2751/"
        },
        {
            "api_detail_url": "http://www.giantbomb.com/api/game/3030-19796/",
            "id": 19796,
            "name": "City of Heroes",
            "site_detail_url": "http://www.giantbomb.com/city-of-heroes/3030-19796/"
        },
        {
            "api_detail_url": "http://www.giantbomb.com/api/game/3030-7316/",
            "id": 7316,
            "name": "City of Villains",
            "site_detail_url": "http://www.giantbomb.com/city-of-villains/3030-7316/"
        },
        {
            "api_detail_url": "http://www.giantbomb.com/api/game/3030-38064/",
            "id": 38064,
            "name": "New Super Mario Bros. 2",
            "site_detail_url": "http://www.giantbomb.com/new-super-mario-bros-2/3030-38064/"
        },
        {
            "api_detail_url": "http://www.giantbomb.com/api/game/3030-37417/",
            "id": 37417,
            "name": "Skylanders Giants",
            "site_detail_url": "http://www.giantbomb.com/skylanders-giants/3030-37417/"
        },
        {
            "api_detail_url": "http://www.giantbomb.com/api/game/3030-38459/",
            "id": 38459,
            "name": "Spy Hunter",
            "site_detail_url": "http://www.giantbomb.com/spy-hunter/3030-38459/"
        },
        {
            "api_detail_url": "http://www.giantbomb.com/api/game/3030-35574/",
            "id": 35574,
            "name": "New Super Mario Bros. U",
            "site_detail_url": "http://www.giantbomb.com/new-super-mario-bros-u/3030-35574/"
        },
        {
            "api_detail_url": "http://www.giantbomb.com/api/game/3030-34034/",
            "id": 34034,
            "name": "Rochard",
            "site_detail_url": "http://www.giantbomb.com/rochard/3030-34034/"
        },
        {
            "api_detail_url": "http://www.giantbomb.com/api/game/3030-36989/",
            "id": 36989,
            "name": "The Last of Us",
            "site_detail_url": "http://www.giantbomb.com/the-last-of-us/3030-36989/"
        },
        {
            "api_detail_url": "http://www.giantbomb.com/api/game/3030-7852/",
            "id": 7852,
            "name": "Sonic Adventure",
            "site_detail_url": "http://www.giantbomb.com/sonic-adventure/3030-7852/"
        },
        {
            "api_detail_url": "http://www.giantbomb.com/api/game/3030-26841/",
            "id": 26841,
            "name": "New Super Mario Bros. Wii",
            "site_detail_url": "http://www.giantbomb.com/new-super-mario-bros-wii/3030-26841/"
        },
        {
            "api_detail_url": "http://www.giantbomb.com/api/game/3030-19060/",
            "id": 19060,
            "name": "Sonic Adventure 2",
            "site_detail_url": "http://www.giantbomb.com/sonic-adventure-2/3030-19060/"
        },
        {
            "api_detail_url": "http://www.giantbomb.com/api/game/3030-20674/",
            "id": 20674,
            "name": "StarCraft II: Wings of Liberty",
            "site_detail_url": "http://www.giantbomb.com/starcraft-ii-wings-of-liberty/3030-20674/"
        },
        {
            "api_detail_url": "http://www.giantbomb.com/api/game/3030-35573/",
            "id": 35573,
            "name": "Super Smash Bros. for Wii U/Nintendo 3DS",
            "site_detail_url": "http://www.giantbomb.com/super-smash-bros-for-wii-u-nintendo-3ds/3030-35573/"
        },
        {
            "api_detail_url": "http://www.giantbomb.com/api/game/3030-10015/",
            "id": 10015,
            "name": "TNN Motorsports Hardcore Heat",
            "site_detail_url": "http://www.giantbomb.com/tnn-motorsports-hardcore-heat/3030-10015/"
        },
        {
            "api_detail_url": "http://www.giantbomb.com/api/game/3030-41794/",
            "id": 41794,
            "name": "Deadfall Adventures",
            "site_detail_url": "http://www.giantbomb.com/deadfall-adventures/3030-41794/"
        },
        {
            "api_detail_url": "http://www.giantbomb.com/api/game/3030-19548/",
            "id": 19548,
            "name": "Kao Challengers",
            "site_detail_url": "http://www.giantbomb.com/kao-challengers/3030-19548/"
        },
        {
            "api_detail_url": "http://www.giantbomb.com/api/game/3030-52371/",
            "id": 52371,
            "name": "The Deadly Tower of Monsters",
            "site_detail_url": "http://www.giantbomb.com/the-deadly-tower-of-monsters/3030-52371/"
        }
    ],
    "gender": 2,
    "hometown": null,
    "id": 1961,
    "name": "Lani Minella",
    "people": []
}