{
    "birth_date": "1981-05-28",
    "country": "U.S.A.",
    "death_date": null,
    "deck": "A prolific American voice actress who has voiced many characters in several anime series and video games. She has also worked as an ADR Director and Line Producer.",
    "first_credited_game": {
        "api_detail_url": "http://www.giantbomb.com/api/game/3030-16437/",
        "id": 16437,
        "name": "BloodRayne"
    },
    "games": [
        {
            "api_detail_url": "http://www.giantbomb.com/api/game/3030-9733/",
            "id": 9733,
            "name": "RoadKill",
            "site_detail_url": "http://www.giantbomb.com/roadkill/3030-9733/"
        },
        {
            "api_detail_url": "http://www.giantbomb.com/api/game/3030-21094/",
            "id": 21094,
            "name": "Star Ocean: The Last Hope",
            "site_detail_url": "http://www.giantbomb.com/star-ocean-the-last-hope/3030-21094/"
        },
        {
            "api_detail_url": "http://www.giantbomb.com/api/game/3030-22006/",
            "id": 22006,
            "name": "Dragon Ball: Origins",
            "site_detail_url": "http://www.giantbomb.com/dragon-ball-origins/3030-22006/"
        },
        {
            "api_detail_url": "http://www.giantbomb.com/api/game/3030-20818/",
            "id": 20818,
            "name": "Infinite Undiscovery",
            "site_detail_url": "http://www.giantbomb.com/infinite-undiscovery/3030-20818/"
        },
        {
            "api_detail_url": "http://www.giantbomb.com/api/game/3030-20836/",
            "id": 20836,
            "name": "Tales of Vesperia",
            "site_detail_url": "http://www.giantbomb.com/tales-of-vesperia/3030-20836/"
        },
        {
            "api_detail_url": "http://www.giantbomb.com/api/game/3030-21373/",
            "id": 21373,
            "name": "Shin Megami Tensei: Persona 4",
            "site_detail_url": "http://www.giantbomb.com/shin-megami-tensei-persona-4/3030-21373/"
        },
        {
            "api_detail_url": "http://www.giantbomb.com/api/game/3030-21073/",
            "id": 21073,
            "name": "Tales of Symphonia: Dawn of the New World",
            "site_detail_url": "http://www.giantbomb.com/tales-of-symphonia-dawn-of-the-new-world/3030-21073/"
        },
        {
            "api_detail_url": "http://www.giantbomb.com/api/game/3030-20971/",
            "id": 20971,
            "name": "Valkyria Chronicles",
            "site_detail_url": "http://www.giantbomb.com/valkyria-chronicles/3030-20971/"
        },
        {
            "api_detail_url": "http://www.giantbomb.com/api/game/3030-21195/",
            "id": 21195,
            "name": "Dragon Ball Z: Budokai Tenkaichi 3",
            "site_detail_url": "http://www.giantbomb.com/dragon-ball-z-budokai-tenkaichi-3/3030-21195/"
        },
        {
            "api_detail_url": "http://www.giantbomb.com/api/game/3030-20851/",
            "id": 20851,
            "name": "One Piece: Unlimited Adventure",
            "site_detail_url": "http://www.giantbomb.com/one-piece-unlimited-adventure/3030-20851/"
        },
        {
            "api_detail_url": "http://www.giantbomb.com/api/game/3030-1499/",
            "id": 1499,
            "name": "Dragon Ball Z: Shin Budokai - Another Road",
            "site_detail_url": "http://www.giantbomb.com/dragon-ball-z-shin-budokai-another-road/3030-1499/"
        },
        {
            "api_detail_url": "http://www.giantbomb.com/api/game/3030-21772/",
            "id": 21772,
            "name": "Dawn of Mana",
            "site_detail_url": "http://www.giantbomb.com/dawn-of-mana/3030-21772/"
        },
        {
            "api_detail_url": "http://www.giantbomb.com/api/game/3030-8789/",
            "id": 8789,
            "name": "Dragon Ball Z: Budokai Tenkaichi 2",
            "site_detail_url": "http://www.giantbomb.com/dragon-ball-z-budokai-tenkaichi-2/3030-8789/"
        },
        {
            "api_detail_url": "http://www.giantbomb.com/api/game/3030-22285/",
            "id": 22285,
            "name": "Dragon Ball Z: Shin Budokai",
            "site_detail_url": "http://www.giantbomb.com/dragon-ball-z-shin-budokai/3030-22285/"
        },
        {
            "api_detail_url": "http://www.giantbomb.com/api/game/3030-690/",
            "id": 690,
            "name": "Dragon Ball Z: Budokai Tenkaichi",
            "site_detail_url": "http://www.giantbomb.com/dragon-ball-z-budokai-tenkaichi/3030-690/"
        },
        {
            "api_detail_url": "http://www.giantbomb.com/api/game/3030-19978/",
            "id": 19978,
            "name": "Spikeout: Battle Street",
            "site_detail_url": "http://www.giantbomb.com/spikeout-battle-street/3030-19978/"
        },
        {
            "api_detail_url": "http://www.giantbomb.com/api/game/3030-14300/",
            "id": 14300,
            "name": "Dragon Ball Z: Sagas",
            "site_detail_url": "http://www.giantbomb.com/dragon-ball-z-sagas/3030-14300/"
        },
        {
            "api_detail_url": "http://www.giantbomb.com/api/game/3030-1636/",
            "id": 1636,
            "name": "BloodRayne 2",
            "site_detail_url": "http://www.giantbomb.com/bloodrayne-2/3030-1636/"
        },
        {
            "api_detail_url": "http://www.giantbomb.com/api/game/3030-13129/",
            "id": 13129,
            "name": "Dragon Ball Z: Budokai 3",
            "site_detail_url": "http://www.giantbomb.com/dragon-ball-z-budokai-3/3030-13129/"
        },
        {
            "api_detail_url": "http://www.giantbomb.com/api/game/3030-9883/",
            "id": 9883,
            "name": "Deus Ex: Invisible War",
            "site_detail_url": "http://www.giantbomb.com/deus-ex-invisible-war/3030-9883/"
        },
        {
            "api_detail_url": "http://www.giantbomb.com/api/game/3030-15234/",
            "id": 15234,
            "name": "Dragon Ball Z: Budokai 2",
            "site_detail_url": "http://www.giantbomb.com/dragon-ball-z-budokai-2/3030-15234/"
        },
        {
            "api_detail_url": "http://www.giantbomb.com/api/game/3030-16437/",
            "id": 16437,
            "name": "BloodRayne",
            "site_detail_url": "http://www.giantbomb.com/bloodrayne/3030-16437/"
        },
        {
            "api_detail_url": "http://www.giantbomb.com/api/game/3030-20939/",
            "id": 20939,
            "name": "Disgaea 3: Absence of Justice",
            "site_detail_url": "http://www.giantbomb.com/disgaea-3-absence-of-justice/3030-20939/"
        },
        {
            "api_detail_url": "http://www.giantbomb.com/api/game/3030-27205/",
            "id": 27205,
            "name": "Dreamkiller",
            "site_detail_url": "http://www.giantbomb.com/dreamkiller/3030-27205/"
        },
        {
            "api_detail_url": "http://www.giantbomb.com/api/game/3030-25558/",
            "id": 25558,
            "name": "Resident Evil: The Darkside Chronicles",
            "site_detail_url": "http://www.giantbomb.com/resident-evil-the-darkside-chronicles/3030-25558/"
        },
        {
            "api_detail_url": "http://www.giantbomb.com/api/game/3030-25707/",
            "id": 25707,
            "name": "Silent Hill: Shattered Memories",
            "site_detail_url": "http://www.giantbomb.com/silent-hill-shattered-memories/3030-25707/"
        },
        {
            "api_detail_url": "http://www.giantbomb.com/api/game/3030-15106/",
            "id": 15106,
            "name": "Fullmetal Alchemist 2: Curse of the Crimson Elixir",
            "site_detail_url": "http://www.giantbomb.com/fullmetal-alchemist-2-curse-of-the-crimson-elixir/3030-15106/"
        },
        {
            "api_detail_url": "http://www.giantbomb.com/api/game/3030-3322/",
            "id": 3322,
            "name": "\u00c6on  Flux",
            "site_detail_url": "http://www.giantbomb.com/on-flux/3030-3322/"
        },
        {
            "api_detail_url": "http://www.giantbomb.com/api/game/3030-21541/",
            "id": 21541,
            "name": "Ar tonelico II: Melody of Metafalica",
            "site_detail_url": "http://www.giantbomb.com/ar-tonelico-ii-melody-of-metafalica/3030-21541/"
        },
        {
            "api_detail_url": "http://www.giantbomb.com/api/game/3030-20678/",
            "id": 20678,
            "name": "Soulcalibur IV",
            "site_detail_url": "http://www.giantbomb.com/soulcalibur-iv/3030-20678/"
        },
        {
            "api_detail_url": "http://www.giantbomb.com/api/game/3030-21202/",
            "id": 21202,
            "name": "Dissidia: Final Fantasy",
            "site_detail_url": "http://www.giantbomb.com/dissidia-final-fantasy/3030-21202/"
        },
        {
            "api_detail_url": "http://www.giantbomb.com/api/game/3030-20688/",
            "id": 20688,
            "name": "Ghostbusters: The Video Game",
            "site_detail_url": "http://www.giantbomb.com/ghostbusters-the-video-game/3030-20688/"
        },
        {
            "api_detail_url": "http://www.giantbomb.com/api/game/3030-21881/",
            "id": 21881,
            "name": "Final Fantasy Crystal Chronicles: The Crystal Bearers",
            "site_detail_url": "http://www.giantbomb.com/final-fantasy-crystal-chronicles-the-crystal-beare/3030-21881/"
        },
        {
            "api_detail_url": "http://www.giantbomb.com/api/game/3030-27130/",
            "id": 27130,
            "name": "Command & Conquer 4:  Tiberian Twilight",
            "site_detail_url": "http://www.giantbomb.com/command-conquer-4-tiberian-twilight/3030-27130/"
        },
        {
            "api_detail_url": "http://www.giantbomb.com/api/game/3030-26596/",
            "id": 26596,
            "name": "Nier",
            "site_detail_url": "http://www.giantbomb.com/nier/3030-26596/"
        },
        {
            "api_detail_url": "http://www.giantbomb.com/api/game/3030-25942/",
            "id": 25942,
            "name": "Magna Carta 2",
            "site_detail_url": "http://www.giantbomb.com/magna-carta-2/3030-25942/"
        },
        {
            "api_detail_url": "http://www.giantbomb.com/api/game/3030-27861/",
            "id": 27861,
            "name": "Shin Megami Tensei: Persona 3 Portable",
            "site_detail_url": "http://www.giantbomb.com/shin-megami-tensei-persona-3-portable/3030-27861/"
        },
        {
            "api_detail_url": "http://www.giantbomb.com/api/game/3030-25933/",
            "id": 25933,
            "name": "Fallout: New Vegas",
            "site_detail_url": "http://www.giantbomb.com/fallout-new-vegas/3030-25933/"
        },
        {
            "api_detail_url": "http://www.giantbomb.com/api/game/3030-31393/",
            "id": 31393,
            "name": "Atelier Rorona: Alchemist of Arland",
            "site_detail_url": "http://www.giantbomb.com/atelier-rorona-alchemist-of-arland/3030-31393/"
        },
        {
            "api_detail_url": "http://www.giantbomb.com/api/game/3030-32248/",
            "id": 32248,
            "name": "The Sims Medieval",
            "site_detail_url": "http://www.giantbomb.com/the-sims-medieval/3030-32248/"
        },
        {
            "api_detail_url": "http://www.giantbomb.com/api/game/3030-32367/",
            "id": 32367,
            "name": "Catherine",
            "site_detail_url": "http://www.giantbomb.com/catherine/3030-32367/"
        },
        {
            "api_detail_url": "http://www.giantbomb.com/api/game/3030-30393/",
            "id": 30393,
            "name": "Hunted: The Demon's Forge",
            "site_detail_url": "http://www.giantbomb.com/hunted-the-demons-forge/3030-30393/"
        },
        {
            "api_detail_url": "http://www.giantbomb.com/api/game/3030-33883/",
            "id": 33883,
            "name": "Final Fantasy XIII-2",
            "site_detail_url": "http://www.giantbomb.com/final-fantasy-xiii-2/3030-33883/"
        },
        {
            "api_detail_url": "http://www.giantbomb.com/api/game/3030-31375/",
            "id": 31375,
            "name": "Knights Contract",
            "site_detail_url": "http://www.giantbomb.com/knights-contract/3030-31375/"
        },
        {
            "api_detail_url": "http://www.giantbomb.com/api/game/3030-32374/",
            "id": 32374,
            "name": "Might & Magic Heroes VI",
            "site_detail_url": "http://www.giantbomb.com/might-magic-heroes-vi/3030-32374/"
        },
        {
            "api_detail_url": "http://www.giantbomb.com/api/game/3030-30425/",
            "id": 30425,
            "name": "The Lord of the Rings: War in the North",
            "site_detail_url": "http://www.giantbomb.com/the-lord-of-the-rings-war-in-the-north/3030-30425/"
        },
        {
            "api_detail_url": "http://www.giantbomb.com/api/game/3030-34986/",
            "id": 34986,
            "name": "Mario & Sonic at the London 2012 Olympic Games",
            "site_detail_url": "http://www.giantbomb.com/mario-sonic-at-the-london-2012-olympic-games/3030-34986/"
        },
        {
            "api_detail_url": "http://www.giantbomb.com/api/game/3030-34833/",
            "id": 34833,
            "name": "Sonic Generations",
            "site_detail_url": "http://www.giantbomb.com/sonic-generations/3030-34833/"
        },
        {
            "api_detail_url": "http://www.giantbomb.com/api/game/3030-32600/",
            "id": 32600,
            "name": "Dissidia 012 Final Fantasy",
            "site_detail_url": "http://www.giantbomb.com/dissidia-012-final-fantasy/3030-32600/"
        },
        {
            "api_detail_url": "http://www.giantbomb.com/api/game/3030-35938/",
            "id": 35938,
            "name": "Ultimate Marvel vs. Capcom 3",
            "site_detail_url": "http://www.giantbomb.com/ultimate-marvel-vs-capcom-3/3030-35938/"
        },
        {
            "api_detail_url": "http://www.giantbomb.com/api/game/3030-29284/",
            "id": 29284,
            "name": "Tron: Evolution",
            "site_detail_url": "http://www.giantbomb.com/tron-evolution/3030-29284/"
        },
        {
            "api_detail_url": "http://www.giantbomb.com/api/game/3030-31428/",
            "id": 31428,
            "name": "Sonic Colors",
            "site_detail_url": "http://www.giantbomb.com/sonic-colors/3030-31428/"
        },
        {
            "api_detail_url": "http://www.giantbomb.com/api/game/3030-31233/",
            "id": 31233,
            "name": "Dragon Ball: Raging Blast 2",
            "site_detail_url": "http://www.giantbomb.com/dragon-ball-raging-blast-2/3030-31233/"
        },
        {
            "api_detail_url": "http://www.giantbomb.com/api/game/3030-31719/",
            "id": 31719,
            "name": "Sonic Free Riders",
            "site_detail_url": "http://www.giantbomb.com/sonic-free-riders/3030-31719/"
        },
        {
            "api_detail_url": "http://www.giantbomb.com/api/game/3030-27204/",
            "id": 27204,
            "name": "Gods Eater Burst",
            "site_detail_url": "http://www.giantbomb.com/gods-eater-burst/3030-27204/"
        },
        {
            "api_detail_url": "http://www.giantbomb.com/api/game/3030-23796/",
            "id": 23796,
            "name": "Arcania: Gothic 4",
            "site_detail_url": "http://www.giantbomb.com/arcania-gothic-4/3030-23796/"
        },
        {
            "api_detail_url": "http://www.giantbomb.com/api/game/3030-29336/",
            "id": 29336,
            "name": "Medal of Honor",
            "site_detail_url": "http://www.giantbomb.com/medal-of-honor/3030-29336/"
        },
        {
            "api_detail_url": "http://www.giantbomb.com/api/game/3030-24041/",
            "id": 24041,
            "name": "Quantum Theory",
            "site_detail_url": "http://www.giantbomb.com/quantum-theory/3030-24041/"
        },
        {
            "api_detail_url": "http://www.giantbomb.com/api/game/3030-27210/",
            "id": 27210,
            "name": "Sengoku Basara: Samurai Heroes",
            "site_detail_url": "http://www.giantbomb.com/sengoku-basara-samurai-heroes/3030-27210/"
        },
        {
            "api_detail_url": "http://www.giantbomb.com/api/game/3030-29200/",
            "id": 29200,
            "name": "Kamen Rider Dragon Knight",
            "site_detail_url": "http://www.giantbomb.com/kamen-rider-dragon-knight/3030-29200/"
        },
        {
            "api_detail_url": "http://www.giantbomb.com/api/game/3030-26565/",
            "id": 26565,
            "name": "Dragon Ball: Raging Blast",
            "site_detail_url": "http://www.giantbomb.com/dragon-ball-raging-blast/3030-26565/"
        },
        {
            "api_detail_url": "http://www.giantbomb.com/api/game/3030-20689/",
            "id": 20689,
            "name": "Tekken 6",
            "site_detail_url": "http://www.giantbomb.com/tekken-6/3030-20689/"
        },
        {
            "api_detail_url": "http://www.giantbomb.com/api/game/3030-23833/",
            "id": 23833,
            "name": "Tekken 6: Bloodline Rebellion",
            "site_detail_url": "http://www.giantbomb.com/tekken-6-bloodline-rebellion/3030-23833/"
        },
        {
            "api_detail_url": "http://www.giantbomb.com/api/game/3030-26597/",
            "id": 26597,
            "name": "Dragon Ball: Revenge of King Piccolo",
            "site_detail_url": "http://www.giantbomb.com/dragon-ball-revenge-of-king-piccolo/3030-26597/"
        },
        {
            "api_detail_url": "http://www.giantbomb.com/api/game/3030-20816/",
            "id": 20816,
            "name": "Dynasty Warriors 6",
            "site_detail_url": "http://www.giantbomb.com/dynasty-warriors-6/3030-20816/"
        },
        {
            "api_detail_url": "http://www.giantbomb.com/api/game/3030-28321/",
            "id": 28321,
            "name": "BlazBlue: Continuum Shift",
            "site_detail_url": "http://www.giantbomb.com/blazblue-continuum-shift/3030-28321/"
        },
        {
            "api_detail_url": "http://www.giantbomb.com/api/game/3030-21768/",
            "id": 21768,
            "name": "BlazBlue: Calamity Trigger",
            "site_detail_url": "http://www.giantbomb.com/blazblue-calamity-trigger/3030-21768/"
        },
        {
            "api_detail_url": "http://www.giantbomb.com/api/game/3030-34360/",
            "id": 34360,
            "name": "Bleach Soul Resurrecci\u00f3n",
            "site_detail_url": "http://www.giantbomb.com/bleach-soul-resurreccion/3030-34360/"
        },
        {
            "api_detail_url": "http://www.giantbomb.com/api/game/3030-32608/",
            "id": 32608,
            "name": "Body and Brain Connection",
            "site_detail_url": "http://www.giantbomb.com/body-and-brain-connection/3030-32608/"
        },
        {
            "api_detail_url": "http://www.giantbomb.com/api/game/3030-24102/",
            "id": 24102,
            "name": "Crimson Gem Saga",
            "site_detail_url": "http://www.giantbomb.com/crimson-gem-saga/3030-24102/"
        },
        {
            "api_detail_url": "http://www.giantbomb.com/api/game/3030-23693/",
            "id": 23693,
            "name": "Cross Edge",
            "site_detail_url": "http://www.giantbomb.com/cross-edge/3030-23693/"
        },
        {
            "api_detail_url": "http://www.giantbomb.com/api/game/3030-29233/",
            "id": 29233,
            "name": "Disgaea Infinite",
            "site_detail_url": "http://www.giantbomb.com/disgaea-infinite/3030-29233/"
        },
        {
            "api_detail_url": "http://www.giantbomb.com/api/game/3030-32698/",
            "id": 32698,
            "name": "Disgaea 4: A Promise Unforgotten",
            "site_detail_url": "http://www.giantbomb.com/disgaea-4-a-promise-unforgotten/3030-32698/"
        },
        {
            "api_detail_url": "http://www.giantbomb.com/api/game/3030-24136/",
            "id": 24136,
            "name": "Dynasty Warriors 6: Empires",
            "site_detail_url": "http://www.giantbomb.com/dynasty-warriors-6-empires/3030-24136/"
        },
        {
            "api_detail_url": "http://www.giantbomb.com/api/game/3030-29036/",
            "id": 29036,
            "name": "Fist of the North Star:  Ken's Rage",
            "site_detail_url": "http://www.giantbomb.com/fist-of-the-north-star-kens-rage/3030-29036/"
        },
        {
            "api_detail_url": "http://www.giantbomb.com/api/game/3030-21406/",
            "id": 21406,
            "name": "Fragile Dreams:  Farewell Ruins of the Moon",
            "site_detail_url": "http://www.giantbomb.com/fragile-dreams-farewell-ruins-of-the-moon/3030-21406/"
        },
        {
            "api_detail_url": "http://www.giantbomb.com/api/game/3030-25683/",
            "id": 25683,
            "name": "Mana-Khemia 2: Fall of Alchemy",
            "site_detail_url": "http://www.giantbomb.com/mana-khemia-2-fall-of-alchemy/3030-25683/"
        },
        {
            "api_detail_url": "http://www.giantbomb.com/api/game/3030-29104/",
            "id": 29104,
            "name": "Mimana Iyar Chronicle",
            "site_detail_url": "http://www.giantbomb.com/mimana-iyar-chronicle/3030-29104/"
        },
        {
            "api_detail_url": "http://www.giantbomb.com/api/game/3030-21051/",
            "id": 21051,
            "name": "Naruto: Clash of Ninja Revolution 2",
            "site_detail_url": "http://www.giantbomb.com/naruto-clash-of-ninja-revolution-2/3030-21051/"
        },
        {
            "api_detail_url": "http://www.giantbomb.com/api/game/3030-28865/",
            "id": 28865,
            "name": "Naruto Shippuden: Clash of Ninja Revolution 3",
            "site_detail_url": "http://www.giantbomb.com/naruto-shippuden-clash-of-ninja-revolution-3/3030-28865/"
        },
        {
            "api_detail_url": "http://www.giantbomb.com/api/game/3030-30539/",
            "id": 30539,
            "name": "Naruto Shippuden: Ultimate Ninja Storm 2",
            "site_detail_url": "http://www.giantbomb.com/naruto-shippuden-ultimate-ninja-storm-2/3030-30539/"
        },
        {
            "api_detail_url": "http://www.giantbomb.com/api/game/3030-20112/",
            "id": 20112,
            "name": "Sakura Wars: So Long, My Love",
            "site_detail_url": "http://www.giantbomb.com/sakura-wars-so-long-my-love/3030-20112/"
        },
        {
            "api_detail_url": "http://www.giantbomb.com/api/game/3030-31810/",
            "id": 31810,
            "name": "Shin Megami Tensei: Devil Survivor Overclocked",
            "site_detail_url": "http://www.giantbomb.com/shin-megami-tensei-devil-survivor-overclocked/3030-31810/"
        },
        {
            "api_detail_url": "http://www.giantbomb.com/api/game/3030-35161/",
            "id": 35161,
            "name": "Soulcalibur V",
            "site_detail_url": "http://www.giantbomb.com/soulcalibur-v/3030-35161/"
        },
        {
            "api_detail_url": "http://www.giantbomb.com/api/game/3030-20717/",
            "id": 20717,
            "name": "Spyborgs",
            "site_detail_url": "http://www.giantbomb.com/spyborgs/3030-20717/"
        },
        {
            "api_detail_url": "http://www.giantbomb.com/api/game/3030-25806/",
            "id": 25806,
            "name": "Steambot Chronicles Battle Tournament",
            "site_detail_url": "http://www.giantbomb.com/steambot-chronicles-battle-tournament/3030-25806/"
        },
        {
            "api_detail_url": "http://www.giantbomb.com/api/game/3030-32161/",
            "id": 32161,
            "name": "Street Fighter X Tekken",
            "site_detail_url": "http://www.giantbomb.com/street-fighter-x-tekken/3030-32161/"
        },
        {
            "api_detail_url": "http://www.giantbomb.com/api/game/3030-26696/",
            "id": 26696,
            "name": "Trauma Team",
            "site_detail_url": "http://www.giantbomb.com/trauma-team/3030-26696/"
        },
        {
            "api_detail_url": "http://www.giantbomb.com/api/game/3030-21400/",
            "id": 21400,
            "name": "Valkyrie Profile: Covenant of the Plume",
            "site_detail_url": "http://www.giantbomb.com/valkyrie-profile-covenant-of-the-plume/3030-21400/"
        },
        {
            "api_detail_url": "http://www.giantbomb.com/api/game/3030-34129/",
            "id": 34129,
            "name": "Skylanders: Spyro's Adventure",
            "site_detail_url": "http://www.giantbomb.com/skylanders-spyros-adventure/3030-34129/"
        },
        {
            "api_detail_url": "http://www.giantbomb.com/api/game/3030-30615/",
            "id": 30615,
            "name": "Gears of War 3",
            "site_detail_url": "http://www.giantbomb.com/gears-of-war-3/3030-30615/"
        },
        {
            "api_detail_url": "http://www.giantbomb.com/api/game/3030-31852/",
            "id": 31852,
            "name": "Marvel Super Hero Squad Online",
            "site_detail_url": "http://www.giantbomb.com/marvel-super-hero-squad-online/3030-31852/"
        },
        {
            "api_detail_url": "http://www.giantbomb.com/api/game/3030-31803/",
            "id": 31803,
            "name": "NeverDead",
            "site_detail_url": "http://www.giantbomb.com/neverdead/3030-31803/"
        },
        {
            "api_detail_url": "http://www.giantbomb.com/api/game/3030-33304/",
            "id": 33304,
            "name": "Binary Domain",
            "site_detail_url": "http://www.giantbomb.com/binary-domain/3030-33304/"
        },
        {
            "api_detail_url": "http://www.giantbomb.com/api/game/3030-32719/",
            "id": 32719,
            "name": "Dynasty Warriors 7",
            "site_detail_url": "http://www.giantbomb.com/dynasty-warriors-7/3030-32719/"
        },
        {
            "api_detail_url": "http://www.giantbomb.com/api/game/3030-35510/",
            "id": 35510,
            "name": "Silent Hill HD Collection",
            "site_detail_url": "http://www.giantbomb.com/silent-hill-hd-collection/3030-35510/"
        },
        {
            "api_detail_url": "http://www.giantbomb.com/api/game/3030-36336/",
            "id": 36336,
            "name": "Tales of Graces F",
            "site_detail_url": "http://www.giantbomb.com/tales-of-graces-f/3030-36336/"
        },
        {
            "api_detail_url": "http://www.giantbomb.com/api/game/3030-35816/",
            "id": 35816,
            "name": "Naruto Shippuden: Ultimate Ninja Storm Generations",
            "site_detail_url": "http://www.giantbomb.com/naruto-shippuden-ultimate-ninja-storm-generations/3030-35816/"
        },
        {
            "api_detail_url": "http://www.giantbomb.com/api/game/3030-37273/",
            "id": 37273,
            "name": "Resident Evil 6",
            "site_detail_url": "http://www.giantbomb.com/resident-evil-6/3030-37273/"
        },
        {
            "api_detail_url": "http://www.giantbomb.com/api/game/3030-36580/",
            "id": 36580,
            "name": "Disgaea 3: Absence of Detention",
            "site_detail_url": "http://www.giantbomb.com/disgaea-3-absence-of-detention/3030-36580/"
        },
        {
            "api_detail_url": "http://www.giantbomb.com/api/game/3030-36679/",
            "id": 36679,
            "name": "Men in Black: Alien Crisis",
            "site_detail_url": "http://www.giantbomb.com/men-in-black-alien-crisis/3030-36679/"
        },
        {
            "api_detail_url": "http://www.giantbomb.com/api/game/3030-37432/",
            "id": 37432,
            "name": "Arcania: Fall of Setarrif",
            "site_detail_url": "http://www.giantbomb.com/arcania-fall-of-setarrif/3030-37432/"
        },
        {
            "api_detail_url": "http://www.giantbomb.com/api/game/3030-36621/",
            "id": 36621,
            "name": "Infinity Blade II",
            "site_detail_url": "http://www.giantbomb.com/infinity-blade-ii/3030-36621/"
        },
        {
            "api_detail_url": "http://www.giantbomb.com/api/game/3030-36898/",
            "id": 36898,
            "name": "LEGO Batman 2: DC Super Heroes",
            "site_detail_url": "http://www.giantbomb.com/lego-batman-2-dc-super-heroes/3030-36898/"
        },
        {
            "api_detail_url": "http://www.giantbomb.com/api/game/3030-33394/",
            "id": 33394,
            "name": "The Elder Scrolls V: Skyrim",
            "site_detail_url": "http://www.giantbomb.com/the-elder-scrolls-v-skyrim/3030-33394/"
        },
        {
            "api_detail_url": "http://www.giantbomb.com/api/game/3030-37709/",
            "id": 37709,
            "name": "Resident Evil: Chronicles HD Collection",
            "site_detail_url": "http://www.giantbomb.com/resident-evil-chronicles-hd-collection/3030-37709/"
        },
        {
            "api_detail_url": "http://www.giantbomb.com/api/game/3030-38786/",
            "id": 38786,
            "name": "Naruto Shippuden: Ultimate Ninja Storm 3",
            "site_detail_url": "http://www.giantbomb.com/naruto-shippuden-ultimate-ninja-storm-3/3030-38786/"
        },
        {
            "api_detail_url": "http://www.giantbomb.com/api/game/3030-32695/",
            "id": 32695,
            "name": "Steel Battalion: Heavy Armor",
            "site_detail_url": "http://www.giantbomb.com/steel-battalion-heavy-armor/3030-32695/"
        },
        {
            "api_detail_url": "http://www.giantbomb.com/api/game/3030-36237/",
            "id": 36237,
            "name": "Zero Escape: Virtue's Last Reward",
            "site_detail_url": "http://www.giantbomb.com/zero-escape-virtues-last-reward/3030-36237/"
        },
        {
            "api_detail_url": "http://www.giantbomb.com/api/game/3030-2911/",
            "id": 2911,
            "name": "Dragon Ball Z: Supersonic Warriors",
            "site_detail_url": "http://www.giantbomb.com/dragon-ball-z-supersonic-warriors/3030-2911/"
        },
        {
            "api_detail_url": "http://www.giantbomb.com/api/game/3030-31236/",
            "id": 31236,
            "name": "Dragon Ball Z: Tenkaichi Tag Team",
            "site_detail_url": "http://www.giantbomb.com/dragon-ball-z-tenkaichi-tag-team/3030-31236/"
        },
        {
            "api_detail_url": "http://www.giantbomb.com/api/game/3030-36031/",
            "id": 36031,
            "name": "Cabela's Survival: Shadows of Katmai",
            "site_detail_url": "http://www.giantbomb.com/cabelas-survival-shadows-of-katmai/3030-36031/"
        },
        {
            "api_detail_url": "http://www.giantbomb.com/api/game/3030-36721/",
            "id": 36721,
            "name": "Code of Princess",
            "site_detail_url": "http://www.giantbomb.com/code-of-princess/3030-36721/"
        },
        {
            "api_detail_url": "http://www.giantbomb.com/api/game/3030-37417/",
            "id": 37417,
            "name": "Skylanders Giants",
            "site_detail_url": "http://www.giantbomb.com/skylanders-giants/3030-37417/"
        },
        {
            "api_detail_url": "http://www.giantbomb.com/api/game/3030-38284/",
            "id": 38284,
            "name": "Marvel Avengers: Battle for Earth",
            "site_detail_url": "http://www.giantbomb.com/marvel-avengers-battle-for-earth/3030-38284/"
        },
        {
            "api_detail_url": "http://www.giantbomb.com/api/game/3030-36394/",
            "id": 36394,
            "name": "Fire Emblem: Awakening",
            "site_detail_url": "http://www.giantbomb.com/fire-emblem-awakening/3030-36394/"
        },
        {
            "api_detail_url": "http://www.giantbomb.com/api/game/3030-37937/",
            "id": 37937,
            "name": "Lost Planet 3",
            "site_detail_url": "http://www.giantbomb.com/lost-planet-3/3030-37937/"
        },
        {
            "api_detail_url": "http://www.giantbomb.com/api/game/3030-38481/",
            "id": 38481,
            "name": "Gears of War: Judgment",
            "site_detail_url": "http://www.giantbomb.com/gears-of-war-judgment/3030-38481/"
        },
        {
            "api_detail_url": "http://www.giantbomb.com/api/game/3030-32317/",
            "id": 32317,
            "name": "BioShock Infinite",
            "site_detail_url": "http://www.giantbomb.com/bioshock-infinite/3030-32317/"
        },
        {
            "api_detail_url": "http://www.giantbomb.com/api/game/3030-36884/",
            "id": 36884,
            "name": "Saints Row IV",
            "site_detail_url": "http://www.giantbomb.com/saints-row-iv/3030-36884/"
        },
        {
            "api_detail_url": "http://www.giantbomb.com/api/game/3030-30944/",
            "id": 30944,
            "name": "Marvel vs. Capcom 3: Fate of Two Worlds",
            "site_detail_url": "http://www.giantbomb.com/marvel-vs-capcom-3-fate-of-two-worlds/3030-30944/"
        },
        {
            "api_detail_url": "http://www.giantbomb.com/api/game/3030-24024/",
            "id": 24024,
            "name": "League of Legends",
            "site_detail_url": "http://www.giantbomb.com/league-of-legends/3030-24024/"
        },
        {
            "api_detail_url": "http://www.giantbomb.com/api/game/3030-36989/",
            "id": 36989,
            "name": "The Last of Us",
            "site_detail_url": "http://www.giantbomb.com/the-last-of-us/3030-36989/"
        },
        {
            "api_detail_url": "http://www.giantbomb.com/api/game/3030-31809/",
            "id": 31809,
            "name": "Shin Megami Tensei IV",
            "site_detail_url": "http://www.giantbomb.com/shin-megami-tensei-iv/3030-31809/"
        },
        {
            "api_detail_url": "http://www.giantbomb.com/api/game/3030-38553/",
            "id": 38553,
            "name": "The Wonderful 101",
            "site_detail_url": "http://www.giantbomb.com/the-wonderful-101/3030-38553/"
        },
        {
            "api_detail_url": "http://www.giantbomb.com/api/game/3030-42245/",
            "id": 42245,
            "name": "Batman: Arkham Origins",
            "site_detail_url": "http://www.giantbomb.com/batman-arkham-origins/3030-42245/"
        },
        {
            "api_detail_url": "http://www.giantbomb.com/api/game/3030-40313/",
            "id": 40313,
            "name": "Dynasty Warriors 8",
            "site_detail_url": "http://www.giantbomb.com/dynasty-warriors-8/3030-40313/"
        },
        {
            "api_detail_url": "http://www.giantbomb.com/api/game/3030-38206/",
            "id": 38206,
            "name": "The Elder Scrolls Online",
            "site_detail_url": "http://www.giantbomb.com/the-elder-scrolls-online/3030-38206/"
        },
        {
            "api_detail_url": "http://www.giantbomb.com/api/game/3030-34213/",
            "id": 34213,
            "name": "The Wolf Among Us",
            "site_detail_url": "http://www.giantbomb.com/the-wolf-among-us/3030-34213/"
        },
        {
            "api_detail_url": "http://www.giantbomb.com/api/game/3030-25725/",
            "id": 25725,
            "name": "Saints Row: The Third",
            "site_detail_url": "http://www.giantbomb.com/saints-row-the-third/3030-25725/"
        },
        {
            "api_detail_url": "http://www.giantbomb.com/api/game/3030-42033/",
            "id": 42033,
            "name": "Hearthstone: Heroes of Warcraft",
            "site_detail_url": "http://www.giantbomb.com/hearthstone-heroes-of-warcraft/3030-42033/"
        },
        {
            "api_detail_url": "http://www.giantbomb.com/api/game/3030-46430/",
            "id": 46430,
            "name": "Lego Batman 3: Beyond Gotham",
            "site_detail_url": "http://www.giantbomb.com/lego-batman-3-beyond-gotham/3030-46430/"
        },
        {
            "api_detail_url": "http://www.giantbomb.com/api/game/3030-41090/",
            "id": 41090,
            "name": "LEGO Marvel Super Heroes",
            "site_detail_url": "http://www.giantbomb.com/lego-marvel-super-heroes/3030-41090/"
        },
        {
            "api_detail_url": "http://www.giantbomb.com/api/game/3030-42658/",
            "id": 42658,
            "name": "Mario & Sonic at the Sochi 2014 Winter Olympic Games",
            "site_detail_url": "http://www.giantbomb.com/mario-sonic-at-the-sochi-2014-winter-olympic-games/3030-42658/"
        },
        {
            "api_detail_url": "http://www.giantbomb.com/api/game/3030-14210/",
            "id": 14210,
            "name": "Tales of the Abyss",
            "site_detail_url": "http://www.giantbomb.com/tales-of-the-abyss/3030-14210/"
        },
        {
            "api_detail_url": "http://www.giantbomb.com/api/game/3030-41695/",
            "id": 41695,
            "name": "inFamous: Second Son",
            "site_detail_url": "http://www.giantbomb.com/infamous-second-son/3030-41695/"
        },
        {
            "api_detail_url": "http://www.giantbomb.com/api/game/3030-42599/",
            "id": 42599,
            "name": "Dead or Alive 5 Ultimate",
            "site_detail_url": "http://www.giantbomb.com/dead-or-alive-5-ultimate/3030-42599/"
        },
        {
            "api_detail_url": "http://www.giantbomb.com/api/game/3030-36412/",
            "id": 36412,
            "name": "Dead or Alive 5",
            "site_detail_url": "http://www.giantbomb.com/dead-or-alive-5/3030-36412/"
        },
        {
            "api_detail_url": "http://www.giantbomb.com/api/game/3030-42977/",
            "id": 42977,
            "name": "Dragon Ball Z: Battle of Z",
            "site_detail_url": "http://www.giantbomb.com/dragon-ball-z-battle-of-z/3030-42977/"
        },
        {
            "api_detail_url": "http://www.giantbomb.com/api/game/3030-43555/",
            "id": 43555,
            "name": "Persona 4: Arena Ultimax",
            "site_detail_url": "http://www.giantbomb.com/persona-4-arena-ultimax/3030-43555/"
        },
        {
            "api_detail_url": "http://www.giantbomb.com/api/game/3030-35573/",
            "id": 35573,
            "name": "Super Smash Bros. for Wii U/Nintendo 3DS",
            "site_detail_url": "http://www.giantbomb.com/super-smash-bros-for-wii-u-nintendo-3ds/3030-35573/"
        },
        {
            "api_detail_url": "http://www.giantbomb.com/api/game/3030-44484/",
            "id": 44484,
            "name": "Middle-earth: Shadow of Mordor",
            "site_detail_url": "http://www.giantbomb.com/middle-earth-shadow-of-mordor/3030-44484/"
        },
        {
            "api_detail_url": "http://www.giantbomb.com/api/game/3030-43241/",
            "id": 43241,
            "name": "Ultra Street Fighter IV",
            "site_detail_url": "http://www.giantbomb.com/ultra-street-fighter-iv/3030-43241/"
        },
        {
            "api_detail_url": "http://www.giantbomb.com/api/game/3030-46568/",
            "id": 46568,
            "name": "inFamous: First Light",
            "site_detail_url": "http://www.giantbomb.com/infamous-first-light/3030-46568/"
        },
        {
            "api_detail_url": "http://www.giantbomb.com/api/game/3030-47679/",
            "id": 47679,
            "name": "Saints Row: Gat Out of Hell",
            "site_detail_url": "http://www.giantbomb.com/saints-row-gat-out-of-hell/3030-47679/"
        },
        {
            "api_detail_url": "http://www.giantbomb.com/api/game/3030-42898/",
            "id": 42898,
            "name": "Sunset Overdrive",
            "site_detail_url": "http://www.giantbomb.com/sunset-overdrive/3030-42898/"
        },
        {
            "api_detail_url": "http://www.giantbomb.com/api/game/3030-46009/",
            "id": 46009,
            "name": "Disney Infinity: Marvel Super Heroes",
            "site_detail_url": "http://www.giantbomb.com/disney-infinity-marvel-super-heroes/3030-46009/"
        },
        {
            "api_detail_url": "http://www.giantbomb.com/api/game/3030-44653/",
            "id": 44653,
            "name": "Tales from the Borderlands",
            "site_detail_url": "http://www.giantbomb.com/tales-from-the-borderlands/3030-44653/"
        },
        {
            "api_detail_url": "http://www.giantbomb.com/api/game/3030-46624/",
            "id": 46624,
            "name": "Spider-Man Unlimited",
            "site_detail_url": "http://www.giantbomb.com/spiderman-unlimited/3030-46624/"
        },
        {
            "api_detail_url": "http://www.giantbomb.com/api/game/3030-35398/",
            "id": 35398,
            "name": "Dragon Age: Inquisition",
            "site_detail_url": "http://www.giantbomb.com/dragon-age-inquisition/3030-35398/"
        },
        {
            "api_detail_url": "http://www.giantbomb.com/api/game/3030-42065/",
            "id": 42065,
            "name": "Infinite Crisis",
            "site_detail_url": "http://www.giantbomb.com/infinite-crisis/3030-42065/"
        },
        {
            "api_detail_url": "http://www.giantbomb.com/api/game/3030-31714/",
            "id": 31714,
            "name": "Kinect Star Wars",
            "site_detail_url": "http://www.giantbomb.com/kinect-star-wars/3030-31714/"
        },
        {
            "api_detail_url": "http://www.giantbomb.com/api/game/3030-46275/",
            "id": 46275,
            "name": "Adventure Time: The Secret of the Nameless Kingdom",
            "site_detail_url": "http://www.giantbomb.com/adventure-time-the-secret-of-the-nameless-kingdom/3030-46275/"
        },
        {
            "api_detail_url": "http://www.giantbomb.com/api/game/3030-44655/",
            "id": 44655,
            "name": "Game of Thrones: A Telltale Game Series",
            "site_detail_url": "http://www.giantbomb.com/game-of-thrones-a-telltale-game-series/3030-44655/"
        },
        {
            "api_detail_url": "http://www.giantbomb.com/api/game/3030-41650/",
            "id": 41650,
            "name": "There Came an Echo",
            "site_detail_url": "http://www.giantbomb.com/there-came-an-echo/3030-41650/"
        },
        {
            "api_detail_url": "http://www.giantbomb.com/api/game/3030-46597/",
            "id": 46597,
            "name": "Code Name: S.T.E.A.M.",
            "site_detail_url": "http://www.giantbomb.com/code-name-s-t-e-a-m/3030-46597/"
        },
        {
            "api_detail_url": "http://www.giantbomb.com/api/game/3030-43649/",
            "id": 43649,
            "name": "Diablo III: Reaper of Souls",
            "site_detail_url": "http://www.giantbomb.com/diablo-iii-reaper-of-souls/3030-43649/"
        },
        {
            "api_detail_url": "http://www.giantbomb.com/api/game/3030-42905/",
            "id": 42905,
            "name": "Halo 5: Guardians",
            "site_detail_url": "http://www.giantbomb.com/halo-5-guardians/3030-42905/"
        },
        {
            "api_detail_url": "http://www.giantbomb.com/api/game/3030-45269/",
            "id": 45269,
            "name": "Gears of War 4",
            "site_detail_url": "http://www.giantbomb.com/gears-of-war-4/3030-45269/"
        },
        {
            "api_detail_url": "http://www.giantbomb.com/api/game/3030-45577/",
            "id": 45577,
            "name": "Batman: Arkham Knight",
            "site_detail_url": "http://www.giantbomb.com/batman-arkham-knight/3030-45577/"
        },
        {
            "api_detail_url": "http://www.giantbomb.com/api/game/3030-46319/",
            "id": 46319,
            "name": "Dragon Ball XenoVerse",
            "site_detail_url": "http://www.giantbomb.com/dragon-ball-xenoverse/3030-46319/"
        },
        {
            "api_detail_url": "http://www.giantbomb.com/api/game/3030-49396/",
            "id": 49396,
            "name": "LEGO Dimensions",
            "site_detail_url": "http://www.giantbomb.com/lego-dimensions/3030-49396/"
        },
        {
            "api_detail_url": "http://www.giantbomb.com/api/game/3030-47753/",
            "id": 47753,
            "name": "Disney Infinity 3.0 Edition",
            "site_detail_url": "http://www.giantbomb.com/disney-infinity-3-0-edition/3030-47753/"
        },
        {
            "api_detail_url": "http://www.giantbomb.com/api/game/3030-44507/",
            "id": 44507,
            "name": "Uncharted 4: A Thief's End",
            "site_detail_url": "http://www.giantbomb.com/uncharted-4-a-thiefs-end/3030-44507/"
        },
        {
            "api_detail_url": "http://www.giantbomb.com/api/game/3030-48580/",
            "id": 48580,
            "name": "Fire Emblem Fates",
            "site_detail_url": "http://www.giantbomb.com/fire-emblem-fates/3030-48580/"
        }
    ],
    "gender": 2,
    "hometown": "Mississippi",
    "id": 45059,
    "name": "Laura Bailey",
    "people": [
        {
            "api_detail_url": "http://www.giantbomb.com/api/person/3040-98590/",
            "id": 98590,
            "name": "Travis Willingham",
            "site_detail_url": "http://www.giantbomb.com/travis-willingham/3040-98590/"
        }
    ]
}