{
    "birth_date": null,
    "country": null,
    "death_date": null,
    "deck": null,
    "first_credited_game": {
        "api_detail_url": "http://www.giantbomb.com/api/game/3030-17949/",
        "id": 17949,
        "name": "The Elder Scrolls III: Tribunal"
    },
    "games": [
        {
            "api_detail_url": "http://www.giantbomb.com/api/game/3030-8121/",
            "id": 8121,
            "name": "The Elder Scrolls III: Bloodmoon",
            "site_detail_url": "http://www.giantbomb.com/the-elder-scrolls-iii-bloodmoon/3030-8121/"
        },
        {
            "api_detail_url": "http://www.giantbomb.com/api/game/3030-17949/",
            "id": 17949,
            "name": "The Elder Scrolls III: Tribunal",
            "site_detail_url": "http://www.giantbomb.com/the-elder-scrolls-iii-tribunal/3030-17949/"
        },
        {
            "api_detail_url": "http://www.giantbomb.com/api/game/3030-1837/",
            "id": 1837,
            "name": "IHRA Motorsports",
            "site_detail_url": "http://www.giantbomb.com/ihra-motorsports/3030-1837/"
        }
    ],
    "gender": null,
    "hometown": null,
    "id": 57229,
    "name": "Lori Rehr",
    "people": []
}