{
    "birth_date": "1951-07-24",
    "country": "United States",
    "death_date": null,
    "deck": "Lynda Carter is an American actrees, famous for her portrayal of Wonder Woman in the 1970's TV series. ",
    "first_credited_game": {
        "api_detail_url": "http://www.giantbomb.com/api/game/3030-8121/",
        "id": 8121,
        "name": "The Elder Scrolls III: Bloodmoon"
    },
    "games": [
        {
            "api_detail_url": "http://www.giantbomb.com/api/game/3030-8121/",
            "id": 8121,
            "name": "The Elder Scrolls III: Bloodmoon",
            "site_detail_url": "http://www.giantbomb.com/the-elder-scrolls-iii-bloodmoon/3030-8121/"
        },
        {
            "api_detail_url": "http://www.giantbomb.com/api/game/3030-20238/",
            "id": 20238,
            "name": "The Elder Scrolls IV: Oblivion",
            "site_detail_url": "http://www.giantbomb.com/the-elder-scrolls-iv-oblivion/3030-20238/"
        },
        {
            "api_detail_url": "http://www.giantbomb.com/api/game/3030-33394/",
            "id": 33394,
            "name": "The Elder Scrolls V: Skyrim",
            "site_detail_url": "http://www.giantbomb.com/the-elder-scrolls-v-skyrim/3030-33394/"
        },
        {
            "api_detail_url": "http://www.giantbomb.com/api/game/3030-38206/",
            "id": 38206,
            "name": "The Elder Scrolls Online",
            "site_detail_url": "http://www.giantbomb.com/the-elder-scrolls-online/3030-38206/"
        }
    ],
    "gender": 2,
    "hometown": "Phoenix, Arizona",
    "id": 57217,
    "name": "Lynda Carter",
    "people": []
}