{
    "birth_date": "1943-06-13",
    "country": "England",
    "death_date": null,
    "deck": "An Actor who starred as Admiral Geoffrey Tolwyn in the full motion video cutscene sequences of Wing Commander 3 & 4 and has lent his voice to various video games.",
    "first_credited_game": {
        "api_detail_url": "http://www.giantbomb.com/api/game/3030-18483/",
        "id": 18483,
        "name": "Wing Commander III: Heart of the Tiger"
    },
    "games": [
        {
            "api_detail_url": "http://www.giantbomb.com/api/game/3030-18483/",
            "id": 18483,
            "name": "Wing Commander III: Heart of the Tiger",
            "site_detail_url": "http://www.giantbomb.com/wing-commander-iii-heart-of-the-tiger/3030-18483/"
        },
        {
            "api_detail_url": "http://www.giantbomb.com/api/game/3030-9257/",
            "id": 9257,
            "name": "Mummy: Tomb of the Pharaoh",
            "site_detail_url": "http://www.giantbomb.com/mummy-tomb-of-the-pharaoh/3030-9257/"
        },
        {
            "api_detail_url": "http://www.giantbomb.com/api/game/3030-6922/",
            "id": 6922,
            "name": "Wing Commander IV: The Price of Freedom",
            "site_detail_url": "http://www.giantbomb.com/wing-commander-iv-the-price-of-freedom/3030-6922/"
        },
        {
            "api_detail_url": "http://www.giantbomb.com/api/game/3030-14981/",
            "id": 14981,
            "name": "Star Trek: Generations",
            "site_detail_url": "http://www.giantbomb.com/star-trek-generations/3030-14981/"
        },
        {
            "api_detail_url": "http://www.giantbomb.com/api/game/3030-8423/",
            "id": 8423,
            "name": "Superman: Shadow of Apokolips",
            "site_detail_url": "http://www.giantbomb.com/superman-shadow-of-apokolips/3030-8423/"
        },
        {
            "api_detail_url": "http://www.giantbomb.com/api/game/3030-13217/",
            "id": 13217,
            "name": "Champions of Norrath",
            "site_detail_url": "http://www.giantbomb.com/champions-of-norrath/3030-13217/"
        },
        {
            "api_detail_url": "http://www.giantbomb.com/api/game/3030-4910/",
            "id": 4910,
            "name": "Wing Commander: The Kilrathi Saga",
            "site_detail_url": "http://www.giantbomb.com/wing-commander-the-kilrathi-saga/3030-4910/"
        },
        {
            "api_detail_url": "http://www.giantbomb.com/api/game/3030-20504/",
            "id": 20504,
            "name": "Fallout 3",
            "site_detail_url": "http://www.giantbomb.com/fallout-3/3030-20504/"
        },
        {
            "api_detail_url": "http://www.giantbomb.com/api/game/3030-25034/",
            "id": 25034,
            "name": "Command & Conquer Red Alert 3: Uprising",
            "site_detail_url": "http://www.giantbomb.com/command-conquer-red-alert-3-uprising/3030-25034/"
        },
        {
            "api_detail_url": "http://www.giantbomb.com/api/game/3030-21984/",
            "id": 21984,
            "name": "WET",
            "site_detail_url": "http://www.giantbomb.com/wet/3030-21984/"
        },
        {
            "api_detail_url": "http://www.giantbomb.com/api/game/3030-20461/",
            "id": 20461,
            "name": "God of War III",
            "site_detail_url": "http://www.giantbomb.com/god-of-war-iii/3030-20461/"
        },
        {
            "api_detail_url": "http://www.giantbomb.com/api/game/3030-31387/",
            "id": 31387,
            "name": "Stronghold 3",
            "site_detail_url": "http://www.giantbomb.com/stronghold-3/3030-31387/"
        },
        {
            "api_detail_url": "http://www.giantbomb.com/api/game/3030-39248/",
            "id": 39248,
            "name": "God of War Saga",
            "site_detail_url": "http://www.giantbomb.com/god-of-war-saga/3030-39248/"
        },
        {
            "api_detail_url": "http://www.giantbomb.com/api/game/3030-30431/",
            "id": 30431,
            "name": "Killzone 3",
            "site_detail_url": "http://www.giantbomb.com/killzone-3/3030-30431/"
        },
        {
            "api_detail_url": "http://www.giantbomb.com/api/game/3030-38206/",
            "id": 38206,
            "name": "The Elder Scrolls Online",
            "site_detail_url": "http://www.giantbomb.com/the-elder-scrolls-online/3030-38206/"
        }
    ],
    "gender": 1,
    "hometown": "Leeds, Yorkshire",
    "id": 7702,
    "name": "Malcolm McDowell",
    "people": []
}