{
    "birth_date": null,
    "country": null,
    "death_date": null,
    "deck": null,
    "first_credited_game": {
        "api_detail_url": "http://www.giantbomb.com/api/game/3030-1851/",
        "id": 1851,
        "name": "Championship Sprint"
    },
    "games": [
        {
            "api_detail_url": "http://www.giantbomb.com/api/game/3030-11360/",
            "id": 11360,
            "name": "Warrior Kings: Battles",
            "site_detail_url": "http://www.giantbomb.com/warrior-kings-battles/3030-11360/"
        },
        {
            "api_detail_url": "http://www.giantbomb.com/api/game/3030-17949/",
            "id": 17949,
            "name": "The Elder Scrolls III: Tribunal",
            "site_detail_url": "http://www.giantbomb.com/the-elder-scrolls-iii-tribunal/3030-17949/"
        },
        {
            "api_detail_url": "http://www.giantbomb.com/api/game/3030-1129/",
            "id": 1129,
            "name": "The Elder Scrolls II: Daggerfall",
            "site_detail_url": "http://www.giantbomb.com/the-elder-scrolls-ii-daggerfall/3030-1129/"
        },
        {
            "api_detail_url": "http://www.giantbomb.com/api/game/3030-4336/",
            "id": 4336,
            "name": "Zynaps",
            "site_detail_url": "http://www.giantbomb.com/zynaps/3030-4336/"
        },
        {
            "api_detail_url": "http://www.giantbomb.com/api/game/3030-1851/",
            "id": 1851,
            "name": "Championship Sprint",
            "site_detail_url": "http://www.giantbomb.com/championship-sprint/3030-1851/"
        },
        {
            "api_detail_url": "http://www.giantbomb.com/api/game/3030-436/",
            "id": 436,
            "name": "Strike Fleet",
            "site_detail_url": "http://www.giantbomb.com/strike-fleet/3030-436/"
        },
        {
            "api_detail_url": "http://www.giantbomb.com/api/game/3030-12840/",
            "id": 12840,
            "name": "Gazza II",
            "site_detail_url": "http://www.giantbomb.com/gazza-ii/3030-12840/"
        },
        {
            "api_detail_url": "http://www.giantbomb.com/api/game/3030-7362/",
            "id": 7362,
            "name": "Space Hulk",
            "site_detail_url": "http://www.giantbomb.com/space-hulk/3030-7362/"
        },
        {
            "api_detail_url": "http://www.giantbomb.com/api/game/3030-20328/",
            "id": 20328,
            "name": "SkyNET",
            "site_detail_url": "http://www.giantbomb.com/skynet/3030-20328/"
        },
        {
            "api_detail_url": "http://www.giantbomb.com/api/game/3030-8456/",
            "id": 8456,
            "name": "An Elder Scrolls Legend: Battlespire",
            "site_detail_url": "http://www.giantbomb.com/an-elder-scrolls-legend-battlespire/3030-8456/"
        },
        {
            "api_detail_url": "http://www.giantbomb.com/api/game/3030-642/",
            "id": 642,
            "name": "The Elder Scrolls Adventures: Redguard",
            "site_detail_url": "http://www.giantbomb.com/the-elder-scrolls-adventures-redguard/3030-642/"
        },
        {
            "api_detail_url": "http://www.giantbomb.com/api/game/3030-10620/",
            "id": 10620,
            "name": "Super 1 Karting Simulation",
            "site_detail_url": "http://www.giantbomb.com/super-1-karting-simulation/3030-10620/"
        },
        {
            "api_detail_url": "http://www.giantbomb.com/api/game/3030-15259/",
            "id": 15259,
            "name": "PBA Tour Bowling 2001",
            "site_detail_url": "http://www.giantbomb.com/pba-tour-bowling-2001/3030-15259/"
        },
        {
            "api_detail_url": "http://www.giantbomb.com/api/game/3030-19119/",
            "id": 19119,
            "name": "PBA Bowling 2",
            "site_detail_url": "http://www.giantbomb.com/pba-bowling-2/3030-19119/"
        },
        {
            "api_detail_url": "http://www.giantbomb.com/api/game/3030-12149/",
            "id": 12149,
            "name": "Dark Age of Camelot",
            "site_detail_url": "http://www.giantbomb.com/dark-age-of-camelot/3030-12149/"
        },
        {
            "api_detail_url": "http://www.giantbomb.com/api/game/3030-15285/",
            "id": 15285,
            "name": "Dark Age of Camelot: Shrouded Isles",
            "site_detail_url": "http://www.giantbomb.com/dark-age-of-camelot-shrouded-isles/3030-15285/"
        },
        {
            "api_detail_url": "http://www.giantbomb.com/api/game/3030-16321/",
            "id": 16321,
            "name": "The Elder Scrolls Travels: Shadowkey",
            "site_detail_url": "http://www.giantbomb.com/the-elder-scrolls-travels-shadowkey/3030-16321/"
        },
        {
            "api_detail_url": "http://www.giantbomb.com/api/game/3030-3777/",
            "id": 3777,
            "name": "Catwoman",
            "site_detail_url": "http://www.giantbomb.com/catwoman/3030-3777/"
        },
        {
            "api_detail_url": "http://www.giantbomb.com/api/game/3030-19986/",
            "id": 19986,
            "name": "Carve",
            "site_detail_url": "http://www.giantbomb.com/carve/3030-19986/"
        },
        {
            "api_detail_url": "http://www.giantbomb.com/api/game/3030-4055/",
            "id": 4055,
            "name": "Big Mutha Truckers",
            "site_detail_url": "http://www.giantbomb.com/big-mutha-truckers/3030-4055/"
        },
        {
            "api_detail_url": "http://www.giantbomb.com/api/game/3030-3317/",
            "id": 3317,
            "name": "Bad Boys: Miami Takedown",
            "site_detail_url": "http://www.giantbomb.com/bad-boys-miami-takedown/3030-3317/"
        },
        {
            "api_detail_url": "http://www.giantbomb.com/api/game/3030-12881/",
            "id": 12881,
            "name": "Vegas Tycoon",
            "site_detail_url": "http://www.giantbomb.com/vegas-tycoon/3030-12881/"
        },
        {
            "api_detail_url": "http://www.giantbomb.com/api/game/3030-11740/",
            "id": 11740,
            "name": "Warlocked",
            "site_detail_url": "http://www.giantbomb.com/warlocked/3030-11740/"
        }
    ],
    "gender": 1,
    "hometown": null,
    "id": 2401,
    "name": "Mark Jones",
    "people": []
}