{
    "birth_date": null,
    "country": null,
    "death_date": null,
    "deck": null,
    "first_credited_game": {
        "api_detail_url": "http://www.giantbomb.com/api/game/3030-2524/",
        "id": 2524,
        "name": "Men in Black II: Alien Escape"
    },
    "games": [
        {
            "api_detail_url": "http://www.giantbomb.com/api/game/3030-506/",
            "id": 506,
            "name": "Virtual Resort: Spring Break",
            "site_detail_url": "http://www.giantbomb.com/virtual-resort-spring-break/3030-506/"
        },
        {
            "api_detail_url": "http://www.giantbomb.com/api/game/3030-2524/",
            "id": 2524,
            "name": "Men in Black II: Alien Escape",
            "site_detail_url": "http://www.giantbomb.com/men-in-black-ii-alien-escape/3030-2524/"
        },
        {
            "api_detail_url": "http://www.giantbomb.com/api/game/3030-13286/",
            "id": 13286,
            "name": "Unreal Tournament 2004",
            "site_detail_url": "http://www.giantbomb.com/unreal-tournament-2004/3030-13286/"
        },
        {
            "api_detail_url": "http://www.giantbomb.com/api/game/3030-17350/",
            "id": 17350,
            "name": "Unreal II: The Awakening",
            "site_detail_url": "http://www.giantbomb.com/unreal-ii-the-awakening/3030-17350/"
        },
        {
            "api_detail_url": "http://www.giantbomb.com/api/game/3030-5625/",
            "id": 5625,
            "name": "RollerCoaster Tycoon 3",
            "site_detail_url": "http://www.giantbomb.com/rollercoaster-tycoon-3/3030-5625/"
        },
        {
            "api_detail_url": "http://www.giantbomb.com/api/game/3030-9987/",
            "id": 9987,
            "name": "Ghost in the Shell: Stand Alone Complex",
            "site_detail_url": "http://www.giantbomb.com/ghost-in-the-shell-stand-alone-complex/3030-9987/"
        },
        {
            "api_detail_url": "http://www.giantbomb.com/api/game/3030-9872/",
            "id": 9872,
            "name": "Dragon Ball: Advanced Adventure",
            "site_detail_url": "http://www.giantbomb.com/dragon-ball-advanced-adventure/3030-9872/"
        },
        {
            "api_detail_url": "http://www.giantbomb.com/api/game/3030-22821/",
            "id": 22821,
            "name": "Axis & Allies",
            "site_detail_url": "http://www.giantbomb.com/axis-allies/3030-22821/"
        },
        {
            "api_detail_url": "http://www.giantbomb.com/api/game/3030-27571/",
            "id": 27571,
            "name": "Saint Seiya: The Sanctuary",
            "site_detail_url": "http://www.giantbomb.com/saint-seiya-the-sanctuary/3030-27571/"
        },
        {
            "api_detail_url": "http://www.giantbomb.com/api/game/3030-1001/",
            "id": 1001,
            "name": "RollerCoaster Tycoon 3: Soaked!",
            "site_detail_url": "http://www.giantbomb.com/rollercoaster-tycoon-3-soaked/3030-1001/"
        },
        {
            "api_detail_url": "http://www.giantbomb.com/api/game/3030-14491/",
            "id": 14491,
            "name": "Driv3r",
            "site_detail_url": "http://www.giantbomb.com/driv3r/3030-14491/"
        },
        {
            "api_detail_url": "http://www.giantbomb.com/api/game/3030-690/",
            "id": 690,
            "name": "Dragon Ball Z: Budokai Tenkaichi",
            "site_detail_url": "http://www.giantbomb.com/dragon-ball-z-budokai-tenkaichi/3030-690/"
        },
        {
            "api_detail_url": "http://www.giantbomb.com/api/game/3030-23973/",
            "id": 23973,
            "name": "Tycoon City: New York",
            "site_detail_url": "http://www.giantbomb.com/tycoon-city-new-york/3030-23973/"
        },
        {
            "api_detail_url": "http://www.giantbomb.com/api/game/3030-2397/",
            "id": 2397,
            "name": "Tom Clancy's Ghost Recon: Advanced Warfighter",
            "site_detail_url": "http://www.giantbomb.com/tom-clancys-ghost-recon-advanced-warfighter/3030-2397/"
        },
        {
            "api_detail_url": "http://www.giantbomb.com/api/game/3030-270/",
            "id": 270,
            "name": "Tom Clancy's Ghost Recon: Advanced Warfighter 2",
            "site_detail_url": "http://www.giantbomb.com/tom-clancys-ghost-recon-advanced-warfighter-2/3030-270/"
        },
        {
            "api_detail_url": "http://www.giantbomb.com/api/game/3030-17604/",
            "id": 17604,
            "name": "Driver: Parallel Lines",
            "site_detail_url": "http://www.giantbomb.com/driver-parallel-lines/3030-17604/"
        },
        {
            "api_detail_url": "http://www.giantbomb.com/api/game/3030-20739/",
            "id": 20739,
            "name": "Tom Clancy's EndWar",
            "site_detail_url": "http://www.giantbomb.com/tom-clancys-endwar/3030-20739/"
        },
        {
            "api_detail_url": "http://www.giantbomb.com/api/game/3030-33404/",
            "id": 33404,
            "name": "Petz Wild Animals Tigerz",
            "site_detail_url": "http://www.giantbomb.com/petz-wild-animals-tigerz/3030-33404/"
        },
        {
            "api_detail_url": "http://www.giantbomb.com/api/game/3030-20455/",
            "id": 20455,
            "name": "Haze",
            "site_detail_url": "http://www.giantbomb.com/haze/3030-20455/"
        },
        {
            "api_detail_url": "http://www.giantbomb.com/api/game/3030-33394/",
            "id": 33394,
            "name": "The Elder Scrolls V: Skyrim",
            "site_detail_url": "http://www.giantbomb.com/the-elder-scrolls-v-skyrim/3030-33394/"
        },
        {
            "api_detail_url": "http://www.giantbomb.com/api/game/3030-37432/",
            "id": 37432,
            "name": "Arcania: Fall of Setarrif",
            "site_detail_url": "http://www.giantbomb.com/arcania-fall-of-setarrif/3030-37432/"
        },
        {
            "api_detail_url": "http://www.giantbomb.com/api/game/3030-35850/",
            "id": 35850,
            "name": "Dishonored",
            "site_detail_url": "http://www.giantbomb.com/dishonored/3030-35850/"
        },
        {
            "api_detail_url": "http://www.giantbomb.com/api/game/3030-23796/",
            "id": 23796,
            "name": "Arcania: Gothic 4",
            "site_detail_url": "http://www.giantbomb.com/arcania-gothic-4/3030-23796/"
        }
    ],
    "gender": 1,
    "hometown": null,
    "id": 67759,
    "name": "Mauro Bossetti",
    "people": []
}