{
    "birth_date": "1956-12-03",
    "country": "United States",
    "death_date": null,
    "deck": "Hard-working voice actor whose voice can be heard in nearly a hundred games. He has worked in such major titles as Gears of War and Metal Gear Solid 4: Guns of the Patriots. He is also the voice behind Diablo's Deckard Cain.",
    "first_credited_game": {
        "api_detail_url": "http://www.giantbomb.com/api/game/3030-8178/",
        "id": 8178,
        "name": "Freddy Pharkas: Frontier Pharmacist"
    },
    "games": [
        {
            "api_detail_url": "http://www.giantbomb.com/api/game/3030-6346/",
            "id": 6346,
            "name": "Fallout Tactics: Brotherhood of Steel",
            "site_detail_url": "http://www.giantbomb.com/fallout-tactics-brotherhood-of-steel/3030-6346/"
        },
        {
            "api_detail_url": "http://www.giantbomb.com/api/game/3030-13062/",
            "id": 13062,
            "name": "StarCraft",
            "site_detail_url": "http://www.giantbomb.com/starcraft/3030-13062/"
        },
        {
            "api_detail_url": "http://www.giantbomb.com/api/game/3030-14523/",
            "id": 14523,
            "name": "Star Wars: Jedi Knight II - Jedi Outcast",
            "site_detail_url": "http://www.giantbomb.com/star-wars-jedi-knight-ii-jedi-outcast/3030-14523/"
        },
        {
            "api_detail_url": "http://www.giantbomb.com/api/game/3030-16426/",
            "id": 16426,
            "name": "Vampire: The Masquerade - Bloodlines",
            "site_detail_url": "http://www.giantbomb.com/vampire-the-masquerade-bloodlines/3030-16426/"
        },
        {
            "api_detail_url": "http://www.giantbomb.com/api/game/3030-1629/",
            "id": 1629,
            "name": "Call of Duty",
            "site_detail_url": "http://www.giantbomb.com/call-of-duty/3030-1629/"
        },
        {
            "api_detail_url": "http://www.giantbomb.com/api/game/3030-8102/",
            "id": 8102,
            "name": "The Bard's Tale",
            "site_detail_url": "http://www.giantbomb.com/the-bards-tale/3030-8102/"
        },
        {
            "api_detail_url": "http://www.giantbomb.com/api/game/3030-18901/",
            "id": 18901,
            "name": "Star Wars: Galactic Battlegrounds",
            "site_detail_url": "http://www.giantbomb.com/star-wars-galactic-battlegrounds/3030-18901/"
        },
        {
            "api_detail_url": "http://www.giantbomb.com/api/game/3030-5985/",
            "id": 5985,
            "name": "Diablo",
            "site_detail_url": "http://www.giantbomb.com/diablo/3030-5985/"
        },
        {
            "api_detail_url": "http://www.giantbomb.com/api/game/3030-7932/",
            "id": 7932,
            "name": "DreamWorks' Shark Tale",
            "site_detail_url": "http://www.giantbomb.com/dreamworks-shark-tale/3030-7932/"
        },
        {
            "api_detail_url": "http://www.giantbomb.com/api/game/3030-11057/",
            "id": 11057,
            "name": "Superman Returns",
            "site_detail_url": "http://www.giantbomb.com/superman-returns/3030-11057/"
        },
        {
            "api_detail_url": "http://www.giantbomb.com/api/game/3030-2422/",
            "id": 2422,
            "name": "Soviet Strike",
            "site_detail_url": "http://www.giantbomb.com/soviet-strike/3030-2422/"
        },
        {
            "api_detail_url": "http://www.giantbomb.com/api/game/3030-3603/",
            "id": 3603,
            "name": "Duckman: The Legend of the Fall",
            "site_detail_url": "http://www.giantbomb.com/duckman-the-legend-of-the-fall/3030-3603/"
        },
        {
            "api_detail_url": "http://www.giantbomb.com/api/game/3030-8987/",
            "id": 8987,
            "name": "Herc's Adventures",
            "site_detail_url": "http://www.giantbomb.com/hercs-adventures/3030-8987/"
        },
        {
            "api_detail_url": "http://www.giantbomb.com/api/game/3030-7836/",
            "id": 7836,
            "name": "Spyro the Dragon",
            "site_detail_url": "http://www.giantbomb.com/spyro-the-dragon/3030-7836/"
        },
        {
            "api_detail_url": "http://www.giantbomb.com/api/game/3030-6902/",
            "id": 6902,
            "name": "Disney's Villains' Revenge",
            "site_detail_url": "http://www.giantbomb.com/disneys-villains-revenge/3030-6902/"
        },
        {
            "api_detail_url": "http://www.giantbomb.com/api/game/3030-20121/",
            "id": 20121,
            "name": "Star Trek: Klingon Academy",
            "site_detail_url": "http://www.giantbomb.com/star-trek-klingon-academy/3030-20121/"
        },
        {
            "api_detail_url": "http://www.giantbomb.com/api/game/3030-10637/",
            "id": 10637,
            "name": "Baldur's Gate II: Shadows of Amn",
            "site_detail_url": "http://www.giantbomb.com/baldurs-gate-ii-shadows-of-amn/3030-10637/"
        },
        {
            "api_detail_url": "http://www.giantbomb.com/api/game/3030-15737/",
            "id": 15737,
            "name": "Tenchu 2: Birth of the Stealth Assassins",
            "site_detail_url": "http://www.giantbomb.com/tenchu-2-birth-of-the-stealth-assassins/3030-15737/"
        },
        {
            "api_detail_url": "http://www.giantbomb.com/api/game/3030-9359/",
            "id": 9359,
            "name": "Star Trek: Deep Space Nine - The Fallen",
            "site_detail_url": "http://www.giantbomb.com/star-trek-deep-space-nine-the-fallen/3030-9359/"
        },
        {
            "api_detail_url": "http://www.giantbomb.com/api/game/3030-9637/",
            "id": 9637,
            "name": "Disney's 102 Dalmatians: Puppies to the Rescue",
            "site_detail_url": "http://www.giantbomb.com/disneys-102-dalmatians-puppies-to-the-rescue/3030-9637/"
        },
        {
            "api_detail_url": "http://www.giantbomb.com/api/game/3030-6735/",
            "id": 6735,
            "name": "Sacrifice",
            "site_detail_url": "http://www.giantbomb.com/sacrifice/3030-6735/"
        },
        {
            "api_detail_url": "http://www.giantbomb.com/api/game/3030-3551/",
            "id": 3551,
            "name": "Star Trek: Starfleet Command Volume II - Empires at War",
            "site_detail_url": "http://www.giantbomb.com/star-trek-starfleet-command-volume-ii-empires-at-w/3030-3551/"
        },
        {
            "api_detail_url": "http://www.giantbomb.com/api/game/3030-15589/",
            "id": 15589,
            "name": "Diablo II: Lord of Destruction",
            "site_detail_url": "http://www.giantbomb.com/diablo-ii-lord-of-destruction/3030-15589/"
        },
        {
            "api_detail_url": "http://www.giantbomb.com/api/game/3030-2673/",
            "id": 2673,
            "name": "Arcanum: Of Steamworks & Magick Obscura",
            "site_detail_url": "http://www.giantbomb.com/arcanum-of-steamworks-magick-obscura/3030-2673/"
        },
        {
            "api_detail_url": "http://www.giantbomb.com/api/game/3030-16589/",
            "id": 16589,
            "name": "The Mummy Returns",
            "site_detail_url": "http://www.giantbomb.com/the-mummy-returns/3030-16589/"
        },
        {
            "api_detail_url": "http://www.giantbomb.com/api/game/3030-21654/",
            "id": 21654,
            "name": "Metal Gear Solid 2: Substance",
            "site_detail_url": "http://www.giantbomb.com/metal-gear-solid-2-substance/3030-21654/"
        },
        {
            "api_detail_url": "http://www.giantbomb.com/api/game/3030-3855/",
            "id": 3855,
            "name": "Disney's Treasure Planet: Battle at Procyon",
            "site_detail_url": "http://www.giantbomb.com/disneys-treasure-planet-battle-at-procyon/3030-3855/"
        },
        {
            "api_detail_url": "http://www.giantbomb.com/api/game/3030-4745/",
            "id": 4745,
            "name": "Soldier of Fortune II: Double Helix",
            "site_detail_url": "http://www.giantbomb.com/soldier-of-fortune-ii-double-helix/3030-4745/"
        },
        {
            "api_detail_url": "http://www.giantbomb.com/api/game/3030-9091/",
            "id": 9091,
            "name": "Bloody Roar Extreme",
            "site_detail_url": "http://www.giantbomb.com/bloody-roar-extreme/3030-9091/"
        },
        {
            "api_detail_url": "http://www.giantbomb.com/api/game/3030-10636/",
            "id": 10636,
            "name": "Summoner 2",
            "site_detail_url": "http://www.giantbomb.com/summoner-2/3030-10636/"
        },
        {
            "api_detail_url": "http://www.giantbomb.com/api/game/3030-7539/",
            "id": 7539,
            "name": "Tenchu: Wrath of Heaven",
            "site_detail_url": "http://www.giantbomb.com/tenchu-wrath-of-heaven/3030-7539/"
        },
        {
            "api_detail_url": "http://www.giantbomb.com/api/game/3030-18741/",
            "id": 18741,
            "name": "Star Wars: Knights of the Old Republic",
            "site_detail_url": "http://www.giantbomb.com/star-wars-knights-of-the-old-republic/3030-18741/"
        },
        {
            "api_detail_url": "http://www.giantbomb.com/api/game/3030-13809/",
            "id": 13809,
            "name": "Rise to Honor",
            "site_detail_url": "http://www.giantbomb.com/rise-to-honor/3030-13809/"
        },
        {
            "api_detail_url": "http://www.giantbomb.com/api/game/3030-11153/",
            "id": 11153,
            "name": "True Crime: Streets of LA",
            "site_detail_url": "http://www.giantbomb.com/true-crime-streets-of-la/3030-11153/"
        },
        {
            "api_detail_url": "http://www.giantbomb.com/api/game/3030-21268/",
            "id": 21268,
            "name": "The Hobbit",
            "site_detail_url": "http://www.giantbomb.com/the-hobbit/3030-21268/"
        },
        {
            "api_detail_url": "http://www.giantbomb.com/api/game/3030-13217/",
            "id": 13217,
            "name": "Champions of Norrath",
            "site_detail_url": "http://www.giantbomb.com/champions-of-norrath/3030-13217/"
        },
        {
            "api_detail_url": "http://www.giantbomb.com/api/game/3030-10139/",
            "id": 10139,
            "name": "Samurai Warriors",
            "site_detail_url": "http://www.giantbomb.com/samurai-warriors/3030-10139/"
        },
        {
            "api_detail_url": "http://www.giantbomb.com/api/game/3030-722/",
            "id": 722,
            "name": "Shrek 2",
            "site_detail_url": "http://www.giantbomb.com/shrek-2/3030-722/"
        },
        {
            "api_detail_url": "http://www.giantbomb.com/api/game/3030-11085/",
            "id": 11085,
            "name": "The Chronicles of Riddick: Escape from Butcher Bay",
            "site_detail_url": "http://www.giantbomb.com/the-chronicles-of-riddick-escape-from-butcher-bay/3030-11085/"
        },
        {
            "api_detail_url": "http://www.giantbomb.com/api/game/3030-11093/",
            "id": 11093,
            "name": "Xenosaga: Episode II - Jenseits von Gut und B\u00f6se",
            "site_detail_url": "http://www.giantbomb.com/xenosaga-episode-ii-jenseits-von-gut-und-bose/3030-11093/"
        },
        {
            "api_detail_url": "http://www.giantbomb.com/api/game/3030-13087/",
            "id": 13087,
            "name": "X-Men: Legends",
            "site_detail_url": "http://www.giantbomb.com/x-men-legends/3030-13087/"
        },
        {
            "api_detail_url": "http://www.giantbomb.com/api/game/3030-2242/",
            "id": 2242,
            "name": "The Punisher",
            "site_detail_url": "http://www.giantbomb.com/the-punisher/3030-2242/"
        },
        {
            "api_detail_url": "http://www.giantbomb.com/api/game/3030-9313/",
            "id": 9313,
            "name": "Men of Valor",
            "site_detail_url": "http://www.giantbomb.com/men-of-valor/3030-9313/"
        },
        {
            "api_detail_url": "http://www.giantbomb.com/api/game/3030-18547/",
            "id": 18547,
            "name": "EverQuest II",
            "site_detail_url": "http://www.giantbomb.com/everquest-ii/3030-18547/"
        },
        {
            "api_detail_url": "http://www.giantbomb.com/api/game/3030-18082/",
            "id": 18082,
            "name": "Metal Gear Solid 3: Snake Eater",
            "site_detail_url": "http://www.giantbomb.com/metal-gear-solid-3-snake-eater/3030-18082/"
        },
        {
            "api_detail_url": "http://www.giantbomb.com/api/game/3030-10267/",
            "id": 10267,
            "name": "Metal Gear Solid 3: Subsistence",
            "site_detail_url": "http://www.giantbomb.com/metal-gear-solid-3-subsistence/3030-10267/"
        },
        {
            "api_detail_url": "http://www.giantbomb.com/api/game/3030-8112/",
            "id": 8112,
            "name": "Viewtiful Joe 2",
            "site_detail_url": "http://www.giantbomb.com/viewtiful-joe-2/3030-8112/"
        },
        {
            "api_detail_url": "http://www.giantbomb.com/api/game/3030-8852/",
            "id": 8852,
            "name": "Star Wars: Knights of the Old Republic II - The Sith Lords",
            "site_detail_url": "http://www.giantbomb.com/star-wars-knights-of-the-old-republic-ii-the-sith-/3030-8852/"
        },
        {
            "api_detail_url": "http://www.giantbomb.com/api/game/3030-21460/",
            "id": 21460,
            "name": "Gurumin: A Monstrous Adventure",
            "site_detail_url": "http://www.giantbomb.com/gurumin-a-monstrous-adventure/3030-21460/"
        },
        {
            "api_detail_url": "http://www.giantbomb.com/api/game/3030-15479/",
            "id": 15479,
            "name": "Ape Escape Academy",
            "site_detail_url": "http://www.giantbomb.com/ape-escape-academy/3030-15479/"
        },
        {
            "api_detail_url": "http://www.giantbomb.com/api/game/3030-2397/",
            "id": 2397,
            "name": "Tom Clancy's Ghost Recon: Advanced Warfighter",
            "site_detail_url": "http://www.giantbomb.com/tom-clancys-ghost-recon-advanced-warfighter/3030-2397/"
        },
        {
            "api_detail_url": "http://www.giantbomb.com/api/game/3030-6464/",
            "id": 6464,
            "name": "Samurai Western",
            "site_detail_url": "http://www.giantbomb.com/samurai-western/3030-6464/"
        },
        {
            "api_detail_url": "http://www.giantbomb.com/api/game/3030-3156/",
            "id": 3156,
            "name": "Champions: Return to Arms",
            "site_detail_url": "http://www.giantbomb.com/champions-return-to-arms/3030-3156/"
        },
        {
            "api_detail_url": "http://www.giantbomb.com/api/game/3030-5704/",
            "id": 5704,
            "name": "Shadow of Rome",
            "site_detail_url": "http://www.giantbomb.com/shadow-of-rome/3030-5704/"
        },
        {
            "api_detail_url": "http://www.giantbomb.com/api/game/3030-12611/",
            "id": 12611,
            "name": "Robots",
            "site_detail_url": "http://www.giantbomb.com/robots/3030-12611/"
        },
        {
            "api_detail_url": "http://www.giantbomb.com/api/game/3030-3857/",
            "id": 3857,
            "name": "Project: Snowblind",
            "site_detail_url": "http://www.giantbomb.com/project-snowblind/3030-3857/"
        },
        {
            "api_detail_url": "http://www.giantbomb.com/api/game/3030-3757/",
            "id": 3757,
            "name": "Dynasty Warriors 5",
            "site_detail_url": "http://www.giantbomb.com/dynasty-warriors-5/3030-3757/"
        },
        {
            "api_detail_url": "http://www.giantbomb.com/api/game/3030-4301/",
            "id": 4301,
            "name": "Area-51",
            "site_detail_url": "http://www.giantbomb.com/area-51/3030-4301/"
        },
        {
            "api_detail_url": "http://www.giantbomb.com/api/game/3030-7754/",
            "id": 7754,
            "name": "Doom 3: Resurrection of Evil",
            "site_detail_url": "http://www.giantbomb.com/doom-3-resurrection-of-evil/3030-7754/"
        },
        {
            "api_detail_url": "http://www.giantbomb.com/api/game/3030-10661/",
            "id": 10661,
            "name": "Predator: Concrete Jungle",
            "site_detail_url": "http://www.giantbomb.com/predator-concrete-jungle/3030-10661/"
        },
        {
            "api_detail_url": "http://www.giantbomb.com/api/game/3030-18347/",
            "id": 18347,
            "name": "Killer7",
            "site_detail_url": "http://www.giantbomb.com/killer7/3030-18347/"
        },
        {
            "api_detail_url": "http://www.giantbomb.com/api/game/3030-19388/",
            "id": 19388,
            "name": "Ape Escape 3",
            "site_detail_url": "http://www.giantbomb.com/ape-escape-3/3030-19388/"
        },
        {
            "api_detail_url": "http://www.giantbomb.com/api/game/3030-21520/",
            "id": 21520,
            "name": "Viewtiful Joe: Red Hot Rumble",
            "site_detail_url": "http://www.giantbomb.com/viewtiful-joe-red-hot-rumble/3030-21520/"
        },
        {
            "api_detail_url": "http://www.giantbomb.com/api/game/3030-11669/",
            "id": 11669,
            "name": "Tak: The Great Juju Challenge",
            "site_detail_url": "http://www.giantbomb.com/tak-the-great-juju-challenge/3030-11669/"
        },
        {
            "api_detail_url": "http://www.giantbomb.com/api/game/3030-18607/",
            "id": 18607,
            "name": "Dungeons & Dragons: Dragonshard",
            "site_detail_url": "http://www.giantbomb.com/dungeons-dragons-dragonshard/3030-18607/"
        },
        {
            "api_detail_url": "http://www.giantbomb.com/api/game/3030-2347/",
            "id": 2347,
            "name": "Call of Duty 2",
            "site_detail_url": "http://www.giantbomb.com/call-of-duty-2/3030-2347/"
        },
        {
            "api_detail_url": "http://www.giantbomb.com/api/game/3030-5554/",
            "id": 5554,
            "name": "The Matrix: Path of Neo",
            "site_detail_url": "http://www.giantbomb.com/the-matrix-path-of-neo/3030-5554/"
        },
        {
            "api_detail_url": "http://www.giantbomb.com/api/game/3030-4763/",
            "id": 4763,
            "name": "Kingdom Hearts II",
            "site_detail_url": "http://www.giantbomb.com/kingdom-hearts-ii/3030-4763/"
        },
        {
            "api_detail_url": "http://www.giantbomb.com/api/game/3030-8600/",
            "id": 8600,
            "name": "Xenosaga: Episode III - Also Sprach Zarathustra",
            "site_detail_url": "http://www.giantbomb.com/xenosaga-episode-iii-also-sprach-zarathustra/3030-8600/"
        },
        {
            "api_detail_url": "http://www.giantbomb.com/api/game/3030-7954/",
            "id": 7954,
            "name": "Over the Hedge",
            "site_detail_url": "http://www.giantbomb.com/over-the-hedge/3030-7954/"
        },
        {
            "api_detail_url": "http://www.giantbomb.com/api/game/3030-7753/",
            "id": 7753,
            "name": "Gothic 3",
            "site_detail_url": "http://www.giantbomb.com/gothic-3/3030-7753/"
        },
        {
            "api_detail_url": "http://www.giantbomb.com/api/game/3030-6447/",
            "id": 6447,
            "name": "The Lord of the Rings: The Battle for Middle-earth II - The Rise of the Witch-King",
            "site_detail_url": "http://www.giantbomb.com/the-lord-of-the-rings-the-battle-for-middle-earth-/3030-6447/"
        },
        {
            "api_detail_url": "http://www.giantbomb.com/api/game/3030-270/",
            "id": 270,
            "name": "Tom Clancy's Ghost Recon: Advanced Warfighter 2",
            "site_detail_url": "http://www.giantbomb.com/tom-clancys-ghost-recon-advanced-warfighter-2/3030-270/"
        },
        {
            "api_detail_url": "http://www.giantbomb.com/api/game/3030-3655/",
            "id": 3655,
            "name": "Shrek the Third",
            "site_detail_url": "http://www.giantbomb.com/shrek-the-third/3030-3655/"
        },
        {
            "api_detail_url": "http://www.giantbomb.com/api/game/3030-5614/",
            "id": 5614,
            "name": "Spider-Man 3",
            "site_detail_url": "http://www.giantbomb.com/spider-man-3/3030-5614/"
        },
        {
            "api_detail_url": "http://www.giantbomb.com/api/game/3030-19273/",
            "id": 19273,
            "name": "Ace Combat 6: Fires of Liberation",
            "site_detail_url": "http://www.giantbomb.com/ace-combat-6-fires-of-liberation/3030-19273/"
        },
        {
            "api_detail_url": "http://www.giantbomb.com/api/game/3030-2133/",
            "id": 2133,
            "name": "Call of Duty 4: Modern Warfare",
            "site_detail_url": "http://www.giantbomb.com/call-of-duty-4-modern-warfare/3030-2133/"
        },
        {
            "api_detail_url": "http://www.giantbomb.com/api/game/3030-18492/",
            "id": 18492,
            "name": "Bee Movie Game",
            "site_detail_url": "http://www.giantbomb.com/bee-movie-game/3030-18492/"
        },
        {
            "api_detail_url": "http://www.giantbomb.com/api/game/3030-1819/",
            "id": 1819,
            "name": "The Golden Compass",
            "site_detail_url": "http://www.giantbomb.com/the-golden-compass/3030-1819/"
        },
        {
            "api_detail_url": "http://www.giantbomb.com/api/game/3030-2719/",
            "id": 2719,
            "name": "Lost Odyssey",
            "site_detail_url": "http://www.giantbomb.com/lost-odyssey/3030-2719/"
        },
        {
            "api_detail_url": "http://www.giantbomb.com/api/game/3030-20669/",
            "id": 20669,
            "name": "Metal Gear Solid 4: Guns of the Patriots",
            "site_detail_url": "http://www.giantbomb.com/metal-gear-solid-4-guns-of-the-patriots/3030-20669/"
        },
        {
            "api_detail_url": "http://www.giantbomb.com/api/game/3030-20662/",
            "id": 20662,
            "name": "Gears of War 2",
            "site_detail_url": "http://www.giantbomb.com/gears-of-war-2/3030-20662/"
        },
        {
            "api_detail_url": "http://www.giantbomb.com/api/game/3030-20504/",
            "id": 20504,
            "name": "Fallout 3",
            "site_detail_url": "http://www.giantbomb.com/fallout-3/3030-20504/"
        },
        {
            "api_detail_url": "http://www.giantbomb.com/api/game/3030-22928/",
            "id": 22928,
            "name": "Assassin's Creed II",
            "site_detail_url": "http://www.giantbomb.com/assassins-creed-ii/3030-22928/"
        },
        {
            "api_detail_url": "http://www.giantbomb.com/api/game/3030-27956/",
            "id": 27956,
            "name": "Madagascar Kartz",
            "site_detail_url": "http://www.giantbomb.com/madagascar-kartz/3030-27956/"
        },
        {
            "api_detail_url": "http://www.giantbomb.com/api/game/3030-25652/",
            "id": 25652,
            "name": "G-Force",
            "site_detail_url": "http://www.giantbomb.com/g-force/3030-25652/"
        },
        {
            "api_detail_url": "http://www.giantbomb.com/api/game/3030-21365/",
            "id": 21365,
            "name": "Rise of the Argonauts",
            "site_detail_url": "http://www.giantbomb.com/rise-of-the-argonauts/3030-21365/"
        },
        {
            "api_detail_url": "http://www.giantbomb.com/api/game/3030-10518/",
            "id": 10518,
            "name": "Eternal Sonata",
            "site_detail_url": "http://www.giantbomb.com/eternal-sonata/3030-10518/"
        },
        {
            "api_detail_url": "http://www.giantbomb.com/api/game/3030-21468/",
            "id": 21468,
            "name": "Time Crisis 4",
            "site_detail_url": "http://www.giantbomb.com/time-crisis-4/3030-21468/"
        },
        {
            "api_detail_url": "http://www.giantbomb.com/api/game/3030-12209/",
            "id": 12209,
            "name": "Spyro: A Hero's Tail",
            "site_detail_url": "http://www.giantbomb.com/spyro-a-heros-tail/3030-12209/"
        },
        {
            "api_detail_url": "http://www.giantbomb.com/api/game/3030-21616/",
            "id": 21616,
            "name": "The Saboteur",
            "site_detail_url": "http://www.giantbomb.com/the-saboteur/3030-21616/"
        },
        {
            "api_detail_url": "http://www.giantbomb.com/api/game/3030-30615/",
            "id": 30615,
            "name": "Gears of War 3",
            "site_detail_url": "http://www.giantbomb.com/gears-of-war-3/3030-30615/"
        },
        {
            "api_detail_url": "http://www.giantbomb.com/api/game/3030-33394/",
            "id": 33394,
            "name": "The Elder Scrolls V: Skyrim",
            "site_detail_url": "http://www.giantbomb.com/the-elder-scrolls-v-skyrim/3030-33394/"
        },
        {
            "api_detail_url": "http://www.giantbomb.com/api/game/3030-27112/",
            "id": 27112,
            "name": "Prison Break: The Conspiracy",
            "site_detail_url": "http://www.giantbomb.com/prison-break-the-conspiracy/3030-27112/"
        },
        {
            "api_detail_url": "http://www.giantbomb.com/api/game/3030-30877/",
            "id": 30877,
            "name": "Shrek Forever After",
            "site_detail_url": "http://www.giantbomb.com/shrek-forever-after/3030-30877/"
        },
        {
            "api_detail_url": "http://www.giantbomb.com/api/game/3030-20987/",
            "id": 20987,
            "name": "The Chronicles of Riddick: Assault on Dark Athena",
            "site_detail_url": "http://www.giantbomb.com/the-chronicles-of-riddick-assault-on-dark-athena/3030-20987/"
        },
        {
            "api_detail_url": "http://www.giantbomb.com/api/game/3030-20739/",
            "id": 20739,
            "name": "Tom Clancy's EndWar",
            "site_detail_url": "http://www.giantbomb.com/tom-clancys-endwar/3030-20739/"
        },
        {
            "api_detail_url": "http://www.giantbomb.com/api/game/3030-26430/",
            "id": 26430,
            "name": "Shrek-N-Roll",
            "site_detail_url": "http://www.giantbomb.com/shrek-n-roll/3030-26430/"
        },
        {
            "api_detail_url": "http://www.giantbomb.com/api/game/3030-8469/",
            "id": 8469,
            "name": "Shrek Smash N' Crash Racing",
            "site_detail_url": "http://www.giantbomb.com/shrek-smash-n-crash-racing/3030-8469/"
        },
        {
            "api_detail_url": "http://www.giantbomb.com/api/game/3030-24256/",
            "id": 24256,
            "name": "Super Swing Golf Season 2",
            "site_detail_url": "http://www.giantbomb.com/super-swing-golf-season-2/3030-24256/"
        },
        {
            "api_detail_url": "http://www.giantbomb.com/api/game/3030-14642/",
            "id": 14642,
            "name": "Open Season",
            "site_detail_url": "http://www.giantbomb.com/open-season/3030-14642/"
        },
        {
            "api_detail_url": "http://www.giantbomb.com/api/game/3030-10874/",
            "id": 10874,
            "name": "Disney's Winnie the Pooh's Rumbly Tumbly Adventure",
            "site_detail_url": "http://www.giantbomb.com/disneys-winnie-the-poohs-rumbly-tumbly-adventure/3030-10874/"
        },
        {
            "api_detail_url": "http://www.giantbomb.com/api/game/3030-5960/",
            "id": 5960,
            "name": "Shrek SuperSlam",
            "site_detail_url": "http://www.giantbomb.com/shrek-superslam/3030-5960/"
        },
        {
            "api_detail_url": "http://www.giantbomb.com/api/game/3030-7750/",
            "id": 7750,
            "name": "Tenchu: Return from Darkness",
            "site_detail_url": "http://www.giantbomb.com/tenchu-return-from-darkness/3030-7750/"
        },
        {
            "api_detail_url": "http://www.giantbomb.com/api/game/3030-15566/",
            "id": 15566,
            "name": "Bloody Roar: Primal Fury",
            "site_detail_url": "http://www.giantbomb.com/bloody-roar-primal-fury/3030-15566/"
        },
        {
            "api_detail_url": "http://www.giantbomb.com/api/game/3030-4437/",
            "id": 4437,
            "name": "WarJetz",
            "site_detail_url": "http://www.giantbomb.com/warjetz/3030-4437/"
        },
        {
            "api_detail_url": "http://www.giantbomb.com/api/game/3030-7651/",
            "id": 7651,
            "name": "Timeline",
            "site_detail_url": "http://www.giantbomb.com/timeline/3030-7651/"
        },
        {
            "api_detail_url": "http://www.giantbomb.com/api/game/3030-12485/",
            "id": 12485,
            "name": "Disney's Winnie the Pooh Preschool",
            "site_detail_url": "http://www.giantbomb.com/disneys-winnie-the-pooh-preschool/3030-12485/"
        },
        {
            "api_detail_url": "http://www.giantbomb.com/api/game/3030-15484/",
            "id": 15484,
            "name": "Winnie the Pooh and Tigger Too",
            "site_detail_url": "http://www.giantbomb.com/winnie-the-pooh-and-tigger-too/3030-15484/"
        },
        {
            "api_detail_url": "http://www.giantbomb.com/api/game/3030-17570/",
            "id": 17570,
            "name": "Disney's Hades Challenge",
            "site_detail_url": "http://www.giantbomb.com/disneys-hades-challenge/3030-17570/"
        },
        {
            "api_detail_url": "http://www.giantbomb.com/api/game/3030-5817/",
            "id": 5817,
            "name": "WarGames: Defcon 1",
            "site_detail_url": "http://www.giantbomb.com/wargames-defcon-1/3030-5817/"
        },
        {
            "api_detail_url": "http://www.giantbomb.com/api/game/3030-5445/",
            "id": 5445,
            "name": "Disney's Ready to Read with Pooh",
            "site_detail_url": "http://www.giantbomb.com/disneys-ready-to-read-with-pooh/3030-5445/"
        },
        {
            "api_detail_url": "http://www.giantbomb.com/api/game/3030-13697/",
            "id": 13697,
            "name": "Tonka Search & Rescue",
            "site_detail_url": "http://www.giantbomb.com/tonka-search-rescue/3030-13697/"
        },
        {
            "api_detail_url": "http://www.giantbomb.com/api/game/3030-16935/",
            "id": 16935,
            "name": "Arcade America",
            "site_detail_url": "http://www.giantbomb.com/arcade-america/3030-16935/"
        },
        {
            "api_detail_url": "http://www.giantbomb.com/api/game/3030-2529/",
            "id": 2529,
            "name": "Black Dawn",
            "site_detail_url": "http://www.giantbomb.com/black-dawn/3030-2529/"
        },
        {
            "api_detail_url": "http://www.giantbomb.com/api/game/3030-15645/",
            "id": 15645,
            "name": "Tonka Construction",
            "site_detail_url": "http://www.giantbomb.com/tonka-construction/3030-15645/"
        },
        {
            "api_detail_url": "http://www.giantbomb.com/api/game/3030-20499/",
            "id": 20499,
            "name": "Too Human",
            "site_detail_url": "http://www.giantbomb.com/too-human/3030-20499/"
        },
        {
            "api_detail_url": "http://www.giantbomb.com/api/game/3030-20816/",
            "id": 20816,
            "name": "Dynasty Warriors 6",
            "site_detail_url": "http://www.giantbomb.com/dynasty-warriors-6/3030-20816/"
        },
        {
            "api_detail_url": "http://www.giantbomb.com/api/game/3030-8178/",
            "id": 8178,
            "name": "Freddy Pharkas: Frontier Pharmacist",
            "site_detail_url": "http://www.giantbomb.com/freddy-pharkas-frontier-pharmacist/3030-8178/"
        },
        {
            "api_detail_url": "http://www.giantbomb.com/api/game/3030-34975/",
            "id": 34975,
            "name": "Assassin's Creed: Revelations",
            "site_detail_url": "http://www.giantbomb.com/assassins-creed-revelations/3030-34975/"
        },
        {
            "api_detail_url": "http://www.giantbomb.com/api/game/3030-23907/",
            "id": 23907,
            "name": "Secret Service",
            "site_detail_url": "http://www.giantbomb.com/secret-service/3030-23907/"
        },
        {
            "api_detail_url": "http://www.giantbomb.com/api/game/3030-38481/",
            "id": 38481,
            "name": "Gears of War: Judgment",
            "site_detail_url": "http://www.giantbomb.com/gears-of-war-judgment/3030-38481/"
        },
        {
            "api_detail_url": "http://www.giantbomb.com/api/game/3030-36989/",
            "id": 36989,
            "name": "The Last of Us",
            "site_detail_url": "http://www.giantbomb.com/the-last-of-us/3030-36989/"
        },
        {
            "api_detail_url": "http://www.giantbomb.com/api/game/3030-42245/",
            "id": 42245,
            "name": "Batman: Arkham Origins",
            "site_detail_url": "http://www.giantbomb.com/batman-arkham-origins/3030-42245/"
        },
        {
            "api_detail_url": "http://www.giantbomb.com/api/game/3030-1578/",
            "id": 1578,
            "name": "Resident Evil 4",
            "site_detail_url": "http://www.giantbomb.com/resident-evil-4/3030-1578/"
        },
        {
            "api_detail_url": "http://www.giantbomb.com/api/game/3030-20803/",
            "id": 20803,
            "name": "Diablo III",
            "site_detail_url": "http://www.giantbomb.com/diablo-iii/3030-20803/"
        },
        {
            "api_detail_url": "http://www.giantbomb.com/api/game/3030-48585/",
            "id": 48585,
            "name": "Tonka: Rescue Patrol",
            "site_detail_url": "http://www.giantbomb.com/tonka-rescue-patrol/3030-48585/"
        },
        {
            "api_detail_url": "http://www.giantbomb.com/api/game/3030-12388/",
            "id": 12388,
            "name": "Metal Gear Solid 2: Sons of Liberty",
            "site_detail_url": "http://www.giantbomb.com/metal-gear-solid-2-sons-of-liberty/3030-12388/"
        },
        {
            "api_detail_url": "http://www.giantbomb.com/api/game/3030-51893/",
            "id": 51893,
            "name": " Math Blaster Ages 8-9",
            "site_detail_url": "http://www.giantbomb.com/math-blaster-ages-8-9/3030-51893/"
        }
    ],
    "gender": 1,
    "hometown": "San Jose, CA",
    "id": 3492,
    "name": "Michael Gough",
    "people": [
        {
            "api_detail_url": "http://www.giantbomb.com/api/person/3040-86436/",
            "id": 86436,
            "name": "Zach Hanks",
            "site_detail_url": "http://www.giantbomb.com/zach-hanks/3040-86436/"
        }
    ]
}