{
    "birth_date": null,
    "country": null,
    "death_date": null,
    "deck": null,
    "first_credited_game": {
        "api_detail_url": "http://www.giantbomb.com/api/game/3030-16060/",
        "id": 16060,
        "name": "Flight Unlimited"
    },
    "games": [
        {
            "api_detail_url": "http://www.giantbomb.com/api/game/3030-8870/",
            "id": 8870,
            "name": "System Shock 2",
            "site_detail_url": "http://www.giantbomb.com/system-shock-2/3030-8870/"
        },
        {
            "api_detail_url": "http://www.giantbomb.com/api/game/3030-20504/",
            "id": 20504,
            "name": "Fallout 3",
            "site_detail_url": "http://www.giantbomb.com/fallout-3/3030-20504/"
        },
        {
            "api_detail_url": "http://www.giantbomb.com/api/game/3030-16060/",
            "id": 16060,
            "name": "Flight Unlimited",
            "site_detail_url": "http://www.giantbomb.com/flight-unlimited/3030-16060/"
        },
        {
            "api_detail_url": "http://www.giantbomb.com/api/game/3030-2262/",
            "id": 2262,
            "name": "Terra Nova: Strike Force Centauri",
            "site_detail_url": "http://www.giantbomb.com/terra-nova-strike-force-centauri/3030-2262/"
        },
        {
            "api_detail_url": "http://www.giantbomb.com/api/game/3030-7787/",
            "id": 7787,
            "name": "Thief II: The Metal Age",
            "site_detail_url": "http://www.giantbomb.com/thief-ii-the-metal-age/3030-7787/"
        },
        {
            "api_detail_url": "http://www.giantbomb.com/api/game/3030-11796/",
            "id": 11796,
            "name": "Star Trek: Armada II",
            "site_detail_url": "http://www.giantbomb.com/star-trek-armada-ii/3030-11796/"
        },
        {
            "api_detail_url": "http://www.giantbomb.com/api/game/3030-7099/",
            "id": 7099,
            "name": "Mat Hoffman's Pro BMX 2",
            "site_detail_url": "http://www.giantbomb.com/mat-hoffmans-pro-bmx-2/3030-7099/"
        },
        {
            "api_detail_url": "http://www.giantbomb.com/api/game/3030-5680/",
            "id": 5680,
            "name": "Madagascar",
            "site_detail_url": "http://www.giantbomb.com/madagascar/3030-5680/"
        },
        {
            "api_detail_url": "http://www.giantbomb.com/api/game/3030-9966/",
            "id": 9966,
            "name": "Scarface: The World is Yours",
            "site_detail_url": "http://www.giantbomb.com/scarface-the-world-is-yours/3030-9966/"
        },
        {
            "api_detail_url": "http://www.giantbomb.com/api/game/3030-13187/",
            "id": 13187,
            "name": "Lawnmower Racing Mania 2007",
            "site_detail_url": "http://www.giantbomb.com/lawnmower-racing-mania-2007/3030-13187/"
        },
        {
            "api_detail_url": "http://www.giantbomb.com/api/game/3030-1999/",
            "id": 1999,
            "name": "Ice Age 2: The Meltdown",
            "site_detail_url": "http://www.giantbomb.com/ice-age-2-the-meltdown/3030-1999/"
        },
        {
            "api_detail_url": "http://www.giantbomb.com/api/game/3030-4800/",
            "id": 4800,
            "name": "F.E.A.R.: First Encounter Assault Recon",
            "site_detail_url": "http://www.giantbomb.com/fear-first-encounter-assault-recon/3030-4800/"
        },
        {
            "api_detail_url": "http://www.giantbomb.com/api/game/3030-15065/",
            "id": 15065,
            "name": "Dark Messiah of Might & Magic",
            "site_detail_url": "http://www.giantbomb.com/dark-messiah-of-might-magic/3030-15065/"
        },
        {
            "api_detail_url": "http://www.giantbomb.com/api/game/3030-1443/",
            "id": 1443,
            "name": "M.A.C.H.: Modified Air Combat Heroes",
            "site_detail_url": "http://www.giantbomb.com/mach-modified-air-combat-heroes/3030-1443/"
        },
        {
            "api_detail_url": "http://www.giantbomb.com/api/game/3030-3916/",
            "id": 3916,
            "name": "DiRT",
            "site_detail_url": "http://www.giantbomb.com/dirt/3030-3916/"
        },
        {
            "api_detail_url": "http://www.giantbomb.com/api/game/3030-20488/",
            "id": 20488,
            "name": "Robert Ludlum's The Bourne Conspiracy",
            "site_detail_url": "http://www.giantbomb.com/robert-ludlums-the-bourne-conspiracy/3030-20488/"
        },
        {
            "api_detail_url": "http://www.giantbomb.com/api/game/3030-4523/",
            "id": 4523,
            "name": "Thief: The Dark Project",
            "site_detail_url": "http://www.giantbomb.com/thief-the-dark-project/3030-4523/"
        }
    ],
    "gender": 0,
    "hometown": null,
    "id": 13720,
    "name": "Michael Thomas Ryan",
    "people": []
}