{
    "birth_date": null,
    "country": "United States",
    "death_date": null,
    "deck": "Michael Kirkbride is an artist and writer known for his work on the Elder Scrolls series.",
    "first_credited_game": {
        "api_detail_url": "http://www.giantbomb.com/api/game/3030-642/",
        "id": 642,
        "name": "The Elder Scrolls Adventures: Redguard"
    },
    "games": [
        {
            "api_detail_url": "http://www.giantbomb.com/api/game/3030-642/",
            "id": 642,
            "name": "The Elder Scrolls Adventures: Redguard",
            "site_detail_url": "http://www.giantbomb.com/the-elder-scrolls-adventures-redguard/3030-642/"
        },
        {
            "api_detail_url": "http://www.giantbomb.com/api/game/3030-20238/",
            "id": 20238,
            "name": "The Elder Scrolls IV: Oblivion",
            "site_detail_url": "http://www.giantbomb.com/the-elder-scrolls-iv-oblivion/3030-20238/"
        },
        {
            "api_detail_url": "http://www.giantbomb.com/api/game/3030-2172/",
            "id": 2172,
            "name": "Fantastic Four: Rise of the Silver Surfer",
            "site_detail_url": "http://www.giantbomb.com/fantastic-four-rise-of-the-silver-surfer/3030-2172/"
        }
    ],
    "gender": 1,
    "hometown": null,
    "id": 57208,
    "name": "Michael Kirkbride",
    "people": []
}