{
    "birth_date": null,
    "country": null,
    "death_date": null,
    "deck": null,
    "first_credited_game": {
        "api_detail_url": "http://www.giantbomb.com/api/game/3030-30149/",
        "id": 30149,
        "name": "The X-Fools: The Spoof Is Out There"
    },
    "games": [
        {
            "api_detail_url": "http://www.giantbomb.com/api/game/3030-30149/",
            "id": 30149,
            "name": "The X-Fools: The Spoof Is Out There",
            "site_detail_url": "http://www.giantbomb.com/the-x-fools-the-spoof-is-out-there/3030-30149/"
        },
        {
            "api_detail_url": "http://www.giantbomb.com/api/game/3030-32845/",
            "id": 32845,
            "name": "Captain America: Super Soldier",
            "site_detail_url": "http://www.giantbomb.com/captain-america-super-soldier/3030-32845/"
        },
        {
            "api_detail_url": "http://www.giantbomb.com/api/game/3030-33394/",
            "id": 33394,
            "name": "The Elder Scrolls V: Skyrim",
            "site_detail_url": "http://www.giantbomb.com/the-elder-scrolls-v-skyrim/3030-33394/"
        },
        {
            "api_detail_url": "http://www.giantbomb.com/api/game/3030-32499/",
            "id": 32499,
            "name": "Cabela's Dangerous Hunts 2011",
            "site_detail_url": "http://www.giantbomb.com/cabelas-dangerous-hunts-2011/3030-32499/"
        },
        {
            "api_detail_url": "http://www.giantbomb.com/api/game/3030-37273/",
            "id": 37273,
            "name": "Resident Evil 6",
            "site_detail_url": "http://www.giantbomb.com/resident-evil-6/3030-37273/"
        },
        {
            "api_detail_url": "http://www.giantbomb.com/api/game/3030-38542/",
            "id": 38542,
            "name": "Call of Duty: Black Ops Declassified",
            "site_detail_url": "http://www.giantbomb.com/call-of-duty-black-ops-declassified/3030-38542/"
        },
        {
            "api_detail_url": "http://www.giantbomb.com/api/game/3030-47854/",
            "id": 47854,
            "name": "Final Fantasy Type-0 HD",
            "site_detail_url": "http://www.giantbomb.com/final-fantasy-type0-hd/3030-47854/"
        }
    ],
    "gender": null,
    "hometown": null,
    "id": 5976,
    "name": "Michael Donovan",
    "people": []
}