{
    "birth_date": null,
    "country": null,
    "death_date": null,
    "deck": null,
    "first_credited_game": {
        "api_detail_url": "http://www.giantbomb.com/api/game/3030-609/",
        "id": 609,
        "name": "Rayman 2: The Great Escape"
    },
    "games": [
        {
            "api_detail_url": "http://www.giantbomb.com/api/game/3030-10905/",
            "id": 10905,
            "name": "In Cold Blood",
            "site_detail_url": "http://www.giantbomb.com/in-cold-blood/3030-10905/"
        },
        {
            "api_detail_url": "http://www.giantbomb.com/api/game/3030-29124/",
            "id": 29124,
            "name": "Hype: The Time Quest",
            "site_detail_url": "http://www.giantbomb.com/hype-the-time-quest/3030-29124/"
        },
        {
            "api_detail_url": "http://www.giantbomb.com/api/game/3030-609/",
            "id": 609,
            "name": "Rayman 2: The Great Escape",
            "site_detail_url": "http://www.giantbomb.com/rayman-2-the-great-escape/3030-609/"
        },
        {
            "api_detail_url": "http://www.giantbomb.com/api/game/3030-15302/",
            "id": 15302,
            "name": "Largo Winch: Empire Under Threat",
            "site_detail_url": "http://www.giantbomb.com/largo-winch-empire-under-threat/3030-15302/"
        },
        {
            "api_detail_url": "http://www.giantbomb.com/api/game/3030-16402/",
            "id": 16402,
            "name": "Largo Winch .// Commando SAR",
            "site_detail_url": "http://www.giantbomb.com/largo-winch-commando-sar/3030-16402/"
        },
        {
            "api_detail_url": "http://www.giantbomb.com/api/game/3030-4170/",
            "id": 4170,
            "name": "Command & Conquer: Renegade",
            "site_detail_url": "http://www.giantbomb.com/command-conquer-renegade/3030-4170/"
        },
        {
            "api_detail_url": "http://www.giantbomb.com/api/game/3030-2955/",
            "id": 2955,
            "name": "XIII",
            "site_detail_url": "http://www.giantbomb.com/xiii/3030-2955/"
        },
        {
            "api_detail_url": "http://www.giantbomb.com/api/game/3030-40962/",
            "id": 40962,
            "name": "Saddle Up: Time to Ride",
            "site_detail_url": "http://www.giantbomb.com/saddle-up-time-to-ride/3030-40962/"
        },
        {
            "api_detail_url": "http://www.giantbomb.com/api/game/3030-577/",
            "id": 577,
            "name": "Harry Potter and the Philosopher's Stone",
            "site_detail_url": "http://www.giantbomb.com/harry-potter-and-the-philosophers-stone/3030-577/"
        },
        {
            "api_detail_url": "http://www.giantbomb.com/api/game/3030-15549/",
            "id": 15549,
            "name": "Tom Clancy's Splinter Cell: Pandora Tomorrow",
            "site_detail_url": "http://www.giantbomb.com/tom-clancys-splinter-cell-pandora-tomorrow/3030-15549/"
        },
        {
            "api_detail_url": "http://www.giantbomb.com/api/game/3030-12710/",
            "id": 12710,
            "name": "Onimusha 3: Demon Siege",
            "site_detail_url": "http://www.giantbomb.com/onimusha-3-demon-siege/3030-12710/"
        },
        {
            "api_detail_url": "http://www.giantbomb.com/api/game/3030-9050/",
            "id": 9050,
            "name": "Kaena",
            "site_detail_url": "http://www.giantbomb.com/kaena/3030-9050/"
        },
        {
            "api_detail_url": "http://www.giantbomb.com/api/game/3030-3792/",
            "id": 3792,
            "name": "Harry Potter and the Prisoner of Azkaban",
            "site_detail_url": "http://www.giantbomb.com/harry-potter-and-the-prisoner-of-azkaban/3030-3792/"
        },
        {
            "api_detail_url": "http://www.giantbomb.com/api/game/3030-14491/",
            "id": 14491,
            "name": "Driv3r",
            "site_detail_url": "http://www.giantbomb.com/driv3r/3030-14491/"
        },
        {
            "api_detail_url": "http://www.giantbomb.com/api/game/3030-12354/",
            "id": 12354,
            "name": "Tom Clancy's Splinter Cell: Chaos Theory",
            "site_detail_url": "http://www.giantbomb.com/tom-clancys-splinter-cell-chaos-theory/3030-12354/"
        },
        {
            "api_detail_url": "http://www.giantbomb.com/api/game/3030-1961/",
            "id": 1961,
            "name": "Myst V: End of Ages",
            "site_detail_url": "http://www.giantbomb.com/myst-v-end-of-ages/3030-1961/"
        },
        {
            "api_detail_url": "http://www.giantbomb.com/api/game/3030-38658/",
            "id": 38658,
            "name": "War on Terror",
            "site_detail_url": "http://www.giantbomb.com/war-on-terror/3030-38658/"
        },
        {
            "api_detail_url": "http://www.giantbomb.com/api/game/3030-11057/",
            "id": 11057,
            "name": "Superman Returns",
            "site_detail_url": "http://www.giantbomb.com/superman-returns/3030-11057/"
        },
        {
            "api_detail_url": "http://www.giantbomb.com/api/game/3030-7753/",
            "id": 7753,
            "name": "Gothic 3",
            "site_detail_url": "http://www.giantbomb.com/gothic-3/3030-7753/"
        },
        {
            "api_detail_url": "http://www.giantbomb.com/api/game/3030-15065/",
            "id": 15065,
            "name": "Dark Messiah of Might & Magic",
            "site_detail_url": "http://www.giantbomb.com/dark-messiah-of-might-magic/3030-15065/"
        },
        {
            "api_detail_url": "http://www.giantbomb.com/api/game/3030-6582/",
            "id": 6582,
            "name": "Test Drive Unlimited",
            "site_detail_url": "http://www.giantbomb.com/test-drive-unlimited/3030-6582/"
        },
        {
            "api_detail_url": "http://www.giantbomb.com/api/game/3030-7576/",
            "id": 7576,
            "name": "Surf's Up",
            "site_detail_url": "http://www.giantbomb.com/surfs-up/3030-7576/"
        },
        {
            "api_detail_url": "http://www.giantbomb.com/api/game/3030-2815/",
            "id": 2815,
            "name": "The Settlers: Rise of an Empire",
            "site_detail_url": "http://www.giantbomb.com/the-settlers-rise-of-an-empire/3030-2815/"
        },
        {
            "api_detail_url": "http://www.giantbomb.com/api/game/3030-15928/",
            "id": 15928,
            "name": "Naruto: Rise of a Ninja",
            "site_detail_url": "http://www.giantbomb.com/naruto-rise-of-a-ninja/3030-15928/"
        },
        {
            "api_detail_url": "http://www.giantbomb.com/api/game/3030-1986/",
            "id": 1986,
            "name": "Tom Clancy's Rainbow Six: Vegas 2",
            "site_detail_url": "http://www.giantbomb.com/tom-clancys-rainbow-six-vegas-2/3030-1986/"
        },
        {
            "api_detail_url": "http://www.giantbomb.com/api/game/3030-20865/",
            "id": 20865,
            "name": "Emergency Mayhem",
            "site_detail_url": "http://www.giantbomb.com/emergency-mayhem/3030-20865/"
        },
        {
            "api_detail_url": "http://www.giantbomb.com/api/game/3030-25313/",
            "id": 25313,
            "name": "Venetica",
            "site_detail_url": "http://www.giantbomb.com/venetica/3030-25313/"
        },
        {
            "api_detail_url": "http://www.giantbomb.com/api/game/3030-26589/",
            "id": 26589,
            "name": "James Cameron's Avatar: The Game",
            "site_detail_url": "http://www.giantbomb.com/james-camerons-avatar-the-game/3030-26589/"
        },
        {
            "api_detail_url": "http://www.giantbomb.com/api/game/3030-23139/",
            "id": 23139,
            "name": "Divinity II: Ego Draconis",
            "site_detail_url": "http://www.giantbomb.com/divinity-ii-ego-draconis/3030-23139/"
        },
        {
            "api_detail_url": "http://www.giantbomb.com/api/game/3030-20700/",
            "id": 20700,
            "name": "Br\u00fctal Legend",
            "site_detail_url": "http://www.giantbomb.com/brutal-legend/3030-20700/"
        },
        {
            "api_detail_url": "http://www.giantbomb.com/api/game/3030-20464/",
            "id": 20464,
            "name": "Tom Clancy's Splinter Cell: Conviction",
            "site_detail_url": "http://www.giantbomb.com/tom-clancys-splinter-cell-conviction/3030-20464/"
        },
        {
            "api_detail_url": "http://www.giantbomb.com/api/game/3030-33039/",
            "id": 33039,
            "name": "Divinity II: Flames of Vengeance",
            "site_detail_url": "http://www.giantbomb.com/divinity-ii-flames-of-vengeance/3030-33039/"
        },
        {
            "api_detail_url": "http://www.giantbomb.com/api/game/3030-33394/",
            "id": 33394,
            "name": "The Elder Scrolls V: Skyrim",
            "site_detail_url": "http://www.giantbomb.com/the-elder-scrolls-v-skyrim/3030-33394/"
        },
        {
            "api_detail_url": "http://www.giantbomb.com/api/game/3030-37432/",
            "id": 37432,
            "name": "Arcania: Fall of Setarrif",
            "site_detail_url": "http://www.giantbomb.com/arcania-fall-of-setarrif/3030-37432/"
        },
        {
            "api_detail_url": "http://www.giantbomb.com/api/game/3030-21369/",
            "id": 21369,
            "name": "The Secret World",
            "site_detail_url": "http://www.giantbomb.com/the-secret-world/3030-21369/"
        },
        {
            "api_detail_url": "http://www.giantbomb.com/api/game/3030-23796/",
            "id": 23796,
            "name": "Arcania: Gothic 4",
            "site_detail_url": "http://www.giantbomb.com/arcania-gothic-4/3030-23796/"
        }
    ],
    "gender": 2,
    "hometown": null,
    "id": 37468,
    "name": "Nathalie Homs",
    "people": []
}