{
    "birth_date": null,
    "country": null,
    "death_date": null,
    "deck": null,
    "first_credited_game": {
        "api_detail_url": "http://www.giantbomb.com/api/game/3030-2025/",
        "id": 2025,
        "name": "Revenant"
    },
    "games": [
        {
            "api_detail_url": "http://www.giantbomb.com/api/game/3030-17043/",
            "id": 17043,
            "name": "Agatha Christie: And Then There Were None",
            "site_detail_url": "http://www.giantbomb.com/agatha-christie-and-then-there-were-none/3030-17043/"
        },
        {
            "api_detail_url": "http://www.giantbomb.com/api/game/3030-2025/",
            "id": 2025,
            "name": "Revenant",
            "site_detail_url": "http://www.giantbomb.com/revenant/3030-2025/"
        },
        {
            "api_detail_url": "http://www.giantbomb.com/api/game/3030-33394/",
            "id": 33394,
            "name": "The Elder Scrolls V: Skyrim",
            "site_detail_url": "http://www.giantbomb.com/the-elder-scrolls-v-skyrim/3030-33394/"
        }
    ],
    "gender": null,
    "hometown": null,
    "id": 68476,
    "name": "Neil Dickson",
    "people": []
}