{
    "birth_date": null,
    "country": null,
    "death_date": null,
    "deck": null,
    "first_credited_game": {
        "api_detail_url": "http://www.giantbomb.com/api/game/3030-14555/",
        "id": 14555,
        "name": "Metal Gear Solid: Portable Ops"
    },
    "games": [
        {
            "api_detail_url": "http://www.giantbomb.com/api/game/3030-14555/",
            "id": 14555,
            "name": "Metal Gear Solid: Portable Ops",
            "site_detail_url": "http://www.giantbomb.com/metal-gear-solid-portable-ops/3030-14555/"
        },
        {
            "api_detail_url": "http://www.giantbomb.com/api/game/3030-33394/",
            "id": 33394,
            "name": "The Elder Scrolls V: Skyrim",
            "site_detail_url": "http://www.giantbomb.com/the-elder-scrolls-v-skyrim/3030-33394/"
        }
    ],
    "gender": null,
    "hometown": null,
    "id": 65214,
    "name": "Noah Nelson",
    "people": []
}