{
    "birth_date": "1940-07-13",
    "country": "England",
    "death_date": null,
    "deck": "Patrick Stewart is an English actor known best for his role as Captain Jean Luc Picard in Star Trek: The Next Generation. He has done voice acting in a number of games relating to Star Trek and X-Men. He also voiced Emperor Uriel Septim in the Elder Scrolls IV: Oblivion.",
    "first_credited_game": {
        "api_detail_url": "http://www.giantbomb.com/api/game/3030-16507/",
        "id": 16507,
        "name": "Lands of Lore: The Throne of Chaos"
    },
    "games": [
        {
            "api_detail_url": "http://www.giantbomb.com/api/game/3030-16507/",
            "id": 16507,
            "name": "Lands of Lore: The Throne of Chaos",
            "site_detail_url": "http://www.giantbomb.com/lands-of-lore-the-throne-of-chaos/3030-16507/"
        },
        {
            "api_detail_url": "http://www.giantbomb.com/api/game/3030-8028/",
            "id": 8028,
            "name": "Star Trek: The Next Generation - A Final Unity",
            "site_detail_url": "http://www.giantbomb.com/star-trek-the-next-generation-a-final-unity/3030-8028/"
        },
        {
            "api_detail_url": "http://www.giantbomb.com/api/game/3030-14981/",
            "id": 14981,
            "name": "Star Trek: Generations",
            "site_detail_url": "http://www.giantbomb.com/star-trek-generations/3030-14981/"
        },
        {
            "api_detail_url": "http://www.giantbomb.com/api/game/3030-7756/",
            "id": 7756,
            "name": "Star Trek: Armada",
            "site_detail_url": "http://www.giantbomb.com/star-trek-armada/3030-7756/"
        },
        {
            "api_detail_url": "http://www.giantbomb.com/api/game/3030-17568/",
            "id": 17568,
            "name": "Star Trek: Hidden Evil",
            "site_detail_url": "http://www.giantbomb.com/star-trek-hidden-evil/3030-17568/"
        },
        {
            "api_detail_url": "http://www.giantbomb.com/api/game/3030-1715/",
            "id": 1715,
            "name": "Star Trek: Invasion",
            "site_detail_url": "http://www.giantbomb.com/star-trek-invasion/3030-1715/"
        },
        {
            "api_detail_url": "http://www.giantbomb.com/api/game/3030-11796/",
            "id": 11796,
            "name": "Star Trek: Armada II",
            "site_detail_url": "http://www.giantbomb.com/star-trek-armada-ii/3030-11796/"
        },
        {
            "api_detail_url": "http://www.giantbomb.com/api/game/3030-16235/",
            "id": 16235,
            "name": "Star Trek: Bridge Commander",
            "site_detail_url": "http://www.giantbomb.com/star-trek-bridge-commander/3030-16235/"
        },
        {
            "api_detail_url": "http://www.giantbomb.com/api/game/3030-10126/",
            "id": 10126,
            "name": "X-Men: Next Dimension",
            "site_detail_url": "http://www.giantbomb.com/x-men-next-dimension/3030-10126/"
        },
        {
            "api_detail_url": "http://www.giantbomb.com/api/game/3030-11479/",
            "id": 11479,
            "name": "Star Trek: Starfleet Command III",
            "site_detail_url": "http://www.giantbomb.com/star-trek-starfleet-command-iii/3030-11479/"
        },
        {
            "api_detail_url": "http://www.giantbomb.com/api/game/3030-2113/",
            "id": 2113,
            "name": "X2: Wolverine's Revenge",
            "site_detail_url": "http://www.giantbomb.com/x2-wolverines-revenge/3030-2113/"
        },
        {
            "api_detail_url": "http://www.giantbomb.com/api/game/3030-15509/",
            "id": 15509,
            "name": "Star Trek: Elite Force II",
            "site_detail_url": "http://www.giantbomb.com/star-trek-elite-force-ii/3030-15509/"
        },
        {
            "api_detail_url": "http://www.giantbomb.com/api/game/3030-981/",
            "id": 981,
            "name": "Forgotten Realms: Demon Stone",
            "site_detail_url": "http://www.giantbomb.com/forgotten-realms-demon-stone/3030-981/"
        },
        {
            "api_detail_url": "http://www.giantbomb.com/api/game/3030-7676/",
            "id": 7676,
            "name": "X-Men: Legends II - Rise of Apocalypse",
            "site_detail_url": "http://www.giantbomb.com/x-men-legends-ii-rise-of-apocalypse/3030-7676/"
        },
        {
            "api_detail_url": "http://www.giantbomb.com/api/game/3030-13087/",
            "id": 13087,
            "name": "X-Men: Legends",
            "site_detail_url": "http://www.giantbomb.com/x-men-legends/3030-13087/"
        },
        {
            "api_detail_url": "http://www.giantbomb.com/api/game/3030-20238/",
            "id": 20238,
            "name": "The Elder Scrolls IV: Oblivion",
            "site_detail_url": "http://www.giantbomb.com/the-elder-scrolls-iv-oblivion/3030-20238/"
        },
        {
            "api_detail_url": "http://www.giantbomb.com/api/game/3030-232/",
            "id": 232,
            "name": "X-Men: The Official Game",
            "site_detail_url": "http://www.giantbomb.com/x-men-the-official-game/3030-232/"
        },
        {
            "api_detail_url": "http://www.giantbomb.com/api/game/3030-7690/",
            "id": 7690,
            "name": "Star Trek Legacy",
            "site_detail_url": "http://www.giantbomb.com/star-trek-legacy/3030-7690/"
        },
        {
            "api_detail_url": "http://www.giantbomb.com/api/game/3030-35489/",
            "id": 35489,
            "name": "The War of the Worlds",
            "site_detail_url": "http://www.giantbomb.com/the-war-of-the-worlds/3030-35489/"
        },
        {
            "api_detail_url": "http://www.giantbomb.com/api/game/3030-38438/",
            "id": 38438,
            "name": "Castlevania: Lords of Shadow 2",
            "site_detail_url": "http://www.giantbomb.com/castlevania-lords-of-shadow-2/3030-38438/"
        },
        {
            "api_detail_url": "http://www.giantbomb.com/api/game/3030-22432/",
            "id": 22432,
            "name": "LEGO Universe",
            "site_detail_url": "http://www.giantbomb.com/lego-universe/3030-22432/"
        },
        {
            "api_detail_url": "http://www.giantbomb.com/api/game/3030-38437/",
            "id": 38437,
            "name": "Castlevania: Lords of Shadow - Mirror of Fate",
            "site_detail_url": "http://www.giantbomb.com/castlevania-lords-of-shadow-mirror-of-fate/3030-38437/"
        },
        {
            "api_detail_url": "http://www.giantbomb.com/api/game/3030-23704/",
            "id": 23704,
            "name": "Castlevania: Lords of Shadow",
            "site_detail_url": "http://www.giantbomb.com/castlevania-lords-of-shadow/3030-23704/"
        },
        {
            "api_detail_url": "http://www.giantbomb.com/api/game/3030-28812/",
            "id": 28812,
            "name": "Star Trek: The Next Generation",
            "site_detail_url": "http://www.giantbomb.com/star-trek-the-next-generation/3030-28812/"
        }
    ],
    "gender": 1,
    "hometown": "Mirfield, Yorkshire",
    "id": 19670,
    "name": "Patrick Stewart",
    "people": [
        {
            "api_detail_url": "http://www.giantbomb.com/api/person/3040-19669/",
            "id": 19669,
            "name": "Brent Spiner",
            "site_detail_url": "http://www.giantbomb.com/brent-spiner/3040-19669/"
        },
        {
            "api_detail_url": "http://www.giantbomb.com/api/person/3040-19665/",
            "id": 19665,
            "name": "LeVar Burton",
            "site_detail_url": "http://www.giantbomb.com/levar-burton/3040-19665/"
        },
        {
            "api_detail_url": "http://www.giantbomb.com/api/person/3040-3246/",
            "id": 3246,
            "name": "Michael Dorn",
            "site_detail_url": "http://www.giantbomb.com/michael-dorn/3040-3246/"
        }
    ]
}