{
    "birth_date": null,
    "country": null,
    "death_date": null,
    "deck": null,
    "first_credited_game": {
        "api_detail_url": "http://www.giantbomb.com/api/game/3030-2595/",
        "id": 2595,
        "name": "The City of Lost Children"
    },
    "games": [
        {
            "api_detail_url": "http://www.giantbomb.com/api/game/3030-13942/",
            "id": 13942,
            "name": "John Woo Presents Stranglehold",
            "site_detail_url": "http://www.giantbomb.com/john-woo-presents-stranglehold/3030-13942/"
        },
        {
            "api_detail_url": "http://www.giantbomb.com/api/game/3030-10461/",
            "id": 10461,
            "name": "Clive Barker's Jericho",
            "site_detail_url": "http://www.giantbomb.com/clive-barkers-jericho/3030-10461/"
        },
        {
            "api_detail_url": "http://www.giantbomb.com/api/game/3030-2595/",
            "id": 2595,
            "name": "The City of Lost Children",
            "site_detail_url": "http://www.giantbomb.com/the-city-of-lost-children/3030-2595/"
        },
        {
            "api_detail_url": "http://www.giantbomb.com/api/game/3030-29124/",
            "id": 29124,
            "name": "Hype: The Time Quest",
            "site_detail_url": "http://www.giantbomb.com/hype-the-time-quest/3030-29124/"
        },
        {
            "api_detail_url": "http://www.giantbomb.com/api/game/3030-19932/",
            "id": 19932,
            "name": "Emperor: Battle for Dune",
            "site_detail_url": "http://www.giantbomb.com/emperor-battle-for-dune/3030-19932/"
        },
        {
            "api_detail_url": "http://www.giantbomb.com/api/game/3030-2714/",
            "id": 2714,
            "name": "C-12: Final Resistance",
            "site_detail_url": "http://www.giantbomb.com/c-12-final-resistance/3030-2714/"
        },
        {
            "api_detail_url": "http://www.giantbomb.com/api/game/3030-15302/",
            "id": 15302,
            "name": "Largo Winch: Empire Under Threat",
            "site_detail_url": "http://www.giantbomb.com/largo-winch-empire-under-threat/3030-15302/"
        },
        {
            "api_detail_url": "http://www.giantbomb.com/api/game/3030-2955/",
            "id": 2955,
            "name": "XIII",
            "site_detail_url": "http://www.giantbomb.com/xiii/3030-2955/"
        },
        {
            "api_detail_url": "http://www.giantbomb.com/api/game/3030-577/",
            "id": 577,
            "name": "Harry Potter and the Philosopher's Stone",
            "site_detail_url": "http://www.giantbomb.com/harry-potter-and-the-philosophers-stone/3030-577/"
        },
        {
            "api_detail_url": "http://www.giantbomb.com/api/game/3030-9050/",
            "id": 9050,
            "name": "Kaena",
            "site_detail_url": "http://www.giantbomb.com/kaena/3030-9050/"
        },
        {
            "api_detail_url": "http://www.giantbomb.com/api/game/3030-14782/",
            "id": 14782,
            "name": "Far Cry",
            "site_detail_url": "http://www.giantbomb.com/far-cry/3030-14782/"
        },
        {
            "api_detail_url": "http://www.giantbomb.com/api/game/3030-40963/",
            "id": 40963,
            "name": "Pippa Funnell: The Stud Farm Inheritance",
            "site_detail_url": "http://www.giantbomb.com/pippa-funnell-the-stud-farm-inheritance/3030-40963/"
        },
        {
            "api_detail_url": "http://www.giantbomb.com/api/game/3030-10228/",
            "id": 10228,
            "name": "Medal of Honor: European Assault",
            "site_detail_url": "http://www.giantbomb.com/medal-of-honor-european-assault/3030-10228/"
        },
        {
            "api_detail_url": "http://www.giantbomb.com/api/game/3030-2397/",
            "id": 2397,
            "name": "Tom Clancy's Ghost Recon: Advanced Warfighter",
            "site_detail_url": "http://www.giantbomb.com/tom-clancys-ghost-recon-advanced-warfighter/3030-2397/"
        },
        {
            "api_detail_url": "http://www.giantbomb.com/api/game/3030-7753/",
            "id": 7753,
            "name": "Gothic 3",
            "site_detail_url": "http://www.giantbomb.com/gothic-3/3030-7753/"
        },
        {
            "api_detail_url": "http://www.giantbomb.com/api/game/3030-173/",
            "id": 173,
            "name": "Far Cry: Instincts - Predator",
            "site_detail_url": "http://www.giantbomb.com/far-cry-instincts-predator/3030-173/"
        },
        {
            "api_detail_url": "http://www.giantbomb.com/api/game/3030-15511/",
            "id": 15511,
            "name": "Far Cry: Instincts - Evolution",
            "site_detail_url": "http://www.giantbomb.com/far-cry-instincts-evolution/3030-15511/"
        },
        {
            "api_detail_url": "http://www.giantbomb.com/api/game/3030-270/",
            "id": 270,
            "name": "Tom Clancy's Ghost Recon: Advanced Warfighter 2",
            "site_detail_url": "http://www.giantbomb.com/tom-clancys-ghost-recon-advanced-warfighter-2/3030-270/"
        },
        {
            "api_detail_url": "http://www.giantbomb.com/api/game/3030-2815/",
            "id": 2815,
            "name": "The Settlers: Rise of an Empire",
            "site_detail_url": "http://www.giantbomb.com/the-settlers-rise-of-an-empire/3030-2815/"
        },
        {
            "api_detail_url": "http://www.giantbomb.com/api/game/3030-20671/",
            "id": 20671,
            "name": "Tom Clancy's H.A.W.X",
            "site_detail_url": "http://www.giantbomb.com/tom-clancys-hawx/3030-20671/"
        },
        {
            "api_detail_url": "http://www.giantbomb.com/api/game/3030-23081/",
            "id": 23081,
            "name": "Risen",
            "site_detail_url": "http://www.giantbomb.com/risen/3030-23081/"
        },
        {
            "api_detail_url": "http://www.giantbomb.com/api/game/3030-26589/",
            "id": 26589,
            "name": "James Cameron's Avatar: The Game",
            "site_detail_url": "http://www.giantbomb.com/james-camerons-avatar-the-game/3030-26589/"
        },
        {
            "api_detail_url": "http://www.giantbomb.com/api/game/3030-22928/",
            "id": 22928,
            "name": "Assassin's Creed II",
            "site_detail_url": "http://www.giantbomb.com/assassins-creed-ii/3030-22928/"
        },
        {
            "api_detail_url": "http://www.giantbomb.com/api/game/3030-20464/",
            "id": 20464,
            "name": "Tom Clancy's Splinter Cell: Conviction",
            "site_detail_url": "http://www.giantbomb.com/tom-clancys-splinter-cell-conviction/3030-20464/"
        },
        {
            "api_detail_url": "http://www.giantbomb.com/api/game/3030-33314/",
            "id": 33314,
            "name": "Disney Tangled: The Video Game",
            "site_detail_url": "http://www.giantbomb.com/disney-tangled-the-video-game/3030-33314/"
        },
        {
            "api_detail_url": "http://www.giantbomb.com/api/game/3030-32243/",
            "id": 32243,
            "name": "Operation Flashpoint: Red River",
            "site_detail_url": "http://www.giantbomb.com/operation-flashpoint-red-river/3030-32243/"
        },
        {
            "api_detail_url": "http://www.giantbomb.com/api/game/3030-33394/",
            "id": 33394,
            "name": "The Elder Scrolls V: Skyrim",
            "site_detail_url": "http://www.giantbomb.com/the-elder-scrolls-v-skyrim/3030-33394/"
        },
        {
            "api_detail_url": "http://www.giantbomb.com/api/game/3030-33074/",
            "id": 33074,
            "name": "The Cursed Crusade",
            "site_detail_url": "http://www.giantbomb.com/the-cursed-crusade/3030-33074/"
        },
        {
            "api_detail_url": "http://www.giantbomb.com/api/game/3030-27006/",
            "id": 27006,
            "name": "Battlefield 3",
            "site_detail_url": "http://www.giantbomb.com/battlefield-3/3030-27006/"
        },
        {
            "api_detail_url": "http://www.giantbomb.com/api/game/3030-37432/",
            "id": 37432,
            "name": "Arcania: Fall of Setarrif",
            "site_detail_url": "http://www.giantbomb.com/arcania-fall-of-setarrif/3030-37432/"
        },
        {
            "api_detail_url": "http://www.giantbomb.com/api/game/3030-37152/",
            "id": 37152,
            "name": "XCOM: Enemy Unknown",
            "site_detail_url": "http://www.giantbomb.com/xcom-enemy-unknown/3030-37152/"
        },
        {
            "api_detail_url": "http://www.giantbomb.com/api/game/3030-26095/",
            "id": 26095,
            "name": "Tom Clancy's Ghost Recon: Future Soldier",
            "site_detail_url": "http://www.giantbomb.com/tom-clancys-ghost-recon-future-soldier/3030-26095/"
        },
        {
            "api_detail_url": "http://www.giantbomb.com/api/game/3030-21369/",
            "id": 21369,
            "name": "The Secret World",
            "site_detail_url": "http://www.giantbomb.com/the-secret-world/3030-21369/"
        },
        {
            "api_detail_url": "http://www.giantbomb.com/api/game/3030-23796/",
            "id": 23796,
            "name": "Arcania: Gothic 4",
            "site_detail_url": "http://www.giantbomb.com/arcania-gothic-4/3030-23796/"
        }
    ],
    "gender": 1,
    "hometown": null,
    "id": 45742,
    "name": "Patrice Baudrier",
    "people": []
}