{
    "birth_date": "1957-03-28",
    "country": "USA",
    "death_date": null,
    "deck": "Paul Eiding is an American voice actor best known as the voice of Colonel Roy Campbell in the Metal Gear Solid series.",
    "first_credited_game": {
        "api_detail_url": "http://www.giantbomb.com/api/game/3030-5985/",
        "id": 5985,
        "name": "Diablo"
    },
    "games": [
        {
            "api_detail_url": "http://www.giantbomb.com/api/game/3030-8474/",
            "id": 8474,
            "name": "Guild Wars: Factions",
            "site_detail_url": "http://www.giantbomb.com/guild-wars-factions/3030-8474/"
        },
        {
            "api_detail_url": "http://www.giantbomb.com/api/game/3030-13062/",
            "id": 13062,
            "name": "StarCraft",
            "site_detail_url": "http://www.giantbomb.com/starcraft/3030-13062/"
        },
        {
            "api_detail_url": "http://www.giantbomb.com/api/game/3030-5415/",
            "id": 5415,
            "name": "StarCraft: Brood War",
            "site_detail_url": "http://www.giantbomb.com/starcraft-brood-war/3030-5415/"
        },
        {
            "api_detail_url": "http://www.giantbomb.com/api/game/3030-17672/",
            "id": 17672,
            "name": "Battlezone II: Combat Commander",
            "site_detail_url": "http://www.giantbomb.com/battlezone-ii-combat-commander/3030-17672/"
        },
        {
            "api_detail_url": "http://www.giantbomb.com/api/game/3030-9091/",
            "id": 9091,
            "name": "Bloody Roar Extreme",
            "site_detail_url": "http://www.giantbomb.com/bloody-roar-extreme/3030-9091/"
        },
        {
            "api_detail_url": "http://www.giantbomb.com/api/game/3030-20465/",
            "id": 20465,
            "name": "Condemned 2: Bloodshot",
            "site_detail_url": "http://www.giantbomb.com/condemned-2-bloodshot/3030-20465/"
        },
        {
            "api_detail_url": "http://www.giantbomb.com/api/game/3030-5985/",
            "id": 5985,
            "name": "Diablo",
            "site_detail_url": "http://www.giantbomb.com/diablo/3030-5985/"
        },
        {
            "api_detail_url": "http://www.giantbomb.com/api/game/3030-5571/",
            "id": 5571,
            "name": "Dirge of Cerberus: Final Fantasy VII",
            "site_detail_url": "http://www.giantbomb.com/dirge-of-cerberus-final-fantasy-vii/3030-5571/"
        },
        {
            "api_detail_url": "http://www.giantbomb.com/api/game/3030-12014/",
            "id": 12014,
            "name": "Evil Zone",
            "site_detail_url": "http://www.giantbomb.com/evil-zone/3030-12014/"
        },
        {
            "api_detail_url": "http://www.giantbomb.com/api/game/3030-6959/",
            "id": 6959,
            "name": "God of War",
            "site_detail_url": "http://www.giantbomb.com/god-of-war/3030-6959/"
        },
        {
            "api_detail_url": "http://www.giantbomb.com/api/game/3030-11314/",
            "id": 11314,
            "name": "God of War II",
            "site_detail_url": "http://www.giantbomb.com/god-of-war-ii/3030-11314/"
        },
        {
            "api_detail_url": "http://www.giantbomb.com/api/game/3030-18110/",
            "id": 18110,
            "name": "Guild Wars: Eye of the North",
            "site_detail_url": "http://www.giantbomb.com/guild-wars-eye-of-the-north/3030-18110/"
        },
        {
            "api_detail_url": "http://www.giantbomb.com/api/game/3030-8580/",
            "id": 8580,
            "name": "Jade Empire",
            "site_detail_url": "http://www.giantbomb.com/jade-empire/3030-8580/"
        },
        {
            "api_detail_url": "http://www.giantbomb.com/api/game/3030-9594/",
            "id": 9594,
            "name": "Metal Gear Solid: The Twin Snakes",
            "site_detail_url": "http://www.giantbomb.com/metal-gear-solid-the-twin-snakes/3030-9594/"
        },
        {
            "api_detail_url": "http://www.giantbomb.com/api/game/3030-18082/",
            "id": 18082,
            "name": "Metal Gear Solid 3: Snake Eater",
            "site_detail_url": "http://www.giantbomb.com/metal-gear-solid-3-snake-eater/3030-18082/"
        },
        {
            "api_detail_url": "http://www.giantbomb.com/api/game/3030-10267/",
            "id": 10267,
            "name": "Metal Gear Solid 3: Subsistence",
            "site_detail_url": "http://www.giantbomb.com/metal-gear-solid-3-subsistence/3030-10267/"
        },
        {
            "api_detail_url": "http://www.giantbomb.com/api/game/3030-20669/",
            "id": 20669,
            "name": "Metal Gear Solid 4: Guns of the Patriots",
            "site_detail_url": "http://www.giantbomb.com/metal-gear-solid-4-guns-of-the-patriots/3030-20669/"
        },
        {
            "api_detail_url": "http://www.giantbomb.com/api/game/3030-20553/",
            "id": 20553,
            "name": "Ninja Gaiden II",
            "site_detail_url": "http://www.giantbomb.com/ninja-gaiden-ii/3030-20553/"
        },
        {
            "api_detail_url": "http://www.giantbomb.com/api/game/3030-12710/",
            "id": 12710,
            "name": "Onimusha 3: Demon Siege",
            "site_detail_url": "http://www.giantbomb.com/onimusha-3-demon-siege/3030-12710/"
        },
        {
            "api_detail_url": "http://www.giantbomb.com/api/game/3030-15212/",
            "id": 15212,
            "name": "Ratchet & Clank Future: Tools of Destruction",
            "site_detail_url": "http://www.giantbomb.com/ratchet-clank-future-tools-of-destruction/3030-15212/"
        },
        {
            "api_detail_url": "http://www.giantbomb.com/api/game/3030-6735/",
            "id": 6735,
            "name": "Sacrifice",
            "site_detail_url": "http://www.giantbomb.com/sacrifice/3030-6735/"
        },
        {
            "api_detail_url": "http://www.giantbomb.com/api/game/3030-20588/",
            "id": 20588,
            "name": "Super Smash Bros. Brawl",
            "site_detail_url": "http://www.giantbomb.com/super-smash-bros-brawl/3030-20588/"
        },
        {
            "api_detail_url": "http://www.giantbomb.com/api/game/3030-15502/",
            "id": 15502,
            "name": "Syphon Filter: Dark Mirror",
            "site_detail_url": "http://www.giantbomb.com/syphon-filter-dark-mirror/3030-15502/"
        },
        {
            "api_detail_url": "http://www.giantbomb.com/api/game/3030-5405/",
            "id": 5405,
            "name": "Sword of the Berserk: Guts' Rage",
            "site_detail_url": "http://www.giantbomb.com/sword-of-the-berserk-guts-rage/3030-5405/"
        },
        {
            "api_detail_url": "http://www.giantbomb.com/api/game/3030-13336/",
            "id": 13336,
            "name": "Syphon Filter: The Omega Strain",
            "site_detail_url": "http://www.giantbomb.com/syphon-filter-the-omega-strain/3030-13336/"
        },
        {
            "api_detail_url": "http://www.giantbomb.com/api/game/3030-15737/",
            "id": 15737,
            "name": "Tenchu 2: Birth of the Stealth Assassins",
            "site_detail_url": "http://www.giantbomb.com/tenchu-2-birth-of-the-stealth-assassins/3030-15737/"
        },
        {
            "api_detail_url": "http://www.giantbomb.com/api/game/3030-14073/",
            "id": 14073,
            "name": "Warcraft III: The Frozen Throne",
            "site_detail_url": "http://www.giantbomb.com/warcraft-iii-the-frozen-throne/3030-14073/"
        },
        {
            "api_detail_url": "http://www.giantbomb.com/api/game/3030-18566/",
            "id": 18566,
            "name": "Lost: Via Domus",
            "site_detail_url": "http://www.giantbomb.com/lost-via-domus/3030-18566/"
        },
        {
            "api_detail_url": "http://www.giantbomb.com/api/game/3030-20504/",
            "id": 20504,
            "name": "Fallout 3",
            "site_detail_url": "http://www.giantbomb.com/fallout-3/3030-20504/"
        },
        {
            "api_detail_url": "http://www.giantbomb.com/api/game/3030-18547/",
            "id": 18547,
            "name": "EverQuest II",
            "site_detail_url": "http://www.giantbomb.com/everquest-ii/3030-18547/"
        },
        {
            "api_detail_url": "http://www.giantbomb.com/api/game/3030-24766/",
            "id": 24766,
            "name": "Cartoon Network Universe: FusionFall",
            "site_detail_url": "http://www.giantbomb.com/cartoon-network-universe-fusionfall/3030-24766/"
        },
        {
            "api_detail_url": "http://www.giantbomb.com/api/game/3030-21365/",
            "id": 21365,
            "name": "Rise of the Argonauts",
            "site_detail_url": "http://www.giantbomb.com/rise-of-the-argonauts/3030-21365/"
        },
        {
            "api_detail_url": "http://www.giantbomb.com/api/game/3030-8984/",
            "id": 8984,
            "name": "Ben 10: Protector of Earth",
            "site_detail_url": "http://www.giantbomb.com/ben-10-protector-of-earth/3030-8984/"
        },
        {
            "api_detail_url": "http://www.giantbomb.com/api/game/3030-22441/",
            "id": 22441,
            "name": "Avatar: The Last Airbender - The Burning Earth",
            "site_detail_url": "http://www.giantbomb.com/avatar-the-last-airbender-the-burning-earth/3030-22441/"
        },
        {
            "api_detail_url": "http://www.giantbomb.com/api/game/3030-19080/",
            "id": 19080,
            "name": "Chili Con Carnage",
            "site_detail_url": "http://www.giantbomb.com/chili-con-carnage/3030-19080/"
        },
        {
            "api_detail_url": "http://www.giantbomb.com/api/game/3030-11082/",
            "id": 11082,
            "name": "Guild Wars: Nightfall",
            "site_detail_url": "http://www.giantbomb.com/guild-wars-nightfall/3030-11082/"
        },
        {
            "api_detail_url": "http://www.giantbomb.com/api/game/3030-4241/",
            "id": 4241,
            "name": "Total Overdose",
            "site_detail_url": "http://www.giantbomb.com/total-overdose/3030-4241/"
        },
        {
            "api_detail_url": "http://www.giantbomb.com/api/game/3030-6464/",
            "id": 6464,
            "name": "Samurai Western",
            "site_detail_url": "http://www.giantbomb.com/samurai-western/3030-6464/"
        },
        {
            "api_detail_url": "http://www.giantbomb.com/api/game/3030-21559/",
            "id": 21559,
            "name": "Marvel Ultimate Alliance 2",
            "site_detail_url": "http://www.giantbomb.com/marvel-ultimate-alliance-2/3030-21559/"
        },
        {
            "api_detail_url": "http://www.giantbomb.com/api/game/3030-10007/",
            "id": 10007,
            "name": "Dark Cloud 2",
            "site_detail_url": "http://www.giantbomb.com/dark-cloud-2/3030-10007/"
        },
        {
            "api_detail_url": "http://www.giantbomb.com/api/game/3030-25286/",
            "id": 25286,
            "name": "Dead to Rights: Retribution",
            "site_detail_url": "http://www.giantbomb.com/dead-to-rights-retribution/3030-25286/"
        },
        {
            "api_detail_url": "http://www.giantbomb.com/api/game/3030-25673/",
            "id": 25673,
            "name": "Ratchet & Clank Future: A Crack in Time",
            "site_detail_url": "http://www.giantbomb.com/ratchet-clank-future-a-crack-in-time/3030-25673/"
        },
        {
            "api_detail_url": "http://www.giantbomb.com/api/game/3030-32361/",
            "id": 32361,
            "name": "Ratchet & Clank: All 4 One",
            "site_detail_url": "http://www.giantbomb.com/ratchet-clank-all-4-one/3030-32361/"
        },
        {
            "api_detail_url": "http://www.giantbomb.com/api/game/3030-31180/",
            "id": 31180,
            "name": "God of War: Ghost of Sparta",
            "site_detail_url": "http://www.giantbomb.com/god-of-war-ghost-of-sparta/3030-31180/"
        },
        {
            "api_detail_url": "http://www.giantbomb.com/api/game/3030-33394/",
            "id": 33394,
            "name": "The Elder Scrolls V: Skyrim",
            "site_detail_url": "http://www.giantbomb.com/the-elder-scrolls-v-skyrim/3030-33394/"
        },
        {
            "api_detail_url": "http://www.giantbomb.com/api/game/3030-32687/",
            "id": 32687,
            "name": "Ninja Gaiden 3",
            "site_detail_url": "http://www.giantbomb.com/ninja-gaiden-3/3030-32687/"
        },
        {
            "api_detail_url": "http://www.giantbomb.com/api/game/3030-29445/",
            "id": 29445,
            "name": "Spec Ops: The Line",
            "site_detail_url": "http://www.giantbomb.com/spec-ops-the-line/3030-29445/"
        },
        {
            "api_detail_url": "http://www.giantbomb.com/api/game/3030-39248/",
            "id": 39248,
            "name": "God of War Saga",
            "site_detail_url": "http://www.giantbomb.com/god-of-war-saga/3030-39248/"
        },
        {
            "api_detail_url": "http://www.giantbomb.com/api/game/3030-39682/",
            "id": 39682,
            "name": "Call of Juarez: Gunslinger",
            "site_detail_url": "http://www.giantbomb.com/call-of-juarez-gunslinger/3030-39682/"
        },
        {
            "api_detail_url": "http://www.giantbomb.com/api/game/3030-21654/",
            "id": 21654,
            "name": "Metal Gear Solid 2: Substance",
            "site_detail_url": "http://www.giantbomb.com/metal-gear-solid-2-substance/3030-21654/"
        },
        {
            "api_detail_url": "http://www.giantbomb.com/api/game/3030-41524/",
            "id": 41524,
            "name": "Murdered: Soul Suspect",
            "site_detail_url": "http://www.giantbomb.com/murdered-soul-suspect/3030-41524/"
        },
        {
            "api_detail_url": "http://www.giantbomb.com/api/game/3030-20674/",
            "id": 20674,
            "name": "StarCraft II: Wings of Liberty",
            "site_detail_url": "http://www.giantbomb.com/starcraft-ii-wings-of-liberty/3030-20674/"
        },
        {
            "api_detail_url": "http://www.giantbomb.com/api/game/3030-16140/",
            "id": 16140,
            "name": "Metal Gear Solid",
            "site_detail_url": "http://www.giantbomb.com/metal-gear-solid/3030-16140/"
        },
        {
            "api_detail_url": "http://www.giantbomb.com/api/game/3030-12388/",
            "id": 12388,
            "name": "Metal Gear Solid 2: Sons of Liberty",
            "site_detail_url": "http://www.giantbomb.com/metal-gear-solid-2-sons-of-liberty/3030-12388/"
        },
        {
            "api_detail_url": "http://www.giantbomb.com/api/game/3030-46597/",
            "id": 46597,
            "name": "Code Name: S.T.E.A.M.",
            "site_detail_url": "http://www.giantbomb.com/code-name-s-t-e-a-m/3030-46597/"
        }
    ],
    "gender": 1,
    "hometown": "Cleveland, Ohio",
    "id": 3491,
    "name": "Paul Eiding",
    "people": [
        {
            "api_detail_url": "http://www.giantbomb.com/api/person/3040-39849/",
            "id": 39849,
            "name": "David Hayter",
            "site_detail_url": "http://www.giantbomb.com/david-hayter/3040-39849/"
        },
        {
            "api_detail_url": "http://www.giantbomb.com/api/person/3040-90191/",
            "id": 90191,
            "name": "Michael Emerson",
            "site_detail_url": "http://www.giantbomb.com/michael-emerson/3040-90191/"
        },
        {
            "api_detail_url": "http://www.giantbomb.com/api/person/3040-86436/",
            "id": 86436,
            "name": "Zach Hanks",
            "site_detail_url": "http://www.giantbomb.com/zach-hanks/3040-86436/"
        }
    ]
}