{
    "birth_date": null,
    "country": "United States",
    "death_date": null,
    "deck": "Vice President of Operations of Bethesda Softworks.",
    "first_credited_game": {
        "api_detail_url": "http://www.giantbomb.com/api/game/3030-15247/",
        "id": 15247,
        "name": "Gromada"
    },
    "games": [
        {
            "api_detail_url": "http://www.giantbomb.com/api/game/3030-20238/",
            "id": 20238,
            "name": "The Elder Scrolls IV: Oblivion",
            "site_detail_url": "http://www.giantbomb.com/the-elder-scrolls-iv-oblivion/3030-20238/"
        },
        {
            "api_detail_url": "http://www.giantbomb.com/api/game/3030-8121/",
            "id": 8121,
            "name": "The Elder Scrolls III: Bloodmoon",
            "site_detail_url": "http://www.giantbomb.com/the-elder-scrolls-iii-bloodmoon/3030-8121/"
        },
        {
            "api_detail_url": "http://www.giantbomb.com/api/game/3030-17949/",
            "id": 17949,
            "name": "The Elder Scrolls III: Tribunal",
            "site_detail_url": "http://www.giantbomb.com/the-elder-scrolls-iii-tribunal/3030-17949/"
        },
        {
            "api_detail_url": "http://www.giantbomb.com/api/game/3030-15259/",
            "id": 15259,
            "name": "PBA Tour Bowling 2001",
            "site_detail_url": "http://www.giantbomb.com/pba-tour-bowling-2001/3030-15259/"
        },
        {
            "api_detail_url": "http://www.giantbomb.com/api/game/3030-19204/",
            "id": 19204,
            "name": "Sea Dogs",
            "site_detail_url": "http://www.giantbomb.com/sea-dogs/3030-19204/"
        },
        {
            "api_detail_url": "http://www.giantbomb.com/api/game/3030-15247/",
            "id": 15247,
            "name": "Gromada",
            "site_detail_url": "http://www.giantbomb.com/gromada/3030-15247/"
        },
        {
            "api_detail_url": "http://www.giantbomb.com/api/game/3030-1340/",
            "id": 1340,
            "name": "Magic & Mayhem: The Art of Magic",
            "site_detail_url": "http://www.giantbomb.com/magic-mayhem-the-art-of-magic/3030-1340/"
        },
        {
            "api_detail_url": "http://www.giantbomb.com/api/game/3030-7534/",
            "id": 7534,
            "name": "IHRA Motorsports Drag Racing",
            "site_detail_url": "http://www.giantbomb.com/ihra-motorsports-drag-racing/3030-7534/"
        },
        {
            "api_detail_url": "http://www.giantbomb.com/api/game/3030-13558/",
            "id": 13558,
            "name": "Echelon",
            "site_detail_url": "http://www.giantbomb.com/echelon/3030-13558/"
        },
        {
            "api_detail_url": "http://www.giantbomb.com/api/game/3030-1983/",
            "id": 1983,
            "name": "Pirates of the Caribbean",
            "site_detail_url": "http://www.giantbomb.com/pirates-of-the-caribbean/3030-1983/"
        },
        {
            "api_detail_url": "http://www.giantbomb.com/api/game/3030-15028/",
            "id": 15028,
            "name": "IHRA Drag Racing 2004",
            "site_detail_url": "http://www.giantbomb.com/ihra-drag-racing-2004/3030-15028/"
        },
        {
            "api_detail_url": "http://www.giantbomb.com/api/game/3030-18678/",
            "id": 18678,
            "name": "Call of Cthulhu: Dark Corners of the Earth",
            "site_detail_url": "http://www.giantbomb.com/call-of-cthulhu-dark-corners-of-the-earth/3030-18678/"
        },
        {
            "api_detail_url": "http://www.giantbomb.com/api/game/3030-12884/",
            "id": 12884,
            "name": "Star Trek: Tactical Assault",
            "site_detail_url": "http://www.giantbomb.com/star-trek-tactical-assault/3030-12884/"
        },
        {
            "api_detail_url": "http://www.giantbomb.com/api/game/3030-7690/",
            "id": 7690,
            "name": "Star Trek Legacy",
            "site_detail_url": "http://www.giantbomb.com/star-trek-legacy/3030-7690/"
        },
        {
            "api_detail_url": "http://www.giantbomb.com/api/game/3030-4913/",
            "id": 4913,
            "name": "Pirates of the Caribbean: The Legend of Jack Sparrow",
            "site_detail_url": "http://www.giantbomb.com/pirates-of-the-caribbean-the-legend-of-jack-sparro/3030-4913/"
        },
        {
            "api_detail_url": "http://www.giantbomb.com/api/game/3030-20504/",
            "id": 20504,
            "name": "Fallout 3",
            "site_detail_url": "http://www.giantbomb.com/fallout-3/3030-20504/"
        },
        {
            "api_detail_url": "http://www.giantbomb.com/api/game/3030-1837/",
            "id": 1837,
            "name": "IHRA Motorsports",
            "site_detail_url": "http://www.giantbomb.com/ihra-motorsports/3030-1837/"
        },
        {
            "api_detail_url": "http://www.giantbomb.com/api/game/3030-5364/",
            "id": 5364,
            "name": "Breeders' Cup World Thoroughbred Championships",
            "site_detail_url": "http://www.giantbomb.com/breeders-cup-world-thoroughbred-championships/3030-5364/"
        }
    ],
    "gender": 1,
    "hometown": null,
    "id": 36067,
    "name": "Pete Hines",
    "people": []
}