{
    "birth_date": null,
    "country": null,
    "death_date": null,
    "deck": "Infrequent voice actor who is most notable for his role in The Elder Scrolls IV: Oblivion in which he was the voice of Vincent, one of the highest ranking members of the Dark Brotherhood.",
    "first_credited_game": {
        "api_detail_url": "http://www.giantbomb.com/api/game/3030-1983/",
        "id": 1983,
        "name": "Pirates of the Caribbean"
    },
    "games": [
        {
            "api_detail_url": "http://www.giantbomb.com/api/game/3030-20238/",
            "id": 20238,
            "name": "The Elder Scrolls IV: Oblivion",
            "site_detail_url": "http://www.giantbomb.com/the-elder-scrolls-iv-oblivion/3030-20238/"
        },
        {
            "api_detail_url": "http://www.giantbomb.com/api/game/3030-1983/",
            "id": 1983,
            "name": "Pirates of the Caribbean",
            "site_detail_url": "http://www.giantbomb.com/pirates-of-the-caribbean/3030-1983/"
        }
    ],
    "gender": 1,
    "hometown": null,
    "id": 74873,
    "name": "Ralph Cosham",
    "people": []
}