{
    "birth_date": null,
    "country": null,
    "death_date": null,
    "deck": null,
    "first_credited_game": {
        "api_detail_url": "http://www.giantbomb.com/api/game/3030-1773/",
        "id": 1773,
        "name": "Global Operations"
    },
    "games": [
        {
            "api_detail_url": "http://www.giantbomb.com/api/game/3030-20504/",
            "id": 20504,
            "name": "Fallout 3",
            "site_detail_url": "http://www.giantbomb.com/fallout-3/3030-20504/"
        },
        {
            "api_detail_url": "http://www.giantbomb.com/api/game/3030-1773/",
            "id": 1773,
            "name": "Global Operations",
            "site_detail_url": "http://www.giantbomb.com/global-operations/3030-1773/"
        },
        {
            "api_detail_url": "http://www.giantbomb.com/api/game/3030-6647/",
            "id": 6647,
            "name": "007: Nightfire",
            "site_detail_url": "http://www.giantbomb.com/007-nightfire/3030-6647/"
        },
        {
            "api_detail_url": "http://www.giantbomb.com/api/game/3030-31709/",
            "id": 31709,
            "name": "Ryse: Son of Rome",
            "site_detail_url": "http://www.giantbomb.com/ryse-son-of-rome/3030-31709/"
        },
        {
            "api_detail_url": "http://www.giantbomb.com/api/game/3030-41357/",
            "id": 41357,
            "name": "Evolve",
            "site_detail_url": "http://www.giantbomb.com/evolve/3030-41357/"
        },
        {
            "api_detail_url": "http://www.giantbomb.com/api/game/3030-12077/",
            "id": 12077,
            "name": "Tony Hawk's Project 8",
            "site_detail_url": "http://www.giantbomb.com/tony-hawks-project-8/3030-12077/"
        },
        {
            "api_detail_url": "http://www.giantbomb.com/api/game/3030-21656/",
            "id": 21656,
            "name": "Gretzky NHL",
            "site_detail_url": "http://www.giantbomb.com/gretzky-nhl/3030-21656/"
        }
    ],
    "gender": null,
    "hometown": null,
    "id": 65605,
    "name": "Rashad Redic",
    "people": []
}