{
    "birth_date": "1979-04-14",
    "country": "France",
    "death_date": null,
    "deck": null,
    "first_credited_game": {
        "api_detail_url": "http://www.giantbomb.com/api/game/3030-3998/",
        "id": 3998,
        "name": "Salt Lake 2002"
    },
    "games": [
        {
            "api_detail_url": "http://www.giantbomb.com/api/game/3030-17357/",
            "id": 17357,
            "name": "Prince of Persia: Warrior Within",
            "site_detail_url": "http://www.giantbomb.com/prince-of-persia-warrior-within/3030-17357/"
        },
        {
            "api_detail_url": "http://www.giantbomb.com/api/game/3030-5235/",
            "id": 5235,
            "name": "Prince of Persia: The Sands of Time",
            "site_detail_url": "http://www.giantbomb.com/prince-of-persia-the-sands-of-time/3030-5235/"
        },
        {
            "api_detail_url": "http://www.giantbomb.com/api/game/3030-18780/",
            "id": 18780,
            "name": "Gunfighter II: Revenge of Jesse James",
            "site_detail_url": "http://www.giantbomb.com/gunfighter-ii-revenge-of-jesse-james/3030-18780/"
        },
        {
            "api_detail_url": "http://www.giantbomb.com/api/game/3030-17949/",
            "id": 17949,
            "name": "The Elder Scrolls III: Tribunal",
            "site_detail_url": "http://www.giantbomb.com/the-elder-scrolls-iii-tribunal/3030-17949/"
        },
        {
            "api_detail_url": "http://www.giantbomb.com/api/game/3030-3998/",
            "id": 3998,
            "name": "Salt Lake 2002",
            "site_detail_url": "http://www.giantbomb.com/salt-lake-2002/3030-3998/"
        },
        {
            "api_detail_url": "http://www.giantbomb.com/api/game/3030-18762/",
            "id": 18762,
            "name": "Evolution Worlds",
            "site_detail_url": "http://www.giantbomb.com/evolution-worlds/3030-18762/"
        },
        {
            "api_detail_url": "http://www.giantbomb.com/api/game/3030-48238/",
            "id": 48238,
            "name": "Monopoly Family Fun Pack",
            "site_detail_url": "http://www.giantbomb.com/monopoly-family-fun-pack/3030-48238/"
        }
    ],
    "gender": 1,
    "hometown": null,
    "id": 54268,
    "name": "R\u00e9mi Perreault",
    "people": []
}