{
    "birth_date": "1953-04-23",
    "country": null,
    "death_date": "2007-03-04",
    "deck": null,
    "first_credited_game": {
        "api_detail_url": "http://www.giantbomb.com/api/game/3030-3669/",
        "id": 3669,
        "name": "Rad Warrior"
    },
    "games": [
        {
            "api_detail_url": "http://www.giantbomb.com/api/game/3030-9534/",
            "id": 9534,
            "name": "LEGO Loco",
            "site_detail_url": "http://www.giantbomb.com/lego-loco/3030-9534/"
        },
        {
            "api_detail_url": "http://www.giantbomb.com/api/game/3030-9450/",
            "id": 9450,
            "name": "Croc: Legend of the Gobbos",
            "site_detail_url": "http://www.giantbomb.com/croc-legend-of-the-gobbos/3030-9450/"
        },
        {
            "api_detail_url": "http://www.giantbomb.com/api/game/3030-19003/",
            "id": 19003,
            "name": "SimCoaster",
            "site_detail_url": "http://www.giantbomb.com/simcoaster/3030-19003/"
        },
        {
            "api_detail_url": "http://www.giantbomb.com/api/game/3030-5694/",
            "id": 5694,
            "name": "James Pond 3: Operation Starfish",
            "site_detail_url": "http://www.giantbomb.com/james-pond-3-operation-starfish/3030-5694/"
        },
        {
            "api_detail_url": "http://www.giantbomb.com/api/game/3030-3380/",
            "id": 3380,
            "name": "Global Effect",
            "site_detail_url": "http://www.giantbomb.com/global-effect/3030-3380/"
        },
        {
            "api_detail_url": "http://www.giantbomb.com/api/game/3030-13564/",
            "id": 13564,
            "name": "The Adventures of Robin Hood",
            "site_detail_url": "http://www.giantbomb.com/the-adventures-of-robin-hood/3030-13564/"
        },
        {
            "api_detail_url": "http://www.giantbomb.com/api/game/3030-7758/",
            "id": 7758,
            "name": "Cannon Fodder",
            "site_detail_url": "http://www.giantbomb.com/cannon-fodder/3030-7758/"
        },
        {
            "api_detail_url": "http://www.giantbomb.com/api/game/3030-14270/",
            "id": 14270,
            "name": "Cyber Empires",
            "site_detail_url": "http://www.giantbomb.com/cyber-empires/3030-14270/"
        },
        {
            "api_detail_url": "http://www.giantbomb.com/api/game/3030-12796/",
            "id": 12796,
            "name": "Gods",
            "site_detail_url": "http://www.giantbomb.com/gods/3030-12796/"
        },
        {
            "api_detail_url": "http://www.giantbomb.com/api/game/3030-14461/",
            "id": 14461,
            "name": "International 3D Tennis",
            "site_detail_url": "http://www.giantbomb.com/international-3d-tennis/3030-14461/"
        },
        {
            "api_detail_url": "http://www.giantbomb.com/api/game/3030-5435/",
            "id": 5435,
            "name": "Knightmare",
            "site_detail_url": "http://www.giantbomb.com/knightmare/3030-5435/"
        },
        {
            "api_detail_url": "http://www.giantbomb.com/api/game/3030-7660/",
            "id": 7660,
            "name": "The Four Crystals of Trazere",
            "site_detail_url": "http://www.giantbomb.com/the-four-crystals-of-trazere/3030-7660/"
        },
        {
            "api_detail_url": "http://www.giantbomb.com/api/game/3030-6641/",
            "id": 6641,
            "name": "Action Man: Raid on Island X",
            "site_detail_url": "http://www.giantbomb.com/action-man-raid-on-island-x/3030-6641/"
        },
        {
            "api_detail_url": "http://www.giantbomb.com/api/game/3030-6907/",
            "id": 6907,
            "name": "Colony Wars III: Red Sun",
            "site_detail_url": "http://www.giantbomb.com/colony-wars-iii-red-sun/3030-6907/"
        },
        {
            "api_detail_url": "http://www.giantbomb.com/api/game/3030-9796/",
            "id": 9796,
            "name": "Daughter of Serpents",
            "site_detail_url": "http://www.giantbomb.com/daughter-of-serpents/3030-9796/"
        },
        {
            "api_detail_url": "http://www.giantbomb.com/api/game/3030-3669/",
            "id": 3669,
            "name": "Rad Warrior",
            "site_detail_url": "http://www.giantbomb.com/rad-warrior/3030-3669/"
        },
        {
            "api_detail_url": "http://www.giantbomb.com/api/game/3030-12702/",
            "id": 12702,
            "name": "Cauldron II: The Pumpkin Strikes Back",
            "site_detail_url": "http://www.giantbomb.com/cauldron-ii-the-pumpkin-strikes-back/3030-12702/"
        },
        {
            "api_detail_url": "http://www.giantbomb.com/api/game/3030-8604/",
            "id": 8604,
            "name": "Death Sword",
            "site_detail_url": "http://www.giantbomb.com/death-sword/3030-8604/"
        },
        {
            "api_detail_url": "http://www.giantbomb.com/api/game/3030-6526/",
            "id": 6526,
            "name": "Rimrunner",
            "site_detail_url": "http://www.giantbomb.com/rimrunner/3030-6526/"
        },
        {
            "api_detail_url": "http://www.giantbomb.com/api/game/3030-14773/",
            "id": 14773,
            "name": "James Pond: Underwater Agent",
            "site_detail_url": "http://www.giantbomb.com/james-pond-underwater-agent/3030-14773/"
        },
        {
            "api_detail_url": "http://www.giantbomb.com/api/game/3030-14449/",
            "id": 14449,
            "name": "Cadaver",
            "site_detail_url": "http://www.giantbomb.com/cadaver/3030-14449/"
        },
        {
            "api_detail_url": "http://www.giantbomb.com/api/game/3030-568/",
            "id": 568,
            "name": "Stormball",
            "site_detail_url": "http://www.giantbomb.com/stormball/3030-568/"
        },
        {
            "api_detail_url": "http://www.giantbomb.com/api/game/3030-19285/",
            "id": 19285,
            "name": "Moonstone: A Hard Days Knight",
            "site_detail_url": "http://www.giantbomb.com/moonstone-a-hard-days-knight/3030-19285/"
        },
        {
            "api_detail_url": "http://www.giantbomb.com/api/game/3030-3610/",
            "id": 3610,
            "name": "Moonshine Racers",
            "site_detail_url": "http://www.giantbomb.com/moonshine-racers/3030-3610/"
        },
        {
            "api_detail_url": "http://www.giantbomb.com/api/game/3030-6450/",
            "id": 6450,
            "name": "Tyrants: Fight Through Time",
            "site_detail_url": "http://www.giantbomb.com/tyrants-fight-through-time/3030-6450/"
        },
        {
            "api_detail_url": "http://www.giantbomb.com/api/game/3030-12019/",
            "id": 12019,
            "name": "Magic Pockets",
            "site_detail_url": "http://www.giantbomb.com/magic-pockets/3030-12019/"
        },
        {
            "api_detail_url": "http://www.giantbomb.com/api/game/3030-397/",
            "id": 397,
            "name": "James Pond 2: Codename: RoboCod",
            "site_detail_url": "http://www.giantbomb.com/james-pond-2-codename-robocod/3030-397/"
        },
        {
            "api_detail_url": "http://www.giantbomb.com/api/game/3030-4069/",
            "id": 4069,
            "name": "Worlds of Legend: Son of the Empire",
            "site_detail_url": "http://www.giantbomb.com/worlds-of-legend-son-of-the-empire/3030-4069/"
        },
        {
            "api_detail_url": "http://www.giantbomb.com/api/game/3030-11576/",
            "id": 11576,
            "name": "Wizkid: The Story of Wizball II",
            "site_detail_url": "http://www.giantbomb.com/wizkid-the-story-of-wizball-ii/3030-11576/"
        },
        {
            "api_detail_url": "http://www.giantbomb.com/api/game/3030-405/",
            "id": 405,
            "name": "The Aquatic Games",
            "site_detail_url": "http://www.giantbomb.com/the-aquatic-games/3030-405/"
        },
        {
            "api_detail_url": "http://www.giantbomb.com/api/game/3030-2994/",
            "id": 2994,
            "name": "Rome: Pathway to Power",
            "site_detail_url": "http://www.giantbomb.com/rome-pathway-to-power/3030-2994/"
        },
        {
            "api_detail_url": "http://www.giantbomb.com/api/game/3030-1852/",
            "id": 1852,
            "name": "Putty",
            "site_detail_url": "http://www.giantbomb.com/putty/3030-1852/"
        },
        {
            "api_detail_url": "http://www.giantbomb.com/api/game/3030-19685/",
            "id": 19685,
            "name": "Conan: The Mysteries of Time",
            "site_detail_url": "http://www.giantbomb.com/conan-the-mysteries-of-time/3030-19685/"
        },
        {
            "api_detail_url": "http://www.giantbomb.com/api/game/3030-7947/",
            "id": 7947,
            "name": "Lure of the Temptress",
            "site_detail_url": "http://www.giantbomb.com/lure-of-the-temptress/3030-7947/"
        },
        {
            "api_detail_url": "http://www.giantbomb.com/api/game/3030-948/",
            "id": 948,
            "name": "The Chaos Engine",
            "site_detail_url": "http://www.giantbomb.com/the-chaos-engine/3030-948/"
        },
        {
            "api_detail_url": "http://www.giantbomb.com/api/game/3030-8345/",
            "id": 8345,
            "name": "Brutal Sports Football",
            "site_detail_url": "http://www.giantbomb.com/brutal-sports-football/3030-8345/"
        },
        {
            "api_detail_url": "http://www.giantbomb.com/api/game/3030-17309/",
            "id": 17309,
            "name": "Time Trax",
            "site_detail_url": "http://www.giantbomb.com/time-trax/3030-17309/"
        },
        {
            "api_detail_url": "http://www.giantbomb.com/api/game/3030-12300/",
            "id": 12300,
            "name": "Super Troll Islands",
            "site_detail_url": "http://www.giantbomb.com/super-troll-islands/3030-12300/"
        },
        {
            "api_detail_url": "http://www.giantbomb.com/api/game/3030-19167/",
            "id": 19167,
            "name": "Sensible Golf",
            "site_detail_url": "http://www.giantbomb.com/sensible-golf/3030-19167/"
        },
        {
            "api_detail_url": "http://www.giantbomb.com/api/game/3030-9847/",
            "id": 9847,
            "name": "Rise of the Robots",
            "site_detail_url": "http://www.giantbomb.com/rise-of-the-robots/3030-9847/"
        },
        {
            "api_detail_url": "http://www.giantbomb.com/api/game/3030-6587/",
            "id": 6587,
            "name": "Putty Squad",
            "site_detail_url": "http://www.giantbomb.com/putty-squad/3030-6587/"
        },
        {
            "api_detail_url": "http://www.giantbomb.com/api/game/3030-8133/",
            "id": 8133,
            "name": "Mr. Blobby",
            "site_detail_url": "http://www.giantbomb.com/mr-blobby/3030-8133/"
        },
        {
            "api_detail_url": "http://www.giantbomb.com/api/game/3030-16250/",
            "id": 16250,
            "name": "International Sensible Soccer",
            "site_detail_url": "http://www.giantbomb.com/international-sensible-soccer/3030-16250/"
        },
        {
            "api_detail_url": "http://www.giantbomb.com/api/game/3030-9100/",
            "id": 9100,
            "name": "Diggers",
            "site_detail_url": "http://www.giantbomb.com/diggers/3030-9100/"
        },
        {
            "api_detail_url": "http://www.giantbomb.com/api/game/3030-16384/",
            "id": 16384,
            "name": "Cannon Fodder 2",
            "site_detail_url": "http://www.giantbomb.com/cannon-fodder-2/3030-16384/"
        },
        {
            "api_detail_url": "http://www.giantbomb.com/api/game/3030-9169/",
            "id": 9169,
            "name": "3 Ninjas Kick Back",
            "site_detail_url": "http://www.giantbomb.com/3-ninjas-kick-back/3030-9169/"
        },
        {
            "api_detail_url": "http://www.giantbomb.com/api/game/3030-13814/",
            "id": 13814,
            "name": "Silverload",
            "site_detail_url": "http://www.giantbomb.com/silverload/3030-13814/"
        },
        {
            "api_detail_url": "http://www.giantbomb.com/api/game/3030-16986/",
            "id": 16986,
            "name": "Sensible World of Soccer: European Championship Edition",
            "site_detail_url": "http://www.giantbomb.com/sensible-world-of-soccer-european-championship-edi/3030-16986/"
        },
        {
            "api_detail_url": "http://www.giantbomb.com/api/game/3030-19165/",
            "id": 19165,
            "name": "Sensible World of Soccer",
            "site_detail_url": "http://www.giantbomb.com/sensible-world-of-soccer/3030-19165/"
        },
        {
            "api_detail_url": "http://www.giantbomb.com/api/game/3030-9527/",
            "id": 9527,
            "name": "Flight of the Amazon Queen",
            "site_detail_url": "http://www.giantbomb.com/flight-of-the-amazon-queen/3030-9527/"
        },
        {
            "api_detail_url": "http://www.giantbomb.com/api/game/3030-16607/",
            "id": 16607,
            "name": "Diggers 2: Extractors",
            "site_detail_url": "http://www.giantbomb.com/diggers-2-extractors/3030-16607/"
        },
        {
            "api_detail_url": "http://www.giantbomb.com/api/game/3030-19058/",
            "id": 19058,
            "name": "The Chaos Engine 2",
            "site_detail_url": "http://www.giantbomb.com/the-chaos-engine-2/3030-19058/"
        },
        {
            "api_detail_url": "http://www.giantbomb.com/api/game/3030-22190/",
            "id": 22190,
            "name": "Street Racer",
            "site_detail_url": "http://www.giantbomb.com/street-racer/3030-22190/"
        },
        {
            "api_detail_url": "http://www.giantbomb.com/api/game/3030-6105/",
            "id": 6105,
            "name": "Sensible Soccer '98",
            "site_detail_url": "http://www.giantbomb.com/sensible-soccer-98/3030-6105/"
        },
        {
            "api_detail_url": "http://www.giantbomb.com/api/game/3030-3917/",
            "id": 3917,
            "name": "NBA Shootout '97",
            "site_detail_url": "http://www.giantbomb.com/nba-shootout-97/3030-3917/"
        },
        {
            "api_detail_url": "http://www.giantbomb.com/api/game/3030-19558/",
            "id": 19558,
            "name": "Sensible Soccer '98: European Club Edition",
            "site_detail_url": "http://www.giantbomb.com/sensible-soccer-98-european-club-edition/3030-19558/"
        },
        {
            "api_detail_url": "http://www.giantbomb.com/api/game/3030-1424/",
            "id": 1424,
            "name": "Glover",
            "site_detail_url": "http://www.giantbomb.com/glover/3030-1424/"
        },
        {
            "api_detail_url": "http://www.giantbomb.com/api/game/3030-14082/",
            "id": 14082,
            "name": "Creatures 2",
            "site_detail_url": "http://www.giantbomb.com/creatures-2/3030-14082/"
        },
        {
            "api_detail_url": "http://www.giantbomb.com/api/game/3030-13915/",
            "id": 13915,
            "name": "Ball Breakers",
            "site_detail_url": "http://www.giantbomb.com/ball-breakers/3030-13915/"
        },
        {
            "api_detail_url": "http://www.giantbomb.com/api/game/3030-14101/",
            "id": 14101,
            "name": "Republic: The Revolution",
            "site_detail_url": "http://www.giantbomb.com/republic-the-revolution/3030-14101/"
        },
        {
            "api_detail_url": "http://www.giantbomb.com/api/game/3030-15960/",
            "id": 15960,
            "name": "Evil Genius",
            "site_detail_url": "http://www.giantbomb.com/evil-genius/3030-15960/"
        },
        {
            "api_detail_url": "http://www.giantbomb.com/api/game/3030-8951/",
            "id": 8951,
            "name": "Sensible Soccer 2006",
            "site_detail_url": "http://www.giantbomb.com/sensible-soccer-2006/3030-8951/"
        },
        {
            "api_detail_url": "http://www.giantbomb.com/api/game/3030-20238/",
            "id": 20238,
            "name": "The Elder Scrolls IV: Oblivion",
            "site_detail_url": "http://www.giantbomb.com/the-elder-scrolls-iv-oblivion/3030-20238/"
        },
        {
            "api_detail_url": "http://www.giantbomb.com/api/game/3030-3649/",
            "id": 3649,
            "name": "Prism: Light the Way",
            "site_detail_url": "http://www.giantbomb.com/prism-light-the-way/3030-3649/"
        },
        {
            "api_detail_url": "http://www.giantbomb.com/api/game/3030-289/",
            "id": 289,
            "name": "Speedball 2: Brutal Deluxe",
            "site_detail_url": "http://www.giantbomb.com/speedball-2-brutal-deluxe/3030-289/"
        }
    ],
    "gender": 1,
    "hometown": null,
    "id": 4582,
    "name": "Richard Joseph",
    "people": []
}