{
    "birth_date": null,
    "country": null,
    "death_date": null,
    "deck": null,
    "first_credited_game": {
        "api_detail_url": "http://www.giantbomb.com/api/game/3030-20182/",
        "id": 20182,
        "name": "Death Gate"
    },
    "games": [
        {
            "api_detail_url": "http://www.giantbomb.com/api/game/3030-20504/",
            "id": 20504,
            "name": "Fallout 3",
            "site_detail_url": "http://www.giantbomb.com/fallout-3/3030-20504/"
        },
        {
            "api_detail_url": "http://www.giantbomb.com/api/game/3030-20182/",
            "id": 20182,
            "name": "Death Gate",
            "site_detail_url": "http://www.giantbomb.com/death-gate/3030-20182/"
        },
        {
            "api_detail_url": "http://www.giantbomb.com/api/game/3030-13650/",
            "id": 13650,
            "name": "Mission Critical",
            "site_detail_url": "http://www.giantbomb.com/mission-critical/3030-13650/"
        },
        {
            "api_detail_url": "http://www.giantbomb.com/api/game/3030-1059/",
            "id": 1059,
            "name": "Callahan's Crosstime Saloon",
            "site_detail_url": "http://www.giantbomb.com/callahans-crosstime-saloon/3030-1059/"
        },
        {
            "api_detail_url": "http://www.giantbomb.com/api/game/3030-16577/",
            "id": 16577,
            "name": "The Wheel of Time",
            "site_detail_url": "http://www.giantbomb.com/the-wheel-of-time/3030-16577/"
        },
        {
            "api_detail_url": "http://www.giantbomb.com/api/game/3030-17350/",
            "id": 17350,
            "name": "Unreal II: The Awakening",
            "site_detail_url": "http://www.giantbomb.com/unreal-ii-the-awakening/3030-17350/"
        },
        {
            "api_detail_url": "http://www.giantbomb.com/api/game/3030-20238/",
            "id": 20238,
            "name": "The Elder Scrolls IV: Oblivion",
            "site_detail_url": "http://www.giantbomb.com/the-elder-scrolls-iv-oblivion/3030-20238/"
        }
    ],
    "gender": 1,
    "hometown": null,
    "id": 22466,
    "name": "Robert Wisnewski",
    "people": []
}