{
    "birth_date": null,
    "country": null,
    "death_date": null,
    "deck": null,
    "first_credited_game": {
        "api_detail_url": "http://www.giantbomb.com/api/game/3030-5364/",
        "id": 5364,
        "name": "Breeders' Cup World Thoroughbred Championships"
    },
    "games": [
        {
            "api_detail_url": "http://www.giantbomb.com/api/game/3030-20504/",
            "id": 20504,
            "name": "Fallout 3",
            "site_detail_url": "http://www.giantbomb.com/fallout-3/3030-20504/"
        },
        {
            "api_detail_url": "http://www.giantbomb.com/api/game/3030-7690/",
            "id": 7690,
            "name": "Star Trek Legacy",
            "site_detail_url": "http://www.giantbomb.com/star-trek-legacy/3030-7690/"
        },
        {
            "api_detail_url": "http://www.giantbomb.com/api/game/3030-5364/",
            "id": 5364,
            "name": "Breeders' Cup World Thoroughbred Championships",
            "site_detail_url": "http://www.giantbomb.com/breeders-cup-world-thoroughbred-championships/3030-5364/"
        },
        {
            "api_detail_url": "http://www.giantbomb.com/api/game/3030-12884/",
            "id": 12884,
            "name": "Star Trek: Tactical Assault",
            "site_detail_url": "http://www.giantbomb.com/star-trek-tactical-assault/3030-12884/"
        }
    ],
    "gender": null,
    "hometown": null,
    "id": 8391,
    "name": "Robert Gray",
    "people": []
}