{
    "birth_date": "1965-02-04",
    "country": "UK",
    "death_date": null,
    "deck": "Born in England, Robin Atkin Downes has lent his voice and acclaimed acting abilities to a plethora of video games over his many years as a voice artist.",
    "first_credited_game": {
        "api_detail_url": "http://www.giantbomb.com/api/game/3030-15954/",
        "id": 15954,
        "name": "J.R.R. Tolkien's The Lord of the Rings, Vol. II: The Two Towers"
    },
    "games": [
        {
            "api_detail_url": "http://www.giantbomb.com/api/game/3030-21237/",
            "id": 21237,
            "name": "Tales of Symphonia",
            "site_detail_url": "http://www.giantbomb.com/tales-of-symphonia/3030-21237/"
        },
        {
            "api_detail_url": "http://www.giantbomb.com/api/game/3030-5581/",
            "id": 5581,
            "name": "No More Heroes",
            "site_detail_url": "http://www.giantbomb.com/no-more-heroes/3030-5581/"
        },
        {
            "api_detail_url": "http://www.giantbomb.com/api/game/3030-17729/",
            "id": 17729,
            "name": "The Orange Box",
            "site_detail_url": "http://www.giantbomb.com/the-orange-box/3030-17729/"
        },
        {
            "api_detail_url": "http://www.giantbomb.com/api/game/3030-9084/",
            "id": 9084,
            "name": "Syphon Filter: Logan's Shadow",
            "site_detail_url": "http://www.giantbomb.com/syphon-filter-logans-shadow/3030-9084/"
        },
        {
            "api_detail_url": "http://www.giantbomb.com/api/game/3030-20258/",
            "id": 20258,
            "name": "Spider-Man: Friend or Foe",
            "site_detail_url": "http://www.giantbomb.com/spider-man-friend-or-foe/3030-20258/"
        },
        {
            "api_detail_url": "http://www.giantbomb.com/api/game/3030-18883/",
            "id": 18883,
            "name": "Enemy Territory: Quake Wars",
            "site_detail_url": "http://www.giantbomb.com/enemy-territory-quake-wars/3030-18883/"
        },
        {
            "api_detail_url": "http://www.giantbomb.com/api/game/3030-18546/",
            "id": 18546,
            "name": "Ninja Gaiden Sigma",
            "site_detail_url": "http://www.giantbomb.com/ninja-gaiden-sigma/3030-18546/"
        },
        {
            "api_detail_url": "http://www.giantbomb.com/api/game/3030-9387/",
            "id": 9387,
            "name": "Lair",
            "site_detail_url": "http://www.giantbomb.com/lair/3030-9387/"
        },
        {
            "api_detail_url": "http://www.giantbomb.com/api/game/3030-10459/",
            "id": 10459,
            "name": "Disney's Pirates of the Caribbean: At World's End",
            "site_detail_url": "http://www.giantbomb.com/disneys-pirates-of-the-caribbean-at-worlds-end/3030-10459/"
        },
        {
            "api_detail_url": "http://www.giantbomb.com/api/game/3030-11314/",
            "id": 11314,
            "name": "God of War II",
            "site_detail_url": "http://www.giantbomb.com/god-of-war-ii/3030-11314/"
        },
        {
            "api_detail_url": "http://www.giantbomb.com/api/game/3030-11725/",
            "id": 11725,
            "name": "S.T.A.L.K.E.R.: Shadow of Chernobyl",
            "site_detail_url": "http://www.giantbomb.com/stalker-shadow-of-chernobyl/3030-11725/"
        },
        {
            "api_detail_url": "http://www.giantbomb.com/api/game/3030-270/",
            "id": 270,
            "name": "Tom Clancy's Ghost Recon: Advanced Warfighter 2",
            "site_detail_url": "http://www.giantbomb.com/tom-clancys-ghost-recon-advanced-warfighter-2/3030-270/"
        },
        {
            "api_detail_url": "http://www.giantbomb.com/api/game/3030-10026/",
            "id": 10026,
            "name": "300: March to Glory",
            "site_detail_url": "http://www.giantbomb.com/300-march-to-glory/3030-10026/"
        },
        {
            "api_detail_url": "http://www.giantbomb.com/api/game/3030-1901/",
            "id": 1901,
            "name": "Supreme Commander",
            "site_detail_url": "http://www.giantbomb.com/supreme-commander/3030-1901/"
        },
        {
            "api_detail_url": "http://www.giantbomb.com/api/game/3030-6447/",
            "id": 6447,
            "name": "The Lord of the Rings: The Battle for Middle-earth II - The Rise of the Witch-King",
            "site_detail_url": "http://www.giantbomb.com/the-lord-of-the-rings-the-battle-for-middle-earth-/3030-6447/"
        },
        {
            "api_detail_url": "http://www.giantbomb.com/api/game/3030-5910/",
            "id": 5910,
            "name": "SOCOM: U.S. Navy SEALs - Fireteam Bravo 2",
            "site_detail_url": "http://www.giantbomb.com/socom-us-navy-seals-fireteam-bravo-2/3030-5910/"
        },
        {
            "api_detail_url": "http://www.giantbomb.com/api/game/3030-9185/",
            "id": 9185,
            "name": "Destroy All Humans! 2",
            "site_detail_url": "http://www.giantbomb.com/destroy-all-humans-2/3030-9185/"
        },
        {
            "api_detail_url": "http://www.giantbomb.com/api/game/3030-7753/",
            "id": 7753,
            "name": "Gothic 3",
            "site_detail_url": "http://www.giantbomb.com/gothic-3/3030-7753/"
        },
        {
            "api_detail_url": "http://www.giantbomb.com/api/game/3030-10846/",
            "id": 10846,
            "name": "Avatar: The Last Airbender",
            "site_detail_url": "http://www.giantbomb.com/avatar-the-last-airbender/3030-10846/"
        },
        {
            "api_detail_url": "http://www.giantbomb.com/api/game/3030-18163/",
            "id": 18163,
            "name": "Just Cause",
            "site_detail_url": "http://www.giantbomb.com/just-cause/3030-18163/"
        },
        {
            "api_detail_url": "http://www.giantbomb.com/api/game/3030-8638/",
            "id": 8638,
            "name": "Titan Quest",
            "site_detail_url": "http://www.giantbomb.com/titan-quest/3030-8638/"
        },
        {
            "api_detail_url": "http://www.giantbomb.com/api/game/3030-4913/",
            "id": 4913,
            "name": "Pirates of the Caribbean: The Legend of Jack Sparrow",
            "site_detail_url": "http://www.giantbomb.com/pirates-of-the-caribbean-the-legend-of-jack-sparro/3030-4913/"
        },
        {
            "api_detail_url": "http://www.giantbomb.com/api/game/3030-7760/",
            "id": 7760,
            "name": "Night Watch",
            "site_detail_url": "http://www.giantbomb.com/night-watch/3030-7760/"
        },
        {
            "api_detail_url": "http://www.giantbomb.com/api/game/3030-232/",
            "id": 232,
            "name": "X-Men: The Official Game",
            "site_detail_url": "http://www.giantbomb.com/x-men-the-official-game/3030-232/"
        },
        {
            "api_detail_url": "http://www.giantbomb.com/api/game/3030-10040/",
            "id": 10040,
            "name": "N3: Ninety-Nine Nights",
            "site_detail_url": "http://www.giantbomb.com/n3-ninety-nine-nights/3030-10040/"
        },
        {
            "api_detail_url": "http://www.giantbomb.com/api/game/3030-11245/",
            "id": 11245,
            "name": "Tom Clancy's Rainbow Six: Critical Hour",
            "site_detail_url": "http://www.giantbomb.com/tom-clancys-rainbow-six-critical-hour/3030-11245/"
        },
        {
            "api_detail_url": "http://www.giantbomb.com/api/game/3030-1213/",
            "id": 1213,
            "name": "Baten Kaitos Origins",
            "site_detail_url": "http://www.giantbomb.com/baten-kaitos-origins/3030-1213/"
        },
        {
            "api_detail_url": "http://www.giantbomb.com/api/game/3030-4614/",
            "id": 4614,
            "name": "Star Wars: Empire at War",
            "site_detail_url": "http://www.giantbomb.com/star-wars-empire-at-war/3030-4614/"
        },
        {
            "api_detail_url": "http://www.giantbomb.com/api/game/3030-5571/",
            "id": 5571,
            "name": "Dirge of Cerberus: Final Fantasy VII",
            "site_detail_url": "http://www.giantbomb.com/dirge-of-cerberus-final-fantasy-vii/3030-5571/"
        },
        {
            "api_detail_url": "http://www.giantbomb.com/api/game/3030-9197/",
            "id": 9197,
            "name": "Star Wars: Empire at War - Forces of Corruption",
            "site_detail_url": "http://www.giantbomb.com/star-wars-empire-at-war-forces-of-corruption/3030-9197/"
        },
        {
            "api_detail_url": "http://www.giantbomb.com/api/game/3030-7524/",
            "id": 7524,
            "name": "Call of Duty 3",
            "site_detail_url": "http://www.giantbomb.com/call-of-duty-3/3030-7524/"
        },
        {
            "api_detail_url": "http://www.giantbomb.com/api/game/3030-14642/",
            "id": 14642,
            "name": "Open Season",
            "site_detail_url": "http://www.giantbomb.com/open-season/3030-14642/"
        },
        {
            "api_detail_url": "http://www.giantbomb.com/api/game/3030-15503/",
            "id": 15503,
            "name": "The Outfit",
            "site_detail_url": "http://www.giantbomb.com/the-outfit/3030-15503/"
        },
        {
            "api_detail_url": "http://www.giantbomb.com/api/game/3030-4763/",
            "id": 4763,
            "name": "Kingdom Hearts II",
            "site_detail_url": "http://www.giantbomb.com/kingdom-hearts-ii/3030-4763/"
        },
        {
            "api_detail_url": "http://www.giantbomb.com/api/game/3030-10267/",
            "id": 10267,
            "name": "Metal Gear Solid 3: Subsistence",
            "site_detail_url": "http://www.giantbomb.com/metal-gear-solid-3-subsistence/3030-10267/"
        },
        {
            "api_detail_url": "http://www.giantbomb.com/api/game/3030-7180/",
            "id": 7180,
            "name": "Yakuza",
            "site_detail_url": "http://www.giantbomb.com/yakuza/3030-7180/"
        },
        {
            "api_detail_url": "http://www.giantbomb.com/api/game/3030-5554/",
            "id": 5554,
            "name": "The Matrix: Path of Neo",
            "site_detail_url": "http://www.giantbomb.com/the-matrix-path-of-neo/3030-5554/"
        },
        {
            "api_detail_url": "http://www.giantbomb.com/api/game/3030-2972/",
            "id": 2972,
            "name": "SOCOM: U.S. Navy SEALs - Fireteam Bravo",
            "site_detail_url": "http://www.giantbomb.com/socom-us-navy-seals-fireteam-bravo/3030-2972/"
        },
        {
            "api_detail_url": "http://www.giantbomb.com/api/game/3030-2347/",
            "id": 2347,
            "name": "Call of Duty 2",
            "site_detail_url": "http://www.giantbomb.com/call-of-duty-2/3030-2347/"
        },
        {
            "api_detail_url": "http://www.giantbomb.com/api/game/3030-14048/",
            "id": 14048,
            "name": "SOCOM 3: U.S. Navy SEALs",
            "site_detail_url": "http://www.giantbomb.com/socom-3-us-navy-seals/3030-14048/"
        },
        {
            "api_detail_url": "http://www.giantbomb.com/api/game/3030-18607/",
            "id": 18607,
            "name": "Dungeons & Dragons: Dragonshard",
            "site_detail_url": "http://www.giantbomb.com/dungeons-dragons-dragonshard/3030-18607/"
        },
        {
            "api_detail_url": "http://www.giantbomb.com/api/game/3030-1581/",
            "id": 1581,
            "name": "Tom Clancy's Rainbow Six: Lockdown",
            "site_detail_url": "http://www.giantbomb.com/tom-clancys-rainbow-six-lockdown/3030-1581/"
        },
        {
            "api_detail_url": "http://www.giantbomb.com/api/game/3030-7048/",
            "id": 7048,
            "name": "Kingdom of Paradise",
            "site_detail_url": "http://www.giantbomb.com/kingdom-of-paradise/3030-7048/"
        },
        {
            "api_detail_url": "http://www.giantbomb.com/api/game/3030-18347/",
            "id": 18347,
            "name": "Killer7",
            "site_detail_url": "http://www.giantbomb.com/killer7/3030-18347/"
        },
        {
            "api_detail_url": "http://www.giantbomb.com/api/game/3030-12835/",
            "id": 12835,
            "name": "Fantastic 4",
            "site_detail_url": "http://www.giantbomb.com/fantastic-4/3030-12835/"
        },
        {
            "api_detail_url": "http://www.giantbomb.com/api/game/3030-17494/",
            "id": 17494,
            "name": "Guild Wars",
            "site_detail_url": "http://www.giantbomb.com/guild-wars/3030-17494/"
        },
        {
            "api_detail_url": "http://www.giantbomb.com/api/game/3030-2842/",
            "id": 2842,
            "name": "Haunting Ground",
            "site_detail_url": "http://www.giantbomb.com/haunting-ground/3030-2842/"
        },
        {
            "api_detail_url": "http://www.giantbomb.com/api/game/3030-8580/",
            "id": 8580,
            "name": "Jade Empire",
            "site_detail_url": "http://www.giantbomb.com/jade-empire/3030-8580/"
        },
        {
            "api_detail_url": "http://www.giantbomb.com/api/game/3030-3080/",
            "id": 3080,
            "name": "Rise of the Kasai",
            "site_detail_url": "http://www.giantbomb.com/rise-of-the-kasai/3030-3080/"
        },
        {
            "api_detail_url": "http://www.giantbomb.com/api/game/3030-3857/",
            "id": 3857,
            "name": "Project: Snowblind",
            "site_detail_url": "http://www.giantbomb.com/project-snowblind/3030-3857/"
        },
        {
            "api_detail_url": "http://www.giantbomb.com/api/game/3030-3156/",
            "id": 3156,
            "name": "Champions: Return to Arms",
            "site_detail_url": "http://www.giantbomb.com/champions-return-to-arms/3030-3156/"
        },
        {
            "api_detail_url": "http://www.giantbomb.com/api/game/3030-21460/",
            "id": 21460,
            "name": "Gurumin: A Monstrous Adventure",
            "site_detail_url": "http://www.giantbomb.com/gurumin-a-monstrous-adventure/3030-21460/"
        },
        {
            "api_detail_url": "http://www.giantbomb.com/api/game/3030-8852/",
            "id": 8852,
            "name": "Star Wars: Knights of the Old Republic II - The Sith Lords",
            "site_detail_url": "http://www.giantbomb.com/star-wars-knights-of-the-old-republic-ii-the-sith-/3030-8852/"
        },
        {
            "api_detail_url": "http://www.giantbomb.com/api/game/3030-17357/",
            "id": 17357,
            "name": "Prince of Persia: Warrior Within",
            "site_detail_url": "http://www.giantbomb.com/prince-of-persia-warrior-within/3030-17357/"
        },
        {
            "api_detail_url": "http://www.giantbomb.com/api/game/3030-16426/",
            "id": 16426,
            "name": "Vampire: The Masquerade - Bloodlines",
            "site_detail_url": "http://www.giantbomb.com/vampire-the-masquerade-bloodlines/3030-16426/"
        },
        {
            "api_detail_url": "http://www.giantbomb.com/api/game/3030-3232/",
            "id": 3232,
            "name": "Call of Duty: Finest Hour",
            "site_detail_url": "http://www.giantbomb.com/call-of-duty-finest-hour/3030-3232/"
        },
        {
            "api_detail_url": "http://www.giantbomb.com/api/game/3030-3690/",
            "id": 3690,
            "name": "Lemony Snicket's A Series of Unfortunate Events",
            "site_detail_url": "http://www.giantbomb.com/lemony-snickets-a-series-of-unfortunate-events/3030-3690/"
        },
        {
            "api_detail_url": "http://www.giantbomb.com/api/game/3030-18547/",
            "id": 18547,
            "name": "EverQuest II",
            "site_detail_url": "http://www.giantbomb.com/everquest-ii/3030-18547/"
        },
        {
            "api_detail_url": "http://www.giantbomb.com/api/game/3030-8102/",
            "id": 8102,
            "name": "The Bard's Tale",
            "site_detail_url": "http://www.giantbomb.com/the-bards-tale/3030-8102/"
        },
        {
            "api_detail_url": "http://www.giantbomb.com/api/game/3030-229/",
            "id": 229,
            "name": "Kingdom Under Fire: The Crusaders",
            "site_detail_url": "http://www.giantbomb.com/kingdom-under-fire-the-crusaders/3030-229/"
        },
        {
            "api_detail_url": "http://www.giantbomb.com/api/game/3030-13087/",
            "id": 13087,
            "name": "X-Men: Legends",
            "site_detail_url": "http://www.giantbomb.com/x-men-legends/3030-13087/"
        },
        {
            "api_detail_url": "http://www.giantbomb.com/api/game/3030-7932/",
            "id": 7932,
            "name": "DreamWorks' Shark Tale",
            "site_detail_url": "http://www.giantbomb.com/dreamworks-shark-tale/3030-7932/"
        },
        {
            "api_detail_url": "http://www.giantbomb.com/api/game/3030-12633/",
            "id": 12633,
            "name": "Call of Duty: United Offensive",
            "site_detail_url": "http://www.giantbomb.com/call-of-duty-united-offensive/3030-12633/"
        },
        {
            "api_detail_url": "http://www.giantbomb.com/api/game/3030-11186/",
            "id": 11186,
            "name": "Gungrave: Overdose",
            "site_detail_url": "http://www.giantbomb.com/gungrave-overdose/3030-11186/"
        },
        {
            "api_detail_url": "http://www.giantbomb.com/api/game/3030-12710/",
            "id": 12710,
            "name": "Onimusha 3: Demon Siege",
            "site_detail_url": "http://www.giantbomb.com/onimusha-3-demon-siege/3030-12710/"
        },
        {
            "api_detail_url": "http://www.giantbomb.com/api/game/3030-13217/",
            "id": 13217,
            "name": "Champions of Norrath",
            "site_detail_url": "http://www.giantbomb.com/champions-of-norrath/3030-13217/"
        },
        {
            "api_detail_url": "http://www.giantbomb.com/api/game/3030-9255/",
            "id": 9255,
            "name": "Fatal Frame II: Crimson Butterfly",
            "site_detail_url": "http://www.giantbomb.com/fatal-frame-ii-crimson-butterfly/3030-9255/"
        },
        {
            "api_detail_url": "http://www.giantbomb.com/api/game/3030-21268/",
            "id": 21268,
            "name": "The Hobbit",
            "site_detail_url": "http://www.giantbomb.com/the-hobbit/3030-21268/"
        },
        {
            "api_detail_url": "http://www.giantbomb.com/api/game/3030-15936/",
            "id": 15936,
            "name": "Lords of EverQuest",
            "site_detail_url": "http://www.giantbomb.com/lords-of-everquest/3030-15936/"
        },
        {
            "api_detail_url": "http://www.giantbomb.com/api/game/3030-4108/",
            "id": 4108,
            "name": "Star Wars: Rogue Squadron III - Rebel Strike",
            "site_detail_url": "http://www.giantbomb.com/star-wars-rogue-squadron-iii-rebel-strike/3030-4108/"
        },
        {
            "api_detail_url": "http://www.giantbomb.com/api/game/3030-13809/",
            "id": 13809,
            "name": "Rise to Honor",
            "site_detail_url": "http://www.giantbomb.com/rise-to-honor/3030-13809/"
        },
        {
            "api_detail_url": "http://www.giantbomb.com/api/game/3030-6707/",
            "id": 6707,
            "name": "Gladius",
            "site_detail_url": "http://www.giantbomb.com/gladius/3030-6707/"
        },
        {
            "api_detail_url": "http://www.giantbomb.com/api/game/3030-16388/",
            "id": 16388,
            "name": "Alter Echo",
            "site_detail_url": "http://www.giantbomb.com/alter-echo/3030-16388/"
        },
        {
            "api_detail_url": "http://www.giantbomb.com/api/game/3030-18741/",
            "id": 18741,
            "name": "Star Wars: Knights of the Old Republic",
            "site_detail_url": "http://www.giantbomb.com/star-wars-knights-of-the-old-republic/3030-18741/"
        },
        {
            "api_detail_url": "http://www.giantbomb.com/api/game/3030-17450/",
            "id": 17450,
            "name": "Lionheart",
            "site_detail_url": "http://www.giantbomb.com/lionheart/3030-17450/"
        },
        {
            "api_detail_url": "http://www.giantbomb.com/api/game/3030-2113/",
            "id": 2113,
            "name": "X2: Wolverine's Revenge",
            "site_detail_url": "http://www.giantbomb.com/x2-wolverines-revenge/3030-2113/"
        },
        {
            "api_detail_url": "http://www.giantbomb.com/api/game/3030-16073/",
            "id": 16073,
            "name": "Tom Clancy's Rainbow Six 3: Raven Shield",
            "site_detail_url": "http://www.giantbomb.com/tom-clancys-rainbow-six-3-raven-shield/3030-16073/"
        },
        {
            "api_detail_url": "http://www.giantbomb.com/api/game/3030-4576/",
            "id": 4576,
            "name": "Battlestar Galactica",
            "site_detail_url": "http://www.giantbomb.com/battlestar-galactica/3030-4576/"
        },
        {
            "api_detail_url": "http://www.giantbomb.com/api/game/3030-18522/",
            "id": 18522,
            "name": "Onimusha: Blade Warriors",
            "site_detail_url": "http://www.giantbomb.com/onimusha-blade-warriors/3030-18522/"
        },
        {
            "api_detail_url": "http://www.giantbomb.com/api/game/3030-17677/",
            "id": 17677,
            "name": "The Lord of the Rings: War of the Ring",
            "site_detail_url": "http://www.giantbomb.com/the-lord-of-the-rings-war-of-the-ring/3030-17677/"
        },
        {
            "api_detail_url": "http://www.giantbomb.com/api/game/3030-17571/",
            "id": 17571,
            "name": "Star Wars: Bounty Hunter",
            "site_detail_url": "http://www.giantbomb.com/star-wars-bounty-hunter/3030-17571/"
        },
        {
            "api_detail_url": "http://www.giantbomb.com/api/game/3030-10126/",
            "id": 10126,
            "name": "X-Men: Next Dimension",
            "site_detail_url": "http://www.giantbomb.com/x-men-next-dimension/3030-10126/"
        },
        {
            "api_detail_url": "http://www.giantbomb.com/api/game/3030-2077/",
            "id": 2077,
            "name": "The Mark of Kri",
            "site_detail_url": "http://www.giantbomb.com/the-mark-of-kri/3030-2077/"
        },
        {
            "api_detail_url": "http://www.giantbomb.com/api/game/3030-4505/",
            "id": 4505,
            "name": "Vampire: The Masquerade - Redemption",
            "site_detail_url": "http://www.giantbomb.com/vampire-the-masquerade-redemption/3030-4505/"
        },
        {
            "api_detail_url": "http://www.giantbomb.com/api/game/3030-15954/",
            "id": 15954,
            "name": "J.R.R. Tolkien's The Lord of the Rings, Vol. II: The Two Towers",
            "site_detail_url": "http://www.giantbomb.com/jrr-tolkiens-the-lord-of-the-rings-vol-ii-the-two-/3030-15954/"
        },
        {
            "api_detail_url": "http://www.giantbomb.com/api/game/3030-8873/",
            "id": 8873,
            "name": "GUN",
            "site_detail_url": "http://www.giantbomb.com/gun/3030-8873/"
        },
        {
            "api_detail_url": "http://www.giantbomb.com/api/game/3030-12533/",
            "id": 12533,
            "name": "Pirates of the Caribbean: At World's End",
            "site_detail_url": "http://www.giantbomb.com/pirates-of-the-caribbean-at-worlds-end/3030-12533/"
        },
        {
            "api_detail_url": "http://www.giantbomb.com/api/game/3030-19864/",
            "id": 19864,
            "name": "Final Fantasy Tactics",
            "site_detail_url": "http://www.giantbomb.com/final-fantasy-tactics/3030-19864/"
        },
        {
            "api_detail_url": "http://www.giantbomb.com/api/game/3030-14555/",
            "id": 14555,
            "name": "Metal Gear Solid: Portable Ops",
            "site_detail_url": "http://www.giantbomb.com/metal-gear-solid-portable-ops/3030-14555/"
        },
        {
            "api_detail_url": "http://www.giantbomb.com/api/game/3030-4867/",
            "id": 4867,
            "name": "The Lord of the Rings: The Battle for Middle-earth II",
            "site_detail_url": "http://www.giantbomb.com/the-lord-of-the-rings-the-battle-for-middle-earth-/3030-4867/"
        },
        {
            "api_detail_url": "http://www.giantbomb.com/api/game/3030-1049/",
            "id": 1049,
            "name": "SOCOM II: U.S. Navy SEALs",
            "site_detail_url": "http://www.giantbomb.com/socom-ii-us-navy-seals/3030-1049/"
        },
        {
            "api_detail_url": "http://www.giantbomb.com/api/game/3030-2242/",
            "id": 2242,
            "name": "The Punisher",
            "site_detail_url": "http://www.giantbomb.com/the-punisher/3030-2242/"
        },
        {
            "api_detail_url": "http://www.giantbomb.com/api/game/3030-981/",
            "id": 981,
            "name": "Forgotten Realms: Demon Stone",
            "site_detail_url": "http://www.giantbomb.com/forgotten-realms-demon-stone/3030-981/"
        },
        {
            "api_detail_url": "http://www.giantbomb.com/api/game/3030-6602/",
            "id": 6602,
            "name": "Ninja Gaiden Black",
            "site_detail_url": "http://www.giantbomb.com/ninja-gaiden-black/3030-6602/"
        },
        {
            "api_detail_url": "http://www.giantbomb.com/api/game/3030-23134/",
            "id": 23134,
            "name": "Battlestar Galactica",
            "site_detail_url": "http://www.giantbomb.com/battlestar-galactica/3030-23134/"
        },
        {
            "api_detail_url": "http://www.giantbomb.com/api/game/3030-20499/",
            "id": 20499,
            "name": "Too Human",
            "site_detail_url": "http://www.giantbomb.com/too-human/3030-20499/"
        },
        {
            "api_detail_url": "http://www.giantbomb.com/api/game/3030-20971/",
            "id": 20971,
            "name": "Valkyria Chronicles",
            "site_detail_url": "http://www.giantbomb.com/valkyria-chronicles/3030-20971/"
        },
        {
            "api_detail_url": "http://www.giantbomb.com/api/game/3030-20662/",
            "id": 20662,
            "name": "Gears of War 2",
            "site_detail_url": "http://www.giantbomb.com/gears-of-war-2/3030-20662/"
        },
        {
            "api_detail_url": "http://www.giantbomb.com/api/game/3030-20699/",
            "id": 20699,
            "name": "Resistance 2",
            "site_detail_url": "http://www.giantbomb.com/resistance-2/3030-20699/"
        },
        {
            "api_detail_url": "http://www.giantbomb.com/api/game/3030-20470/",
            "id": 20470,
            "name": "Bionic Commando",
            "site_detail_url": "http://www.giantbomb.com/bionic-commando/3030-20470/"
        },
        {
            "api_detail_url": "http://www.giantbomb.com/api/game/3030-20700/",
            "id": 20700,
            "name": "Br\u00fctal Legend",
            "site_detail_url": "http://www.giantbomb.com/brutal-legend/3030-20700/"
        },
        {
            "api_detail_url": "http://www.giantbomb.com/api/game/3030-27205/",
            "id": 27205,
            "name": "Dreamkiller",
            "site_detail_url": "http://www.giantbomb.com/dreamkiller/3030-27205/"
        },
        {
            "api_detail_url": "http://www.giantbomb.com/api/game/3030-26817/",
            "id": 26817,
            "name": "Metal Gear Solid: Peace Walker",
            "site_detail_url": "http://www.giantbomb.com/metal-gear-solid-peace-walker/3030-26817/"
        },
        {
            "api_detail_url": "http://www.giantbomb.com/api/game/3030-21616/",
            "id": 21616,
            "name": "The Saboteur",
            "site_detail_url": "http://www.giantbomb.com/the-saboteur/3030-21616/"
        },
        {
            "api_detail_url": "http://www.giantbomb.com/api/game/3030-25673/",
            "id": 25673,
            "name": "Ratchet & Clank Future: A Crack in Time",
            "site_detail_url": "http://www.giantbomb.com/ratchet-clank-future-a-crack-in-time/3030-25673/"
        },
        {
            "api_detail_url": "http://www.giantbomb.com/api/game/3030-26589/",
            "id": 26589,
            "name": "James Cameron's Avatar: The Game",
            "site_detail_url": "http://www.giantbomb.com/james-camerons-avatar-the-game/3030-26589/"
        },
        {
            "api_detail_url": "http://www.giantbomb.com/api/game/3030-25720/",
            "id": 25720,
            "name": "Jak and Daxter: The Lost Frontier",
            "site_detail_url": "http://www.giantbomb.com/jak-and-daxter-the-lost-frontier/3030-25720/"
        },
        {
            "api_detail_url": "http://www.giantbomb.com/api/game/3030-25586/",
            "id": 25586,
            "name": "Ninja Gaiden Sigma 2",
            "site_detail_url": "http://www.giantbomb.com/ninja-gaiden-sigma-2/3030-25586/"
        },
        {
            "api_detail_url": "http://www.giantbomb.com/api/game/3030-26706/",
            "id": 26706,
            "name": "Shadow Complex",
            "site_detail_url": "http://www.giantbomb.com/shadow-complex/3030-26706/"
        },
        {
            "api_detail_url": "http://www.giantbomb.com/api/game/3030-25305/",
            "id": 25305,
            "name": "G.I. Joe: The Rise of Cobra",
            "site_detail_url": "http://www.giantbomb.com/gi-joe-the-rise-of-cobra/3030-25305/"
        },
        {
            "api_detail_url": "http://www.giantbomb.com/api/game/3030-21448/",
            "id": 21448,
            "name": "Kingdom Hearts 358/2 Days",
            "site_detail_url": "http://www.giantbomb.com/kingdom-hearts-3582-days/3030-21448/"
        },
        {
            "api_detail_url": "http://www.giantbomb.com/api/game/3030-20599/",
            "id": 20599,
            "name": "inFamous",
            "site_detail_url": "http://www.giantbomb.com/infamous/3030-20599/"
        },
        {
            "api_detail_url": "http://www.giantbomb.com/api/game/3030-21105/",
            "id": 21105,
            "name": "Stormrise",
            "site_detail_url": "http://www.giantbomb.com/stormrise/3030-21105/"
        },
        {
            "api_detail_url": "http://www.giantbomb.com/api/game/3030-21109/",
            "id": 21109,
            "name": "Resistance: Retribution",
            "site_detail_url": "http://www.giantbomb.com/resistance-retribution/3030-21109/"
        },
        {
            "api_detail_url": "http://www.giantbomb.com/api/game/3030-21308/",
            "id": 21308,
            "name": "Aion: Ascension",
            "site_detail_url": "http://www.giantbomb.com/aion-ascension/3030-21308/"
        },
        {
            "api_detail_url": "http://www.giantbomb.com/api/game/3030-26394/",
            "id": 26394,
            "name": "Kane & Lynch 2: Dog Days",
            "site_detail_url": "http://www.giantbomb.com/kane-lynch-2-dog-days/3030-26394/"
        },
        {
            "api_detail_url": "http://www.giantbomb.com/api/game/3030-26790/",
            "id": 26790,
            "name": "Crackdown 2",
            "site_detail_url": "http://www.giantbomb.com/crackdown-2/3030-26790/"
        },
        {
            "api_detail_url": "http://www.giantbomb.com/api/game/3030-30615/",
            "id": 30615,
            "name": "Gears of War 3",
            "site_detail_url": "http://www.giantbomb.com/gears-of-war-3/3030-30615/"
        },
        {
            "api_detail_url": "http://www.giantbomb.com/api/game/3030-29284/",
            "id": 29284,
            "name": "Tron: Evolution",
            "site_detail_url": "http://www.giantbomb.com/tron-evolution/3030-29284/"
        },
        {
            "api_detail_url": "http://www.giantbomb.com/api/game/3030-32374/",
            "id": 32374,
            "name": "Might & Magic Heroes VI",
            "site_detail_url": "http://www.giantbomb.com/might-magic-heroes-vi/3030-32374/"
        },
        {
            "api_detail_url": "http://www.giantbomb.com/api/game/3030-29903/",
            "id": 29903,
            "name": "Vanquish",
            "site_detail_url": "http://www.giantbomb.com/vanquish/3030-29903/"
        },
        {
            "api_detail_url": "http://www.giantbomb.com/api/game/3030-25933/",
            "id": 25933,
            "name": "Fallout: New Vegas",
            "site_detail_url": "http://www.giantbomb.com/fallout-new-vegas/3030-25933/"
        },
        {
            "api_detail_url": "http://www.giantbomb.com/api/game/3030-24421/",
            "id": 24421,
            "name": "Clash of the Titans",
            "site_detail_url": "http://www.giantbomb.com/clash-of-the-titans/3030-24421/"
        },
        {
            "api_detail_url": "http://www.giantbomb.com/api/game/3030-25787/",
            "id": 25787,
            "name": "Resonance of Fate",
            "site_detail_url": "http://www.giantbomb.com/resonance-of-fate/3030-25787/"
        },
        {
            "api_detail_url": "http://www.giantbomb.com/api/game/3030-27489/",
            "id": 27489,
            "name": "James Cameron's Avatar: The Game",
            "site_detail_url": "http://www.giantbomb.com/james-camerons-avatar-the-game/3030-27489/"
        },
        {
            "api_detail_url": "http://www.giantbomb.com/api/game/3030-28188/",
            "id": 28188,
            "name": "Warhammer 40,000: Dawn of War II: Chaos Rising",
            "site_detail_url": "http://www.giantbomb.com/warhammer-40000-dawn-of-war-ii-chaos-rising/3030-28188/"
        },
        {
            "api_detail_url": "http://www.giantbomb.com/api/game/3030-20516/",
            "id": 20516,
            "name": "Fracture",
            "site_detail_url": "http://www.giantbomb.com/fracture/3030-20516/"
        },
        {
            "api_detail_url": "http://www.giantbomb.com/api/game/3030-21302/",
            "id": 21302,
            "name": "S.T.A.L.K.E.R.: Clear Sky",
            "site_detail_url": "http://www.giantbomb.com/stalker-clear-sky/3030-21302/"
        },
        {
            "api_detail_url": "http://www.giantbomb.com/api/game/3030-20820/",
            "id": 20820,
            "name": "Destroy All Humans! Path of the Furon",
            "site_detail_url": "http://www.giantbomb.com/destroy-all-humans-path-of-the-furon/3030-20820/"
        },
        {
            "api_detail_url": "http://www.giantbomb.com/api/game/3030-21365/",
            "id": 21365,
            "name": "Rise of the Argonauts",
            "site_detail_url": "http://www.giantbomb.com/rise-of-the-argonauts/3030-21365/"
        },
        {
            "api_detail_url": "http://www.giantbomb.com/api/game/3030-21115/",
            "id": 21115,
            "name": "Ratchet & Clank Future: Quest for Booty",
            "site_detail_url": "http://www.giantbomb.com/ratchet-clank-future-quest-for-booty/3030-21115/"
        },
        {
            "api_detail_url": "http://www.giantbomb.com/api/game/3030-20633/",
            "id": 20633,
            "name": "Hellboy: The Science of Evil",
            "site_detail_url": "http://www.giantbomb.com/hellboy-the-science-of-evil/3030-20633/"
        },
        {
            "api_detail_url": "http://www.giantbomb.com/api/game/3030-20553/",
            "id": 20553,
            "name": "Ninja Gaiden II",
            "site_detail_url": "http://www.giantbomb.com/ninja-gaiden-ii/3030-20553/"
        },
        {
            "api_detail_url": "http://www.giantbomb.com/api/game/3030-1819/",
            "id": 1819,
            "name": "The Golden Compass",
            "site_detail_url": "http://www.giantbomb.com/the-golden-compass/3030-1819/"
        },
        {
            "api_detail_url": "http://www.giantbomb.com/api/game/3030-20531/",
            "id": 20531,
            "name": "Kingdom Under Fire: Circle of Doom",
            "site_detail_url": "http://www.giantbomb.com/kingdom-under-fire-circle-of-doom/3030-20531/"
        },
        {
            "api_detail_url": "http://www.giantbomb.com/api/game/3030-20592/",
            "id": 20592,
            "name": "God of War: Chains of Olympus",
            "site_detail_url": "http://www.giantbomb.com/god-of-war-chains-of-olympus/3030-20592/"
        },
        {
            "api_detail_url": "http://www.giantbomb.com/api/game/3030-22474/",
            "id": 22474,
            "name": "Pirates of the Caribbean Online",
            "site_detail_url": "http://www.giantbomb.com/pirates-of-the-caribbean-online/3030-22474/"
        },
        {
            "api_detail_url": "http://www.giantbomb.com/api/game/3030-15212/",
            "id": 15212,
            "name": "Ratchet & Clank Future: Tools of Destruction",
            "site_detail_url": "http://www.giantbomb.com/ratchet-clank-future-tools-of-destruction/3030-15212/"
        },
        {
            "api_detail_url": "http://www.giantbomb.com/api/game/3030-27994/",
            "id": 27994,
            "name": "Final Fantasy Tactics: The War of the Lions",
            "site_detail_url": "http://www.giantbomb.com/final-fantasy-tactics-the-war-of-the-lions/3030-27994/"
        },
        {
            "api_detail_url": "http://www.giantbomb.com/api/game/3030-10988/",
            "id": 10988,
            "name": "Ghost Rider",
            "site_detail_url": "http://www.giantbomb.com/ghost-rider/3030-10988/"
        },
        {
            "api_detail_url": "http://www.giantbomb.com/api/game/3030-29196/",
            "id": 29196,
            "name": "Thor: God of Thunder",
            "site_detail_url": "http://www.giantbomb.com/thor-god-of-thunder/3030-29196/"
        },
        {
            "api_detail_url": "http://www.giantbomb.com/api/game/3030-25238/",
            "id": 25238,
            "name": "Transformers: Revenge of the Fallen",
            "site_detail_url": "http://www.giantbomb.com/transformers-revenge-of-the-fallen/3030-25238/"
        },
        {
            "api_detail_url": "http://www.giantbomb.com/api/game/3030-13453/",
            "id": 13453,
            "name": "Medieval II: Total War - Kingdoms",
            "site_detail_url": "http://www.giantbomb.com/medieval-ii-total-war-kingdoms/3030-13453/"
        },
        {
            "api_detail_url": "http://www.giantbomb.com/api/game/3030-5614/",
            "id": 5614,
            "name": "Spider-Man 3",
            "site_detail_url": "http://www.giantbomb.com/spider-man-3/3030-5614/"
        },
        {
            "api_detail_url": "http://www.giantbomb.com/api/game/3030-22058/",
            "id": 22058,
            "name": "Spider-Man: Battle for New York",
            "site_detail_url": "http://www.giantbomb.com/spider-man-battle-for-new-york/3030-22058/"
        },
        {
            "api_detail_url": "http://www.giantbomb.com/api/game/3030-11082/",
            "id": 11082,
            "name": "Guild Wars: Nightfall",
            "site_detail_url": "http://www.giantbomb.com/guild-wars-nightfall/3030-11082/"
        },
        {
            "api_detail_url": "http://www.giantbomb.com/api/game/3030-21827/",
            "id": 21827,
            "name": "SOCOM: U.S. Navy SEALs - Combined Assault",
            "site_detail_url": "http://www.giantbomb.com/socom-us-navy-seals-combined-assault/3030-21827/"
        },
        {
            "api_detail_url": "http://www.giantbomb.com/api/game/3030-13683/",
            "id": 13683,
            "name": "Quake 4",
            "site_detail_url": "http://www.giantbomb.com/quake-4/3030-13683/"
        },
        {
            "api_detail_url": "http://www.giantbomb.com/api/game/3030-21876/",
            "id": 21876,
            "name": "Ninja Gaiden",
            "site_detail_url": "http://www.giantbomb.com/ninja-gaiden/3030-21876/"
        },
        {
            "api_detail_url": "http://www.giantbomb.com/api/game/3030-7757/",
            "id": 7757,
            "name": "Lionheart: Legacy of the Crusader",
            "site_detail_url": "http://www.giantbomb.com/lionheart-legacy-of-the-crusader/3030-7757/"
        },
        {
            "api_detail_url": "http://www.giantbomb.com/api/game/3030-24456/",
            "id": 24456,
            "name": "Kingdom Under Fire: A War of Heroes",
            "site_detail_url": "http://www.giantbomb.com/kingdom-under-fire-a-war-of-heroes/3030-24456/"
        },
        {
            "api_detail_url": "http://www.giantbomb.com/api/game/3030-25565/",
            "id": 25565,
            "name": "Army of Two: The 40th Day",
            "site_detail_url": "http://www.giantbomb.com/army-of-two-the-40th-day/3030-25565/"
        },
        {
            "api_detail_url": "http://www.giantbomb.com/api/game/3030-1629/",
            "id": 1629,
            "name": "Call of Duty",
            "site_detail_url": "http://www.giantbomb.com/call-of-duty/3030-1629/"
        },
        {
            "api_detail_url": "http://www.giantbomb.com/api/game/3030-32297/",
            "id": 32297,
            "name": "Ace Combat Assault Horizon",
            "site_detail_url": "http://www.giantbomb.com/ace-combat-assault-horizon/3030-32297/"
        },
        {
            "api_detail_url": "http://www.giantbomb.com/api/game/3030-30484/",
            "id": 30484,
            "name": "F.E.A.R. 3",
            "site_detail_url": "http://www.giantbomb.com/fear-3/3030-30484/"
        },
        {
            "api_detail_url": "http://www.giantbomb.com/api/game/3030-35129/",
            "id": 35129,
            "name": "Call of Duty: Modern Warfare 3",
            "site_detail_url": "http://www.giantbomb.com/call-of-duty-modern-warfare-3/3030-35129/"
        },
        {
            "api_detail_url": "http://www.giantbomb.com/api/game/3030-33394/",
            "id": 33394,
            "name": "The Elder Scrolls V: Skyrim",
            "site_detail_url": "http://www.giantbomb.com/the-elder-scrolls-v-skyrim/3030-33394/"
        },
        {
            "api_detail_url": "http://www.giantbomb.com/api/game/3030-25726/",
            "id": 25726,
            "name": "Red Faction: Armageddon",
            "site_detail_url": "http://www.giantbomb.com/red-faction-armageddon/3030-25726/"
        },
        {
            "api_detail_url": "http://www.giantbomb.com/api/game/3030-20739/",
            "id": 20739,
            "name": "Tom Clancy's EndWar",
            "site_detail_url": "http://www.giantbomb.com/tom-clancys-endwar/3030-20739/"
        },
        {
            "api_detail_url": "http://www.giantbomb.com/api/game/3030-21175/",
            "id": 21175,
            "name": "Warhammer 40,000: Dawn of War II",
            "site_detail_url": "http://www.giantbomb.com/warhammer-40000-dawn-of-war-ii/3030-21175/"
        },
        {
            "api_detail_url": "http://www.giantbomb.com/api/game/3030-21119/",
            "id": 21119,
            "name": "Wolfenstein",
            "site_detail_url": "http://www.giantbomb.com/wolfenstein/3030-21119/"
        },
        {
            "api_detail_url": "http://www.giantbomb.com/api/game/3030-2133/",
            "id": 2133,
            "name": "Call of Duty 4: Modern Warfare",
            "site_detail_url": "http://www.giantbomb.com/call-of-duty-4-modern-warfare/3030-2133/"
        },
        {
            "api_detail_url": "http://www.giantbomb.com/api/game/3030-2992/",
            "id": 2992,
            "name": "Syphon Filter: Combat Ops",
            "site_detail_url": "http://www.giantbomb.com/syphon-filter-combat-ops/3030-2992/"
        },
        {
            "api_detail_url": "http://www.giantbomb.com/api/game/3030-4400/",
            "id": 4400,
            "name": "Pirates of the Caribbean: Dead Man's Chest",
            "site_detail_url": "http://www.giantbomb.com/pirates-of-the-caribbean-dead-mans-chest/3030-4400/"
        },
        {
            "api_detail_url": "http://www.giantbomb.com/api/game/3030-1322/",
            "id": 1322,
            "name": "Barbie as Rapunzel: A Creative Adventure",
            "site_detail_url": "http://www.giantbomb.com/barbie-as-rapunzel-a-creative-adventure/3030-1322/"
        },
        {
            "api_detail_url": "http://www.giantbomb.com/api/game/3030-34017/",
            "id": 34017,
            "name": "Uncharted: Golden Abyss",
            "site_detail_url": "http://www.giantbomb.com/uncharted-golden-abyss/3030-34017/"
        },
        {
            "api_detail_url": "http://www.giantbomb.com/api/game/3030-35542/",
            "id": 35542,
            "name": "Kinect Fun Labs",
            "site_detail_url": "http://www.giantbomb.com/kinect-fun-labs/3030-35542/"
        },
        {
            "api_detail_url": "http://www.giantbomb.com/api/game/3030-30393/",
            "id": 30393,
            "name": "Hunted: The Demon's Forge",
            "site_detail_url": "http://www.giantbomb.com/hunted-the-demons-forge/3030-30393/"
        },
        {
            "api_detail_url": "http://www.giantbomb.com/api/game/3030-34553/",
            "id": 34553,
            "name": "Resident Evil: Operation Raccoon City",
            "site_detail_url": "http://www.giantbomb.com/resident-evil-operation-raccoon-city/3030-34553/"
        },
        {
            "api_detail_url": "http://www.giantbomb.com/api/game/3030-36939/",
            "id": 36939,
            "name": "Unit 13",
            "site_detail_url": "http://www.giantbomb.com/unit-13/3030-36939/"
        },
        {
            "api_detail_url": "http://www.giantbomb.com/api/game/3030-31738/",
            "id": 31738,
            "name": "Metal Gear Solid: Snake Eater 3D",
            "site_detail_url": "http://www.giantbomb.com/metal-gear-solid-snake-eater-3d/3030-31738/"
        },
        {
            "api_detail_url": "http://www.giantbomb.com/api/game/3030-33345/",
            "id": 33345,
            "name": "Prototype 2",
            "site_detail_url": "http://www.giantbomb.com/prototype-2/3030-33345/"
        },
        {
            "api_detail_url": "http://www.giantbomb.com/api/game/3030-35242/",
            "id": 35242,
            "name": "Starhawk",
            "site_detail_url": "http://www.giantbomb.com/starhawk/3030-35242/"
        },
        {
            "api_detail_url": "http://www.giantbomb.com/api/game/3030-27312/",
            "id": 27312,
            "name": "Tomb Raider",
            "site_detail_url": "http://www.giantbomb.com/tomb-raider/3030-27312/"
        },
        {
            "api_detail_url": "http://www.giantbomb.com/api/game/3030-39248/",
            "id": 39248,
            "name": "God of War Saga",
            "site_detail_url": "http://www.giantbomb.com/god-of-war-saga/3030-39248/"
        },
        {
            "api_detail_url": "http://www.giantbomb.com/api/game/3030-29941/",
            "id": 29941,
            "name": "Darksiders II",
            "site_detail_url": "http://www.giantbomb.com/darksiders-ii/3030-29941/"
        },
        {
            "api_detail_url": "http://www.giantbomb.com/api/game/3030-38390/",
            "id": 38390,
            "name": "The Cave",
            "site_detail_url": "http://www.giantbomb.com/the-cave/3030-38390/"
        },
        {
            "api_detail_url": "http://www.giantbomb.com/api/game/3030-36031/",
            "id": 36031,
            "name": "Cabela's Survival: Shadows of Katmai",
            "site_detail_url": "http://www.giantbomb.com/cabelas-survival-shadows-of-katmai/3030-36031/"
        },
        {
            "api_detail_url": "http://www.giantbomb.com/api/game/3030-37417/",
            "id": 37417,
            "name": "Skylanders Giants",
            "site_detail_url": "http://www.giantbomb.com/skylanders-giants/3030-37417/"
        },
        {
            "api_detail_url": "http://www.giantbomb.com/api/game/3030-32804/",
            "id": 32804,
            "name": "Prince of Persia Trilogy",
            "site_detail_url": "http://www.giantbomb.com/prince-of-persia-trilogy/3030-32804/"
        },
        {
            "api_detail_url": "http://www.giantbomb.com/api/game/3030-17970/",
            "id": 17970,
            "name": "Prince of Persia: Revelations",
            "site_detail_url": "http://www.giantbomb.com/prince-of-persia-revelations/3030-17970/"
        },
        {
            "api_detail_url": "http://www.giantbomb.com/api/game/3030-38581/",
            "id": 38581,
            "name": "Transformers Prime: The Game",
            "site_detail_url": "http://www.giantbomb.com/transformers-prime-the-game/3030-38581/"
        },
        {
            "api_detail_url": "http://www.giantbomb.com/api/game/3030-38043/",
            "id": 38043,
            "name": "God of War: Ascension",
            "site_detail_url": "http://www.giantbomb.com/god-of-war-ascension/3030-38043/"
        },
        {
            "api_detail_url": "http://www.giantbomb.com/api/game/3030-38481/",
            "id": 38481,
            "name": "Gears of War: Judgment",
            "site_detail_url": "http://www.giantbomb.com/gears-of-war-judgment/3030-38481/"
        },
        {
            "api_detail_url": "http://www.giantbomb.com/api/game/3030-32317/",
            "id": 32317,
            "name": "BioShock Infinite",
            "site_detail_url": "http://www.giantbomb.com/bioshock-infinite/3030-32317/"
        },
        {
            "api_detail_url": "http://www.giantbomb.com/api/game/3030-35485/",
            "id": 35485,
            "name": "Metro: Last Light",
            "site_detail_url": "http://www.giantbomb.com/metro-last-light/3030-35485/"
        },
        {
            "api_detail_url": "http://www.giantbomb.com/api/game/3030-36884/",
            "id": 36884,
            "name": "Saints Row IV",
            "site_detail_url": "http://www.giantbomb.com/saints-row-iv/3030-36884/"
        },
        {
            "api_detail_url": "http://www.giantbomb.com/api/game/3030-35003/",
            "id": 35003,
            "name": "Marvel Heroes 2016",
            "site_detail_url": "http://www.giantbomb.com/marvel-heroes-2016/3030-35003/"
        },
        {
            "api_detail_url": "http://www.giantbomb.com/api/game/3030-36989/",
            "id": 36989,
            "name": "The Last of Us",
            "site_detail_url": "http://www.giantbomb.com/the-last-of-us/3030-36989/"
        },
        {
            "api_detail_url": "http://www.giantbomb.com/api/game/3030-42245/",
            "id": 42245,
            "name": "Batman: Arkham Origins",
            "site_detail_url": "http://www.giantbomb.com/batman-arkham-origins/3030-42245/"
        },
        {
            "api_detail_url": "http://www.giantbomb.com/api/game/3030-42795/",
            "id": 42795,
            "name": "Tales of Symphonia Chronicles",
            "site_detail_url": "http://www.giantbomb.com/tales-of-symphonia-chronicles/3030-42795/"
        },
        {
            "api_detail_url": "http://www.giantbomb.com/api/game/3030-44484/",
            "id": 44484,
            "name": "Middle-earth: Shadow of Mordor",
            "site_detail_url": "http://www.giantbomb.com/middle-earth-shadow-of-mordor/3030-44484/"
        },
        {
            "api_detail_url": "http://www.giantbomb.com/api/game/3030-38206/",
            "id": 38206,
            "name": "The Elder Scrolls Online",
            "site_detail_url": "http://www.giantbomb.com/the-elder-scrolls-online/3030-38206/"
        },
        {
            "api_detail_url": "http://www.giantbomb.com/api/game/3030-32982/",
            "id": 32982,
            "name": "Uncharted 3: Drake's Deception",
            "site_detail_url": "http://www.giantbomb.com/uncharted-3-drakes-deception/3030-32982/"
        },
        {
            "api_detail_url": "http://www.giantbomb.com/api/game/3030-22420/",
            "id": 22420,
            "name": "Uncharted 2: Among Thieves",
            "site_detail_url": "http://www.giantbomb.com/uncharted-2-among-thieves/3030-22420/"
        },
        {
            "api_detail_url": "http://www.giantbomb.com/api/game/3030-25725/",
            "id": 25725,
            "name": "Saints Row: The Third",
            "site_detail_url": "http://www.giantbomb.com/saints-row-the-third/3030-25725/"
        },
        {
            "api_detail_url": "http://www.giantbomb.com/api/game/3030-41791/",
            "id": 41791,
            "name": "Bound By Flame",
            "site_detail_url": "http://www.giantbomb.com/bound-by-flame/3030-41791/"
        },
        {
            "api_detail_url": "http://www.giantbomb.com/api/game/3030-30995/",
            "id": 30995,
            "name": "Dragon Age II",
            "site_detail_url": "http://www.giantbomb.com/dragon-age-ii/3030-30995/"
        },
        {
            "api_detail_url": "http://www.giantbomb.com/api/game/3030-18162/",
            "id": 18162,
            "name": "Team Fortress 2",
            "site_detail_url": "http://www.giantbomb.com/team-fortress-2/3030-18162/"
        },
        {
            "api_detail_url": "http://www.giantbomb.com/api/game/3030-41090/",
            "id": 41090,
            "name": "LEGO Marvel Super Heroes",
            "site_detail_url": "http://www.giantbomb.com/lego-marvel-super-heroes/3030-41090/"
        },
        {
            "api_detail_url": "http://www.giantbomb.com/api/game/3030-16909/",
            "id": 16909,
            "name": "Mass Effect",
            "site_detail_url": "http://www.giantbomb.com/mass-effect/3030-16909/"
        },
        {
            "api_detail_url": "http://www.giantbomb.com/api/game/3030-20674/",
            "id": 20674,
            "name": "StarCraft II: Wings of Liberty",
            "site_detail_url": "http://www.giantbomb.com/starcraft-ii-wings-of-liberty/3030-20674/"
        },
        {
            "api_detail_url": "http://www.giantbomb.com/api/game/3030-40796/",
            "id": 40796,
            "name": "Metal Gear Solid V: The Phantom Pain",
            "site_detail_url": "http://www.giantbomb.com/metal-gear-solid-v-the-phantom-pain/3030-40796/"
        },
        {
            "api_detail_url": "http://www.giantbomb.com/api/game/3030-47679/",
            "id": 47679,
            "name": "Saints Row: Gat Out of Hell",
            "site_detail_url": "http://www.giantbomb.com/saints-row-gat-out-of-hell/3030-47679/"
        },
        {
            "api_detail_url": "http://www.giantbomb.com/api/game/3030-44655/",
            "id": 44655,
            "name": "Game of Thrones: A Telltale Game Series",
            "site_detail_url": "http://www.giantbomb.com/game-of-thrones-a-telltale-game-series/3030-44655/"
        },
        {
            "api_detail_url": "http://www.giantbomb.com/api/game/3030-20521/",
            "id": 20521,
            "name": "Halo Wars",
            "site_detail_url": "http://www.giantbomb.com/halo-wars/3030-20521/"
        },
        {
            "api_detail_url": "http://www.giantbomb.com/api/game/3030-48315/",
            "id": 48315,
            "name": "Call of Duty: Heroes",
            "site_detail_url": "http://www.giantbomb.com/call-of-duty-heroes/3030-48315/"
        },
        {
            "api_detail_url": "http://www.giantbomb.com/api/game/3030-46430/",
            "id": 46430,
            "name": "Lego Batman 3: Beyond Gotham",
            "site_detail_url": "http://www.giantbomb.com/lego-batman-3-beyond-gotham/3030-46430/"
        },
        {
            "api_detail_url": "http://www.giantbomb.com/api/game/3030-46597/",
            "id": 46597,
            "name": "Code Name: S.T.E.A.M.",
            "site_detail_url": "http://www.giantbomb.com/code-name-s-t-e-a-m/3030-46597/"
        },
        {
            "api_detail_url": "http://www.giantbomb.com/api/game/3030-43649/",
            "id": 43649,
            "name": "Diablo III: Reaper of Souls",
            "site_detail_url": "http://www.giantbomb.com/diablo-iii-reaper-of-souls/3030-43649/"
        },
        {
            "api_detail_url": "http://www.giantbomb.com/api/game/3030-45577/",
            "id": 45577,
            "name": "Batman: Arkham Knight",
            "site_detail_url": "http://www.giantbomb.com/batman-arkham-knight/3030-45577/"
        },
        {
            "api_detail_url": "http://www.giantbomb.com/api/game/3030-42927/",
            "id": 42927,
            "name": "Mad Max",
            "site_detail_url": "http://www.giantbomb.com/mad-max/3030-42927/"
        },
        {
            "api_detail_url": "http://www.giantbomb.com/api/game/3030-51218/",
            "id": 51218,
            "name": "Heroes Reborn: Enigma",
            "site_detail_url": "http://www.giantbomb.com/heroes-reborn-enigma/3030-51218/"
        },
        {
            "api_detail_url": "http://www.giantbomb.com/api/game/3030-47753/",
            "id": 47753,
            "name": "Disney Infinity 3.0 Edition",
            "site_detail_url": "http://www.giantbomb.com/disney-infinity-3-0-edition/3030-47753/"
        },
        {
            "api_detail_url": "http://www.giantbomb.com/api/game/3030-49595/",
            "id": 49595,
            "name": "Kung Fu Panda: Showdown of Legendary Legends the Video Game",
            "site_detail_url": "http://www.giantbomb.com/kung-fu-panda-showdown-of-legendary-legends-the-vi/3030-49595/"
        },
        {
            "api_detail_url": "http://www.giantbomb.com/api/game/3030-49396/",
            "id": 49396,
            "name": "LEGO Dimensions",
            "site_detail_url": "http://www.giantbomb.com/lego-dimensions/3030-49396/"
        },
        {
            "api_detail_url": "http://www.giantbomb.com/api/game/3030-44507/",
            "id": 44507,
            "name": "Uncharted 4: A Thief's End",
            "site_detail_url": "http://www.giantbomb.com/uncharted-4-a-thiefs-end/3030-44507/"
        }
    ],
    "gender": 1,
    "hometown": "London",
    "id": 65881,
    "name": "Robin Atkin Downes",
    "people": [
        {
            "api_detail_url": "http://www.giantbomb.com/api/person/3040-86436/",
            "id": 86436,
            "name": "Zach Hanks",
            "site_detail_url": "http://www.giantbomb.com/zach-hanks/3040-86436/"
        }
    ]
}