{
    "birth_date": "1956-08-29",
    "country": "United States",
    "death_date": null,
    "deck": "Roger Labon Jackson is an American voice actor who has appeared in a multitude of video games. He is also known as the voice of Ghostface in the Scream series of films.",
    "first_credited_game": {
        "api_detail_url": "http://www.giantbomb.com/api/game/3030-3482/",
        "id": 3482,
        "name": "Shinobi"
    },
    "games": [
        {
            "api_detail_url": "http://www.giantbomb.com/api/game/3030-8763/",
            "id": 8763,
            "name": "Neverwinter Nights 2: Mask of the Betrayer",
            "site_detail_url": "http://www.giantbomb.com/neverwinter-nights-2-mask-of-the-betrayer/3030-8763/"
        },
        {
            "api_detail_url": "http://www.giantbomb.com/api/game/3030-14523/",
            "id": 14523,
            "name": "Star Wars: Jedi Knight II - Jedi Outcast",
            "site_detail_url": "http://www.giantbomb.com/star-wars-jedi-knight-ii-jedi-outcast/3030-14523/"
        },
        {
            "api_detail_url": "http://www.giantbomb.com/api/game/3030-19003/",
            "id": 19003,
            "name": "SimCoaster",
            "site_detail_url": "http://www.giantbomb.com/simcoaster/3030-19003/"
        },
        {
            "api_detail_url": "http://www.giantbomb.com/api/game/3030-18901/",
            "id": 18901,
            "name": "Star Wars: Galactic Battlegrounds",
            "site_detail_url": "http://www.giantbomb.com/star-wars-galactic-battlegrounds/3030-18901/"
        },
        {
            "api_detail_url": "http://www.giantbomb.com/api/game/3030-2681/",
            "id": 2681,
            "name": "American McGee's Alice",
            "site_detail_url": "http://www.giantbomb.com/american-mcgees-alice/3030-2681/"
        },
        {
            "api_detail_url": "http://www.giantbomb.com/api/game/3030-20258/",
            "id": 20258,
            "name": "Spider-Man: Friend or Foe",
            "site_detail_url": "http://www.giantbomb.com/spider-man-friend-or-foe/3030-20258/"
        },
        {
            "api_detail_url": "http://www.giantbomb.com/api/game/3030-7940/",
            "id": 7940,
            "name": "Rogue Galaxy",
            "site_detail_url": "http://www.giantbomb.com/rogue-galaxy/3030-7940/"
        },
        {
            "api_detail_url": "http://www.giantbomb.com/api/game/3030-8580/",
            "id": 8580,
            "name": "Jade Empire",
            "site_detail_url": "http://www.giantbomb.com/jade-empire/3030-8580/"
        },
        {
            "api_detail_url": "http://www.giantbomb.com/api/game/3030-17686/",
            "id": 17686,
            "name": "The Lord of the Rings: The Return of the King",
            "site_detail_url": "http://www.giantbomb.com/the-lord-of-the-rings-the-return-of-the-king/3030-17686/"
        },
        {
            "api_detail_url": "http://www.giantbomb.com/api/game/3030-16410/",
            "id": 16410,
            "name": "Keio Flying Squadron",
            "site_detail_url": "http://www.giantbomb.com/keio-flying-squadron/3030-16410/"
        },
        {
            "api_detail_url": "http://www.giantbomb.com/api/game/3030-10656/",
            "id": 10656,
            "name": "Roberta Williams' King's Quest VII: The Princeless Bride",
            "site_detail_url": "http://www.giantbomb.com/roberta-williams-kings-quest-vii-the-princeless-br/3030-10656/"
        },
        {
            "api_detail_url": "http://www.giantbomb.com/api/game/3030-2634/",
            "id": 2634,
            "name": "Space Quest 6: Roger Wilco in the Spinal Frontier",
            "site_detail_url": "http://www.giantbomb.com/space-quest-6-roger-wilco-in-the-spinal-frontier/3030-2634/"
        },
        {
            "api_detail_url": "http://www.giantbomb.com/api/game/3030-15844/",
            "id": 15844,
            "name": "Fade to Black",
            "site_detail_url": "http://www.giantbomb.com/fade-to-black/3030-15844/"
        },
        {
            "api_detail_url": "http://www.giantbomb.com/api/game/3030-7423/",
            "id": 7423,
            "name": "Keio Flying Squadron 2",
            "site_detail_url": "http://www.giantbomb.com/keio-flying-squadron-2/3030-7423/"
        },
        {
            "api_detail_url": "http://www.giantbomb.com/api/game/3030-15483/",
            "id": 15483,
            "name": "Star Wars: X-Wing Vs. TIE Fighter",
            "site_detail_url": "http://www.giantbomb.com/star-wars-x-wing-vs-tie-fighter/3030-15483/"
        },
        {
            "api_detail_url": "http://www.giantbomb.com/api/game/3030-18202/",
            "id": 18202,
            "name": "Star Trek: Deep Space Nine - Harbinger",
            "site_detail_url": "http://www.giantbomb.com/star-trek-deep-space-nine-harbinger/3030-18202/"
        },
        {
            "api_detail_url": "http://www.giantbomb.com/api/game/3030-2422/",
            "id": 2422,
            "name": "Soviet Strike",
            "site_detail_url": "http://www.giantbomb.com/soviet-strike/3030-2422/"
        },
        {
            "api_detail_url": "http://www.giantbomb.com/api/game/3030-16638/",
            "id": 16638,
            "name": "Byzantine: The Betrayal",
            "site_detail_url": "http://www.giantbomb.com/byzantine-the-betrayal/3030-16638/"
        },
        {
            "api_detail_url": "http://www.giantbomb.com/api/game/3030-7418/",
            "id": 7418,
            "name": "Star Wars: Jedi Knight - Dark Forces II",
            "site_detail_url": "http://www.giantbomb.com/star-wars-jedi-knight-dark-forces-ii/3030-7418/"
        },
        {
            "api_detail_url": "http://www.giantbomb.com/api/game/3030-15689/",
            "id": 15689,
            "name": "Armored Core: Project Phantasma",
            "site_detail_url": "http://www.giantbomb.com/armored-core-project-phantasma/3030-15689/"
        },
        {
            "api_detail_url": "http://www.giantbomb.com/api/game/3030-16288/",
            "id": 16288,
            "name": "Star Wars: Jedi Knight - Mysteries of the Sith",
            "site_detail_url": "http://www.giantbomb.com/star-wars-jedi-knight-mysteries-of-the-sith/3030-16288/"
        },
        {
            "api_detail_url": "http://www.giantbomb.com/api/game/3030-18132/",
            "id": 18132,
            "name": "Clock Tower 2: The Struggle Within",
            "site_detail_url": "http://www.giantbomb.com/clock-tower-2-the-struggle-within/3030-18132/"
        },
        {
            "api_detail_url": "http://www.giantbomb.com/api/game/3030-16367/",
            "id": 16367,
            "name": "Armored Core: Master of Arena",
            "site_detail_url": "http://www.giantbomb.com/armored-core-master-of-arena/3030-16367/"
        },
        {
            "api_detail_url": "http://www.giantbomb.com/api/game/3030-6357/",
            "id": 6357,
            "name": "Star Trek: New Worlds",
            "site_detail_url": "http://www.giantbomb.com/star-trek-new-worlds/3030-6357/"
        },
        {
            "api_detail_url": "http://www.giantbomb.com/api/game/3030-13526/",
            "id": 13526,
            "name": "Star Wars: Episode I - Racer",
            "site_detail_url": "http://www.giantbomb.com/star-wars-episode-i-racer/3030-13526/"
        },
        {
            "api_detail_url": "http://www.giantbomb.com/api/game/3030-10863/",
            "id": 10863,
            "name": "Prince of Persia 3D",
            "site_detail_url": "http://www.giantbomb.com/prince-of-persia-3d/3030-10863/"
        },
        {
            "api_detail_url": "http://www.giantbomb.com/api/game/3030-16270/",
            "id": 16270,
            "name": "Slave Zero",
            "site_detail_url": "http://www.giantbomb.com/slave-zero/3030-16270/"
        },
        {
            "api_detail_url": "http://www.giantbomb.com/api/game/3030-11151/",
            "id": 11151,
            "name": "X Squad",
            "site_detail_url": "http://www.giantbomb.com/x-squad/3030-11151/"
        },
        {
            "api_detail_url": "http://www.giantbomb.com/api/game/3030-10637/",
            "id": 10637,
            "name": "Baldur's Gate II: Shadows of Amn",
            "site_detail_url": "http://www.giantbomb.com/baldurs-gate-ii-shadows-of-amn/3030-10637/"
        },
        {
            "api_detail_url": "http://www.giantbomb.com/api/game/3030-2045/",
            "id": 2045,
            "name": "Dead or Alive 2",
            "site_detail_url": "http://www.giantbomb.com/dead-or-alive-2/3030-2045/"
        },
        {
            "api_detail_url": "http://www.giantbomb.com/api/game/3030-22292/",
            "id": 22292,
            "name": "Dead or Alive 2: Hardcore",
            "site_detail_url": "http://www.giantbomb.com/dead-or-alive-2-hardcore/3030-22292/"
        },
        {
            "api_detail_url": "http://www.giantbomb.com/api/game/3030-2830/",
            "id": 2830,
            "name": "The Powerpuff Girls: Chemical X-Traction",
            "site_detail_url": "http://www.giantbomb.com/the-powerpuff-girls-chemical-x-traction/3030-2830/"
        },
        {
            "api_detail_url": "http://www.giantbomb.com/api/game/3030-19474/",
            "id": 19474,
            "name": "Disney's Tarzan Untamed",
            "site_detail_url": "http://www.giantbomb.com/disneys-tarzan-untamed/3030-19474/"
        },
        {
            "api_detail_url": "http://www.giantbomb.com/api/game/3030-10726/",
            "id": 10726,
            "name": "The Sims: Hot Date",
            "site_detail_url": "http://www.giantbomb.com/the-sims-hot-date/3030-10726/"
        },
        {
            "api_detail_url": "http://www.giantbomb.com/api/game/3030-8114/",
            "id": 8114,
            "name": "Star Wars: Episode I - Battle for Naboo",
            "site_detail_url": "http://www.giantbomb.com/star-wars-episode-i-battle-for-naboo/3030-8114/"
        },
        {
            "api_detail_url": "http://www.giantbomb.com/api/game/3030-11350/",
            "id": 11350,
            "name": "Zone of the Enders",
            "site_detail_url": "http://www.giantbomb.com/zone-of-the-enders/3030-11350/"
        },
        {
            "api_detail_url": "http://www.giantbomb.com/api/game/3030-6795/",
            "id": 6795,
            "name": "Baldur's Gate II: Throne of Bhaal",
            "site_detail_url": "http://www.giantbomb.com/baldurs-gate-ii-throne-of-bhaal/3030-6795/"
        },
        {
            "api_detail_url": "http://www.giantbomb.com/api/game/3030-8009/",
            "id": 8009,
            "name": "Pool of Radiance: Ruins of Myth Drannor",
            "site_detail_url": "http://www.giantbomb.com/pool-of-radiance-ruins-of-myth-drannor/3030-8009/"
        },
        {
            "api_detail_url": "http://www.giantbomb.com/api/game/3030-382/",
            "id": 382,
            "name": "The Powerpuff Girls: Mojo's Pet Project",
            "site_detail_url": "http://www.giantbomb.com/the-powerpuff-girls-mojos-pet-project/3030-382/"
        },
        {
            "api_detail_url": "http://www.giantbomb.com/api/game/3030-6308/",
            "id": 6308,
            "name": "The Powerpuff Girls: Relish Rampage",
            "site_detail_url": "http://www.giantbomb.com/the-powerpuff-girls-relish-rampage/3030-6308/"
        },
        {
            "api_detail_url": "http://www.giantbomb.com/api/game/3030-21704/",
            "id": 21704,
            "name": "The Legend of Alon D'ar",
            "site_detail_url": "http://www.giantbomb.com/the-legend-of-alon-dar/3030-21704/"
        },
        {
            "api_detail_url": "http://www.giantbomb.com/api/game/3030-15116/",
            "id": 15116,
            "name": "Armored Core 3",
            "site_detail_url": "http://www.giantbomb.com/armored-core-3/3030-15116/"
        },
        {
            "api_detail_url": "http://www.giantbomb.com/api/game/3030-7746/",
            "id": 7746,
            "name": "Star Wars: Racer Revenge",
            "site_detail_url": "http://www.giantbomb.com/star-wars-racer-revenge/3030-7746/"
        },
        {
            "api_detail_url": "http://www.giantbomb.com/api/game/3030-1703/",
            "id": 1703,
            "name": "New Legends",
            "site_detail_url": "http://www.giantbomb.com/new-legends/3030-1703/"
        },
        {
            "api_detail_url": "http://www.giantbomb.com/api/game/3030-4017/",
            "id": 4017,
            "name": "Star Wars: Jedi Starfighter",
            "site_detail_url": "http://www.giantbomb.com/star-wars-jedi-starfighter/3030-4017/"
        },
        {
            "api_detail_url": "http://www.giantbomb.com/api/game/3030-9437/",
            "id": 9437,
            "name": "Star Wars: Galaxies - An Empire Divided",
            "site_detail_url": "http://www.giantbomb.com/star-wars-galaxies-an-empire-divided/3030-9437/"
        },
        {
            "api_detail_url": "http://www.giantbomb.com/api/game/3030-11479/",
            "id": 11479,
            "name": "Star Trek: Starfleet Command III",
            "site_detail_url": "http://www.giantbomb.com/star-trek-starfleet-command-iii/3030-11479/"
        },
        {
            "api_detail_url": "http://www.giantbomb.com/api/game/3030-3482/",
            "id": 3482,
            "name": "Shinobi",
            "site_detail_url": "http://www.giantbomb.com/shinobi/3030-3482/"
        },
        {
            "api_detail_url": "http://www.giantbomb.com/api/game/3030-13759/",
            "id": 13759,
            "name": "Cyber Troopers Virtual-On Marz",
            "site_detail_url": "http://www.giantbomb.com/cyber-troopers-virtual-on-marz/3030-13759/"
        },
        {
            "api_detail_url": "http://www.giantbomb.com/api/game/3030-19969/",
            "id": 19969,
            "name": "Lifeline",
            "site_detail_url": "http://www.giantbomb.com/lifeline/3030-19969/"
        },
        {
            "api_detail_url": "http://www.giantbomb.com/api/game/3030-8985/",
            "id": 8985,
            "name": "Final Fantasy X-2",
            "site_detail_url": "http://www.giantbomb.com/final-fantasy-x-2/3030-8985/"
        },
        {
            "api_detail_url": "http://www.giantbomb.com/api/game/3030-1672/",
            "id": 1672,
            "name": "The Sims: Superstar",
            "site_detail_url": "http://www.giantbomb.com/the-sims-superstar/3030-1672/"
        },
        {
            "api_detail_url": "http://www.giantbomb.com/api/game/3030-17450/",
            "id": 17450,
            "name": "Lionheart",
            "site_detail_url": "http://www.giantbomb.com/lionheart/3030-17450/"
        },
        {
            "api_detail_url": "http://www.giantbomb.com/api/game/3030-6707/",
            "id": 6707,
            "name": "Gladius",
            "site_detail_url": "http://www.giantbomb.com/gladius/3030-6707/"
        },
        {
            "api_detail_url": "http://www.giantbomb.com/api/game/3030-16922/",
            "id": 16922,
            "name": "Star Wars: Jedi Knight - Jedi Academy",
            "site_detail_url": "http://www.giantbomb.com/star-wars-jedi-knight-jedi-academy/3030-16922/"
        },
        {
            "api_detail_url": "http://www.giantbomb.com/api/game/3030-8483/",
            "id": 8483,
            "name": "The Sims: Makin' Magic",
            "site_detail_url": "http://www.giantbomb.com/the-sims-makin-magic/3030-8483/"
        },
        {
            "api_detail_url": "http://www.giantbomb.com/api/game/3030-2838/",
            "id": 2838,
            "name": "Bujingai: The Forsaken City",
            "site_detail_url": "http://www.giantbomb.com/bujingai-the-forsaken-city/3030-2838/"
        },
        {
            "api_detail_url": "http://www.giantbomb.com/api/game/3030-22733/",
            "id": 22733,
            "name": "Armored Core: Nexus",
            "site_detail_url": "http://www.giantbomb.com/armored-core-nexus/3030-22733/"
        },
        {
            "api_detail_url": "http://www.giantbomb.com/api/game/3030-15099/",
            "id": 15099,
            "name": "Kuon",
            "site_detail_url": "http://www.giantbomb.com/kuon/3030-15099/"
        },
        {
            "api_detail_url": "http://www.giantbomb.com/api/game/3030-9027/",
            "id": 9027,
            "name": "Galleon",
            "site_detail_url": "http://www.giantbomb.com/galleon/3030-9027/"
        },
        {
            "api_detail_url": "http://www.giantbomb.com/api/game/3030-15282/",
            "id": 15282,
            "name": "Tenchu: Fatal Shadows",
            "site_detail_url": "http://www.giantbomb.com/tenchu-fatal-shadows/3030-15282/"
        },
        {
            "api_detail_url": "http://www.giantbomb.com/api/game/3030-11334/",
            "id": 11334,
            "name": "Blood Will Tell: Tezuka Osamu's Dororo",
            "site_detail_url": "http://www.giantbomb.com/blood-will-tell-tezuka-osamus-dororo/3030-11334/"
        },
        {
            "api_detail_url": "http://www.giantbomb.com/api/game/3030-2473/",
            "id": 2473,
            "name": "The Sims 2",
            "site_detail_url": "http://www.giantbomb.com/the-sims-2/3030-2473/"
        },
        {
            "api_detail_url": "http://www.giantbomb.com/api/game/3030-9806/",
            "id": 9806,
            "name": "EyeToy: AntiGrav",
            "site_detail_url": "http://www.giantbomb.com/eyetoy-antigrav/3030-9806/"
        },
        {
            "api_detail_url": "http://www.giantbomb.com/api/game/3030-1842/",
            "id": 1842,
            "name": "The Urbz: Sims in the City",
            "site_detail_url": "http://www.giantbomb.com/the-urbz-sims-in-the-city/3030-1842/"
        },
        {
            "api_detail_url": "http://www.giantbomb.com/api/game/3030-18925/",
            "id": 18925,
            "name": "King Arthur",
            "site_detail_url": "http://www.giantbomb.com/king-arthur/3030-18925/"
        },
        {
            "api_detail_url": "http://www.giantbomb.com/api/game/3030-8852/",
            "id": 8852,
            "name": "Star Wars: Knights of the Old Republic II - The Sith Lords",
            "site_detail_url": "http://www.giantbomb.com/star-wars-knights-of-the-old-republic-ii-the-sith-/3030-8852/"
        },
        {
            "api_detail_url": "http://www.giantbomb.com/api/game/3030-3650/",
            "id": 3650,
            "name": "Tiger Woods PGA Tour 06",
            "site_detail_url": "http://www.giantbomb.com/tiger-woods-pga-tour-06/3030-3650/"
        },
        {
            "api_detail_url": "http://www.giantbomb.com/api/game/3030-1339/",
            "id": 1339,
            "name": "Star Wars: Republic Commando",
            "site_detail_url": "http://www.giantbomb.com/star-wars-republic-commando/3030-1339/"
        },
        {
            "api_detail_url": "http://www.giantbomb.com/api/game/3030-22726/",
            "id": 22726,
            "name": "Armored Core: Last Raven",
            "site_detail_url": "http://www.giantbomb.com/armored-core-last-raven/3030-22726/"
        },
        {
            "api_detail_url": "http://www.giantbomb.com/api/game/3030-21405/",
            "id": 21405,
            "name": "Crash Tag Team Racing",
            "site_detail_url": "http://www.giantbomb.com/crash-tag-team-racing/3030-21405/"
        },
        {
            "api_detail_url": "http://www.giantbomb.com/api/game/3030-7180/",
            "id": 7180,
            "name": "Yakuza",
            "site_detail_url": "http://www.giantbomb.com/yakuza/3030-7180/"
        },
        {
            "api_detail_url": "http://www.giantbomb.com/api/game/3030-14366/",
            "id": 14366,
            "name": "25 to Life",
            "site_detail_url": "http://www.giantbomb.com/25-to-life/3030-14366/"
        },
        {
            "api_detail_url": "http://www.giantbomb.com/api/game/3030-1213/",
            "id": 1213,
            "name": "Baten Kaitos Origins",
            "site_detail_url": "http://www.giantbomb.com/baten-kaitos-origins/3030-1213/"
        },
        {
            "api_detail_url": "http://www.giantbomb.com/api/game/3030-4867/",
            "id": 4867,
            "name": "The Lord of the Rings: The Battle for Middle-earth II",
            "site_detail_url": "http://www.giantbomb.com/the-lord-of-the-rings-the-battle-for-middle-earth-/3030-4867/"
        },
        {
            "api_detail_url": "http://www.giantbomb.com/api/game/3030-11497/",
            "id": 11497,
            "name": "Final Fantasy XII",
            "site_detail_url": "http://www.giantbomb.com/final-fantasy-xii/3030-11497/"
        },
        {
            "api_detail_url": "http://www.giantbomb.com/api/game/3030-10505/",
            "id": 10505,
            "name": "Bone: The Great Cow Race",
            "site_detail_url": "http://www.giantbomb.com/bone-the-great-cow-race/3030-10505/"
        },
        {
            "api_detail_url": "http://www.giantbomb.com/api/game/3030-11004/",
            "id": 11004,
            "name": "Hitman: Blood Money",
            "site_detail_url": "http://www.giantbomb.com/hitman-blood-money/3030-11004/"
        },
        {
            "api_detail_url": "http://www.giantbomb.com/api/game/3030-3556/",
            "id": 3556,
            "name": "The Sims 2: Pets",
            "site_detail_url": "http://www.giantbomb.com/the-sims-2-pets/3030-3556/"
        },
        {
            "api_detail_url": "http://www.giantbomb.com/api/game/3030-6447/",
            "id": 6447,
            "name": "The Lord of the Rings: The Battle for Middle-earth II - The Rise of the Witch-King",
            "site_detail_url": "http://www.giantbomb.com/the-lord-of-the-rings-the-battle-for-middle-earth-/3030-6447/"
        },
        {
            "api_detail_url": "http://www.giantbomb.com/api/game/3030-20579/",
            "id": 20579,
            "name": "Shining Force EXA",
            "site_detail_url": "http://www.giantbomb.com/shining-force-exa/3030-20579/"
        },
        {
            "api_detail_url": "http://www.giantbomb.com/api/game/3030-4797/",
            "id": 4797,
            "name": "Sam & Max Episode 4: Abe Lincoln Must Die!",
            "site_detail_url": "http://www.giantbomb.com/sam-max-episode-4-abe-lincoln-must-die/3030-4797/"
        },
        {
            "api_detail_url": "http://www.giantbomb.com/api/game/3030-17551/",
            "id": 17551,
            "name": "Command & Conquer 3: Tiberium Wars",
            "site_detail_url": "http://www.giantbomb.com/command-conquer-3-tiberium-wars/3030-17551/"
        },
        {
            "api_detail_url": "http://www.giantbomb.com/api/game/3030-9251/",
            "id": 9251,
            "name": "Sam & Max Episode 6: Bright Side of the Moon",
            "site_detail_url": "http://www.giantbomb.com/sam-max-episode-6-bright-side-of-the-moon/3030-9251/"
        },
        {
            "api_detail_url": "http://www.giantbomb.com/api/game/3030-6049/",
            "id": 6049,
            "name": "Sam & Max Save the World",
            "site_detail_url": "http://www.giantbomb.com/sam-max-save-the-world/3030-6049/"
        },
        {
            "api_detail_url": "http://www.giantbomb.com/api/game/3030-7682/",
            "id": 7682,
            "name": "MySims",
            "site_detail_url": "http://www.giantbomb.com/mysims/3030-7682/"
        },
        {
            "api_detail_url": "http://www.giantbomb.com/api/game/3030-16513/",
            "id": 16513,
            "name": "Sam & Max Episode 201: Ice Station Santa",
            "site_detail_url": "http://www.giantbomb.com/sam-max-episode-201-ice-station-santa/3030-16513/"
        },
        {
            "api_detail_url": "http://www.giantbomb.com/api/game/3030-9015/",
            "id": 9015,
            "name": "Sam & Max Episode 202: Moai Better Blues",
            "site_detail_url": "http://www.giantbomb.com/sam-max-episode-202-moai-better-blues/3030-9015/"
        },
        {
            "api_detail_url": "http://www.giantbomb.com/api/game/3030-4885/",
            "id": 4885,
            "name": "Sam & Max Episode 203: Night of the Raving Dead",
            "site_detail_url": "http://www.giantbomb.com/sam-max-episode-203-night-of-the-raving-dead/3030-4885/"
        },
        {
            "api_detail_url": "http://www.giantbomb.com/api/game/3030-4399/",
            "id": 4399,
            "name": "Sam & Max Episode 204: Chariots of the Dogs",
            "site_detail_url": "http://www.giantbomb.com/sam-max-episode-204-chariots-of-the-dogs/3030-4399/"
        },
        {
            "api_detail_url": "http://www.giantbomb.com/api/game/3030-20494/",
            "id": 20494,
            "name": "Command & Conquer 3: Kane's Wrath",
            "site_detail_url": "http://www.giantbomb.com/command-conquer-3-kanes-wrath/3030-20494/"
        },
        {
            "api_detail_url": "http://www.giantbomb.com/api/game/3030-21643/",
            "id": 21643,
            "name": "Sam & Max Episode 205: What's New, Beelzebub?",
            "site_detail_url": "http://www.giantbomb.com/sam-max-episode-205-whats-new-beelzebub/3030-21643/"
        },
        {
            "api_detail_url": "http://www.giantbomb.com/api/game/3030-14139/",
            "id": 14139,
            "name": "Spore",
            "site_detail_url": "http://www.giantbomb.com/spore/3030-14139/"
        },
        {
            "api_detail_url": "http://www.giantbomb.com/api/game/3030-20971/",
            "id": 20971,
            "name": "Valkyria Chronicles",
            "site_detail_url": "http://www.giantbomb.com/valkyria-chronicles/3030-20971/"
        },
        {
            "api_detail_url": "http://www.giantbomb.com/api/game/3030-24766/",
            "id": 24766,
            "name": "Cartoon Network Universe: FusionFall",
            "site_detail_url": "http://www.giantbomb.com/cartoon-network-universe-fusionfall/3030-24766/"
        },
        {
            "api_detail_url": "http://www.giantbomb.com/api/game/3030-12958/",
            "id": 12958,
            "name": "Cartoon Network Racing",
            "site_detail_url": "http://www.giantbomb.com/cartoon-network-racing/3030-12958/"
        },
        {
            "api_detail_url": "http://www.giantbomb.com/api/game/3030-3019/",
            "id": 3019,
            "name": "The Secret of Monkey Island",
            "site_detail_url": "http://www.giantbomb.com/the-secret-of-monkey-island/3030-3019/"
        },
        {
            "api_detail_url": "http://www.giantbomb.com/api/game/3030-21590/",
            "id": 21590,
            "name": "Mass Effect 2",
            "site_detail_url": "http://www.giantbomb.com/mass-effect-2/3030-21590/"
        },
        {
            "api_detail_url": "http://www.giantbomb.com/api/game/3030-26776/",
            "id": 26776,
            "name": "Tales of Monkey Island Chapter 1: Launch of the Screaming Narwhal",
            "site_detail_url": "http://www.giantbomb.com/tales-of-monkey-island-chapter-1-launch-of-the-scr/3030-26776/"
        },
        {
            "api_detail_url": "http://www.giantbomb.com/api/game/3030-26777/",
            "id": 26777,
            "name": "Tales of Monkey Island Chapter 2: The Siege of Spinner Cay",
            "site_detail_url": "http://www.giantbomb.com/tales-of-monkey-island-chapter-2-the-siege-of-spin/3030-26777/"
        },
        {
            "api_detail_url": "http://www.giantbomb.com/api/game/3030-26778/",
            "id": 26778,
            "name": "Tales of Monkey Island Chapter 3: Lair of the Leviathan",
            "site_detail_url": "http://www.giantbomb.com/tales-of-monkey-island-chapter-3-lair-of-the-levia/3030-26778/"
        },
        {
            "api_detail_url": "http://www.giantbomb.com/api/game/3030-26779/",
            "id": 26779,
            "name": "Tales of Monkey Island Chapter 4: The Trial and Execution of Guybrush Threepwood",
            "site_detail_url": "http://www.giantbomb.com/tales-of-monkey-island-chapter-4-the-trial-and-exe/3030-26779/"
        },
        {
            "api_detail_url": "http://www.giantbomb.com/api/game/3030-26780/",
            "id": 26780,
            "name": "Tales of Monkey Island Chapter 5: Rise of the Pirate God",
            "site_detail_url": "http://www.giantbomb.com/tales-of-monkey-island-chapter-5-rise-of-the-pirat/3030-26780/"
        },
        {
            "api_detail_url": "http://www.giantbomb.com/api/game/3030-22968/",
            "id": 22968,
            "name": "Splatterhouse",
            "site_detail_url": "http://www.giantbomb.com/splatterhouse/3030-22968/"
        },
        {
            "api_detail_url": "http://www.giantbomb.com/api/game/3030-20096/",
            "id": 20096,
            "name": "Jet Grind Radio",
            "site_detail_url": "http://www.giantbomb.com/jet-grind-radio/3030-20096/"
        },
        {
            "api_detail_url": "http://www.giantbomb.com/api/game/3030-5056/",
            "id": 5056,
            "name": "Phantasy Star Universe",
            "site_detail_url": "http://www.giantbomb.com/phantasy-star-universe/3030-5056/"
        },
        {
            "api_detail_url": "http://www.giantbomb.com/api/game/3030-20562/",
            "id": 20562,
            "name": "Phantasy Star Universe: Ambition of the Illuminous",
            "site_detail_url": "http://www.giantbomb.com/phantasy-star-universe-ambition-of-the-illuminous/3030-20562/"
        },
        {
            "api_detail_url": "http://www.giantbomb.com/api/game/3030-35511/",
            "id": 35511,
            "name": "Zone of the Enders HD Collection",
            "site_detail_url": "http://www.giantbomb.com/zone-of-the-enders-hd-collection/3030-35511/"
        },
        {
            "api_detail_url": "http://www.giantbomb.com/api/game/3030-32592/",
            "id": 32592,
            "name": "Back to the Future: The Game - Episode 1: It's About Time",
            "site_detail_url": "http://www.giantbomb.com/back-to-the-future-the-game-episode-1-its-about-ti/3030-32592/"
        },
        {
            "api_detail_url": "http://www.giantbomb.com/api/game/3030-33414/",
            "id": 33414,
            "name": "Back to the Future: The Game - Episode 2: Get Tannen!",
            "site_detail_url": "http://www.giantbomb.com/back-to-the-future-the-game-episode-2-get-tannen/3030-33414/"
        },
        {
            "api_detail_url": "http://www.giantbomb.com/api/game/3030-33416/",
            "id": 33416,
            "name": "Back to the Future: The Game - Episode 4: Double Visions",
            "site_detail_url": "http://www.giantbomb.com/back-to-the-future-the-game-episode-4-double-visio/3030-33416/"
        },
        {
            "api_detail_url": "http://www.giantbomb.com/api/game/3030-33417/",
            "id": 33417,
            "name": "Back to the Future: The Game - Episode 5: OUTATIME",
            "site_detail_url": "http://www.giantbomb.com/back-to-the-future-the-game-episode-5-outatime/3030-33417/"
        },
        {
            "api_detail_url": "http://www.giantbomb.com/api/game/3030-32551/",
            "id": 32551,
            "name": "Poker Night at the Inventory",
            "site_detail_url": "http://www.giantbomb.com/poker-night-at-the-inventory/3030-32551/"
        },
        {
            "api_detail_url": "http://www.giantbomb.com/api/game/3030-29474/",
            "id": 29474,
            "name": "Sam & Max: The Devil's Playhouse",
            "site_detail_url": "http://www.giantbomb.com/sam-max-the-devils-playhouse/3030-29474/"
        },
        {
            "api_detail_url": "http://www.giantbomb.com/api/game/3030-30008/",
            "id": 30008,
            "name": "Sam & Max Episode 301: The Penal Zone",
            "site_detail_url": "http://www.giantbomb.com/sam-max-episode-301-the-penal-zone/3030-30008/"
        },
        {
            "api_detail_url": "http://www.giantbomb.com/api/game/3030-30372/",
            "id": 30372,
            "name": "Sam & Max Episode 303: They Stole Max's Brain",
            "site_detail_url": "http://www.giantbomb.com/sam-max-episode-303-they-stole-maxs-brain/3030-30372/"
        },
        {
            "api_detail_url": "http://www.giantbomb.com/api/game/3030-30373/",
            "id": 30373,
            "name": "Sam & Max Episode 304: Beyond the Alley of the Dolls",
            "site_detail_url": "http://www.giantbomb.com/sam-max-episode-304-beyond-the-alley-of-the-dolls/3030-30373/"
        },
        {
            "api_detail_url": "http://www.giantbomb.com/api/game/3030-30374/",
            "id": 30374,
            "name": "Sam & Max Episode 305: The City That Dares Not Sleep",
            "site_detail_url": "http://www.giantbomb.com/sam-max-episode-305-the-city-that-dares-not-sleep/3030-30374/"
        },
        {
            "api_detail_url": "http://www.giantbomb.com/api/game/3030-30370/",
            "id": 30370,
            "name": "Sam & Max Episode 302: The Tomb of Sammun-Mak",
            "site_detail_url": "http://www.giantbomb.com/sam-max-episode-302-the-tomb-of-sammun-mak/3030-30370/"
        },
        {
            "api_detail_url": "http://www.giantbomb.com/api/game/3030-32501/",
            "id": 32501,
            "name": "Bakugan Battle Brawlers: Defenders of the Core",
            "site_detail_url": "http://www.giantbomb.com/bakugan-battle-brawlers-defenders-of-the-core/3030-32501/"
        },
        {
            "api_detail_url": "http://www.giantbomb.com/api/game/3030-31059/",
            "id": 31059,
            "name": "Nelson Tethers: Puzzle Agent",
            "site_detail_url": "http://www.giantbomb.com/nelson-tethers-puzzle-agent/3030-31059/"
        },
        {
            "api_detail_url": "http://www.giantbomb.com/api/game/3030-34209/",
            "id": 34209,
            "name": "Puzzle Agent 2",
            "site_detail_url": "http://www.giantbomb.com/puzzle-agent-2/3030-34209/"
        },
        {
            "api_detail_url": "http://www.giantbomb.com/api/game/3030-25247/",
            "id": 25247,
            "name": "Iron Man 2",
            "site_detail_url": "http://www.giantbomb.com/iron-man-2/3030-25247/"
        },
        {
            "api_detail_url": "http://www.giantbomb.com/api/game/3030-20739/",
            "id": 20739,
            "name": "Tom Clancy's EndWar",
            "site_detail_url": "http://www.giantbomb.com/tom-clancys-endwar/3030-20739/"
        },
        {
            "api_detail_url": "http://www.giantbomb.com/api/game/3030-21401/",
            "id": 21401,
            "name": "MySims Kingdom",
            "site_detail_url": "http://www.giantbomb.com/mysims-kingdom/3030-21401/"
        },
        {
            "api_detail_url": "http://www.giantbomb.com/api/game/3030-20488/",
            "id": 20488,
            "name": "Robert Ludlum's The Bourne Conspiracy",
            "site_detail_url": "http://www.giantbomb.com/robert-ludlums-the-bourne-conspiracy/3030-20488/"
        },
        {
            "api_detail_url": "http://www.giantbomb.com/api/game/3030-24684/",
            "id": 24684,
            "name": "Sam & Max Beyond Time and Space",
            "site_detail_url": "http://www.giantbomb.com/sam-max-beyond-time-and-space/3030-24684/"
        },
        {
            "api_detail_url": "http://www.giantbomb.com/api/game/3030-19405/",
            "id": 19405,
            "name": "The Destiny of Zorro",
            "site_detail_url": "http://www.giantbomb.com/the-destiny-of-zorro/3030-19405/"
        },
        {
            "api_detail_url": "http://www.giantbomb.com/api/game/3030-4161/",
            "id": 4161,
            "name": "NiGHTS: Journey of Dreams",
            "site_detail_url": "http://www.giantbomb.com/nights-journey-of-dreams/3030-4161/"
        },
        {
            "api_detail_url": "http://www.giantbomb.com/api/game/3030-11628/",
            "id": 11628,
            "name": "Echo Night: Beyond",
            "site_detail_url": "http://www.giantbomb.com/echo-night-beyond/3030-11628/"
        },
        {
            "api_detail_url": "http://www.giantbomb.com/api/game/3030-7757/",
            "id": 7757,
            "name": "Lionheart: Legacy of the Crusader",
            "site_detail_url": "http://www.giantbomb.com/lionheart-legacy-of-the-crusader/3030-7757/"
        },
        {
            "api_detail_url": "http://www.giantbomb.com/api/game/3030-16118/",
            "id": 16118,
            "name": "Superman: The Man of Steel",
            "site_detail_url": "http://www.giantbomb.com/superman-the-man-of-steel/3030-16118/"
        },
        {
            "api_detail_url": "http://www.giantbomb.com/api/game/3030-16559/",
            "id": 16559,
            "name": "007: Agent Under Fire",
            "site_detail_url": "http://www.giantbomb.com/007-agent-under-fire/3030-16559/"
        },
        {
            "api_detail_url": "http://www.giantbomb.com/api/game/3030-14485/",
            "id": 14485,
            "name": "Future Cop LAPD",
            "site_detail_url": "http://www.giantbomb.com/future-cop-lapd/3030-14485/"
        },
        {
            "api_detail_url": "http://www.giantbomb.com/api/game/3030-18407/",
            "id": 18407,
            "name": "Thrillville: Off the Rails",
            "site_detail_url": "http://www.giantbomb.com/thrillville-off-the-rails/3030-18407/"
        },
        {
            "api_detail_url": "http://www.giantbomb.com/api/game/3030-33394/",
            "id": 33394,
            "name": "The Elder Scrolls V: Skyrim",
            "site_detail_url": "http://www.giantbomb.com/the-elder-scrolls-v-skyrim/3030-33394/"
        },
        {
            "api_detail_url": "http://www.giantbomb.com/api/game/3030-24516/",
            "id": 24516,
            "name": "Way of the Samurai 3",
            "site_detail_url": "http://www.giantbomb.com/way-of-the-samurai-3/3030-24516/"
        },
        {
            "api_detail_url": "http://www.giantbomb.com/api/game/3030-25193/",
            "id": 25193,
            "name": "Boom Blox Bash Party",
            "site_detail_url": "http://www.giantbomb.com/boom-blox-bash-party/3030-25193/"
        },
        {
            "api_detail_url": "http://www.giantbomb.com/api/game/3030-20700/",
            "id": 20700,
            "name": "Br\u00fctal Legend",
            "site_detail_url": "http://www.giantbomb.com/brutal-legend/3030-20700/"
        },
        {
            "api_detail_url": "http://www.giantbomb.com/api/game/3030-33587/",
            "id": 33587,
            "name": "Chronicles of Mystery: The Secret Tree of Life",
            "site_detail_url": "http://www.giantbomb.com/chronicles-of-mystery-the-secret-tree-of-life/3030-33587/"
        },
        {
            "api_detail_url": "http://www.giantbomb.com/api/game/3030-29578/",
            "id": 29578,
            "name": "Murder, She Wrote",
            "site_detail_url": "http://www.giantbomb.com/murder-she-wrote/3030-29578/"
        },
        {
            "api_detail_url": "http://www.giantbomb.com/api/game/3030-23783/",
            "id": 23783,
            "name": "SimAnimals",
            "site_detail_url": "http://www.giantbomb.com/simanimals/3030-23783/"
        },
        {
            "api_detail_url": "http://www.giantbomb.com/api/game/3030-22565/",
            "id": 22565,
            "name": "American McGee's Grimm",
            "site_detail_url": "http://www.giantbomb.com/american-mcgees-grimm/3030-22565/"
        },
        {
            "api_detail_url": "http://www.giantbomb.com/api/game/3030-20660/",
            "id": 20660,
            "name": "Command & Conquer: Red Alert 3",
            "site_detail_url": "http://www.giantbomb.com/command-conquer-red-alert-3/3030-20660/"
        },
        {
            "api_detail_url": "http://www.giantbomb.com/api/game/3030-21054/",
            "id": 21054,
            "name": "The Sims 2: Apartment Pets",
            "site_detail_url": "http://www.giantbomb.com/the-sims-2-apartment-pets/3030-21054/"
        },
        {
            "api_detail_url": "http://www.giantbomb.com/api/game/3030-10203/",
            "id": 10203,
            "name": "The Sims: Castaway Stories",
            "site_detail_url": "http://www.giantbomb.com/the-sims-castaway-stories/3030-10203/"
        },
        {
            "api_detail_url": "http://www.giantbomb.com/api/game/3030-9989/",
            "id": 9989,
            "name": "Hellgate: London",
            "site_detail_url": "http://www.giantbomb.com/hellgate-london/3030-9989/"
        },
        {
            "api_detail_url": "http://www.giantbomb.com/api/game/3030-18977/",
            "id": 18977,
            "name": "Raw Danger",
            "site_detail_url": "http://www.giantbomb.com/raw-danger/3030-18977/"
        },
        {
            "api_detail_url": "http://www.giantbomb.com/api/game/3030-13114/",
            "id": 13114,
            "name": "Mage Knight: Apocalypse",
            "site_detail_url": "http://www.giantbomb.com/mage-knight-apocalypse/3030-13114/"
        },
        {
            "api_detail_url": "http://www.giantbomb.com/api/game/3030-67/",
            "id": 67,
            "name": "Tiger Woods PGA Tour 07",
            "site_detail_url": "http://www.giantbomb.com/tiger-woods-pga-tour-07/3030-67/"
        },
        {
            "api_detail_url": "http://www.giantbomb.com/api/game/3030-35737/",
            "id": 35737,
            "name": "Altered Beast",
            "site_detail_url": "http://www.giantbomb.com/altered-beast/3030-35737/"
        },
        {
            "api_detail_url": "http://www.giantbomb.com/api/game/3030-17905/",
            "id": 17905,
            "name": "PoPoLoCrois",
            "site_detail_url": "http://www.giantbomb.com/popolocrois/3030-17905/"
        },
        {
            "api_detail_url": "http://www.giantbomb.com/api/game/3030-17497/",
            "id": 17497,
            "name": "TriJinx: A Kristine Kross Mystery",
            "site_detail_url": "http://www.giantbomb.com/trijinx-a-kristine-kross-mystery/3030-17497/"
        },
        {
            "api_detail_url": "http://www.giantbomb.com/api/game/3030-11544/",
            "id": 11544,
            "name": "Armies of Exigo",
            "site_detail_url": "http://www.giantbomb.com/armies-of-exigo/3030-11544/"
        },
        {
            "api_detail_url": "http://www.giantbomb.com/api/game/3030-8760/",
            "id": 8760,
            "name": "1503 A.D.: The New World",
            "site_detail_url": "http://www.giantbomb.com/1503-ad-the-new-world/3030-8760/"
        },
        {
            "api_detail_url": "http://www.giantbomb.com/api/game/3030-9409/",
            "id": 9409,
            "name": "Magic Pengel: The Quest for Color",
            "site_detail_url": "http://www.giantbomb.com/magic-pengel-the-quest-for-color/3030-9409/"
        },
        {
            "api_detail_url": "http://www.giantbomb.com/api/game/3030-10534/",
            "id": 10534,
            "name": "Scooby-Doo: Case File #1: The Glowing Bug Man",
            "site_detail_url": "http://www.giantbomb.com/scooby-doo-case-file-1-the-glowing-bug-man/3030-10534/"
        },
        {
            "api_detail_url": "http://www.giantbomb.com/api/game/3030-20215/",
            "id": 20215,
            "name": "Star Wars: Galactic Battlegrounds - Clone Campaigns",
            "site_detail_url": "http://www.giantbomb.com/star-wars-galactic-battlegrounds-clone-campaigns/3030-20215/"
        },
        {
            "api_detail_url": "http://www.giantbomb.com/api/game/3030-8138/",
            "id": 8138,
            "name": "Disney's the Lion King: Simba's Mighty Adventure",
            "site_detail_url": "http://www.giantbomb.com/disneys-the-lion-king-simbas-mighty-adventure/3030-8138/"
        },
        {
            "api_detail_url": "http://www.giantbomb.com/api/game/3030-3260/",
            "id": 3260,
            "name": "The Powerpuff Girls: Mojo Jojo A-Go-Go",
            "site_detail_url": "http://www.giantbomb.com/the-powerpuff-girls-mojo-jojo-a-go-go/3030-3260/"
        },
        {
            "api_detail_url": "http://www.giantbomb.com/api/game/3030-12949/",
            "id": 12949,
            "name": "Sub Command: Akula Seawolf 688(I)",
            "site_detail_url": "http://www.giantbomb.com/sub-command-akula-seawolf-688i/3030-12949/"
        },
        {
            "api_detail_url": "http://www.giantbomb.com/api/game/3030-18651/",
            "id": 18651,
            "name": "Eternal Ring",
            "site_detail_url": "http://www.giantbomb.com/eternal-ring/3030-18651/"
        },
        {
            "api_detail_url": "http://www.giantbomb.com/api/game/3030-3531/",
            "id": 3531,
            "name": "Jane's Combat Simulations: USAF",
            "site_detail_url": "http://www.giantbomb.com/janes-combat-simulations-usaf/3030-3531/"
        },
        {
            "api_detail_url": "http://www.giantbomb.com/api/game/3030-3138/",
            "id": 3138,
            "name": "Star Wars: X-Wing Vs. TIE Fighter - Balance of Power Campaigns",
            "site_detail_url": "http://www.giantbomb.com/star-wars-x-wing-vs-tie-fighter-balance-of-power-c/3030-3138/"
        },
        {
            "api_detail_url": "http://www.giantbomb.com/api/game/3030-2670/",
            "id": 2670,
            "name": "Swing Away Golf",
            "site_detail_url": "http://www.giantbomb.com/swing-away-golf/3030-2670/"
        },
        {
            "api_detail_url": "http://www.giantbomb.com/api/game/3030-5493/",
            "id": 5493,
            "name": "Tiger Woods PGA Tour 2000",
            "site_detail_url": "http://www.giantbomb.com/tiger-woods-pga-tour-2000/3030-5493/"
        },
        {
            "api_detail_url": "http://www.giantbomb.com/api/game/3030-2573/",
            "id": 2573,
            "name": "Tiger Woods PGA Tour 2001",
            "site_detail_url": "http://www.giantbomb.com/tiger-woods-pga-tour-2001/3030-2573/"
        },
        {
            "api_detail_url": "http://www.giantbomb.com/api/game/3030-16640/",
            "id": 16640,
            "name": "Rippin' Riders",
            "site_detail_url": "http://www.giantbomb.com/rippin-riders/3030-16640/"
        },
        {
            "api_detail_url": "http://www.giantbomb.com/api/game/3030-12244/",
            "id": 12244,
            "name": "Jane's Combat Simulations: WWII Fighters",
            "site_detail_url": "http://www.giantbomb.com/janes-combat-simulations-wwii-fighters/3030-12244/"
        },
        {
            "api_detail_url": "http://www.giantbomb.com/api/game/3030-13473/",
            "id": 13473,
            "name": "Tiger Woods 99 PGA Tour Golf",
            "site_detail_url": "http://www.giantbomb.com/tiger-woods-99-pga-tour-golf/3030-13473/"
        },
        {
            "api_detail_url": "http://www.giantbomb.com/api/game/3030-5932/",
            "id": 5932,
            "name": "Dogz 2: Your Virtual Petz",
            "site_detail_url": "http://www.giantbomb.com/dogz-2-your-virtual-petz/3030-5932/"
        },
        {
            "api_detail_url": "http://www.giantbomb.com/api/game/3030-21849/",
            "id": 21849,
            "name": "The Lost Files of Sherlock Holmes: The Case of the Rose Tattoo",
            "site_detail_url": "http://www.giantbomb.com/the-lost-files-of-sherlock-holmes-the-case-of-the-/3030-21849/"
        },
        {
            "api_detail_url": "http://www.giantbomb.com/api/game/3030-8820/",
            "id": 8820,
            "name": "Oddballz: Your Wacky Computer Petz",
            "site_detail_url": "http://www.giantbomb.com/oddballz-your-wacky-computer-petz/3030-8820/"
        },
        {
            "api_detail_url": "http://www.giantbomb.com/api/game/3030-11692/",
            "id": 11692,
            "name": "Renegade: The Battle for Jacob's Star",
            "site_detail_url": "http://www.giantbomb.com/renegade-the-battle-for-jacobs-star/3030-11692/"
        },
        {
            "api_detail_url": "http://www.giantbomb.com/api/game/3030-34129/",
            "id": 34129,
            "name": "Skylanders: Spyro's Adventure",
            "site_detail_url": "http://www.giantbomb.com/skylanders-spyros-adventure/3030-34129/"
        },
        {
            "api_detail_url": "http://www.giantbomb.com/api/game/3030-36322/",
            "id": 36322,
            "name": "Backstab",
            "site_detail_url": "http://www.giantbomb.com/backstab/3030-36322/"
        },
        {
            "api_detail_url": "http://www.giantbomb.com/api/game/3030-35850/",
            "id": 35850,
            "name": "Dishonored",
            "site_detail_url": "http://www.giantbomb.com/dishonored/3030-35850/"
        },
        {
            "api_detail_url": "http://www.giantbomb.com/api/game/3030-37302/",
            "id": 37302,
            "name": "Law & Order Legacies",
            "site_detail_url": "http://www.giantbomb.com/law-order-legacies/3030-37302/"
        },
        {
            "api_detail_url": "http://www.giantbomb.com/api/game/3030-25371/",
            "id": 25371,
            "name": "Alice: Madness Returns",
            "site_detail_url": "http://www.giantbomb.com/alice-madness-returns/3030-25371/"
        },
        {
            "api_detail_url": "http://www.giantbomb.com/api/game/3030-42089/",
            "id": 42089,
            "name": "Poker Night 2",
            "site_detail_url": "http://www.giantbomb.com/poker-night-2/3030-42089/"
        },
        {
            "api_detail_url": "http://www.giantbomb.com/api/game/3030-34213/",
            "id": 34213,
            "name": "The Wolf Among Us",
            "site_detail_url": "http://www.giantbomb.com/the-wolf-among-us/3030-34213/"
        },
        {
            "api_detail_url": "http://www.giantbomb.com/api/game/3030-29212/",
            "id": 29212,
            "name": "Deadly Premonition",
            "site_detail_url": "http://www.giantbomb.com/deadly-premonition/3030-29212/"
        },
        {
            "api_detail_url": "http://www.giantbomb.com/api/game/3030-45670/",
            "id": 45670,
            "name": "The Powerpuff Girls: Defenders of Townsville",
            "site_detail_url": "http://www.giantbomb.com/the-powerpuff-girls-defenders-of-townsville/3030-45670/"
        },
        {
            "api_detail_url": "http://www.giantbomb.com/api/game/3030-20626/",
            "id": 20626,
            "name": "Star Wars: The Force Unleashed",
            "site_detail_url": "http://www.giantbomb.com/star-wars-the-force-unleashed/3030-20626/"
        },
        {
            "api_detail_url": "http://www.giantbomb.com/api/game/3030-38450/",
            "id": 38450,
            "name": "Among The Sleep",
            "site_detail_url": "http://www.giantbomb.com/among-the-sleep/3030-38450/"
        },
        {
            "api_detail_url": "http://www.giantbomb.com/api/game/3030-16909/",
            "id": 16909,
            "name": "Mass Effect",
            "site_detail_url": "http://www.giantbomb.com/mass-effect/3030-16909/"
        },
        {
            "api_detail_url": "http://www.giantbomb.com/api/game/3030-44653/",
            "id": 44653,
            "name": "Tales from the Borderlands",
            "site_detail_url": "http://www.giantbomb.com/tales-from-the-borderlands/3030-44653/"
        },
        {
            "api_detail_url": "http://www.giantbomb.com/api/game/3030-20746/",
            "id": 20746,
            "name": "Spore Creature Creator",
            "site_detail_url": "http://www.giantbomb.com/spore-creature-creator/3030-20746/"
        },
        {
            "api_detail_url": "http://www.giantbomb.com/api/game/3030-37458/",
            "id": 37458,
            "name": "Murder, She Wrote 2: Return to Cabot Cove",
            "site_detail_url": "http://www.giantbomb.com/murder-she-wrote-2/3030-37458/"
        },
        {
            "api_detail_url": "http://www.giantbomb.com/api/game/3030-49396/",
            "id": 49396,
            "name": "LEGO Dimensions",
            "site_detail_url": "http://www.giantbomb.com/lego-dimensions/3030-49396/"
        }
    ],
    "gender": 1,
    "hometown": null,
    "id": 2089,
    "name": "Roger L. Jackson",
    "people": [
        {
            "api_detail_url": "http://www.giantbomb.com/api/person/3040-31075/",
            "id": 31075,
            "name": "Tom Kenny",
            "site_detail_url": "http://www.giantbomb.com/tom-kenny/3040-31075/"
        }
    ]
}