{
    "birth_date": "1975-08-10",
    "country": "United States",
    "death_date": null,
    "deck": "Simon Cooke was a writer for Your Sinclair magazine, and is a current Game Developer.",
    "first_credited_game": {
        "api_detail_url": "http://www.giantbomb.com/api/game/3030-2561/",
        "id": 2561,
        "name": "Prince of Persia"
    },
    "games": [
        {
            "api_detail_url": "http://www.giantbomb.com/api/game/3030-11870/",
            "id": 11870,
            "name": "The Suffering:  Ties That Bind",
            "site_detail_url": "http://www.giantbomb.com/the-suffering-ties-that-bind/3030-11870/"
        },
        {
            "api_detail_url": "http://www.giantbomb.com/api/game/3030-2561/",
            "id": 2561,
            "name": "Prince of Persia",
            "site_detail_url": "http://www.giantbomb.com/prince-of-persia/3030-2561/"
        },
        {
            "api_detail_url": "http://www.giantbomb.com/api/game/3030-1446/",
            "id": 1446,
            "name": "Lemmings",
            "site_detail_url": "http://www.giantbomb.com/lemmings/3030-1446/"
        },
        {
            "api_detail_url": "http://www.giantbomb.com/api/game/3030-20638/",
            "id": 20638,
            "name": "This Is Vegas",
            "site_detail_url": "http://www.giantbomb.com/this-is-vegas/3030-20638/"
        },
        {
            "api_detail_url": "http://www.giantbomb.com/api/game/3030-31704/",
            "id": 31704,
            "name": "Kinect Adventures!",
            "site_detail_url": "http://www.giantbomb.com/kinect-adventures/3030-31704/"
        },
        {
            "api_detail_url": "http://www.giantbomb.com/api/game/3030-36441/",
            "id": 36441,
            "name": "Xotic",
            "site_detail_url": "http://www.giantbomb.com/xotic/3030-36441/"
        },
        {
            "api_detail_url": "http://www.giantbomb.com/api/game/3030-26705/",
            "id": 26705,
            "name": "Tornado Outbreak",
            "site_detail_url": "http://www.giantbomb.com/tornado-outbreak/3030-26705/"
        },
        {
            "api_detail_url": "http://www.giantbomb.com/api/game/3030-33394/",
            "id": 33394,
            "name": "The Elder Scrolls V: Skyrim",
            "site_detail_url": "http://www.giantbomb.com/the-elder-scrolls-v-skyrim/3030-33394/"
        },
        {
            "api_detail_url": "http://www.giantbomb.com/api/game/3030-20698/",
            "id": 20698,
            "name": "Wheelman",
            "site_detail_url": "http://www.giantbomb.com/wheelman/3030-20698/"
        },
        {
            "api_detail_url": "http://www.giantbomb.com/api/game/3030-13942/",
            "id": 13942,
            "name": "John Woo Presents Stranglehold",
            "site_detail_url": "http://www.giantbomb.com/john-woo-presents-stranglehold/3030-13942/"
        },
        {
            "api_detail_url": "http://www.giantbomb.com/api/game/3030-18569/",
            "id": 18569,
            "name": "BlackSite: Area 51",
            "site_detail_url": "http://www.giantbomb.com/blacksite-area-51/3030-18569/"
        },
        {
            "api_detail_url": "http://www.giantbomb.com/api/game/3030-31463/",
            "id": 31463,
            "name": "Tom Clancy's Splinter Cell: Blacklist",
            "site_detail_url": "http://www.giantbomb.com/tom-clancys-splinter-cell-blacklist/3030-31463/"
        },
        {
            "api_detail_url": "http://www.giantbomb.com/api/game/3030-42860/",
            "id": 42860,
            "name": "Titanfall",
            "site_detail_url": "http://www.giantbomb.com/titanfall/3030-42860/"
        },
        {
            "api_detail_url": "http://www.giantbomb.com/api/game/3030-38538/",
            "id": 38538,
            "name": "Watch Dogs",
            "site_detail_url": "http://www.giantbomb.com/watch-dogs/3030-38538/"
        },
        {
            "api_detail_url": "http://www.giantbomb.com/api/game/3030-41518/",
            "id": 41518,
            "name": "Assassin's Creed IV: Black Flag",
            "site_detail_url": "http://www.giantbomb.com/assassin-s-creed-iv-black-flag/3030-41518/"
        },
        {
            "api_detail_url": "http://www.giantbomb.com/api/game/3030-31709/",
            "id": 31709,
            "name": "Ryse: Son of Rome",
            "site_detail_url": "http://www.giantbomb.com/ryse-son-of-rome/3030-31709/"
        },
        {
            "api_detail_url": "http://www.giantbomb.com/api/game/3030-42632/",
            "id": 42632,
            "name": "NBA 2K14",
            "site_detail_url": "http://www.giantbomb.com/nba-2k14/3030-42632/"
        },
        {
            "api_detail_url": "http://www.giantbomb.com/api/game/3030-42410/",
            "id": 42410,
            "name": "FIFA 14",
            "site_detail_url": "http://www.giantbomb.com/fifa-14/3030-42410/"
        },
        {
            "api_detail_url": "http://www.giantbomb.com/api/game/3030-42902/",
            "id": 42902,
            "name": "Dead Rising 3",
            "site_detail_url": "http://www.giantbomb.com/dead-rising-3/3030-42902/"
        },
        {
            "api_detail_url": "http://www.giantbomb.com/api/game/3030-46552/",
            "id": 46552,
            "name": "Halo: The Master Chief Collection",
            "site_detail_url": "http://www.giantbomb.com/halo-the-master-chief-collection/3030-46552/"
        },
        {
            "api_detail_url": "http://www.giantbomb.com/api/game/3030-42905/",
            "id": 42905,
            "name": "Halo 5: Guardians",
            "site_detail_url": "http://www.giantbomb.com/halo-5-guardians/3030-42905/"
        },
        {
            "api_detail_url": "http://www.giantbomb.com/api/game/3030-36067/",
            "id": 36067,
            "name": "Destiny",
            "site_detail_url": "http://www.giantbomb.com/destiny/3030-36067/"
        },
        {
            "api_detail_url": "http://www.giantbomb.com/api/game/3030-47753/",
            "id": 47753,
            "name": "Disney Infinity 3.0 Edition",
            "site_detail_url": "http://www.giantbomb.com/disney-infinity-3-0-edition/3030-47753/"
        }
    ],
    "gender": 1,
    "hometown": "Seattle",
    "id": 57062,
    "name": "Simon Cooke",
    "people": [
        {
            "api_detail_url": "http://www.giantbomb.com/api/person/3040-91227/",
            "id": 91227,
            "name": "Darci Morales",
            "site_detail_url": "http://www.giantbomb.com/darci-morales/3040-91227/"
        }
    ]
}