{
    "birth_date": null,
    "country": null,
    "death_date": null,
    "deck": "Stephen Russell is an actor. He is best known in the gaming industry as the voice of Garrett in the Thief franchise.",
    "first_credited_game": {
        "api_detail_url": "http://www.giantbomb.com/api/game/3030-4523/",
        "id": 4523,
        "name": "Thief: The Dark Project"
    },
    "games": [
        {
            "api_detail_url": "http://www.giantbomb.com/api/game/3030-4523/",
            "id": 4523,
            "name": "Thief: The Dark Project",
            "site_detail_url": "http://www.giantbomb.com/thief-the-dark-project/3030-4523/"
        },
        {
            "api_detail_url": "http://www.giantbomb.com/api/game/3030-7787/",
            "id": 7787,
            "name": "Thief II: The Metal Age",
            "site_detail_url": "http://www.giantbomb.com/thief-ii-the-metal-age/3030-7787/"
        },
        {
            "api_detail_url": "http://www.giantbomb.com/api/game/3030-2335/",
            "id": 2335,
            "name": "Thief: Deadly Shadows",
            "site_detail_url": "http://www.giantbomb.com/thief-deadly-shadows/3030-2335/"
        },
        {
            "api_detail_url": "http://www.giantbomb.com/api/game/3030-8870/",
            "id": 8870,
            "name": "System Shock 2",
            "site_detail_url": "http://www.giantbomb.com/system-shock-2/3030-8870/"
        },
        {
            "api_detail_url": "http://www.giantbomb.com/api/game/3030-10784/",
            "id": 10784,
            "name": "Arx Fatalis",
            "site_detail_url": "http://www.giantbomb.com/arx-fatalis/3030-10784/"
        },
        {
            "api_detail_url": "http://www.giantbomb.com/api/game/3030-6479/",
            "id": 6479,
            "name": "Freedom Force",
            "site_detail_url": "http://www.giantbomb.com/freedom-force/3030-6479/"
        },
        {
            "api_detail_url": "http://www.giantbomb.com/api/game/3030-8894/",
            "id": 8894,
            "name": "Freedom Force vs The 3rd Reich",
            "site_detail_url": "http://www.giantbomb.com/freedom-force-vs-the-3rd-reich/3030-8894/"
        },
        {
            "api_detail_url": "http://www.giantbomb.com/api/game/3030-16534/",
            "id": 16534,
            "name": "Neverwinter Nights: Shadows of Undrentide",
            "site_detail_url": "http://www.giantbomb.com/neverwinter-nights-shadows-of-undrentide/3030-16534/"
        },
        {
            "api_detail_url": "http://www.giantbomb.com/api/game/3030-20504/",
            "id": 20504,
            "name": "Fallout 3",
            "site_detail_url": "http://www.giantbomb.com/fallout-3/3030-20504/"
        },
        {
            "api_detail_url": "http://www.giantbomb.com/api/game/3030-33394/",
            "id": 33394,
            "name": "The Elder Scrolls V: Skyrim",
            "site_detail_url": "http://www.giantbomb.com/the-elder-scrolls-v-skyrim/3030-33394/"
        },
        {
            "api_detail_url": "http://www.giantbomb.com/api/game/3030-49833/",
            "id": 49833,
            "name": "Fallout 4",
            "site_detail_url": "http://www.giantbomb.com/fallout-4/3030-49833/"
        }
    ],
    "gender": 1,
    "hometown": null,
    "id": 56155,
    "name": "Stephen Russell",
    "people": []
}