{
    "birth_date": null,
    "country": null,
    "death_date": null,
    "deck": "Steven Green is a software developer.",
    "first_credited_game": {
        "api_detail_url": "http://www.giantbomb.com/api/game/3030-27822/",
        "id": 27822,
        "name": "The Hunt for Red October"
    },
    "games": [
        {
            "api_detail_url": "http://www.giantbomb.com/api/game/3030-22028/",
            "id": 22028,
            "name": "The Amazing Spider-Man",
            "site_detail_url": "http://www.giantbomb.com/the-amazing-spider-man/3030-22028/"
        },
        {
            "api_detail_url": "http://www.giantbomb.com/api/game/3030-20504/",
            "id": 20504,
            "name": "Fallout 3",
            "site_detail_url": "http://www.giantbomb.com/fallout-3/3030-20504/"
        },
        {
            "api_detail_url": "http://www.giantbomb.com/api/game/3030-7145/",
            "id": 7145,
            "name": "Brat",
            "site_detail_url": "http://www.giantbomb.com/brat/3030-7145/"
        },
        {
            "api_detail_url": "http://www.giantbomb.com/api/game/3030-7445/",
            "id": 7445,
            "name": "Ghostbusters II",
            "site_detail_url": "http://www.giantbomb.com/ghostbusters-ii/3030-7445/"
        },
        {
            "api_detail_url": "http://www.giantbomb.com/api/game/3030-27822/",
            "id": 27822,
            "name": "The Hunt for Red October",
            "site_detail_url": "http://www.giantbomb.com/the-hunt-for-red-october/3030-27822/"
        },
        {
            "api_detail_url": "http://www.giantbomb.com/api/game/3030-14584/",
            "id": 14584,
            "name": "Team Yankee",
            "site_detail_url": "http://www.giantbomb.com/team-yankee/3030-14584/"
        },
        {
            "api_detail_url": "http://www.giantbomb.com/api/game/3030-7690/",
            "id": 7690,
            "name": "Star Trek Legacy",
            "site_detail_url": "http://www.giantbomb.com/star-trek-legacy/3030-7690/"
        },
        {
            "api_detail_url": "http://www.giantbomb.com/api/game/3030-40238/",
            "id": 40238,
            "name": "Asteroids",
            "site_detail_url": "http://www.giantbomb.com/asteroids/3030-40238/"
        },
        {
            "api_detail_url": "http://www.giantbomb.com/api/game/3030-5364/",
            "id": 5364,
            "name": "Breeders' Cup World Thoroughbred Championships",
            "site_detail_url": "http://www.giantbomb.com/breeders-cup-world-thoroughbred-championships/3030-5364/"
        },
        {
            "api_detail_url": "http://www.giantbomb.com/api/game/3030-12884/",
            "id": 12884,
            "name": "Star Trek: Tactical Assault",
            "site_detail_url": "http://www.giantbomb.com/star-trek-tactical-assault/3030-12884/"
        }
    ],
    "gender": 1,
    "hometown": null,
    "id": 13682,
    "name": "Steven Green",
    "people": []
}