{
    "birth_date": "2010-05-18",
    "country": null,
    "death_date": null,
    "deck": "Thomas Bass is the Director of Marketing at 2K Games.",
    "first_credited_game": {
        "api_detail_url": "http://www.giantbomb.com/api/game/3030-18341/",
        "id": 18341,
        "name": "Space Jam"
    },
    "games": [
        {
            "api_detail_url": "http://www.giantbomb.com/api/game/3030-30057/",
            "id": 30057,
            "name": "Sid Meier's Civilization V",
            "site_detail_url": "http://www.giantbomb.com/sid-meiers-civilization-v/3030-30057/"
        },
        {
            "api_detail_url": "http://www.giantbomb.com/api/game/3030-16457/",
            "id": 16457,
            "name": "Sid Meier's Civilization IV",
            "site_detail_url": "http://www.giantbomb.com/sid-meiers-civilization-iv/3030-16457/"
        },
        {
            "api_detail_url": "http://www.giantbomb.com/api/game/3030-19287/",
            "id": 19287,
            "name": "Sid Meier's Civilization IV: Beyond the Sword",
            "site_detail_url": "http://www.giantbomb.com/sid-meiers-civilization-iv-beyond-the-sword/3030-19287/"
        },
        {
            "api_detail_url": "http://www.giantbomb.com/api/game/3030-20779/",
            "id": 20779,
            "name": "Sid Meier's Civilization IV: Colonization",
            "site_detail_url": "http://www.giantbomb.com/sid-meiers-civilization-iv-colonization/3030-20779/"
        },
        {
            "api_detail_url": "http://www.giantbomb.com/api/game/3030-8382/",
            "id": 8382,
            "name": "Sid Meier's Civilization IV: Warlords",
            "site_detail_url": "http://www.giantbomb.com/sid-meiers-civilization-iv-warlords/3030-8382/"
        },
        {
            "api_detail_url": "http://www.giantbomb.com/api/game/3030-20827/",
            "id": 20827,
            "name": "BioShock 2",
            "site_detail_url": "http://www.giantbomb.com/bioshock-2/3030-20827/"
        },
        {
            "api_detail_url": "http://www.giantbomb.com/api/game/3030-18341/",
            "id": 18341,
            "name": "Space Jam",
            "site_detail_url": "http://www.giantbomb.com/space-jam/3030-18341/"
        },
        {
            "api_detail_url": "http://www.giantbomb.com/api/game/3030-2660/",
            "id": 2660,
            "name": "The Fantastic Four",
            "site_detail_url": "http://www.giantbomb.com/the-fantastic-four/3030-2660/"
        },
        {
            "api_detail_url": "http://www.giantbomb.com/api/game/3030-7052/",
            "id": 7052,
            "name": "Turok 2: Seeds of Evil",
            "site_detail_url": "http://www.giantbomb.com/turok-2-seeds-of-evil/3030-7052/"
        },
        {
            "api_detail_url": "http://www.giantbomb.com/api/game/3030-3171/",
            "id": 3171,
            "name": "Turok: Evolution",
            "site_detail_url": "http://www.giantbomb.com/turok-evolution/3030-3171/"
        },
        {
            "api_detail_url": "http://www.giantbomb.com/api/game/3030-16331/",
            "id": 16331,
            "name": "Sid Meier's Pirates!",
            "site_detail_url": "http://www.giantbomb.com/sid-meiers-pirates/3030-16331/"
        },
        {
            "api_detail_url": "http://www.giantbomb.com/api/game/3030-9909/",
            "id": 9909,
            "name": "Shattered Union",
            "site_detail_url": "http://www.giantbomb.com/shattered-union/3030-9909/"
        },
        {
            "api_detail_url": "http://www.giantbomb.com/api/game/3030-5036/",
            "id": 5036,
            "name": "Serious Sam II",
            "site_detail_url": "http://www.giantbomb.com/serious-sam-ii/3030-5036/"
        },
        {
            "api_detail_url": "http://www.giantbomb.com/api/game/3030-18275/",
            "id": 18275,
            "name": "Sid Meier's Railroads!",
            "site_detail_url": "http://www.giantbomb.com/sid-meiers-railroads/3030-18275/"
        },
        {
            "api_detail_url": "http://www.giantbomb.com/api/game/3030-16372/",
            "id": 16372,
            "name": "Prey",
            "site_detail_url": "http://www.giantbomb.com/prey/3030-16372/"
        },
        {
            "api_detail_url": "http://www.giantbomb.com/api/game/3030-20238/",
            "id": 20238,
            "name": "The Elder Scrolls IV: Oblivion",
            "site_detail_url": "http://www.giantbomb.com/the-elder-scrolls-iv-oblivion/3030-20238/"
        },
        {
            "api_detail_url": "http://www.giantbomb.com/api/game/3030-11466/",
            "id": 11466,
            "name": "CivCity: Rome",
            "site_detail_url": "http://www.giantbomb.com/civcity-rome/3030-11466/"
        },
        {
            "api_detail_url": "http://www.giantbomb.com/api/game/3030-2172/",
            "id": 2172,
            "name": "Fantastic Four: Rise of the Silver Surfer",
            "site_detail_url": "http://www.giantbomb.com/fantastic-four-rise-of-the-silver-surfer/3030-2172/"
        },
        {
            "api_detail_url": "http://www.giantbomb.com/api/game/3030-9201/",
            "id": 9201,
            "name": "The Darkness",
            "site_detail_url": "http://www.giantbomb.com/the-darkness/3030-9201/"
        },
        {
            "api_detail_url": "http://www.giantbomb.com/api/game/3030-4565/",
            "id": 4565,
            "name": "All-Star Baseball 2000",
            "site_detail_url": "http://www.giantbomb.com/all-star-baseball-2000/3030-4565/"
        }
    ],
    "gender": 1,
    "hometown": null,
    "id": 28406,
    "name": "Thomas Bass",
    "people": [
        {
            "api_detail_url": "http://www.giantbomb.com/api/person/3040-82476/",
            "id": 82476,
            "name": "Drew Smith",
            "site_detail_url": "http://www.giantbomb.com/drew-smith/3040-82476/"
        }
    ]
}