{
    "birth_date": null,
    "country": null,
    "death_date": null,
    "deck": null,
    "first_credited_game": {
        "api_detail_url": "http://www.giantbomb.com/api/game/3030-5406/",
        "id": 5406,
        "name": "Outlaw Volleyball"
    },
    "games": [
        {
            "api_detail_url": "http://www.giantbomb.com/api/game/3030-20238/",
            "id": 20238,
            "name": "The Elder Scrolls IV: Oblivion",
            "site_detail_url": "http://www.giantbomb.com/the-elder-scrolls-iv-oblivion/3030-20238/"
        },
        {
            "api_detail_url": "http://www.giantbomb.com/api/game/3030-20504/",
            "id": 20504,
            "name": "Fallout 3",
            "site_detail_url": "http://www.giantbomb.com/fallout-3/3030-20504/"
        },
        {
            "api_detail_url": "http://www.giantbomb.com/api/game/3030-16331/",
            "id": 16331,
            "name": "Sid Meier's Pirates!",
            "site_detail_url": "http://www.giantbomb.com/sid-meiers-pirates/3030-16331/"
        },
        {
            "api_detail_url": "http://www.giantbomb.com/api/game/3030-10442/",
            "id": 10442,
            "name": "Dr. Seuss' The Cat in the Hat",
            "site_detail_url": "http://www.giantbomb.com/dr-seuss-the-cat-in-the-hat/3030-10442/"
        },
        {
            "api_detail_url": "http://www.giantbomb.com/api/game/3030-5406/",
            "id": 5406,
            "name": "Outlaw Volleyball",
            "site_detail_url": "http://www.giantbomb.com/outlaw-volleyball/3030-5406/"
        },
        {
            "api_detail_url": "http://www.giantbomb.com/api/game/3030-49833/",
            "id": 49833,
            "name": "Fallout 4",
            "site_detail_url": "http://www.giantbomb.com/fallout-4/3030-49833/"
        }
    ],
    "gender": null,
    "hometown": null,
    "id": 75432,
    "name": "Timothy Lamb",
    "people": []
}