{
    "birth_date": "1971-04-25",
    "country": "United States",
    "death_date": null,
    "deck": "Todd Howard is the current Game Director and Executive Producer for Bethesda Game Studios.",
    "first_credited_game": {
        "api_detail_url": "http://www.giantbomb.com/api/game/3030-9142/",
        "id": 9142,
        "name": "The Terminator: Future Shock"
    },
    "games": [
        {
            "api_detail_url": "http://www.giantbomb.com/api/game/3030-20238/",
            "id": 20238,
            "name": "The Elder Scrolls IV: Oblivion",
            "site_detail_url": "http://www.giantbomb.com/the-elder-scrolls-iv-oblivion/3030-20238/"
        },
        {
            "api_detail_url": "http://www.giantbomb.com/api/game/3030-1129/",
            "id": 1129,
            "name": "The Elder Scrolls II: Daggerfall",
            "site_detail_url": "http://www.giantbomb.com/the-elder-scrolls-ii-daggerfall/3030-1129/"
        },
        {
            "api_detail_url": "http://www.giantbomb.com/api/game/3030-8121/",
            "id": 8121,
            "name": "The Elder Scrolls III: Bloodmoon",
            "site_detail_url": "http://www.giantbomb.com/the-elder-scrolls-iii-bloodmoon/3030-8121/"
        },
        {
            "api_detail_url": "http://www.giantbomb.com/api/game/3030-16321/",
            "id": 16321,
            "name": "The Elder Scrolls Travels: Shadowkey",
            "site_detail_url": "http://www.giantbomb.com/the-elder-scrolls-travels-shadowkey/3030-16321/"
        },
        {
            "api_detail_url": "http://www.giantbomb.com/api/game/3030-1983/",
            "id": 1983,
            "name": "Pirates of the Caribbean",
            "site_detail_url": "http://www.giantbomb.com/pirates-of-the-caribbean/3030-1983/"
        },
        {
            "api_detail_url": "http://www.giantbomb.com/api/game/3030-17949/",
            "id": 17949,
            "name": "The Elder Scrolls III: Tribunal",
            "site_detail_url": "http://www.giantbomb.com/the-elder-scrolls-iii-tribunal/3030-17949/"
        },
        {
            "api_detail_url": "http://www.giantbomb.com/api/game/3030-19204/",
            "id": 19204,
            "name": "Sea Dogs",
            "site_detail_url": "http://www.giantbomb.com/sea-dogs/3030-19204/"
        },
        {
            "api_detail_url": "http://www.giantbomb.com/api/game/3030-642/",
            "id": 642,
            "name": "The Elder Scrolls Adventures: Redguard",
            "site_detail_url": "http://www.giantbomb.com/the-elder-scrolls-adventures-redguard/3030-642/"
        },
        {
            "api_detail_url": "http://www.giantbomb.com/api/game/3030-20328/",
            "id": 20328,
            "name": "SkyNET",
            "site_detail_url": "http://www.giantbomb.com/skynet/3030-20328/"
        },
        {
            "api_detail_url": "http://www.giantbomb.com/api/game/3030-9142/",
            "id": 9142,
            "name": "The Terminator: Future Shock",
            "site_detail_url": "http://www.giantbomb.com/the-terminator-future-shock/3030-9142/"
        },
        {
            "api_detail_url": "http://www.giantbomb.com/api/game/3030-10740/",
            "id": 10740,
            "name": "The Elder Scrolls IV: Shivering Isles",
            "site_detail_url": "http://www.giantbomb.com/the-elder-scrolls-iv-shivering-isles/3030-10740/"
        },
        {
            "api_detail_url": "http://www.giantbomb.com/api/game/3030-20504/",
            "id": 20504,
            "name": "Fallout 3",
            "site_detail_url": "http://www.giantbomb.com/fallout-3/3030-20504/"
        },
        {
            "api_detail_url": "http://www.giantbomb.com/api/game/3030-33394/",
            "id": 33394,
            "name": "The Elder Scrolls V: Skyrim",
            "site_detail_url": "http://www.giantbomb.com/the-elder-scrolls-v-skyrim/3030-33394/"
        },
        {
            "api_detail_url": "http://www.giantbomb.com/api/game/3030-49833/",
            "id": 49833,
            "name": "Fallout 4",
            "site_detail_url": "http://www.giantbomb.com/fallout-4/3030-49833/"
        }
    ],
    "gender": 1,
    "hometown": "Rockville, Maryland",
    "id": 57173,
    "name": "Todd Howard",
    "people": [
        {
            "api_detail_url": "http://www.giantbomb.com/api/person/3040-74863/",
            "id": 74863,
            "name": "Emil Pagliarulo",
            "site_detail_url": "http://www.giantbomb.com/emil-pagliarulo/3040-74863/"
        }
    ]
}