{
    "birth_date": null,
    "country": null,
    "death_date": null,
    "deck": null,
    "first_credited_game": {
        "api_detail_url": "http://www.giantbomb.com/api/game/3030-17949/",
        "id": 17949,
        "name": "The Elder Scrolls III: Tribunal"
    },
    "games": [
        {
            "api_detail_url": "http://www.giantbomb.com/api/game/3030-17949/",
            "id": 17949,
            "name": "The Elder Scrolls III: Tribunal",
            "site_detail_url": "http://www.giantbomb.com/the-elder-scrolls-iii-tribunal/3030-17949/"
        },
        {
            "api_detail_url": "http://www.giantbomb.com/api/game/3030-49890/",
            "id": 49890,
            "name": "HeroBound: Spirit Champion",
            "site_detail_url": "http://www.giantbomb.com/herobound-spirit-champion/3030-49890/"
        },
        {
            "api_detail_url": "http://www.giantbomb.com/api/game/3030-49914/",
            "id": 49914,
            "name": "Chronos",
            "site_detail_url": "http://www.giantbomb.com/chronos/3030-49914/"
        }
    ],
    "gender": null,
    "hometown": null,
    "id": 57201,
    "name": "Tohan Kim",
    "people": []
}