{
    "birth_date": null,
    "country": null,
    "death_date": null,
    "deck": null,
    "first_credited_game": {
        "api_detail_url": "http://www.giantbomb.com/api/game/3030-20504/",
        "id": 20504,
        "name": "Fallout 3"
    },
    "games": [
        {
            "api_detail_url": "http://www.giantbomb.com/api/game/3030-20504/",
            "id": 20504,
            "name": "Fallout 3",
            "site_detail_url": "http://www.giantbomb.com/fallout-3/3030-20504/"
        }
    ],
    "gender": null,
    "hometown": null,
    "id": 41632,
    "name": "Tracey Thompson",
    "people": []
}