{
    "birth_date": "1969-09-21",
    "country": null,
    "death_date": null,
    "deck": "Adam Lazarre-White is best known for his voice acting in Mass Effect 2, as Jacob Taylor. ",
    "first_credited_game": {
        "api_detail_url": "http://www.giantbomb.com/api/game/3030-8564/",
        "id": 8564,
        "name": "Prize Fighter"
    },
    "games": [
        {
            "api_detail_url": "http://www.giantbomb.com/api/game/3030-8564/",
            "id": 8564,
            "name": "Prize Fighter",
            "site_detail_url": "http://www.giantbomb.com/prize-fighter/3030-8564/"
        },
        {
            "api_detail_url": "http://www.giantbomb.com/api/game/3030-21590/",
            "id": 21590,
            "name": "Mass Effect 2",
            "site_detail_url": "http://www.giantbomb.com/mass-effect-2/3030-21590/"
        },
        {
            "api_detail_url": "http://www.giantbomb.com/api/game/3030-3232/",
            "id": 3232,
            "name": "Call of Duty: Finest Hour",
            "site_detail_url": "http://www.giantbomb.com/call-of-duty-finest-hour/3030-3232/"
        },
        {
            "api_detail_url": "http://www.giantbomb.com/api/game/3030-11642/",
            "id": 11642,
            "name": "Wing Commander: Secret Ops",
            "site_detail_url": "http://www.giantbomb.com/wing-commander-secret-ops/3030-11642/"
        },
        {
            "api_detail_url": "http://www.giantbomb.com/api/game/3030-2943/",
            "id": 2943,
            "name": "Wing Commander: Prophecy",
            "site_detail_url": "http://www.giantbomb.com/wing-commander-prophecy/3030-2943/"
        }
    ],
    "gender": 1,
    "hometown": null,
    "id": 9149,
    "name": "Adam Lazarre-White",
    "people": []
}