{
    "birth_date": null,
    "country": null,
    "death_date": null,
    "deck": "Alan Oppenheimer has been working as a voice actor since the '70s. Apart from work in Star Trek, he has also delivered lines for various games. ",
    "first_credited_game": {
        "api_detail_url": "http://www.giantbomb.com/api/game/3030-13964/",
        "id": 13964,
        "name": "Ys: Book I & II"
    },
    "games": [
        {
            "api_detail_url": "http://www.giantbomb.com/api/game/3030-6346/",
            "id": 6346,
            "name": "Fallout Tactics: Brotherhood of Steel",
            "site_detail_url": "http://www.giantbomb.com/fallout-tactics-brotherhood-of-steel/3030-6346/"
        },
        {
            "api_detail_url": "http://www.giantbomb.com/api/game/3030-1341/",
            "id": 1341,
            "name": "Fallout: Brotherhood of Steel",
            "site_detail_url": "http://www.giantbomb.com/fallout-brotherhood-of-steel/3030-1341/"
        },
        {
            "api_detail_url": "http://www.giantbomb.com/api/game/3030-13964/",
            "id": 13964,
            "name": "Ys: Book I & II",
            "site_detail_url": "http://www.giantbomb.com/ys-book-i-ii/3030-13964/"
        },
        {
            "api_detail_url": "http://www.giantbomb.com/api/game/3030-8102/",
            "id": 8102,
            "name": "The Bard's Tale",
            "site_detail_url": "http://www.giantbomb.com/the-bards-tale/3030-8102/"
        },
        {
            "api_detail_url": "http://www.giantbomb.com/api/game/3030-11314/",
            "id": 11314,
            "name": "God of War II",
            "site_detail_url": "http://www.giantbomb.com/god-of-war-ii/3030-11314/"
        },
        {
            "api_detail_url": "http://www.giantbomb.com/api/game/3030-3958/",
            "id": 3958,
            "name": "Nox",
            "site_detail_url": "http://www.giantbomb.com/nox/3030-3958/"
        },
        {
            "api_detail_url": "http://www.giantbomb.com/api/game/3030-10007/",
            "id": 10007,
            "name": "Dark Cloud 2",
            "site_detail_url": "http://www.giantbomb.com/dark-cloud-2/3030-10007/"
        },
        {
            "api_detail_url": "http://www.giantbomb.com/api/game/3030-2025/",
            "id": 2025,
            "name": "Revenant",
            "site_detail_url": "http://www.giantbomb.com/revenant/3030-2025/"
        },
        {
            "api_detail_url": "http://www.giantbomb.com/api/game/3030-3551/",
            "id": 3551,
            "name": "Star Trek: Starfleet Command Volume II - Empires at War",
            "site_detail_url": "http://www.giantbomb.com/star-trek-starfleet-command-volume-ii-empires-at-w/3030-3551/"
        },
        {
            "api_detail_url": "http://www.giantbomb.com/api/game/3030-13601/",
            "id": 13601,
            "name": "Invictus: In the Shadow of Olympus",
            "site_detail_url": "http://www.giantbomb.com/invictus-in-the-shadow-of-olympus/3030-13601/"
        },
        {
            "api_detail_url": "http://www.giantbomb.com/api/game/3030-10637/",
            "id": 10637,
            "name": "Baldur's Gate II: Shadows of Amn",
            "site_detail_url": "http://www.giantbomb.com/baldurs-gate-ii-shadows-of-amn/3030-10637/"
        },
        {
            "api_detail_url": "http://www.giantbomb.com/api/game/3030-4745/",
            "id": 4745,
            "name": "Soldier of Fortune II: Double Helix",
            "site_detail_url": "http://www.giantbomb.com/soldier-of-fortune-ii-double-helix/3030-4745/"
        },
        {
            "api_detail_url": "http://www.giantbomb.com/api/game/3030-15885/",
            "id": 15885,
            "name": "Earth & Beyond",
            "site_detail_url": "http://www.giantbomb.com/earth-beyond/3030-15885/"
        },
        {
            "api_detail_url": "http://www.giantbomb.com/api/game/3030-7757/",
            "id": 7757,
            "name": "Lionheart: Legacy of the Crusader",
            "site_detail_url": "http://www.giantbomb.com/lionheart-legacy-of-the-crusader/3030-7757/"
        },
        {
            "api_detail_url": "http://www.giantbomb.com/api/game/3030-10096/",
            "id": 10096,
            "name": "Law & Order: Justice is Served",
            "site_detail_url": "http://www.giantbomb.com/law-order-justice-is-served/3030-10096/"
        },
        {
            "api_detail_url": "http://www.giantbomb.com/api/game/3030-20488/",
            "id": 20488,
            "name": "Robert Ludlum's The Bourne Conspiracy",
            "site_detail_url": "http://www.giantbomb.com/robert-ludlums-the-bourne-conspiracy/3030-20488/"
        },
        {
            "api_detail_url": "http://www.giantbomb.com/api/game/3030-20739/",
            "id": 20739,
            "name": "Tom Clancy's EndWar",
            "site_detail_url": "http://www.giantbomb.com/tom-clancys-endwar/3030-20739/"
        },
        {
            "api_detail_url": "http://www.giantbomb.com/api/game/3030-31734/",
            "id": 31734,
            "name": "Kid Icarus: Uprising",
            "site_detail_url": "http://www.giantbomb.com/kid-icarus-uprising/3030-31734/"
        },
        {
            "api_detail_url": "http://www.giantbomb.com/api/game/3030-39248/",
            "id": 39248,
            "name": "God of War Saga",
            "site_detail_url": "http://www.giantbomb.com/god-of-war-saga/3030-39248/"
        }
    ],
    "gender": 1,
    "hometown": null,
    "id": 29975,
    "name": "Alan Oppenheimer",
    "people": []
}