{
    "birth_date": "1947-05-06",
    "country": "New Zealand",
    "death_date": null,
    "deck": "Alan Dale is a character actor who is best known for his roles in television shows like Lost, The O.C., 24, and Ugly Betty. He has lent his likeness and voice to various video game projects.",
    "first_credited_game": {
        "api_detail_url": "http://www.giantbomb.com/api/game/3030-10126/",
        "id": 10126,
        "name": "X-Men: Next Dimension"
    },
    "games": [
        {
            "api_detail_url": "http://www.giantbomb.com/api/game/3030-10126/",
            "id": 10126,
            "name": "X-Men: Next Dimension",
            "site_detail_url": "http://www.giantbomb.com/x-men-next-dimension/3030-10126/"
        },
        {
            "api_detail_url": "http://www.giantbomb.com/api/game/3030-18547/",
            "id": 18547,
            "name": "EverQuest II",
            "site_detail_url": "http://www.giantbomb.com/everquest-ii/3030-18547/"
        },
        {
            "api_detail_url": "http://www.giantbomb.com/api/game/3030-7180/",
            "id": 7180,
            "name": "Yakuza",
            "site_detail_url": "http://www.giantbomb.com/yakuza/3030-7180/"
        },
        {
            "api_detail_url": "http://www.giantbomb.com/api/game/3030-13700/",
            "id": 13700,
            "name": "24: The Game",
            "site_detail_url": "http://www.giantbomb.com/24-the-game/3030-13700/"
        },
        {
            "api_detail_url": "http://www.giantbomb.com/api/game/3030-30813/",
            "id": 30813,
            "name": "The Bureau: XCOM Declassified",
            "site_detail_url": "http://www.giantbomb.com/the-bureau-xcom-declassified/3030-30813/"
        }
    ],
    "gender": 1,
    "hometown": "Dunedin, South Island",
    "id": 63569,
    "name": "Alan Dale",
    "people": [
        {
            "api_detail_url": "http://www.giantbomb.com/api/person/3040-90114/",
            "id": 90114,
            "name": "Daniel Dae Kim",
            "site_detail_url": "http://www.giantbomb.com/daniel-dae-kim/3040-90114/"
        },
        {
            "api_detail_url": "http://www.giantbomb.com/api/person/3040-90107/",
            "id": 90107,
            "name": "Kiefer Sutherland",
            "site_detail_url": "http://www.giantbomb.com/kiefer-sutherland/3040-90107/"
        },
        {
            "api_detail_url": "http://www.giantbomb.com/api/person/3040-90108/",
            "id": 90108,
            "name": "Dennis Haysbert",
            "site_detail_url": "http://www.giantbomb.com/dennis-haysbert/3040-90108/"
        },
        {
            "api_detail_url": "http://www.giantbomb.com/api/person/3040-90117/",
            "id": 90117,
            "name": "Carlos Bernard",
            "site_detail_url": "http://www.giantbomb.com/carlos-bernard/3040-90117/"
        },
        {
            "api_detail_url": "http://www.giantbomb.com/api/person/3040-90115/",
            "id": 90115,
            "name": "Reiko Aylesworth",
            "site_detail_url": "http://www.giantbomb.com/reiko-aylesworth/3040-90115/"
        },
        {
            "api_detail_url": "http://www.giantbomb.com/api/person/3040-90131/",
            "id": 90131,
            "name": "James Badge Dale",
            "site_detail_url": "http://www.giantbomb.com/james-badge-dale/3040-90131/"
        },
        {
            "api_detail_url": "http://www.giantbomb.com/api/person/3040-90166/",
            "id": 90166,
            "name": "Paul Schulze",
            "site_detail_url": "http://www.giantbomb.com/paul-schulze/3040-90166/"
        },
        {
            "api_detail_url": "http://www.giantbomb.com/api/person/3040-90165/",
            "id": 90165,
            "name": "Andreas Katsulas",
            "site_detail_url": "http://www.giantbomb.com/andreas-katsulas/3040-90165/"
        },
        {
            "api_detail_url": "http://www.giantbomb.com/api/person/3040-90120/",
            "id": 90120,
            "name": "Elisha Cuthbert",
            "site_detail_url": "http://www.giantbomb.com/elisha-cuthbert/3040-90120/"
        },
        {
            "api_detail_url": "http://www.giantbomb.com/api/person/3040-90188/",
            "id": 90188,
            "name": "Sarah Clarke",
            "site_detail_url": "http://www.giantbomb.com/sarah-clarke/3040-90188/"
        },
        {
            "api_detail_url": "http://www.giantbomb.com/api/person/3040-90190/",
            "id": 90190,
            "name": "Sarah Wynter",
            "site_detail_url": "http://www.giantbomb.com/sarah-wynter/3040-90190/"
        },
        {
            "api_detail_url": "http://www.giantbomb.com/api/person/3040-90132/",
            "id": 90132,
            "name": "Mary Lynn Rajskub",
            "site_detail_url": "http://www.giantbomb.com/mary-lynn-rajskub/3040-90132/"
        },
        {
            "api_detail_url": "http://www.giantbomb.com/api/person/3040-90207/",
            "id": 90207,
            "name": "Paul Gadd",
            "site_detail_url": "http://www.giantbomb.com/paul-gadd/3040-90207/"
        },
        {
            "api_detail_url": "http://www.giantbomb.com/api/person/3040-90189/",
            "id": 90189,
            "name": "Glenn Morshower",
            "site_detail_url": "http://www.giantbomb.com/glenn-morshower/3040-90189/"
        },
        {
            "api_detail_url": "http://www.giantbomb.com/api/person/3040-90181/",
            "id": 90181,
            "name": "Sean Astin",
            "site_detail_url": "http://www.giantbomb.com/sean-astin/3040-90181/"
        },
        {
            "api_detail_url": "http://www.giantbomb.com/api/person/3040-90203/",
            "id": 90203,
            "name": "Duppy Demetrius",
            "site_detail_url": "http://www.giantbomb.com/duppy-demetrius/3040-90203/"
        },
        {
            "api_detail_url": "http://www.giantbomb.com/api/person/3040-90204/",
            "id": 90204,
            "name": "Sean Callery",
            "site_detail_url": "http://www.giantbomb.com/sean-callery/3040-90204/"
        },
        {
            "api_detail_url": "http://www.giantbomb.com/api/person/3040-90205/",
            "id": 90205,
            "name": "Joel Surnow",
            "site_detail_url": "http://www.giantbomb.com/joel-surnow/3040-90205/"
        },
        {
            "api_detail_url": "http://www.giantbomb.com/api/person/3040-90206/",
            "id": 90206,
            "name": "Robert Cochran",
            "site_detail_url": "http://www.giantbomb.com/robert-cochran/3040-90206/"
        },
        {
            "api_detail_url": "http://www.giantbomb.com/api/person/3040-90202/",
            "id": 90202,
            "name": "Christian Kane",
            "site_detail_url": "http://www.giantbomb.com/christian-kane/3040-90202/"
        },
        {
            "api_detail_url": "http://www.giantbomb.com/api/person/3040-83871/",
            "id": 83871,
            "name": "Danny Cooksey",
            "site_detail_url": "http://www.giantbomb.com/danny-cooksey/3040-83871/"
        },
        {
            "api_detail_url": "http://www.giantbomb.com/api/person/3040-90211/",
            "id": 90211,
            "name": "Rodney Charters",
            "site_detail_url": "http://www.giantbomb.com/rodney-charters/3040-90211/"
        },
        {
            "api_detail_url": "http://www.giantbomb.com/api/person/3040-90212/",
            "id": 90212,
            "name": "Day Vinson",
            "site_detail_url": "http://www.giantbomb.com/day-vinson/3040-90212/"
        },
        {
            "api_detail_url": "http://www.giantbomb.com/api/person/3040-34164/",
            "id": 34164,
            "name": "Zachary Quinto",
            "site_detail_url": "http://www.giantbomb.com/zachary-quinto/3040-34164/"
        },
        {
            "api_detail_url": "http://www.giantbomb.com/api/person/3040-90217/",
            "id": 90217,
            "name": "James Sheperd",
            "site_detail_url": "http://www.giantbomb.com/james-sheperd/3040-90217/"
        },
        {
            "api_detail_url": "http://www.giantbomb.com/api/person/3040-90218/",
            "id": 90218,
            "name": "Jean-Baptiste Bolcato",
            "site_detail_url": "http://www.giantbomb.com/jean-baptiste-bolcato/3040-90218/"
        },
        {
            "api_detail_url": "http://www.giantbomb.com/api/person/3040-90221/",
            "id": 90221,
            "name": "Matthew Porter",
            "site_detail_url": "http://www.giantbomb.com/matthew-porter/3040-90221/"
        },
        {
            "api_detail_url": "http://www.giantbomb.com/api/person/3040-90222/",
            "id": 90222,
            "name": "Ben Hesketh",
            "site_detail_url": "http://www.giantbomb.com/ben-hesketh/3040-90222/"
        },
        {
            "api_detail_url": "http://www.giantbomb.com/api/person/3040-44383/",
            "id": 44383,
            "name": "Darren White",
            "site_detail_url": "http://www.giantbomb.com/darren-white/3040-44383/"
        },
        {
            "api_detail_url": "http://www.giantbomb.com/api/person/3040-90224/",
            "id": 90224,
            "name": "Nick Ind",
            "site_detail_url": "http://www.giantbomb.com/nick-ind/3040-90224/"
        },
        {
            "api_detail_url": "http://www.giantbomb.com/api/person/3040-90223/",
            "id": 90223,
            "name": "Tony Pyle",
            "site_detail_url": "http://www.giantbomb.com/tony-pyle/3040-90223/"
        },
        {
            "api_detail_url": "http://www.giantbomb.com/api/person/3040-63969/",
            "id": 63969,
            "name": "Tom Sizemore",
            "site_detail_url": "http://www.giantbomb.com/tom-sizemore/3040-63969/"
        },
        {
            "api_detail_url": "http://www.giantbomb.com/api/person/3040-90226/",
            "id": 90226,
            "name": "Daniel Hotop",
            "site_detail_url": "http://www.giantbomb.com/daniel-hotop/3040-90226/"
        },
        {
            "api_detail_url": "http://www.giantbomb.com/api/person/3040-90225/",
            "id": 90225,
            "name": "Michael Blaha",
            "site_detail_url": "http://www.giantbomb.com/michael-blaha/3040-90225/"
        },
        {
            "api_detail_url": "http://www.giantbomb.com/api/person/3040-46989/",
            "id": 46989,
            "name": "Simon Rutter",
            "site_detail_url": "http://www.giantbomb.com/simon-rutter/3040-46989/"
        },
        {
            "api_detail_url": "http://www.giantbomb.com/api/person/3040-90243/",
            "id": 90243,
            "name": "Stephen Bashow",
            "site_detail_url": "http://www.giantbomb.com/stephen-bashow/3040-90243/"
        },
        {
            "api_detail_url": "http://www.giantbomb.com/api/person/3040-41021/",
            "id": 41021,
            "name": "Guy Moss",
            "site_detail_url": "http://www.giantbomb.com/guy-moss/3040-41021/"
        },
        {
            "api_detail_url": "http://www.giantbomb.com/api/person/3040-90244/",
            "id": 90244,
            "name": "Paul Firth",
            "site_detail_url": "http://www.giantbomb.com/paul-firth/3040-90244/"
        },
        {
            "api_detail_url": "http://www.giantbomb.com/api/person/3040-59267/",
            "id": 59267,
            "name": "Juri Oudshoorn",
            "site_detail_url": "http://www.giantbomb.com/juri-oudshoorn/3040-59267/"
        },
        {
            "api_detail_url": "http://www.giantbomb.com/api/person/3040-46863/",
            "id": 46863,
            "name": "James Busby",
            "site_detail_url": "http://www.giantbomb.com/james-busby/3040-46863/"
        },
        {
            "api_detail_url": "http://www.giantbomb.com/api/person/3040-67892/",
            "id": 67892,
            "name": "Jim Chaney",
            "site_detail_url": "http://www.giantbomb.com/jim-chaney/3040-67892/"
        },
        {
            "api_detail_url": "http://www.giantbomb.com/api/person/3040-46877/",
            "id": 46877,
            "name": "Julian Rex",
            "site_detail_url": "http://www.giantbomb.com/julian-rex/3040-46877/"
        },
        {
            "api_detail_url": "http://www.giantbomb.com/api/person/3040-697/",
            "id": 697,
            "name": "Steven Wright",
            "site_detail_url": "http://www.giantbomb.com/steven-wright/3040-697/"
        },
        {
            "api_detail_url": "http://www.giantbomb.com/api/person/3040-53631/",
            "id": 53631,
            "name": "Gary Antcliffe",
            "site_detail_url": "http://www.giantbomb.com/gary-antcliffe/3040-53631/"
        },
        {
            "api_detail_url": "http://www.giantbomb.com/api/person/3040-46864/",
            "id": 46864,
            "name": "Paul Donovan",
            "site_detail_url": "http://www.giantbomb.com/paul-donovan/3040-46864/"
        },
        {
            "api_detail_url": "http://www.giantbomb.com/api/person/3040-7505/",
            "id": 7505,
            "name": "Eric Matthews",
            "site_detail_url": "http://www.giantbomb.com/eric-matthews/3040-7505/"
        },
        {
            "api_detail_url": "http://www.giantbomb.com/api/person/3040-90273/",
            "id": 90273,
            "name": "Paul Crowder",
            "site_detail_url": "http://www.giantbomb.com/paul-crowder/3040-90273/"
        },
        {
            "api_detail_url": "http://www.giantbomb.com/api/person/3040-90274/",
            "id": 90274,
            "name": "Guillaume Raffy",
            "site_detail_url": "http://www.giantbomb.com/guillaume-raffy/3040-90274/"
        },
        {
            "api_detail_url": "http://www.giantbomb.com/api/person/3040-90277/",
            "id": 90277,
            "name": "Chip Bell",
            "site_detail_url": "http://www.giantbomb.com/chip-bell/3040-90277/"
        },
        {
            "api_detail_url": "http://www.giantbomb.com/api/person/3040-90281/",
            "id": 90281,
            "name": "Bryony King",
            "site_detail_url": "http://www.giantbomb.com/bryony-king/3040-90281/"
        },
        {
            "api_detail_url": "http://www.giantbomb.com/api/person/3040-90280/",
            "id": 90280,
            "name": "Richard Talbot-Watkins",
            "site_detail_url": "http://www.giantbomb.com/richard-talbot-watkins/3040-90280/"
        },
        {
            "api_detail_url": "http://www.giantbomb.com/api/person/3040-90283/",
            "id": 90283,
            "name": "Andrew Scheller",
            "site_detail_url": "http://www.giantbomb.com/andrew-scheller/3040-90283/"
        },
        {
            "api_detail_url": "http://www.giantbomb.com/api/person/3040-90284/",
            "id": 90284,
            "name": "Christopher Burgess",
            "site_detail_url": "http://www.giantbomb.com/christopher-burgess/3040-90284/"
        },
        {
            "api_detail_url": "http://www.giantbomb.com/api/person/3040-61216/",
            "id": 61216,
            "name": "Matthew Dickson",
            "site_detail_url": "http://www.giantbomb.com/matthew-dickson/3040-61216/"
        },
        {
            "api_detail_url": "http://www.giantbomb.com/api/person/3040-3866/",
            "id": 3866,
            "name": "Robert Hill",
            "site_detail_url": "http://www.giantbomb.com/robert-hill/3040-3866/"
        },
        {
            "api_detail_url": "http://www.giantbomb.com/api/person/3040-90290/",
            "id": 90290,
            "name": "Candice Teo",
            "site_detail_url": "http://www.giantbomb.com/candice-teo/3040-90290/"
        },
        {
            "api_detail_url": "http://www.giantbomb.com/api/person/3040-90287/",
            "id": 90287,
            "name": "Kevin Rose",
            "site_detail_url": "http://www.giantbomb.com/kevin-rose/3040-90287/"
        },
        {
            "api_detail_url": "http://www.giantbomb.com/api/person/3040-90294/",
            "id": 90294,
            "name": "Martin Binfield",
            "site_detail_url": "http://www.giantbomb.com/martin-binfield/3040-90294/"
        },
        {
            "api_detail_url": "http://www.giantbomb.com/api/person/3040-90295/",
            "id": 90295,
            "name": "Alex Kanaris-Sotiriou",
            "site_detail_url": "http://www.giantbomb.com/alex-kanaris-sotiriou/3040-90295/"
        },
        {
            "api_detail_url": "http://www.giantbomb.com/api/person/3040-20755/",
            "id": 20755,
            "name": "Xavier Malard",
            "site_detail_url": "http://www.giantbomb.com/xavier-malard/3040-20755/"
        },
        {
            "api_detail_url": "http://www.giantbomb.com/api/person/3040-80950/",
            "id": 80950,
            "name": "Peter Ridgway",
            "site_detail_url": "http://www.giantbomb.com/peter-ridgway/3040-80950/"
        },
        {
            "api_detail_url": "http://www.giantbomb.com/api/person/3040-56255/",
            "id": 56255,
            "name": "Michael Frost",
            "site_detail_url": "http://www.giantbomb.com/michael-frost/3040-56255/"
        },
        {
            "api_detail_url": "http://www.giantbomb.com/api/person/3040-16101/",
            "id": 16101,
            "name": "Tony Heap",
            "site_detail_url": "http://www.giantbomb.com/tony-heap/3040-16101/"
        },
        {
            "api_detail_url": "http://www.giantbomb.com/api/person/3040-78387/",
            "id": 78387,
            "name": "Peter Giles",
            "site_detail_url": "http://www.giantbomb.com/peter-giles/3040-78387/"
        },
        {
            "api_detail_url": "http://www.giantbomb.com/api/person/3040-90289/",
            "id": 90289,
            "name": "Peter Weller",
            "site_detail_url": "http://www.giantbomb.com/peter-weller/3040-90289/"
        },
        {
            "api_detail_url": "http://www.giantbomb.com/api/person/3040-90304/",
            "id": 90304,
            "name": "Steven Moore",
            "site_detail_url": "http://www.giantbomb.com/steven-moore/3040-90304/"
        },
        {
            "api_detail_url": "http://www.giantbomb.com/api/person/3040-90305/",
            "id": 90305,
            "name": "Dave Fletcher",
            "site_detail_url": "http://www.giantbomb.com/dave-fletcher/3040-90305/"
        },
        {
            "api_detail_url": "http://www.giantbomb.com/api/person/3040-16103/",
            "id": 16103,
            "name": "Richard Priest",
            "site_detail_url": "http://www.giantbomb.com/richard-priest/3040-16103/"
        },
        {
            "api_detail_url": "http://www.giantbomb.com/api/person/3040-81681/",
            "id": 81681,
            "name": "Tam\u00e1s Bak\u00f3",
            "site_detail_url": "http://www.giantbomb.com/tamas-bako/3040-81681/"
        },
        {
            "api_detail_url": "http://www.giantbomb.com/api/person/3040-53232/",
            "id": 53232,
            "name": "Richard Thomas",
            "site_detail_url": "http://www.giantbomb.com/richard-thomas/3040-53232/"
        },
        {
            "api_detail_url": "http://www.giantbomb.com/api/person/3040-90323/",
            "id": 90323,
            "name": "Thomas Jones",
            "site_detail_url": "http://www.giantbomb.com/thomas-jones/3040-90323/"
        },
        {
            "api_detail_url": "http://www.giantbomb.com/api/person/3040-90324/",
            "id": 90324,
            "name": "Stuart Bugg",
            "site_detail_url": "http://www.giantbomb.com/stuart-bugg/3040-90324/"
        },
        {
            "api_detail_url": "http://www.giantbomb.com/api/person/3040-28666/",
            "id": 28666,
            "name": "Ben Levitt",
            "site_detail_url": "http://www.giantbomb.com/ben-levitt/3040-28666/"
        },
        {
            "api_detail_url": "http://www.giantbomb.com/api/person/3040-90333/",
            "id": 90333,
            "name": "Chris Riddell",
            "site_detail_url": "http://www.giantbomb.com/chris-riddell/3040-90333/"
        },
        {
            "api_detail_url": "http://www.giantbomb.com/api/person/3040-90334/",
            "id": 90334,
            "name": "Shafeq Rahman",
            "site_detail_url": "http://www.giantbomb.com/shafeq-rahman/3040-90334/"
        },
        {
            "api_detail_url": "http://www.giantbomb.com/api/person/3040-77251/",
            "id": 77251,
            "name": "Dean Stolpmann",
            "site_detail_url": "http://www.giantbomb.com/dean-stolpmann/3040-77251/"
        },
        {
            "api_detail_url": "http://www.giantbomb.com/api/person/3040-52738/",
            "id": 52738,
            "name": "Alan Brand",
            "site_detail_url": "http://www.giantbomb.com/alan-brand/3040-52738/"
        },
        {
            "api_detail_url": "http://www.giantbomb.com/api/person/3040-90340/",
            "id": 90340,
            "name": "Scott McInnes",
            "site_detail_url": "http://www.giantbomb.com/scott-mcinnes/3040-90340/"
        },
        {
            "api_detail_url": "http://www.giantbomb.com/api/person/3040-90341/",
            "id": 90341,
            "name": "Lisa Harmon",
            "site_detail_url": "http://www.giantbomb.com/lisa-harmon/3040-90341/"
        },
        {
            "api_detail_url": "http://www.giantbomb.com/api/person/3040-16498/",
            "id": 16498,
            "name": "Mark Brown",
            "site_detail_url": "http://www.giantbomb.com/mark-brown/3040-16498/"
        },
        {
            "api_detail_url": "http://www.giantbomb.com/api/person/3040-90349/",
            "id": 90349,
            "name": "Matt Bagshaw",
            "site_detail_url": "http://www.giantbomb.com/matt-bagshaw/3040-90349/"
        },
        {
            "api_detail_url": "http://www.giantbomb.com/api/person/3040-90350/",
            "id": 90350,
            "name": "Andy Tudor",
            "site_detail_url": "http://www.giantbomb.com/andy-tudor/3040-90350/"
        },
        {
            "api_detail_url": "http://www.giantbomb.com/api/person/3040-90356/",
            "id": 90356,
            "name": "James Stevenson",
            "site_detail_url": "http://www.giantbomb.com/james-stevenson/3040-90356/"
        },
        {
            "api_detail_url": "http://www.giantbomb.com/api/person/3040-90436/",
            "id": 90436,
            "name": "Matt Stoneham",
            "site_detail_url": "http://www.giantbomb.com/matt-stoneham/3040-90436/"
        },
        {
            "api_detail_url": "http://www.giantbomb.com/api/person/3040-90437/",
            "id": 90437,
            "name": "Richard O'Donovan",
            "site_detail_url": "http://www.giantbomb.com/richard-odonovan/3040-90437/"
        },
        {
            "api_detail_url": "http://www.giantbomb.com/api/person/3040-44969/",
            "id": 44969,
            "name": "Angelo Bod",
            "site_detail_url": "http://www.giantbomb.com/angelo-bod/3040-44969/"
        },
        {
            "api_detail_url": "http://www.giantbomb.com/api/person/3040-61534/",
            "id": 61534,
            "name": "Tony Jackson",
            "site_detail_url": "http://www.giantbomb.com/tony-jackson/3040-61534/"
        },
        {
            "api_detail_url": "http://www.giantbomb.com/api/person/3040-30297/",
            "id": 30297,
            "name": "Bruce Millar",
            "site_detail_url": "http://www.giantbomb.com/bruce-millar/3040-30297/"
        },
        {
            "api_detail_url": "http://www.giantbomb.com/api/person/3040-75508/",
            "id": 75508,
            "name": "Art Lenavat",
            "site_detail_url": "http://www.giantbomb.com/art-lenavat/3040-75508/"
        },
        {
            "api_detail_url": "http://www.giantbomb.com/api/person/3040-90527/",
            "id": 90527,
            "name": "Dalia Al-Husseini",
            "site_detail_url": "http://www.giantbomb.com/dalia-al-husseini/3040-90527/"
        },
        {
            "api_detail_url": "http://www.giantbomb.com/api/person/3040-90533/",
            "id": 90533,
            "name": "Rachel Larkum",
            "site_detail_url": "http://www.giantbomb.com/rachel-larkum/3040-90533/"
        },
        {
            "api_detail_url": "http://www.giantbomb.com/api/person/3040-90534/",
            "id": 90534,
            "name": "Mike Swindall",
            "site_detail_url": "http://www.giantbomb.com/mike-swindall/3040-90534/"
        },
        {
            "api_detail_url": "http://www.giantbomb.com/api/person/3040-90537/",
            "id": 90537,
            "name": "Ross Stanton",
            "site_detail_url": "http://www.giantbomb.com/ross-stanton/3040-90537/"
        },
        {
            "api_detail_url": "http://www.giantbomb.com/api/person/3040-90548/",
            "id": 90548,
            "name": "Andrew Knowles",
            "site_detail_url": "http://www.giantbomb.com/andrew-knowles/3040-90548/"
        },
        {
            "api_detail_url": "http://www.giantbomb.com/api/person/3040-47926/",
            "id": 47926,
            "name": "Andrew Davies",
            "site_detail_url": "http://www.giantbomb.com/andrew-davies/3040-47926/"
        },
        {
            "api_detail_url": "http://www.giantbomb.com/api/person/3040-90642/",
            "id": 90642,
            "name": "Gary Richards",
            "site_detail_url": "http://www.giantbomb.com/gary-richards/3040-90642/"
        },
        {
            "api_detail_url": "http://www.giantbomb.com/api/person/3040-3051/",
            "id": 3051,
            "name": "Matt Tracey",
            "site_detail_url": "http://www.giantbomb.com/matt-tracey/3040-3051/"
        },
        {
            "api_detail_url": "http://www.giantbomb.com/api/person/3040-90652/",
            "id": 90652,
            "name": "Oliver Wright",
            "site_detail_url": "http://www.giantbomb.com/oliver-wright/3040-90652/"
        },
        {
            "api_detail_url": "http://www.giantbomb.com/api/person/3040-90653/",
            "id": 90653,
            "name": "Stuart Adcock",
            "site_detail_url": "http://www.giantbomb.com/stuart-adcock/3040-90653/"
        },
        {
            "api_detail_url": "http://www.giantbomb.com/api/person/3040-90657/",
            "id": 90657,
            "name": "Ben Durrant",
            "site_detail_url": "http://www.giantbomb.com/ben-durrant/3040-90657/"
        },
        {
            "api_detail_url": "http://www.giantbomb.com/api/person/3040-90658/",
            "id": 90658,
            "name": "Wai Ming Yuen",
            "site_detail_url": "http://www.giantbomb.com/wai-ming-yuen/3040-90658/"
        },
        {
            "api_detail_url": "http://www.giantbomb.com/api/person/3040-46862/",
            "id": 46862,
            "name": "Chris Sorrell",
            "site_detail_url": "http://www.giantbomb.com/chris-sorrell/3040-46862/"
        },
        {
            "api_detail_url": "http://www.giantbomb.com/api/person/3040-90859/",
            "id": 90859,
            "name": "David Kirkland",
            "site_detail_url": "http://www.giantbomb.com/david-kirkland/3040-90859/"
        },
        {
            "api_detail_url": "http://www.giantbomb.com/api/person/3040-90860/",
            "id": 90860,
            "name": "Alex Townsend",
            "site_detail_url": "http://www.giantbomb.com/alex-townsend/3040-90860/"
        },
        {
            "api_detail_url": "http://www.giantbomb.com/api/person/3040-90877/",
            "id": 90877,
            "name": "Matthew James",
            "site_detail_url": "http://www.giantbomb.com/matthew-james/3040-90877/"
        },
        {
            "api_detail_url": "http://www.giantbomb.com/api/person/3040-90878/",
            "id": 90878,
            "name": "Jason Riley",
            "site_detail_url": "http://www.giantbomb.com/jason-riley/3040-90878/"
        },
        {
            "api_detail_url": "http://www.giantbomb.com/api/person/3040-90881/",
            "id": 90881,
            "name": "Simon Bastow",
            "site_detail_url": "http://www.giantbomb.com/simon-bastow/3040-90881/"
        },
        {
            "api_detail_url": "http://www.giantbomb.com/api/person/3040-90951/",
            "id": 90951,
            "name": "Joseph Hedges",
            "site_detail_url": "http://www.giantbomb.com/joseph-hedges/3040-90951/"
        },
        {
            "api_detail_url": "http://www.giantbomb.com/api/person/3040-90952/",
            "id": 90952,
            "name": "Mark Marcum",
            "site_detail_url": "http://www.giantbomb.com/mark-marcum/3040-90952/"
        },
        {
            "api_detail_url": "http://www.giantbomb.com/api/person/3040-37650/",
            "id": 37650,
            "name": "Simon Knights",
            "site_detail_url": "http://www.giantbomb.com/simon-knights/3040-37650/"
        },
        {
            "api_detail_url": "http://www.giantbomb.com/api/person/3040-90976/",
            "id": 90976,
            "name": "Sam Coates",
            "site_detail_url": "http://www.giantbomb.com/sam-coates/3040-90976/"
        },
        {
            "api_detail_url": "http://www.giantbomb.com/api/person/3040-90977/",
            "id": 90977,
            "name": "Katie Sorrell",
            "site_detail_url": "http://www.giantbomb.com/katie-sorrell/3040-90977/"
        },
        {
            "api_detail_url": "http://www.giantbomb.com/api/person/3040-46879/",
            "id": 46879,
            "name": "Alex Sulman",
            "site_detail_url": "http://www.giantbomb.com/alex-sulman/3040-46879/"
        },
        {
            "api_detail_url": "http://www.giantbomb.com/api/person/3040-90993/",
            "id": 90993,
            "name": "Chris Roope",
            "site_detail_url": "http://www.giantbomb.com/chris-roope/3040-90993/"
        },
        {
            "api_detail_url": "http://www.giantbomb.com/api/person/3040-91013/",
            "id": 91013,
            "name": "Kieran Teasdale",
            "site_detail_url": "http://www.giantbomb.com/kieran-teasdale/3040-91013/"
        },
        {
            "api_detail_url": "http://www.giantbomb.com/api/person/3040-91014/",
            "id": 91014,
            "name": "Craig Abraham",
            "site_detail_url": "http://www.giantbomb.com/craig-abraham/3040-91014/"
        },
        {
            "api_detail_url": "http://www.giantbomb.com/api/person/3040-91020/",
            "id": 91020,
            "name": "Martin Deacon",
            "site_detail_url": "http://www.giantbomb.com/martin-deacon/3040-91020/"
        },
        {
            "api_detail_url": "http://www.giantbomb.com/api/person/3040-91021/",
            "id": 91021,
            "name": "Tim Saunders",
            "site_detail_url": "http://www.giantbomb.com/tim-saunders/3040-91021/"
        },
        {
            "api_detail_url": "http://www.giantbomb.com/api/person/3040-91077/",
            "id": 91077,
            "name": "James Stimpson",
            "site_detail_url": "http://www.giantbomb.com/james-stimpson/3040-91077/"
        },
        {
            "api_detail_url": "http://www.giantbomb.com/api/person/3040-91078/",
            "id": 91078,
            "name": "Sarah Hefford",
            "site_detail_url": "http://www.giantbomb.com/sarah-hefford/3040-91078/"
        },
        {
            "api_detail_url": "http://www.giantbomb.com/api/person/3040-8746/",
            "id": 8746,
            "name": "Phil Mansell",
            "site_detail_url": "http://www.giantbomb.com/phil-mansell/3040-8746/"
        },
        {
            "api_detail_url": "http://www.giantbomb.com/api/person/3040-12249/",
            "id": 12249,
            "name": "Robert King",
            "site_detail_url": "http://www.giantbomb.com/robert-king/3040-12249/"
        },
        {
            "api_detail_url": "http://www.giantbomb.com/api/person/3040-13282/",
            "id": 13282,
            "name": "Lee Banyard",
            "site_detail_url": "http://www.giantbomb.com/lee-banyard/3040-13282/"
        },
        {
            "api_detail_url": "http://www.giantbomb.com/api/person/3040-91095/",
            "id": 91095,
            "name": "Dave Ranyard",
            "site_detail_url": "http://www.giantbomb.com/dave-ranyard/3040-91095/"
        },
        {
            "api_detail_url": "http://www.giantbomb.com/api/person/3040-91228/",
            "id": 91228,
            "name": "Nicholas Kidd",
            "site_detail_url": "http://www.giantbomb.com/nicholas-kidd/3040-91228/"
        },
        {
            "api_detail_url": "http://www.giantbomb.com/api/person/3040-91255/",
            "id": 91255,
            "name": "Stephen O'Callaghan",
            "site_detail_url": "http://www.giantbomb.com/stephen-ocallaghan/3040-91255/"
        },
        {
            "api_detail_url": "http://www.giantbomb.com/api/person/3040-91256/",
            "id": 91256,
            "name": "Kenneth Young",
            "site_detail_url": "http://www.giantbomb.com/kenneth-young/3040-91256/"
        },
        {
            "api_detail_url": "http://www.giantbomb.com/api/person/3040-91259/",
            "id": 91259,
            "name": "Garry Taylor",
            "site_detail_url": "http://www.giantbomb.com/garry-taylor/3040-91259/"
        },
        {
            "api_detail_url": "http://www.giantbomb.com/api/person/3040-15030/",
            "id": 15030,
            "name": "Alastair Lindsay",
            "site_detail_url": "http://www.giantbomb.com/alastair-lindsay/3040-15030/"
        },
        {
            "api_detail_url": "http://www.giantbomb.com/api/person/3040-46966/",
            "id": 46966,
            "name": "Michael De Belle",
            "site_detail_url": "http://www.giantbomb.com/michael-de-belle/3040-46966/"
        },
        {
            "api_detail_url": "http://www.giantbomb.com/api/person/3040-91263/",
            "id": 91263,
            "name": "Dan Bardino",
            "site_detail_url": "http://www.giantbomb.com/dan-bardino/3040-91263/"
        },
        {
            "api_detail_url": "http://www.giantbomb.com/api/person/3040-91270/",
            "id": 91270,
            "name": "Martin Strettyon",
            "site_detail_url": "http://www.giantbomb.com/martin-strettyon/3040-91270/"
        },
        {
            "api_detail_url": "http://www.giantbomb.com/api/person/3040-91271/",
            "id": 91271,
            "name": "Todd Ledwith",
            "site_detail_url": "http://www.giantbomb.com/todd-ledwith/3040-91271/"
        },
        {
            "api_detail_url": "http://www.giantbomb.com/api/person/3040-91323/",
            "id": 91323,
            "name": "Lorna Gallacher",
            "site_detail_url": "http://www.giantbomb.com/lorna-gallacher/3040-91323/"
        },
        {
            "api_detail_url": "http://www.giantbomb.com/api/person/3040-617/",
            "id": 617,
            "name": "Jonathan Williams",
            "site_detail_url": "http://www.giantbomb.com/jonathan-williams/3040-617/"
        },
        {
            "api_detail_url": "http://www.giantbomb.com/api/person/3040-91520/",
            "id": 91520,
            "name": "Andrew Haveron",
            "site_detail_url": "http://www.giantbomb.com/andrew-haveron/3040-91520/"
        },
        {
            "api_detail_url": "http://www.giantbomb.com/api/person/3040-47461/",
            "id": 47461,
            "name": "Richard Aitken",
            "site_detail_url": "http://www.giantbomb.com/richard-aitken/3040-47461/"
        },
        {
            "api_detail_url": "http://www.giantbomb.com/api/person/3040-91582/",
            "id": 91582,
            "name": "Marc Canham",
            "site_detail_url": "http://www.giantbomb.com/marc-canham/3040-91582/"
        },
        {
            "api_detail_url": "http://www.giantbomb.com/api/person/3040-52168/",
            "id": 52168,
            "name": "Andrew Dudman",
            "site_detail_url": "http://www.giantbomb.com/andrew-dudman/3040-52168/"
        },
        {
            "api_detail_url": "http://www.giantbomb.com/api/person/3040-91735/",
            "id": 91735,
            "name": "Edwin Scroogie",
            "site_detail_url": "http://www.giantbomb.com/edwin-scroogie/3040-91735/"
        },
        {
            "api_detail_url": "http://www.giantbomb.com/api/person/3040-91744/",
            "id": 91744,
            "name": "Joe Hiett-Smith",
            "site_detail_url": "http://www.giantbomb.com/joe-hiett-smith/3040-91744/"
        },
        {
            "api_detail_url": "http://www.giantbomb.com/api/person/3040-91989/",
            "id": 91989,
            "name": "Stacey Watton",
            "site_detail_url": "http://www.giantbomb.com/stacey-watton/3040-91989/"
        },
        {
            "api_detail_url": "http://www.giantbomb.com/api/person/3040-28568/",
            "id": 28568,
            "name": "Piers Jackson",
            "site_detail_url": "http://www.giantbomb.com/piers-jackson/3040-28568/"
        },
        {
            "api_detail_url": "http://www.giantbomb.com/api/person/3040-52752/",
            "id": 52752,
            "name": "Dean Miller",
            "site_detail_url": "http://www.giantbomb.com/dean-miller/3040-52752/"
        },
        {
            "api_detail_url": "http://www.giantbomb.com/api/person/3040-62648/",
            "id": 62648,
            "name": "Simon Miller",
            "site_detail_url": "http://www.giantbomb.com/simon-miller/3040-62648/"
        },
        {
            "api_detail_url": "http://www.giantbomb.com/api/person/3040-98496/",
            "id": 98496,
            "name": "Sharon Richards",
            "site_detail_url": "http://www.giantbomb.com/sharon-richards/3040-98496/"
        },
        {
            "api_detail_url": "http://www.giantbomb.com/api/person/3040-98505/",
            "id": 98505,
            "name": "Lucy Graves",
            "site_detail_url": "http://www.giantbomb.com/lucy-graves/3040-98505/"
        },
        {
            "api_detail_url": "http://www.giantbomb.com/api/person/3040-98523/",
            "id": 98523,
            "name": "Catriona Gallacher",
            "site_detail_url": "http://www.giantbomb.com/catriona-gallacher/3040-98523/"
        },
        {
            "api_detail_url": "http://www.giantbomb.com/api/person/3040-98525/",
            "id": 98525,
            "name": "Thach Quach",
            "site_detail_url": "http://www.giantbomb.com/thach-quach/3040-98525/"
        },
        {
            "api_detail_url": "http://www.giantbomb.com/api/person/3040-74237/",
            "id": 74237,
            "name": "Jason Fitzgerald",
            "site_detail_url": "http://www.giantbomb.com/jason-fitzgerald/3040-74237/"
        }
    ]
}