{
    "birth_date": null,
    "country": null,
    "death_date": null,
    "deck": null,
    "first_credited_game": {
        "api_detail_url": "http://www.giantbomb.com/api/game/3030-9574/",
        "id": 9574,
        "name": "ATAC"
    },
    "games": [
        {
            "api_detail_url": "http://www.giantbomb.com/api/game/3030-9574/",
            "id": 9574,
            "name": "ATAC",
            "site_detail_url": "http://www.giantbomb.com/atac/3030-9574/"
        },
        {
            "api_detail_url": "http://www.giantbomb.com/api/game/3030-20738/",
            "id": 20738,
            "name": "Dragon Age: Origins",
            "site_detail_url": "http://www.giantbomb.com/dragon-age-origins/3030-20738/"
        },
        {
            "api_detail_url": "http://www.giantbomb.com/api/game/3030-5311/",
            "id": 5311,
            "name": "Sentient",
            "site_detail_url": "http://www.giantbomb.com/sentient/3030-5311/"
        }
    ],
    "gender": null,
    "hometown": null,
    "id": 54813,
    "name": "Alistair McNally",
    "people": []
}