{
    "birth_date": "1972-03-31",
    "country": "USA",
    "death_date": null,
    "deck": "Andrew Bowen is an actor who has done voice work in various video games.",
    "first_credited_game": {
        "api_detail_url": "http://www.giantbomb.com/api/game/3030-13291/",
        "id": 13291,
        "name": "Fox Hunt"
    },
    "games": [
        {
            "api_detail_url": "http://www.giantbomb.com/api/game/3030-8580/",
            "id": 8580,
            "name": "Jade Empire",
            "site_detail_url": "http://www.giantbomb.com/jade-empire/3030-8580/"
        },
        {
            "api_detail_url": "http://www.giantbomb.com/api/game/3030-13291/",
            "id": 13291,
            "name": "Fox Hunt",
            "site_detail_url": "http://www.giantbomb.com/fox-hunt/3030-13291/"
        },
        {
            "api_detail_url": "http://www.giantbomb.com/api/game/3030-5554/",
            "id": 5554,
            "name": "The Matrix: Path of Neo",
            "site_detail_url": "http://www.giantbomb.com/the-matrix-path-of-neo/3030-5554/"
        },
        {
            "api_detail_url": "http://www.giantbomb.com/api/game/3030-1999/",
            "id": 1999,
            "name": "Ice Age 2: The Meltdown",
            "site_detail_url": "http://www.giantbomb.com/ice-age-2-the-meltdown/3030-1999/"
        },
        {
            "api_detail_url": "http://www.giantbomb.com/api/game/3030-7180/",
            "id": 7180,
            "name": "Yakuza",
            "site_detail_url": "http://www.giantbomb.com/yakuza/3030-7180/"
        },
        {
            "api_detail_url": "http://www.giantbomb.com/api/game/3030-36884/",
            "id": 36884,
            "name": "Saints Row IV",
            "site_detail_url": "http://www.giantbomb.com/saints-row-iv/3030-36884/"
        },
        {
            "api_detail_url": "http://www.giantbomb.com/api/game/3030-30431/",
            "id": 30431,
            "name": "Killzone 3",
            "site_detail_url": "http://www.giantbomb.com/killzone-3/3030-30431/"
        },
        {
            "api_detail_url": "http://www.giantbomb.com/api/game/3030-25725/",
            "id": 25725,
            "name": "Saints Row: The Third",
            "site_detail_url": "http://www.giantbomb.com/saints-row-the-third/3030-25725/"
        },
        {
            "api_detail_url": "http://www.giantbomb.com/api/game/3030-46447/",
            "id": 46447,
            "name": "Mortal Kombat X",
            "site_detail_url": "http://www.giantbomb.com/mortal-kombat-x/3030-46447/"
        },
        {
            "api_detail_url": "http://www.giantbomb.com/api/game/3030-49026/",
            "id": 49026,
            "name": "Mortal Kombat X Mobile",
            "site_detail_url": "http://www.giantbomb.com/mortal-kombat-x-mobile/3030-49026/"
        }
    ],
    "gender": 1,
    "hometown": "Boston, MA",
    "id": 26353,
    "name": "Andrew Bowen",
    "people": []
}