{
    "birth_date": null,
    "country": null,
    "death_date": null,
    "deck": null,
    "first_credited_game": {
        "api_detail_url": "http://www.giantbomb.com/api/game/3030-18741/",
        "id": 18741,
        "name": "Star Wars: Knights of the Old Republic"
    },
    "games": [
        {
            "api_detail_url": "http://www.giantbomb.com/api/game/3030-18741/",
            "id": 18741,
            "name": "Star Wars: Knights of the Old Republic",
            "site_detail_url": "http://www.giantbomb.com/star-wars-knights-of-the-old-republic/3030-18741/"
        },
        {
            "api_detail_url": "http://www.giantbomb.com/api/game/3030-21590/",
            "id": 21590,
            "name": "Mass Effect 2",
            "site_detail_url": "http://www.giantbomb.com/mass-effect-2/3030-21590/"
        },
        {
            "api_detail_url": "http://www.giantbomb.com/api/game/3030-25249/",
            "id": 25249,
            "name": "Red Dead Redemption",
            "site_detail_url": "http://www.giantbomb.com/red-dead-redemption/3030-25249/"
        },
        {
            "api_detail_url": "http://www.giantbomb.com/api/game/3030-42922/",
            "id": 42922,
            "name": "The Order: 1886",
            "site_detail_url": "http://www.giantbomb.com/the-order-1886/3030-42922/"
        }
    ],
    "gender": null,
    "hometown": null,
    "id": 74623,
    "name": "Andrew Gardner",
    "people": []
}