{
    "birth_date": null,
    "country": null,
    "death_date": null,
    "deck": null,
    "first_credited_game": {
        "api_detail_url": "http://www.giantbomb.com/api/game/3030-14541/",
        "id": 14541,
        "name": "Star Wars: Episode I - The Phantom Menace"
    },
    "games": [
        {
            "api_detail_url": "http://www.giantbomb.com/api/game/3030-14523/",
            "id": 14523,
            "name": "Star Wars: Jedi Knight II - Jedi Outcast",
            "site_detail_url": "http://www.giantbomb.com/star-wars-jedi-knight-ii-jedi-outcast/3030-14523/"
        },
        {
            "api_detail_url": "http://www.giantbomb.com/api/game/3030-9200/",
            "id": 9200,
            "name": "Star Wars: Episode III - Revenge of the Sith",
            "site_detail_url": "http://www.giantbomb.com/star-wars-episode-iii-revenge-of-the-sith/3030-9200/"
        },
        {
            "api_detail_url": "http://www.giantbomb.com/api/game/3030-14541/",
            "id": 14541,
            "name": "Star Wars: Episode I - The Phantom Menace",
            "site_detail_url": "http://www.giantbomb.com/star-wars-episode-i-the-phantom-menace/3030-14541/"
        },
        {
            "api_detail_url": "http://www.giantbomb.com/api/game/3030-2726/",
            "id": 2726,
            "name": "Star Wars: Episode I - Jedi Power Battles",
            "site_detail_url": "http://www.giantbomb.com/star-wars-episode-i-jedi-power-battles/3030-2726/"
        },
        {
            "api_detail_url": "http://www.giantbomb.com/api/game/3030-19304/",
            "id": 19304,
            "name": "Star Wars: Demolition",
            "site_detail_url": "http://www.giantbomb.com/star-wars-demolition/3030-19304/"
        },
        {
            "api_detail_url": "http://www.giantbomb.com/api/game/3030-13998/",
            "id": 13998,
            "name": "Star Wars: Starfighter",
            "site_detail_url": "http://www.giantbomb.com/star-wars-starfighter/3030-13998/"
        },
        {
            "api_detail_url": "http://www.giantbomb.com/api/game/3030-7311/",
            "id": 7311,
            "name": "Star Wars: Obi-Wan",
            "site_detail_url": "http://www.giantbomb.com/star-wars-obi-wan/3030-7311/"
        },
        {
            "api_detail_url": "http://www.giantbomb.com/api/game/3030-17571/",
            "id": 17571,
            "name": "Star Wars: Bounty Hunter",
            "site_detail_url": "http://www.giantbomb.com/star-wars-bounty-hunter/3030-17571/"
        },
        {
            "api_detail_url": "http://www.giantbomb.com/api/game/3030-18741/",
            "id": 18741,
            "name": "Star Wars: Knights of the Old Republic",
            "site_detail_url": "http://www.giantbomb.com/star-wars-knights-of-the-old-republic/3030-18741/"
        },
        {
            "api_detail_url": "http://www.giantbomb.com/api/game/3030-11171/",
            "id": 11171,
            "name": "Secret Weapons Over Normandy",
            "site_detail_url": "http://www.giantbomb.com/secret-weapons-over-normandy/3030-11171/"
        },
        {
            "api_detail_url": "http://www.giantbomb.com/api/game/3030-13088/",
            "id": 13088,
            "name": "RTX: Red Rock",
            "site_detail_url": "http://www.giantbomb.com/rtx-red-rock/3030-13088/"
        },
        {
            "api_detail_url": "http://www.giantbomb.com/api/game/3030-8852/",
            "id": 8852,
            "name": "Star Wars: Knights of the Old Republic II - The Sith Lords",
            "site_detail_url": "http://www.giantbomb.com/star-wars-knights-of-the-old-republic-ii-the-sith-/3030-8852/"
        },
        {
            "api_detail_url": "http://www.giantbomb.com/api/game/3030-15481/",
            "id": 15481,
            "name": "Star Wars: Battlefront",
            "site_detail_url": "http://www.giantbomb.com/star-wars-battlefront/3030-15481/"
        },
        {
            "api_detail_url": "http://www.giantbomb.com/api/game/3030-13057/",
            "id": 13057,
            "name": "Star Wars: Galaxies - Trials of Obi-Wan",
            "site_detail_url": "http://www.giantbomb.com/star-wars-galaxies-trials-of-obi-wan/3030-13057/"
        },
        {
            "api_detail_url": "http://www.giantbomb.com/api/game/3030-7318/",
            "id": 7318,
            "name": "Star Wars: Galaxies - Episode III Rage of the Wookiees",
            "site_detail_url": "http://www.giantbomb.com/star-wars-galaxies-episode-iii-rage-of-the-wookiee/3030-7318/"
        },
        {
            "api_detail_url": "http://www.giantbomb.com/api/game/3030-17195/",
            "id": 17195,
            "name": "Super Monkey Ball: Banana Blitz",
            "site_detail_url": "http://www.giantbomb.com/super-monkey-ball-banana-blitz/3030-17195/"
        },
        {
            "api_detail_url": "http://www.giantbomb.com/api/game/3030-707/",
            "id": 707,
            "name": "Virtua Fighter 5",
            "site_detail_url": "http://www.giantbomb.com/virtua-fighter-5/3030-707/"
        },
        {
            "api_detail_url": "http://www.giantbomb.com/api/game/3030-20530/",
            "id": 20530,
            "name": "Iron Man",
            "site_detail_url": "http://www.giantbomb.com/iron-man/3030-20530/"
        }
    ],
    "gender": null,
    "hometown": null,
    "id": 10671,
    "name": "Andy Alamano",
    "people": []
}