{
    "birth_date": "1979-09-28",
    "country": "United States",
    "death_date": null,
    "deck": "Anndi McAfee is an actress, voice actor, and is the sister of Scott McAfee.",
    "first_credited_game": {
        "api_detail_url": "http://www.giantbomb.com/api/game/3030-13427/",
        "id": 13427,
        "name": "Hot Wheels: Velocity X"
    },
    "games": [
        {
            "api_detail_url": "http://www.giantbomb.com/api/game/3030-18547/",
            "id": 18547,
            "name": "EverQuest II",
            "site_detail_url": "http://www.giantbomb.com/everquest-ii/3030-18547/"
        },
        {
            "api_detail_url": "http://www.giantbomb.com/api/game/3030-10007/",
            "id": 10007,
            "name": "Dark Cloud 2",
            "site_detail_url": "http://www.giantbomb.com/dark-cloud-2/3030-10007/"
        },
        {
            "api_detail_url": "http://www.giantbomb.com/api/game/3030-21590/",
            "id": 21590,
            "name": "Mass Effect 2",
            "site_detail_url": "http://www.giantbomb.com/mass-effect-2/3030-21590/"
        },
        {
            "api_detail_url": "http://www.giantbomb.com/api/game/3030-13427/",
            "id": 13427,
            "name": "Hot Wheels: Velocity X",
            "site_detail_url": "http://www.giantbomb.com/hot-wheels-velocity-x/3030-13427/"
        },
        {
            "api_detail_url": "http://www.giantbomb.com/api/game/3030-19388/",
            "id": 19388,
            "name": "Ape Escape 3",
            "site_detail_url": "http://www.giantbomb.com/ape-escape-3/3030-19388/"
        },
        {
            "api_detail_url": "http://www.giantbomb.com/api/game/3030-12209/",
            "id": 12209,
            "name": "Spyro: A Hero's Tail",
            "site_detail_url": "http://www.giantbomb.com/spyro-a-heros-tail/3030-12209/"
        },
        {
            "api_detail_url": "http://www.giantbomb.com/api/game/3030-8694/",
            "id": 8694,
            "name": "The Sopranos: Road to Respect",
            "site_detail_url": "http://www.giantbomb.com/the-sopranos-road-to-respect/3030-8694/"
        },
        {
            "api_detail_url": "http://www.giantbomb.com/api/game/3030-12077/",
            "id": 12077,
            "name": "Tony Hawk's Project 8",
            "site_detail_url": "http://www.giantbomb.com/tony-hawks-project-8/3030-12077/"
        },
        {
            "api_detail_url": "http://www.giantbomb.com/api/game/3030-20679/",
            "id": 20679,
            "name": "Saints Row 2",
            "site_detail_url": "http://www.giantbomb.com/saints-row-2/3030-20679/"
        },
        {
            "api_detail_url": "http://www.giantbomb.com/api/game/3030-33883/",
            "id": 33883,
            "name": "Final Fantasy XIII-2",
            "site_detail_url": "http://www.giantbomb.com/final-fantasy-xiii-2/3030-33883/"
        },
        {
            "api_detail_url": "http://www.giantbomb.com/api/game/3030-16909/",
            "id": 16909,
            "name": "Mass Effect",
            "site_detail_url": "http://www.giantbomb.com/mass-effect/3030-16909/"
        },
        {
            "api_detail_url": "http://www.giantbomb.com/api/game/3030-49026/",
            "id": 49026,
            "name": "Mortal Kombat X Mobile",
            "site_detail_url": "http://www.giantbomb.com/mortal-kombat-x-mobile/3030-49026/"
        }
    ],
    "gender": 2,
    "hometown": "Los Angeles",
    "id": 65216,
    "name": "Anndi McAfee",
    "people": []
}