{
    "birth_date": null,
    "country": null,
    "death_date": null,
    "deck": null,
    "first_credited_game": {
        "api_detail_url": "http://www.giantbomb.com/api/game/3030-3958/",
        "id": 3958,
        "name": "Nox"
    },
    "games": [
        {
            "api_detail_url": "http://www.giantbomb.com/api/game/3030-9058/",
            "id": 9058,
            "name": "Escape from Monkey Island",
            "site_detail_url": "http://www.giantbomb.com/escape-from-monkey-island/3030-9058/"
        },
        {
            "api_detail_url": "http://www.giantbomb.com/api/game/3030-6795/",
            "id": 6795,
            "name": "Baldur's Gate II: Throne of Bhaal",
            "site_detail_url": "http://www.giantbomb.com/baldurs-gate-ii-throne-of-bhaal/3030-6795/"
        },
        {
            "api_detail_url": "http://www.giantbomb.com/api/game/3030-14819/",
            "id": 14819,
            "name": "Tron 2.0",
            "site_detail_url": "http://www.giantbomb.com/tron-20/3030-14819/"
        },
        {
            "api_detail_url": "http://www.giantbomb.com/api/game/3030-6870/",
            "id": 6870,
            "name": "Sherlock Holmes: Secret of the Silver Earring",
            "site_detail_url": "http://www.giantbomb.com/sherlock-holmes-secret-of-the-silver-earring/3030-6870/"
        },
        {
            "api_detail_url": "http://www.giantbomb.com/api/game/3030-14565/",
            "id": 14565,
            "name": "Dungeon Lords",
            "site_detail_url": "http://www.giantbomb.com/dungeon-lords/3030-14565/"
        },
        {
            "api_detail_url": "http://www.giantbomb.com/api/game/3030-9989/",
            "id": 9989,
            "name": "Hellgate: London",
            "site_detail_url": "http://www.giantbomb.com/hellgate-london/3030-9989/"
        },
        {
            "api_detail_url": "http://www.giantbomb.com/api/game/3030-20729/",
            "id": 20729,
            "name": "GRID",
            "site_detail_url": "http://www.giantbomb.com/grid/3030-20729/"
        },
        {
            "api_detail_url": "http://www.giantbomb.com/api/game/3030-20497/",
            "id": 20497,
            "name": "Dark Sector",
            "site_detail_url": "http://www.giantbomb.com/dark-sector/3030-20497/"
        },
        {
            "api_detail_url": "http://www.giantbomb.com/api/game/3030-3958/",
            "id": 3958,
            "name": "Nox",
            "site_detail_url": "http://www.giantbomb.com/nox/3030-3958/"
        },
        {
            "api_detail_url": "http://www.giantbomb.com/api/game/3030-41791/",
            "id": 41791,
            "name": "Bound By Flame",
            "site_detail_url": "http://www.giantbomb.com/bound-by-flame/3030-41791/"
        }
    ],
    "gender": 2,
    "hometown": null,
    "id": 46852,
    "name": "Anne Moll",
    "people": []
}