{
    "birth_date": null,
    "country": null,
    "death_date": null,
    "deck": "April Winchell is a veteran cartoon voice actress.",
    "first_credited_game": {
        "api_detail_url": "http://www.giantbomb.com/api/game/3030-7088/",
        "id": 7088,
        "name": "Toonstruck"
    },
    "games": [
        {
            "api_detail_url": "http://www.giantbomb.com/api/game/3030-23030/",
            "id": 23030,
            "name": "Disney Th!nk Fast",
            "site_detail_url": "http://www.giantbomb.com/disney-thnk-fast/3030-23030/"
        },
        {
            "api_detail_url": "http://www.giantbomb.com/api/game/3030-10572/",
            "id": 10572,
            "name": "101 Dalmatians: Escape From DeVil Manor",
            "site_detail_url": "http://www.giantbomb.com/101-dalmatians-escape-from-devil-manor/3030-10572/"
        },
        {
            "api_detail_url": "http://www.giantbomb.com/api/game/3030-15303/",
            "id": 15303,
            "name": "Disney's Math Quest with Aladdin",
            "site_detail_url": "http://www.giantbomb.com/disneys-math-quest-with-aladdin/3030-15303/"
        },
        {
            "api_detail_url": "http://www.giantbomb.com/api/game/3030-7088/",
            "id": 7088,
            "name": "Toonstruck",
            "site_detail_url": "http://www.giantbomb.com/toonstruck/3030-7088/"
        },
        {
            "api_detail_url": "http://www.giantbomb.com/api/game/3030-35541/",
            "id": 35541,
            "name": "Kinect Disneyland Adventures",
            "site_detail_url": "http://www.giantbomb.com/kinect-disneyland-adventures/3030-35541/"
        },
        {
            "api_detail_url": "http://www.giantbomb.com/api/game/3030-37164/",
            "id": 37164,
            "name": "Disney Epic Mickey 2: The Power of Two",
            "site_detail_url": "http://www.giantbomb.com/disney-epic-mickey-2-the-power-of-two/3030-37164/"
        }
    ],
    "gender": 0,
    "hometown": null,
    "id": 10100,
    "name": "April Winchell",
    "people": []
}