{
    "birth_date": "1949-11-05",
    "country": "USA",
    "death_date": null,
    "deck": "With his unique voice and roles in Star Trek: Deep Space Nine and Buffy the Vampire Slayer, Armin Shimerman is instantly recognizable by nerds the world over. He is also known for voicing Andrew Ryan in Bioshock.",
    "first_credited_game": {
        "api_detail_url": "http://www.giantbomb.com/api/game/3030-18202/",
        "id": 18202,
        "name": "Star Trek: Deep Space Nine - Harbinger"
    },
    "games": [
        {
            "api_detail_url": "http://www.giantbomb.com/api/game/3030-9359/",
            "id": 9359,
            "name": "Star Trek: Deep Space Nine - The Fallen",
            "site_detail_url": "http://www.giantbomb.com/star-trek-deep-space-nine-the-fallen/3030-9359/"
        },
        {
            "api_detail_url": "http://www.giantbomb.com/api/game/3030-12710/",
            "id": 12710,
            "name": "Onimusha 3: Demon Siege",
            "site_detail_url": "http://www.giantbomb.com/onimusha-3-demon-siege/3030-12710/"
        },
        {
            "api_detail_url": "http://www.giantbomb.com/api/game/3030-13087/",
            "id": 13087,
            "name": "X-Men: Legends",
            "site_detail_url": "http://www.giantbomb.com/x-men-legends/3030-13087/"
        },
        {
            "api_detail_url": "http://www.giantbomb.com/api/game/3030-4966/",
            "id": 4966,
            "name": "Ratchet & Clank: Up Your Arsenal",
            "site_detail_url": "http://www.giantbomb.com/ratchet-clank-up-your-arsenal/3030-4966/"
        },
        {
            "api_detail_url": "http://www.giantbomb.com/api/game/3030-8580/",
            "id": 8580,
            "name": "Jade Empire",
            "site_detail_url": "http://www.giantbomb.com/jade-empire/3030-8580/"
        },
        {
            "api_detail_url": "http://www.giantbomb.com/api/game/3030-7676/",
            "id": 7676,
            "name": "X-Men: Legends II - Rise of Apocalypse",
            "site_detail_url": "http://www.giantbomb.com/x-men-legends-ii-rise-of-apocalypse/3030-7676/"
        },
        {
            "api_detail_url": "http://www.giantbomb.com/api/game/3030-18745/",
            "id": 18745,
            "name": "Ratchet: Deadlocked",
            "site_detail_url": "http://www.giantbomb.com/ratchet-deadlocked/3030-18745/"
        },
        {
            "api_detail_url": "http://www.giantbomb.com/api/game/3030-2906/",
            "id": 2906,
            "name": "Psychonauts",
            "site_detail_url": "http://www.giantbomb.com/psychonauts/3030-2906/"
        },
        {
            "api_detail_url": "http://www.giantbomb.com/api/game/3030-21263/",
            "id": 21263,
            "name": "The Grim Adventures of Billy & Mandy",
            "site_detail_url": "http://www.giantbomb.com/the-grim-adventures-of-billy-mandy/3030-21263/"
        },
        {
            "api_detail_url": "http://www.giantbomb.com/api/game/3030-7753/",
            "id": 7753,
            "name": "Gothic 3",
            "site_detail_url": "http://www.giantbomb.com/gothic-3/3030-7753/"
        },
        {
            "api_detail_url": "http://www.giantbomb.com/api/game/3030-11314/",
            "id": 11314,
            "name": "God of War II",
            "site_detail_url": "http://www.giantbomb.com/god-of-war-ii/3030-11314/"
        },
        {
            "api_detail_url": "http://www.giantbomb.com/api/game/3030-18202/",
            "id": 18202,
            "name": "Star Trek: Deep Space Nine - Harbinger",
            "site_detail_url": "http://www.giantbomb.com/star-trek-deep-space-nine-harbinger/3030-18202/"
        },
        {
            "api_detail_url": "http://www.giantbomb.com/api/game/3030-21559/",
            "id": 21559,
            "name": "Marvel Ultimate Alliance 2",
            "site_detail_url": "http://www.giantbomb.com/marvel-ultimate-alliance-2/3030-21559/"
        },
        {
            "api_detail_url": "http://www.giantbomb.com/api/game/3030-10007/",
            "id": 10007,
            "name": "Dark Cloud 2",
            "site_detail_url": "http://www.giantbomb.com/dark-cloud-2/3030-10007/"
        },
        {
            "api_detail_url": "http://www.giantbomb.com/api/game/3030-25673/",
            "id": 25673,
            "name": "Ratchet & Clank Future: A Crack in Time",
            "site_detail_url": "http://www.giantbomb.com/ratchet-clank-future-a-crack-in-time/3030-25673/"
        },
        {
            "api_detail_url": "http://www.giantbomb.com/api/game/3030-20827/",
            "id": 20827,
            "name": "BioShock 2",
            "site_detail_url": "http://www.giantbomb.com/bioshock-2/3030-20827/"
        },
        {
            "api_detail_url": "http://www.giantbomb.com/api/game/3030-21590/",
            "id": 21590,
            "name": "Mass Effect 2",
            "site_detail_url": "http://www.giantbomb.com/mass-effect-2/3030-21590/"
        },
        {
            "api_detail_url": "http://www.giantbomb.com/api/game/3030-21369/",
            "id": 21369,
            "name": "The Secret World",
            "site_detail_url": "http://www.giantbomb.com/the-secret-world/3030-21369/"
        },
        {
            "api_detail_url": "http://www.giantbomb.com/api/game/3030-39248/",
            "id": 39248,
            "name": "God of War Saga",
            "site_detail_url": "http://www.giantbomb.com/god-of-war-saga/3030-39248/"
        },
        {
            "api_detail_url": "http://www.giantbomb.com/api/game/3030-37715/",
            "id": 37715,
            "name": "Ratchet & Clank Collection",
            "site_detail_url": "http://www.giantbomb.com/ratchet-clank-collection/3030-37715/"
        },
        {
            "api_detail_url": "http://www.giantbomb.com/api/game/3030-16909/",
            "id": 16909,
            "name": "Mass Effect",
            "site_detail_url": "http://www.giantbomb.com/mass-effect/3030-16909/"
        },
        {
            "api_detail_url": "http://www.giantbomb.com/api/game/3030-20674/",
            "id": 20674,
            "name": "StarCraft II: Wings of Liberty",
            "site_detail_url": "http://www.giantbomb.com/starcraft-ii-wings-of-liberty/3030-20674/"
        },
        {
            "api_detail_url": "http://www.giantbomb.com/api/game/3030-38140/",
            "id": 38140,
            "name": "PlayStation All-Stars Battle Royale",
            "site_detail_url": "http://www.giantbomb.com/playstation-all-stars-battle-royale/3030-38140/"
        }
    ],
    "gender": 1,
    "hometown": null,
    "id": 34418,
    "name": "Armin Shimerman",
    "people": []
}