{
    "birth_date": null,
    "country": null,
    "death_date": null,
    "deck": null,
    "first_credited_game": {
        "api_detail_url": "http://www.giantbomb.com/api/game/3030-18648/",
        "id": 18648,
        "name": "Night Trap"
    },
    "games": [
        {
            "api_detail_url": "http://www.giantbomb.com/api/game/3030-18648/",
            "id": 18648,
            "name": "Night Trap",
            "site_detail_url": "http://www.giantbomb.com/night-trap/3030-18648/"
        },
        {
            "api_detail_url": "http://www.giantbomb.com/api/game/3030-15864/",
            "id": 15864,
            "name": "Stonekeep",
            "site_detail_url": "http://www.giantbomb.com/stonekeep/3030-15864/"
        },
        {
            "api_detail_url": "http://www.giantbomb.com/api/game/3030-15483/",
            "id": 15483,
            "name": "Star Wars: X-Wing Vs. TIE Fighter",
            "site_detail_url": "http://www.giantbomb.com/star-wars-x-wing-vs-tie-fighter/3030-15483/"
        },
        {
            "api_detail_url": "http://www.giantbomb.com/api/game/3030-7392/",
            "id": 7392,
            "name": "Baldur's Gate: Tales of the Sword Coast",
            "site_detail_url": "http://www.giantbomb.com/baldurs-gate-tales-of-the-sword-coast/3030-7392/"
        },
        {
            "api_detail_url": "http://www.giantbomb.com/api/game/3030-13347/",
            "id": 13347,
            "name": "Anne McCaffrey's Freedom: First Resistance",
            "site_detail_url": "http://www.giantbomb.com/anne-mccaffreys-freedom-first-resistance/3030-13347/"
        },
        {
            "api_detail_url": "http://www.giantbomb.com/api/game/3030-3855/",
            "id": 3855,
            "name": "Disney's Treasure Planet: Battle at Procyon",
            "site_detail_url": "http://www.giantbomb.com/disneys-treasure-planet-battle-at-procyon/3030-3855/"
        },
        {
            "api_detail_url": "http://www.giantbomb.com/api/game/3030-11085/",
            "id": 11085,
            "name": "The Chronicles of Riddick: Escape from Butcher Bay",
            "site_detail_url": "http://www.giantbomb.com/the-chronicles-of-riddick-escape-from-butcher-bay/3030-11085/"
        },
        {
            "api_detail_url": "http://www.giantbomb.com/api/game/3030-10661/",
            "id": 10661,
            "name": "Predator: Concrete Jungle",
            "site_detail_url": "http://www.giantbomb.com/predator-concrete-jungle/3030-10661/"
        },
        {
            "api_detail_url": "http://www.giantbomb.com/api/game/3030-7593/",
            "id": 7593,
            "name": "Ultimate Spider-Man",
            "site_detail_url": "http://www.giantbomb.com/ultimate-spider-man/3030-7593/"
        },
        {
            "api_detail_url": "http://www.giantbomb.com/api/game/3030-50553/",
            "id": 50553,
            "name": "Disney Phonics Quest",
            "site_detail_url": "http://www.giantbomb.com/disney-phonics-quest/3030-50553/"
        }
    ],
    "gender": null,
    "hometown": null,
    "id": 24188,
    "name": "Arthur Burghardt",
    "people": []
}