{
    "birth_date": null,
    "country": null,
    "death_date": null,
    "deck": "One of the founders of Bioware along with Ray Muzyka and Greg Zeschuk. He left the company in 1997 to return to medicine.",
    "first_credited_game": {
        "api_detail_url": "http://www.giantbomb.com/api/game/3030-7531/",
        "id": 7531,
        "name": "Shattered Steel"
    },
    "games": [
        {
            "api_detail_url": "http://www.giantbomb.com/api/game/3030-7531/",
            "id": 7531,
            "name": "Shattered Steel",
            "site_detail_url": "http://www.giantbomb.com/shattered-steel/3030-7531/"
        }
    ],
    "gender": 1,
    "hometown": null,
    "id": 41980,
    "name": "Augustine Yip",
    "people": []
}