{
    "birth_date": null,
    "country": null,
    "death_date": null,
    "deck": null,
    "first_credited_game": {
        "api_detail_url": "http://www.giantbomb.com/api/game/3030-5405/",
        "id": 5405,
        "name": "Sword of the Berserk: Guts' Rage"
    },
    "games": [
        {
            "api_detail_url": "http://www.giantbomb.com/api/game/3030-6346/",
            "id": 6346,
            "name": "Fallout Tactics: Brotherhood of Steel",
            "site_detail_url": "http://www.giantbomb.com/fallout-tactics-brotherhood-of-steel/3030-6346/"
        },
        {
            "api_detail_url": "http://www.giantbomb.com/api/game/3030-1341/",
            "id": 1341,
            "name": "Fallout: Brotherhood of Steel",
            "site_detail_url": "http://www.giantbomb.com/fallout-brotherhood-of-steel/3030-1341/"
        },
        {
            "api_detail_url": "http://www.giantbomb.com/api/game/3030-8580/",
            "id": 8580,
            "name": "Jade Empire",
            "site_detail_url": "http://www.giantbomb.com/jade-empire/3030-8580/"
        },
        {
            "api_detail_url": "http://www.giantbomb.com/api/game/3030-15114/",
            "id": 15114,
            "name": "Scooby-Doo!: Night of 100 Frights",
            "site_detail_url": "http://www.giantbomb.com/scooby-doo-night-of-100-frights/3030-15114/"
        },
        {
            "api_detail_url": "http://www.giantbomb.com/api/game/3030-10007/",
            "id": 10007,
            "name": "Dark Cloud 2",
            "site_detail_url": "http://www.giantbomb.com/dark-cloud-2/3030-10007/"
        },
        {
            "api_detail_url": "http://www.giantbomb.com/api/game/3030-5405/",
            "id": 5405,
            "name": "Sword of the Berserk: Guts' Rage",
            "site_detail_url": "http://www.giantbomb.com/sword-of-the-berserk-guts-rage/3030-5405/"
        },
        {
            "api_detail_url": "http://www.giantbomb.com/api/game/3030-981/",
            "id": 981,
            "name": "Forgotten Realms: Demon Stone",
            "site_detail_url": "http://www.giantbomb.com/forgotten-realms-demon-stone/3030-981/"
        }
    ],
    "gender": null,
    "hometown": null,
    "id": 29982,
    "name": "B.J. Ward",
    "people": []
}