{
    "birth_date": "1938-02-22",
    "country": "United States",
    "death_date": null,
    "deck": "Barry Dennen is an American voice actor",
    "first_credited_game": {
        "api_detail_url": "http://www.giantbomb.com/api/game/3030-13230/",
        "id": 13230,
        "name": "Grim Fandango"
    },
    "games": [
        {
            "api_detail_url": "http://www.giantbomb.com/api/game/3030-25933/",
            "id": 25933,
            "name": "Fallout: New Vegas",
            "site_detail_url": "http://www.giantbomb.com/fallout-new-vegas/3030-25933/"
        },
        {
            "api_detail_url": "http://www.giantbomb.com/api/game/3030-5235/",
            "id": 5235,
            "name": "Prince of Persia: The Sands of Time",
            "site_detail_url": "http://www.giantbomb.com/prince-of-persia-the-sands-of-time/3030-5235/"
        },
        {
            "api_detail_url": "http://www.giantbomb.com/api/game/3030-32887/",
            "id": 32887,
            "name": "Dota 2",
            "site_detail_url": "http://www.giantbomb.com/dota-2/3030-32887/"
        },
        {
            "api_detail_url": "http://www.giantbomb.com/api/game/3030-8580/",
            "id": 8580,
            "name": "Jade Empire",
            "site_detail_url": "http://www.giantbomb.com/jade-empire/3030-8580/"
        },
        {
            "api_detail_url": "http://www.giantbomb.com/api/game/3030-29941/",
            "id": 29941,
            "name": "Darksiders II",
            "site_detail_url": "http://www.giantbomb.com/darksiders-ii/3030-29941/"
        },
        {
            "api_detail_url": "http://www.giantbomb.com/api/game/3030-12388/",
            "id": 12388,
            "name": "Metal Gear Solid 2: Sons of Liberty",
            "site_detail_url": "http://www.giantbomb.com/metal-gear-solid-2-sons-of-liberty/3030-12388/"
        },
        {
            "api_detail_url": "http://www.giantbomb.com/api/game/3030-13230/",
            "id": 13230,
            "name": "Grim Fandango",
            "site_detail_url": "http://www.giantbomb.com/grim-fandango/3030-13230/"
        },
        {
            "api_detail_url": "http://www.giantbomb.com/api/game/3030-47854/",
            "id": 47854,
            "name": "Final Fantasy Type-0 HD",
            "site_detail_url": "http://www.giantbomb.com/final-fantasy-type0-hd/3030-47854/"
        }
    ],
    "gender": 0,
    "hometown": null,
    "id": 7684,
    "name": "Barry Dennen",
    "people": []
}