{
    "birth_date": null,
    "country": null,
    "death_date": null,
    "deck": null,
    "first_credited_game": {
        "api_detail_url": "http://www.giantbomb.com/api/game/3030-18828/",
        "id": 18828,
        "name": "Unreal Tournament 2003"
    },
    "games": [
        {
            "api_detail_url": "http://www.giantbomb.com/api/game/3030-10955/",
            "id": 10955,
            "name": "Unreal Tournament 3",
            "site_detail_url": "http://www.giantbomb.com/unreal-tournament-3/3030-10955/"
        },
        {
            "api_detail_url": "http://www.giantbomb.com/api/game/3030-18828/",
            "id": 18828,
            "name": "Unreal Tournament 2003",
            "site_detail_url": "http://www.giantbomb.com/unreal-tournament-2003/3030-18828/"
        },
        {
            "api_detail_url": "http://www.giantbomb.com/api/game/3030-21590/",
            "id": 21590,
            "name": "Mass Effect 2",
            "site_detail_url": "http://www.giantbomb.com/mass-effect-2/3030-21590/"
        },
        {
            "api_detail_url": "http://www.giantbomb.com/api/game/3030-21864/",
            "id": 21864,
            "name": "Overlord",
            "site_detail_url": "http://www.giantbomb.com/overlord/3030-21864/"
        },
        {
            "api_detail_url": "http://www.giantbomb.com/api/game/3030-20662/",
            "id": 20662,
            "name": "Gears of War 2",
            "site_detail_url": "http://www.giantbomb.com/gears-of-war-2/3030-20662/"
        },
        {
            "api_detail_url": "http://www.giantbomb.com/api/game/3030-6183/",
            "id": 6183,
            "name": "Pariah",
            "site_detail_url": "http://www.giantbomb.com/pariah/3030-6183/"
        },
        {
            "api_detail_url": "http://www.giantbomb.com/api/game/3030-13286/",
            "id": 13286,
            "name": "Unreal Tournament 2004",
            "site_detail_url": "http://www.giantbomb.com/unreal-tournament-2004/3030-13286/"
        }
    ],
    "gender": 1,
    "hometown": null,
    "id": 62012,
    "name": "Bastiaan Frank",
    "people": []
}