{
    "birth_date": null,
    "country": null,
    "death_date": null,
    "deck": null,
    "first_credited_game": {
        "api_detail_url": "http://www.giantbomb.com/api/game/3030-9516/",
        "id": 9516,
        "name": "Hard Evidence: The Marilyn Monroe Files"
    },
    "games": [
        {
            "api_detail_url": "http://www.giantbomb.com/api/game/3030-30913/",
            "id": 30913,
            "name": "The Next Big Thing",
            "site_detail_url": "http://www.giantbomb.com/the-next-big-thing/3030-30913/"
        },
        {
            "api_detail_url": "http://www.giantbomb.com/api/game/3030-23397/",
            "id": 23397,
            "name": "The Kore Gang: Outvasion from Inner Earth",
            "site_detail_url": "http://www.giantbomb.com/the-kore-gang-outvasion-from-inner-earth/3030-23397/"
        },
        {
            "api_detail_url": "http://www.giantbomb.com/api/game/3030-22766/",
            "id": 22766,
            "name": "Harry Potter and the Half-Blood Prince",
            "site_detail_url": "http://www.giantbomb.com/harry-potter-and-the-half-blood-prince/3030-22766/"
        },
        {
            "api_detail_url": "http://www.giantbomb.com/api/game/3030-24656/",
            "id": 24656,
            "name": "Murder in the Abbey",
            "site_detail_url": "http://www.giantbomb.com/murder-in-the-abbey/3030-24656/"
        },
        {
            "api_detail_url": "http://www.giantbomb.com/api/game/3030-3792/",
            "id": 3792,
            "name": "Harry Potter and the Prisoner of Azkaban",
            "site_detail_url": "http://www.giantbomb.com/harry-potter-and-the-prisoner-of-azkaban/3030-3792/"
        },
        {
            "api_detail_url": "http://www.giantbomb.com/api/game/3030-577/",
            "id": 577,
            "name": "Harry Potter and the Philosopher's Stone",
            "site_detail_url": "http://www.giantbomb.com/harry-potter-and-the-philosophers-stone/3030-577/"
        },
        {
            "api_detail_url": "http://www.giantbomb.com/api/game/3030-13998/",
            "id": 13998,
            "name": "Star Wars: Starfighter",
            "site_detail_url": "http://www.giantbomb.com/star-wars-starfighter/3030-13998/"
        },
        {
            "api_detail_url": "http://www.giantbomb.com/api/game/3030-6795/",
            "id": 6795,
            "name": "Baldur's Gate II: Throne of Bhaal",
            "site_detail_url": "http://www.giantbomb.com/baldurs-gate-ii-throne-of-bhaal/3030-6795/"
        },
        {
            "api_detail_url": "http://www.giantbomb.com/api/game/3030-10637/",
            "id": 10637,
            "name": "Baldur's Gate II: Shadows of Amn",
            "site_detail_url": "http://www.giantbomb.com/baldurs-gate-ii-shadows-of-amn/3030-10637/"
        },
        {
            "api_detail_url": "http://www.giantbomb.com/api/game/3030-18072/",
            "id": 18072,
            "name": "Command & Conquer: Red Alert 2",
            "site_detail_url": "http://www.giantbomb.com/command-conquer-red-alert-2/3030-18072/"
        },
        {
            "api_detail_url": "http://www.giantbomb.com/api/game/3030-9058/",
            "id": 9058,
            "name": "Escape from Monkey Island",
            "site_detail_url": "http://www.giantbomb.com/escape-from-monkey-island/3030-9058/"
        },
        {
            "api_detail_url": "http://www.giantbomb.com/api/game/3030-3958/",
            "id": 3958,
            "name": "Nox",
            "site_detail_url": "http://www.giantbomb.com/nox/3030-3958/"
        },
        {
            "api_detail_url": "http://www.giantbomb.com/api/game/3030-4203/",
            "id": 4203,
            "name": "Discworld Noir",
            "site_detail_url": "http://www.giantbomb.com/discworld-noir/3030-4203/"
        },
        {
            "api_detail_url": "http://www.giantbomb.com/api/game/3030-8759/",
            "id": 8759,
            "name": "The Longest Journey",
            "site_detail_url": "http://www.giantbomb.com/the-longest-journey/3030-8759/"
        },
        {
            "api_detail_url": "http://www.giantbomb.com/api/game/3030-19680/",
            "id": 19680,
            "name": "Total Annihilation: Kingdoms",
            "site_detail_url": "http://www.giantbomb.com/total-annihilation-kingdoms/3030-19680/"
        },
        {
            "api_detail_url": "http://www.giantbomb.com/api/game/3030-9792/",
            "id": 9792,
            "name": "Jeff Wayne's The War of the Worlds",
            "site_detail_url": "http://www.giantbomb.com/jeff-waynes-the-war-of-the-worlds/3030-9792/"
        },
        {
            "api_detail_url": "http://www.giantbomb.com/api/game/3030-11520/",
            "id": 11520,
            "name": "Akte Europa",
            "site_detail_url": "http://www.giantbomb.com/akte-europa/3030-11520/"
        },
        {
            "api_detail_url": "http://www.giantbomb.com/api/game/3030-3023/",
            "id": 3023,
            "name": "Tomb Raider",
            "site_detail_url": "http://www.giantbomb.com/tomb-raider/3030-3023/"
        },
        {
            "api_detail_url": "http://www.giantbomb.com/api/game/3030-9516/",
            "id": 9516,
            "name": "Hard Evidence: The Marilyn Monroe Files",
            "site_detail_url": "http://www.giantbomb.com/hard-evidence-the-marilyn-monroe-files/3030-9516/"
        },
        {
            "api_detail_url": "http://www.giantbomb.com/api/game/3030-4523/",
            "id": 4523,
            "name": "Thief: The Dark Project",
            "site_detail_url": "http://www.giantbomb.com/thief-the-dark-project/3030-4523/"
        }
    ],
    "gender": 1,
    "hometown": null,
    "id": 20453,
    "name": "Ben Hecker",
    "people": []
}