{
    "birth_date": null,
    "country": null,
    "death_date": null,
    "deck": null,
    "first_credited_game": {
        "api_detail_url": "http://www.giantbomb.com/api/game/3030-18547/",
        "id": 18547,
        "name": "EverQuest II"
    },
    "games": [
        {
            "api_detail_url": "http://www.giantbomb.com/api/game/3030-18547/",
            "id": 18547,
            "name": "EverQuest II",
            "site_detail_url": "http://www.giantbomb.com/everquest-ii/3030-18547/"
        }
    ],
    "gender": null,
    "hometown": null,
    "id": 12875,
    "name": "Bernadette Sullivan",
    "people": []
}