{
    "birth_date": null,
    "country": null,
    "death_date": null,
    "deck": null,
    "first_credited_game": {
        "api_detail_url": "http://www.giantbomb.com/api/game/3030-15945/",
        "id": 15945,
        "name": "FIFA 99"
    },
    "games": [
        {
            "api_detail_url": "http://www.giantbomb.com/api/game/3030-15945/",
            "id": 15945,
            "name": "FIFA 99",
            "site_detail_url": "http://www.giantbomb.com/fifa-99/3030-15945/"
        },
        {
            "api_detail_url": "http://www.giantbomb.com/api/game/3030-453/",
            "id": 453,
            "name": "Need for Speed: High Stakes",
            "site_detail_url": "http://www.giantbomb.com/need-for-speed-high-stakes/3030-453/"
        },
        {
            "api_detail_url": "http://www.giantbomb.com/api/game/3030-7000/",
            "id": 7000,
            "name": "Triple Play 2001",
            "site_detail_url": "http://www.giantbomb.com/triple-play-2001/3030-7000/"
        },
        {
            "api_detail_url": "http://www.giantbomb.com/api/game/3030-1932/",
            "id": 1932,
            "name": "SSX",
            "site_detail_url": "http://www.giantbomb.com/ssx/3030-1932/"
        },
        {
            "api_detail_url": "http://www.giantbomb.com/api/game/3030-14647/",
            "id": 14647,
            "name": "FIFA 2001",
            "site_detail_url": "http://www.giantbomb.com/fifa-2001/3030-14647/"
        },
        {
            "api_detail_url": "http://www.giantbomb.com/api/game/3030-9670/",
            "id": 9670,
            "name": "Triple Play Baseball",
            "site_detail_url": "http://www.giantbomb.com/triple-play-baseball/3030-9670/"
        },
        {
            "api_detail_url": "http://www.giantbomb.com/api/game/3030-8383/",
            "id": 8383,
            "name": "NBA Live 2001",
            "site_detail_url": "http://www.giantbomb.com/nba-live-2001/3030-8383/"
        },
        {
            "api_detail_url": "http://www.giantbomb.com/api/game/3030-17271/",
            "id": 17271,
            "name": "Triple Play 2002",
            "site_detail_url": "http://www.giantbomb.com/triple-play-2002/3030-17271/"
        },
        {
            "api_detail_url": "http://www.giantbomb.com/api/game/3030-1586/",
            "id": 1586,
            "name": "Total Club Manager 2003",
            "site_detail_url": "http://www.giantbomb.com/total-club-manager-2003/3030-1586/"
        },
        {
            "api_detail_url": "http://www.giantbomb.com/api/game/3030-14367/",
            "id": 14367,
            "name": "Sled Storm",
            "site_detail_url": "http://www.giantbomb.com/sled-storm/3030-14367/"
        },
        {
            "api_detail_url": "http://www.giantbomb.com/api/game/3030-14083/",
            "id": 14083,
            "name": "NHL 2003",
            "site_detail_url": "http://www.giantbomb.com/nhl-2003/3030-14083/"
        },
        {
            "api_detail_url": "http://www.giantbomb.com/api/game/3030-12395/",
            "id": 12395,
            "name": "Need for Speed: Hot Pursuit 2",
            "site_detail_url": "http://www.giantbomb.com/need-for-speed-hot-pursuit-2/3030-12395/"
        },
        {
            "api_detail_url": "http://www.giantbomb.com/api/game/3030-13378/",
            "id": 13378,
            "name": "NBA Live 2003",
            "site_detail_url": "http://www.giantbomb.com/nba-live-2003/3030-13378/"
        },
        {
            "api_detail_url": "http://www.giantbomb.com/api/game/3030-12172/",
            "id": 12172,
            "name": "NASCAR Thunder 2003",
            "site_detail_url": "http://www.giantbomb.com/nascar-thunder-2003/3030-12172/"
        },
        {
            "api_detail_url": "http://www.giantbomb.com/api/game/3030-5535/",
            "id": 5535,
            "name": "Knockout Kings 2003",
            "site_detail_url": "http://www.giantbomb.com/knockout-kings-2003/3030-5535/"
        },
        {
            "api_detail_url": "http://www.giantbomb.com/api/game/3030-13451/",
            "id": 13451,
            "name": "Knockout Kings 2002",
            "site_detail_url": "http://www.giantbomb.com/knockout-kings-2002/3030-13451/"
        },
        {
            "api_detail_url": "http://www.giantbomb.com/api/game/3030-5022/",
            "id": 5022,
            "name": "Freekstyle",
            "site_detail_url": "http://www.giantbomb.com/freekstyle/3030-5022/"
        },
        {
            "api_detail_url": "http://www.giantbomb.com/api/game/3030-4165/",
            "id": 4165,
            "name": "FIFA Soccer 2003",
            "site_detail_url": "http://www.giantbomb.com/fifa-soccer-2003/3030-4165/"
        },
        {
            "api_detail_url": "http://www.giantbomb.com/api/game/3030-14877/",
            "id": 14877,
            "name": "2002 FIFA World Cup",
            "site_detail_url": "http://www.giantbomb.com/2002-fifa-world-cup/3030-14877/"
        },
        {
            "api_detail_url": "http://www.giantbomb.com/api/game/3030-19086/",
            "id": 19086,
            "name": "Total Club Manager 2004",
            "site_detail_url": "http://www.giantbomb.com/total-club-manager-2004/3030-19086/"
        },
        {
            "api_detail_url": "http://www.giantbomb.com/api/game/3030-1828/",
            "id": 1828,
            "name": "NHL 2004",
            "site_detail_url": "http://www.giantbomb.com/nhl-2004/3030-1828/"
        },
        {
            "api_detail_url": "http://www.giantbomb.com/api/game/3030-9866/",
            "id": 9866,
            "name": "NBA Street Vol. 2",
            "site_detail_url": "http://www.giantbomb.com/nba-street-vol-2/3030-9866/"
        },
        {
            "api_detail_url": "http://www.giantbomb.com/api/game/3030-18428/",
            "id": 18428,
            "name": "NASCAR Thunder 2004",
            "site_detail_url": "http://www.giantbomb.com/nascar-thunder-2004/3030-18428/"
        },
        {
            "api_detail_url": "http://www.giantbomb.com/api/game/3030-16752/",
            "id": 16752,
            "name": "Medal of Honor: Rising Sun",
            "site_detail_url": "http://www.giantbomb.com/medal-of-honor-rising-sun/3030-16752/"
        },
        {
            "api_detail_url": "http://www.giantbomb.com/api/game/3030-9214/",
            "id": 9214,
            "name": "FIFA Soccer 2004",
            "site_detail_url": "http://www.giantbomb.com/fifa-soccer-2004/3030-9214/"
        },
        {
            "api_detail_url": "http://www.giantbomb.com/api/game/3030-2410/",
            "id": 2410,
            "name": "Def Jam: Vendetta",
            "site_detail_url": "http://www.giantbomb.com/def-jam-vendetta/3030-2410/"
        },
        {
            "api_detail_url": "http://www.giantbomb.com/api/game/3030-3517/",
            "id": 3517,
            "name": "UEFA Euro 2004 Portugal",
            "site_detail_url": "http://www.giantbomb.com/uefa-euro-2004-portugal/3030-3517/"
        },
        {
            "api_detail_url": "http://www.giantbomb.com/api/game/3030-15714/",
            "id": 15714,
            "name": "Total Club Manager 2005",
            "site_detail_url": "http://www.giantbomb.com/total-club-manager-2005/3030-15714/"
        },
        {
            "api_detail_url": "http://www.giantbomb.com/api/game/3030-9651/",
            "id": 9651,
            "name": "Need for Speed Underground 2",
            "site_detail_url": "http://www.giantbomb.com/need-for-speed-underground-2/3030-9651/"
        },
        {
            "api_detail_url": "http://www.giantbomb.com/api/game/3030-1869/",
            "id": 1869,
            "name": "Medal of Honor: Pacific Assault",
            "site_detail_url": "http://www.giantbomb.com/medal-of-honor-pacific-assault/3030-1869/"
        },
        {
            "api_detail_url": "http://www.giantbomb.com/api/game/3030-18564/",
            "id": 18564,
            "name": "FIFA Soccer 2005",
            "site_detail_url": "http://www.giantbomb.com/fifa-soccer-2005/3030-18564/"
        },
        {
            "api_detail_url": "http://www.giantbomb.com/api/game/3030-16586/",
            "id": 16586,
            "name": "Battlefield Vietnam",
            "site_detail_url": "http://www.giantbomb.com/battlefield-vietnam/3030-16586/"
        },
        {
            "api_detail_url": "http://www.giantbomb.com/api/game/3030-1630/",
            "id": 1630,
            "name": "UEFA Champions League 2004-2005",
            "site_detail_url": "http://www.giantbomb.com/uefa-champions-league-2004-2005/3030-1630/"
        },
        {
            "api_detail_url": "http://www.giantbomb.com/api/game/3030-12418/",
            "id": 12418,
            "name": "SSX on Tour",
            "site_detail_url": "http://www.giantbomb.com/ssx-on-tour/3030-12418/"
        },
        {
            "api_detail_url": "http://www.giantbomb.com/api/game/3030-2473/",
            "id": 2473,
            "name": "The Sims 2",
            "site_detail_url": "http://www.giantbomb.com/the-sims-2/3030-2473/"
        },
        {
            "api_detail_url": "http://www.giantbomb.com/api/game/3030-9850/",
            "id": 9850,
            "name": "The Sims 2: Nightlife",
            "site_detail_url": "http://www.giantbomb.com/the-sims-2-nightlife/3030-9850/"
        },
        {
            "api_detail_url": "http://www.giantbomb.com/api/game/3030-1591/",
            "id": 1591,
            "name": "Need for Speed Underground: Rivals",
            "site_detail_url": "http://www.giantbomb.com/need-for-speed-underground-rivals/3030-1591/"
        },
        {
            "api_detail_url": "http://www.giantbomb.com/api/game/3030-12976/",
            "id": 12976,
            "name": "Need for Speed: Most Wanted",
            "site_detail_url": "http://www.giantbomb.com/need-for-speed-most-wanted/3030-12976/"
        },
        {
            "api_detail_url": "http://www.giantbomb.com/api/game/3030-11445/",
            "id": 11445,
            "name": "Need for Speed: Most Wanted 5-1-0",
            "site_detail_url": "http://www.giantbomb.com/need-for-speed-most-wanted-5-1-0/3030-11445/"
        },
        {
            "api_detail_url": "http://www.giantbomb.com/api/game/3030-61/",
            "id": 61,
            "name": "NBA Street V3",
            "site_detail_url": "http://www.giantbomb.com/nba-street-v3/3030-61/"
        },
        {
            "api_detail_url": "http://www.giantbomb.com/api/game/3030-7206/",
            "id": 7206,
            "name": "NBA Live 06",
            "site_detail_url": "http://www.giantbomb.com/nba-live-06/3030-7206/"
        },
        {
            "api_detail_url": "http://www.giantbomb.com/api/game/3030-4284/",
            "id": 4284,
            "name": "NASCAR SimRacing",
            "site_detail_url": "http://www.giantbomb.com/nascar-simracing/3030-4284/"
        },
        {
            "api_detail_url": "http://www.giantbomb.com/api/game/3030-9978/",
            "id": 9978,
            "name": "MVP Baseball 2005",
            "site_detail_url": "http://www.giantbomb.com/mvp-baseball-2005/3030-9978/"
        },
        {
            "api_detail_url": "http://www.giantbomb.com/api/game/3030-14685/",
            "id": 14685,
            "name": "Fight Night Round 2",
            "site_detail_url": "http://www.giantbomb.com/fight-night-round-2/3030-14685/"
        },
        {
            "api_detail_url": "http://www.giantbomb.com/api/game/3030-15288/",
            "id": 15288,
            "name": "FIFA Street",
            "site_detail_url": "http://www.giantbomb.com/fifa-street/3030-15288/"
        },
        {
            "api_detail_url": "http://www.giantbomb.com/api/game/3030-5605/",
            "id": 5605,
            "name": "FIFA Manager 06",
            "site_detail_url": "http://www.giantbomb.com/fifa-manager-06/3030-5605/"
        },
        {
            "api_detail_url": "http://www.giantbomb.com/api/game/3030-3556/",
            "id": 3556,
            "name": "The Sims 2: Pets",
            "site_detail_url": "http://www.giantbomb.com/the-sims-2-pets/3030-3556/"
        },
        {
            "api_detail_url": "http://www.giantbomb.com/api/game/3030-8681/",
            "id": 8681,
            "name": "The Sims 2: Open for Business",
            "site_detail_url": "http://www.giantbomb.com/the-sims-2-open-for-business/3030-8681/"
        },
        {
            "api_detail_url": "http://www.giantbomb.com/api/game/3030-18021/",
            "id": 18021,
            "name": "Need for Speed: Carbon - Own the City",
            "site_detail_url": "http://www.giantbomb.com/need-for-speed-carbon-own-the-city/3030-18021/"
        },
        {
            "api_detail_url": "http://www.giantbomb.com/api/game/3030-13540/",
            "id": 13540,
            "name": "The Godfather: The Game",
            "site_detail_url": "http://www.giantbomb.com/the-godfather-the-game/3030-13540/"
        },
        {
            "api_detail_url": "http://www.giantbomb.com/api/game/3030-1787/",
            "id": 1787,
            "name": "FIFA World Cup: Germany 2006",
            "site_detail_url": "http://www.giantbomb.com/fifa-world-cup-germany-2006/3030-1787/"
        },
        {
            "api_detail_url": "http://www.giantbomb.com/api/game/3030-9592/",
            "id": 9592,
            "name": "FIFA Street 2",
            "site_detail_url": "http://www.giantbomb.com/fifa-street-2/3030-9592/"
        },
        {
            "api_detail_url": "http://www.giantbomb.com/api/game/3030-3753/",
            "id": 3753,
            "name": "FIFA Manager 07",
            "site_detail_url": "http://www.giantbomb.com/fifa-manager-07/3030-3753/"
        },
        {
            "api_detail_url": "http://www.giantbomb.com/api/game/3030-22430/",
            "id": 22430,
            "name": "The Sims 2 Castaway",
            "site_detail_url": "http://www.giantbomb.com/the-sims-2-castaway/3030-22430/"
        },
        {
            "api_detail_url": "http://www.giantbomb.com/api/game/3030-23109/",
            "id": 23109,
            "name": "EA Playground",
            "site_detail_url": "http://www.giantbomb.com/ea-playground/3030-23109/"
        },
        {
            "api_detail_url": "http://www.giantbomb.com/api/game/3030-8459/",
            "id": 8459,
            "name": "Burnout Dominator",
            "site_detail_url": "http://www.giantbomb.com/burnout-dominator/3030-8459/"
        },
        {
            "api_detail_url": "http://www.giantbomb.com/api/game/3030-20697/",
            "id": 20697,
            "name": "Mercenaries 2: World in Flames",
            "site_detail_url": "http://www.giantbomb.com/mercenaries-2-world-in-flames/3030-20697/"
        },
        {
            "api_detail_url": "http://www.giantbomb.com/api/game/3030-23346/",
            "id": 23346,
            "name": "The Godfather II",
            "site_detail_url": "http://www.giantbomb.com/the-godfather-ii/3030-23346/"
        },
        {
            "api_detail_url": "http://www.giantbomb.com/api/game/3030-1204/",
            "id": 1204,
            "name": "WCW Mayhem",
            "site_detail_url": "http://www.giantbomb.com/wcw-mayhem/3030-1204/"
        },
        {
            "api_detail_url": "http://www.giantbomb.com/api/game/3030-12254/",
            "id": 12254,
            "name": "Need for Speed Underground",
            "site_detail_url": "http://www.giantbomb.com/need-for-speed-underground/3030-12254/"
        },
        {
            "api_detail_url": "http://www.giantbomb.com/api/game/3030-29602/",
            "id": 29602,
            "name": "Nerf: N-Strike Elite",
            "site_detail_url": "http://www.giantbomb.com/nerf-n-strike-elite/3030-29602/"
        },
        {
            "api_detail_url": "http://www.giantbomb.com/api/game/3030-5035/",
            "id": 5035,
            "name": "NFL Head Coach",
            "site_detail_url": "http://www.giantbomb.com/nfl-head-coach/3030-5035/"
        },
        {
            "api_detail_url": "http://www.giantbomb.com/api/game/3030-51194/",
            "id": 51194,
            "name": "Need for Speed: No Limits",
            "site_detail_url": "http://www.giantbomb.com/need-for-speed-no-limits/3030-51194/"
        }
    ],
    "gender": 2,
    "hometown": null,
    "id": 11541,
    "name": "Beverly Koeckeritz",
    "people": []
}