{
    "birth_date": "1947-02-25",
    "country": "USA",
    "death_date": null,
    "deck": null,
    "first_credited_game": {
        "api_detail_url": "http://www.giantbomb.com/api/game/3030-2240/",
        "id": 2240,
        "name": "King's Quest VI: Heir Today, Gone Tomorrow"
    },
    "games": [
        {
            "api_detail_url": "http://www.giantbomb.com/api/game/3030-21590/",
            "id": 21590,
            "name": "Mass Effect 2",
            "site_detail_url": "http://www.giantbomb.com/mass-effect-2/3030-21590/"
        },
        {
            "api_detail_url": "http://www.giantbomb.com/api/game/3030-2240/",
            "id": 2240,
            "name": "King's Quest VI: Heir Today, Gone Tomorrow",
            "site_detail_url": "http://www.giantbomb.com/kings-quest-vi-heir-today-gone-tomorrow/3030-2240/"
        },
        {
            "api_detail_url": "http://www.giantbomb.com/api/game/3030-12107/",
            "id": 12107,
            "name": "Baldur's Gate: Dark Alliance II",
            "site_detail_url": "http://www.giantbomb.com/baldurs-gate-dark-alliance-ii/3030-12107/"
        },
        {
            "api_detail_url": "http://www.giantbomb.com/api/game/3030-16909/",
            "id": 16909,
            "name": "Mass Effect",
            "site_detail_url": "http://www.giantbomb.com/mass-effect/3030-16909/"
        }
    ],
    "gender": 1,
    "hometown": null,
    "id": 3278,
    "name": "Bill Ratner",
    "people": []
}