{
    "birth_date": null,
    "country": null,
    "death_date": null,
    "deck": null,
    "first_credited_game": {
        "api_detail_url": "http://www.giantbomb.com/api/game/3030-10637/",
        "id": 10637,
        "name": "Baldur's Gate II: Shadows of Amn"
    },
    "games": [
        {
            "api_detail_url": "http://www.giantbomb.com/api/game/3030-10637/",
            "id": 10637,
            "name": "Baldur's Gate II: Shadows of Amn",
            "site_detail_url": "http://www.giantbomb.com/baldurs-gate-ii-shadows-of-amn/3030-10637/"
        }
    ],
    "gender": 1,
    "hometown": null,
    "id": 29958,
    "name": "Brad Grier",
    "people": []
}