{
    "birth_date": null,
    "country": null,
    "death_date": null,
    "deck": null,
    "first_credited_game": {
        "api_detail_url": "http://www.giantbomb.com/api/game/3030-217/",
        "id": 217,
        "name": "Sid Meier's Civilization II"
    },
    "games": [
        {
            "api_detail_url": "http://www.giantbomb.com/api/game/3030-5914/",
            "id": 5914,
            "name": "Spy Fox: Operation Ozone",
            "site_detail_url": "http://www.giantbomb.com/spy-fox-operation-ozone/3030-5914/"
        },
        {
            "api_detail_url": "http://www.giantbomb.com/api/game/3030-19715/",
            "id": 19715,
            "name": "Jack Nicklaus 4",
            "site_detail_url": "http://www.giantbomb.com/jack-nicklaus-4/3030-19715/"
        },
        {
            "api_detail_url": "http://www.giantbomb.com/api/game/3030-13819/",
            "id": 13819,
            "name": "Test Drive 5",
            "site_detail_url": "http://www.giantbomb.com/test-drive-5/3030-13819/"
        },
        {
            "api_detail_url": "http://www.giantbomb.com/api/game/3030-4777/",
            "id": 4777,
            "name": "X-COM: Apocalypse",
            "site_detail_url": "http://www.giantbomb.com/x-com-apocalypse/3030-4777/"
        },
        {
            "api_detail_url": "http://www.giantbomb.com/api/game/3030-217/",
            "id": 217,
            "name": "Sid Meier's Civilization II",
            "site_detail_url": "http://www.giantbomb.com/sid-meiers-civilization-ii/3030-217/"
        },
        {
            "api_detail_url": "http://www.giantbomb.com/api/game/3030-18567/",
            "id": 18567,
            "name": "Magic: The Gathering - Battlegrounds",
            "site_detail_url": "http://www.giantbomb.com/magic-the-gathering-battlegrounds/3030-18567/"
        },
        {
            "api_detail_url": "http://www.giantbomb.com/api/game/3030-2532/",
            "id": 2532,
            "name": "Magic: The Gathering - Duels of the Planeswalkers",
            "site_detail_url": "http://www.giantbomb.com/magic-the-gathering-duels-of-the-planeswalkers/3030-2532/"
        },
        {
            "api_detail_url": "http://www.giantbomb.com/api/game/3030-9265/",
            "id": 9265,
            "name": "Magic: The Gathering - Spells of the Ancients",
            "site_detail_url": "http://www.giantbomb.com/magic-the-gathering-spells-of-the-ancients/3030-9265/"
        },
        {
            "api_detail_url": "http://www.giantbomb.com/api/game/3030-3419/",
            "id": 3419,
            "name": "MDK",
            "site_detail_url": "http://www.giantbomb.com/mdk/3030-3419/"
        },
        {
            "api_detail_url": "http://www.giantbomb.com/api/game/3030-2895/",
            "id": 2895,
            "name": "Battle Arena Toshinden 3",
            "site_detail_url": "http://www.giantbomb.com/battle-arena-toshinden-3/3030-2895/"
        },
        {
            "api_detail_url": "http://www.giantbomb.com/api/game/3030-3018/",
            "id": 3018,
            "name": "Meat Puppet",
            "site_detail_url": "http://www.giantbomb.com/meat-puppet/3030-3018/"
        },
        {
            "api_detail_url": "http://www.giantbomb.com/api/game/3030-18067/",
            "id": 18067,
            "name": "Alien Earth",
            "site_detail_url": "http://www.giantbomb.com/alien-earth/3030-18067/"
        },
        {
            "api_detail_url": "http://www.giantbomb.com/api/game/3030-9553/",
            "id": 9553,
            "name": "Powerslave",
            "site_detail_url": "http://www.giantbomb.com/powerslave/3030-9553/"
        },
        {
            "api_detail_url": "http://www.giantbomb.com/api/game/3030-3536/",
            "id": 3536,
            "name": "Pandemonium!",
            "site_detail_url": "http://www.giantbomb.com/pandemonium/3030-3536/"
        },
        {
            "api_detail_url": "http://www.giantbomb.com/api/game/3030-19453/",
            "id": 19453,
            "name": "Pandemonium 2",
            "site_detail_url": "http://www.giantbomb.com/pandemonium-2/3030-19453/"
        },
        {
            "api_detail_url": "http://www.giantbomb.com/api/game/3030-11371/",
            "id": 11371,
            "name": "Gex: Enter the Gecko",
            "site_detail_url": "http://www.giantbomb.com/gex-enter-the-gecko/3030-11371/"
        },
        {
            "api_detail_url": "http://www.giantbomb.com/api/game/3030-8736/",
            "id": 8736,
            "name": "Blood Omen: Legacy of Kain",
            "site_detail_url": "http://www.giantbomb.com/blood-omen-legacy-of-kain/3030-8736/"
        },
        {
            "api_detail_url": "http://www.giantbomb.com/api/game/3030-2256/",
            "id": 2256,
            "name": "Akuji: The Heartless",
            "site_detail_url": "http://www.giantbomb.com/akuji-the-heartless/3030-2256/"
        },
        {
            "api_detail_url": "http://www.giantbomb.com/api/game/3030-7215/",
            "id": 7215,
            "name": "Monty Python & The Quest for the Holy Grail",
            "site_detail_url": "http://www.giantbomb.com/monty-python-the-quest-for-the-holy-grail/3030-7215/"
        },
        {
            "api_detail_url": "http://www.giantbomb.com/api/game/3030-3880/",
            "id": 3880,
            "name": "Monty Python's The Meaning of Life",
            "site_detail_url": "http://www.giantbomb.com/monty-pythons-the-meaning-of-life/3030-3880/"
        },
        {
            "api_detail_url": "http://www.giantbomb.com/api/game/3030-8122/",
            "id": 8122,
            "name": "G-Nome",
            "site_detail_url": "http://www.giantbomb.com/g-nome/3030-8122/"
        },
        {
            "api_detail_url": "http://www.giantbomb.com/api/game/3030-615/",
            "id": 615,
            "name": "Dominion: Storm Over Gift 3",
            "site_detail_url": "http://www.giantbomb.com/dominion-storm-over-gift-3/3030-615/"
        },
        {
            "api_detail_url": "http://www.giantbomb.com/api/game/3030-20171/",
            "id": 20171,
            "name": "Cyberswine",
            "site_detail_url": "http://www.giantbomb.com/cyberswine/3030-20171/"
        },
        {
            "api_detail_url": "http://www.giantbomb.com/api/game/3030-15744/",
            "id": 15744,
            "name": "Gravity Angels Part 1: Alien Discovery",
            "site_detail_url": "http://www.giantbomb.com/gravity-angels-part-1-alien-discovery/3030-15744/"
        },
        {
            "api_detail_url": "http://www.giantbomb.com/api/game/3030-3594/",
            "id": 3594,
            "name": "Total Annihilation",
            "site_detail_url": "http://www.giantbomb.com/total-annihilation/3030-3594/"
        },
        {
            "api_detail_url": "http://www.giantbomb.com/api/game/3030-12927/",
            "id": 12927,
            "name": "Total Annihilation: Commander Pack",
            "site_detail_url": "http://www.giantbomb.com/total-annihilation-commander-pack/3030-12927/"
        },
        {
            "api_detail_url": "http://www.giantbomb.com/api/game/3030-2622/",
            "id": 2622,
            "name": "Total Annihilation: The Core Contingency",
            "site_detail_url": "http://www.giantbomb.com/total-annihilation-the-core-contingency/3030-2622/"
        },
        {
            "api_detail_url": "http://www.giantbomb.com/api/game/3030-4971/",
            "id": 4971,
            "name": "Total Annihilation: Battle Tactics",
            "site_detail_url": "http://www.giantbomb.com/total-annihilation-battle-tactics/3030-4971/"
        },
        {
            "api_detail_url": "http://www.giantbomb.com/api/game/3030-19680/",
            "id": 19680,
            "name": "Total Annihilation: Kingdoms",
            "site_detail_url": "http://www.giantbomb.com/total-annihilation-kingdoms/3030-19680/"
        },
        {
            "api_detail_url": "http://www.giantbomb.com/api/game/3030-5746/",
            "id": 5746,
            "name": "Total Annihilation: Kingdoms - Iron Plague",
            "site_detail_url": "http://www.giantbomb.com/total-annihilation-kingdoms-iron-plague/3030-5746/"
        },
        {
            "api_detail_url": "http://www.giantbomb.com/api/game/3030-1980/",
            "id": 1980,
            "name": "Moonbase Commander",
            "site_detail_url": "http://www.giantbomb.com/moonbase-commander/3030-1980/"
        },
        {
            "api_detail_url": "http://www.giantbomb.com/api/game/3030-21806/",
            "id": 21806,
            "name": "Backyard Baseball",
            "site_detail_url": "http://www.giantbomb.com/backyard-baseball/3030-21806/"
        },
        {
            "api_detail_url": "http://www.giantbomb.com/api/game/3030-15449/",
            "id": 15449,
            "name": "Backyard Baseball 2001",
            "site_detail_url": "http://www.giantbomb.com/backyard-baseball-2001/3030-15449/"
        },
        {
            "api_detail_url": "http://www.giantbomb.com/api/game/3030-12532/",
            "id": 12532,
            "name": "Backyard Baseball 2003",
            "site_detail_url": "http://www.giantbomb.com/backyard-baseball-2003/3030-12532/"
        },
        {
            "api_detail_url": "http://www.giantbomb.com/api/game/3030-11158/",
            "id": 11158,
            "name": "Backyard Baseball",
            "site_detail_url": "http://www.giantbomb.com/backyard-baseball/3030-11158/"
        },
        {
            "api_detail_url": "http://www.giantbomb.com/api/game/3030-21815/",
            "id": 21815,
            "name": "Backyard Football",
            "site_detail_url": "http://www.giantbomb.com/backyard-football/3030-21815/"
        },
        {
            "api_detail_url": "http://www.giantbomb.com/api/game/3030-5629/",
            "id": 5629,
            "name": "Backyard Football 2002",
            "site_detail_url": "http://www.giantbomb.com/backyard-football-2002/3030-5629/"
        },
        {
            "api_detail_url": "http://www.giantbomb.com/api/game/3030-18488/",
            "id": 18488,
            "name": "Backyard Soccer",
            "site_detail_url": "http://www.giantbomb.com/backyard-soccer/3030-18488/"
        },
        {
            "api_detail_url": "http://www.giantbomb.com/api/game/3030-12469/",
            "id": 12469,
            "name": "Backyard Soccer MLS Edition",
            "site_detail_url": "http://www.giantbomb.com/backyard-soccer-mls-edition/3030-12469/"
        },
        {
            "api_detail_url": "http://www.giantbomb.com/api/game/3030-14743/",
            "id": 14743,
            "name": "Blue's 123 Time Activities",
            "site_detail_url": "http://www.giantbomb.com/blues-123-time-activities/3030-14743/"
        },
        {
            "api_detail_url": "http://www.giantbomb.com/api/game/3030-11848/",
            "id": 11848,
            "name": "Blue's ABC Time Activities",
            "site_detail_url": "http://www.giantbomb.com/blues-abc-time-activities/3030-11848/"
        },
        {
            "api_detail_url": "http://www.giantbomb.com/api/game/3030-17810/",
            "id": 17810,
            "name": "Blue's Clues: Blue's Art Time Activities",
            "site_detail_url": "http://www.giantbomb.com/blues-clues-blues-art-time-activities/3030-17810/"
        },
        {
            "api_detail_url": "http://www.giantbomb.com/api/game/3030-14412/",
            "id": 14412,
            "name": "Blue's Reading Time Activities",
            "site_detail_url": "http://www.giantbomb.com/blues-reading-time-activities/3030-14412/"
        },
        {
            "api_detail_url": "http://www.giantbomb.com/api/game/3030-16775/",
            "id": 16775,
            "name": "Blue's Clues: Blue's Birthday Adventure",
            "site_detail_url": "http://www.giantbomb.com/blues-clues-blues-birthday-adventure/3030-16775/"
        },
        {
            "api_detail_url": "http://www.giantbomb.com/api/game/3030-5784/",
            "id": 5784,
            "name": "Blue's Treasure Hunt",
            "site_detail_url": "http://www.giantbomb.com/blues-treasure-hunt/3030-5784/"
        },
        {
            "api_detail_url": "http://www.giantbomb.com/api/game/3030-10431/",
            "id": 10431,
            "name": "Putt-Putt Joins the Circus",
            "site_detail_url": "http://www.giantbomb.com/putt-putt-joins-the-circus/3030-10431/"
        },
        {
            "api_detail_url": "http://www.giantbomb.com/api/game/3030-15183/",
            "id": 15183,
            "name": "Putt-Putt Enters the Race",
            "site_detail_url": "http://www.giantbomb.com/putt-putt-enters-the-race/3030-15183/"
        },
        {
            "api_detail_url": "http://www.giantbomb.com/api/game/3030-931/",
            "id": 931,
            "name": "Putt-Putt Travels Through Time",
            "site_detail_url": "http://www.giantbomb.com/putt-putt-travels-through-time/3030-931/"
        },
        {
            "api_detail_url": "http://www.giantbomb.com/api/game/3030-14441/",
            "id": 14441,
            "name": "Pajama Sam 2: Thunder and Lightning Aren't so Frightening",
            "site_detail_url": "http://www.giantbomb.com/pajama-sam-2-thunder-and-lightning-arent-so-fright/3030-14441/"
        },
        {
            "api_detail_url": "http://www.giantbomb.com/api/game/3030-7900/",
            "id": 7900,
            "name": "Pajama Sam 3: You Are What You Eat From Your Head To Your Feet",
            "site_detail_url": "http://www.giantbomb.com/pajama-sam-3-you-are-what-you-eat-from-your-head-t/3030-7900/"
        },
        {
            "api_detail_url": "http://www.giantbomb.com/api/game/3030-17824/",
            "id": 17824,
            "name": "Pajama Sam's SockWorks",
            "site_detail_url": "http://www.giantbomb.com/pajama-sams-sockworks/3030-17824/"
        },
        {
            "api_detail_url": "http://www.giantbomb.com/api/game/3030-17987/",
            "id": 17987,
            "name": "Pajama Sam: Lost and Found",
            "site_detail_url": "http://www.giantbomb.com/pajama-sam-lost-and-found/3030-17987/"
        },
        {
            "api_detail_url": "http://www.giantbomb.com/api/game/3030-18903/",
            "id": 18903,
            "name": "Pajama Sam: Games to Play on Any Day",
            "site_detail_url": "http://www.giantbomb.com/pajama-sam-games-to-play-on-any-day/3030-18903/"
        },
        {
            "api_detail_url": "http://www.giantbomb.com/api/game/3030-9720/",
            "id": 9720,
            "name": "Freddi Fish 3: The Case of the Stolen Conch Shell",
            "site_detail_url": "http://www.giantbomb.com/freddi-fish-3-the-case-of-the-stolen-conch-shell/3030-9720/"
        },
        {
            "api_detail_url": "http://www.giantbomb.com/api/game/3030-7662/",
            "id": 7662,
            "name": "Freddi Fish 5: The Case of the Creature of Coral Cove",
            "site_detail_url": "http://www.giantbomb.com/freddi-fish-5-the-case-of-the-creature-of-coral-co/3030-7662/"
        },
        {
            "api_detail_url": "http://www.giantbomb.com/api/game/3030-10911/",
            "id": 10911,
            "name": "Freddi Fish 4: The Case of the Hogfish Rustlers of Briny Gulch",
            "site_detail_url": "http://www.giantbomb.com/freddi-fish-4-the-case-of-the-hogfish-rustlers-of-/3030-10911/"
        },
        {
            "api_detail_url": "http://www.giantbomb.com/api/game/3030-13465/",
            "id": 13465,
            "name": "Spy Fox 2: Some Assembly Required",
            "site_detail_url": "http://www.giantbomb.com/spy-fox-2-some-assembly-required/3030-13465/"
        },
        {
            "api_detail_url": "http://www.giantbomb.com/api/game/3030-18816/",
            "id": 18816,
            "name": "Spy Fox in Cheese Chase",
            "site_detail_url": "http://www.giantbomb.com/spy-fox-in-cheese-chase/3030-18816/"
        },
        {
            "api_detail_url": "http://www.giantbomb.com/api/game/3030-9805/",
            "id": 9805,
            "name": "Freddi Fish's One-Stop Fun Shop",
            "site_detail_url": "http://www.giantbomb.com/freddi-fishs-one-stop-fun-shop/3030-9805/"
        },
        {
            "api_detail_url": "http://www.giantbomb.com/api/game/3030-15382/",
            "id": 15382,
            "name": "Putt-Putt's One-Stop Fun Shop",
            "site_detail_url": "http://www.giantbomb.com/putt-putts-one-stop-fun-shop/3030-15382/"
        },
        {
            "api_detail_url": "http://www.giantbomb.com/api/game/3030-9061/",
            "id": 9061,
            "name": "Neverwinter Nights 2",
            "site_detail_url": "http://www.giantbomb.com/neverwinter-nights-2/3030-9061/"
        },
        {
            "api_detail_url": "http://www.giantbomb.com/api/game/3030-8763/",
            "id": 8763,
            "name": "Neverwinter Nights 2: Mask of the Betrayer",
            "site_detail_url": "http://www.giantbomb.com/neverwinter-nights-2-mask-of-the-betrayer/3030-8763/"
        },
        {
            "api_detail_url": "http://www.giantbomb.com/api/game/3030-16534/",
            "id": 16534,
            "name": "Neverwinter Nights: Shadows of Undrentide",
            "site_detail_url": "http://www.giantbomb.com/neverwinter-nights-shadows-of-undrentide/3030-16534/"
        },
        {
            "api_detail_url": "http://www.giantbomb.com/api/game/3030-9953/",
            "id": 9953,
            "name": "Neverwinter Nights",
            "site_detail_url": "http://www.giantbomb.com/neverwinter-nights/3030-9953/"
        },
        {
            "api_detail_url": "http://www.giantbomb.com/api/game/3030-4452/",
            "id": 4452,
            "name": "Neverwinter Nights: Hordes of the Underdark",
            "site_detail_url": "http://www.giantbomb.com/neverwinter-nights-hordes-of-the-underdark/3030-4452/"
        },
        {
            "api_detail_url": "http://www.giantbomb.com/api/game/3030-20552/",
            "id": 20552,
            "name": "Neverwinter Nights 2: Mysteries of Westgate",
            "site_detail_url": "http://www.giantbomb.com/neverwinter-nights-2-mysteries-of-westgate/3030-20552/"
        },
        {
            "api_detail_url": "http://www.giantbomb.com/api/game/3030-21179/",
            "id": 21179,
            "name": "Neverwinter Nights 2: Storm of Zehir",
            "site_detail_url": "http://www.giantbomb.com/neverwinter-nights-2-storm-of-zehir/3030-21179/"
        },
        {
            "api_detail_url": "http://www.giantbomb.com/api/game/3030-18607/",
            "id": 18607,
            "name": "Dungeons & Dragons: Dragonshard",
            "site_detail_url": "http://www.giantbomb.com/dungeons-dragons-dragonshard/3030-18607/"
        },
        {
            "api_detail_url": "http://www.giantbomb.com/api/game/3030-13869/",
            "id": 13869,
            "name": "Istaria: Chronicles of the Gifted",
            "site_detail_url": "http://www.giantbomb.com/istaria-chronicles-of-the-gifted/3030-13869/"
        },
        {
            "api_detail_url": "http://www.giantbomb.com/api/game/3030-16511/",
            "id": 16511,
            "name": "Dungeons & Dragons Online",
            "site_detail_url": "http://www.giantbomb.com/dungeons-dragons-online/3030-16511/"
        },
        {
            "api_detail_url": "http://www.giantbomb.com/api/game/3030-11474/",
            "id": 11474,
            "name": "The Temple of Elemental Evil: A Classic Greyhawk Adventure",
            "site_detail_url": "http://www.giantbomb.com/the-temple-of-elemental-evil-a-classic-greyhawk-ad/3030-11474/"
        },
        {
            "api_detail_url": "http://www.giantbomb.com/api/game/3030-981/",
            "id": 981,
            "name": "Forgotten Realms: Demon Stone",
            "site_detail_url": "http://www.giantbomb.com/forgotten-realms-demon-stone/3030-981/"
        },
        {
            "api_detail_url": "http://www.giantbomb.com/api/game/3030-1712/",
            "id": 1712,
            "name": "Apex",
            "site_detail_url": "http://www.giantbomb.com/apex/3030-1712/"
        },
        {
            "api_detail_url": "http://www.giantbomb.com/api/game/3030-7574/",
            "id": 7574,
            "name": "Battle Engine Aquila",
            "site_detail_url": "http://www.giantbomb.com/battle-engine-aquila/3030-7574/"
        },
        {
            "api_detail_url": "http://www.giantbomb.com/api/game/3030-14979/",
            "id": 14979,
            "name": "Mission: Impossible - Operation Surma",
            "site_detail_url": "http://www.giantbomb.com/mission-impossible-operation-surma/3030-14979/"
        },
        {
            "api_detail_url": "http://www.giantbomb.com/api/game/3030-8584/",
            "id": 8584,
            "name": "Terminator 3: The Redemption",
            "site_detail_url": "http://www.giantbomb.com/terminator-3-the-redemption/3030-8584/"
        },
        {
            "api_detail_url": "http://www.giantbomb.com/api/game/3030-6580/",
            "id": 6580,
            "name": "Terminator 3: Rise of the Machines",
            "site_detail_url": "http://www.giantbomb.com/terminator-3-rise-of-the-machines/3030-6580/"
        },
        {
            "api_detail_url": "http://www.giantbomb.com/api/game/3030-2806/",
            "id": 2806,
            "name": "Godzilla: Destroy All Monsters Melee",
            "site_detail_url": "http://www.giantbomb.com/godzilla-destroy-all-monsters-melee/3030-2806/"
        },
        {
            "api_detail_url": "http://www.giantbomb.com/api/game/3030-21996/",
            "id": 21996,
            "name": "Dungeons and Dragons Tactics",
            "site_detail_url": "http://www.giantbomb.com/dungeons-and-dragons-tactics/3030-21996/"
        },
        {
            "api_detail_url": "http://www.giantbomb.com/api/game/3030-6164/",
            "id": 6164,
            "name": "World in Conflict",
            "site_detail_url": "http://www.giantbomb.com/world-in-conflict/3030-6164/"
        },
        {
            "api_detail_url": "http://www.giantbomb.com/api/game/3030-20952/",
            "id": 20952,
            "name": "World in Conflict: Soviet Assault",
            "site_detail_url": "http://www.giantbomb.com/world-in-conflict-soviet-assault/3030-20952/"
        },
        {
            "api_detail_url": "http://www.giantbomb.com/api/game/3030-7670/",
            "id": 7670,
            "name": "Crash of the Titans",
            "site_detail_url": "http://www.giantbomb.com/crash-of-the-titans/3030-7670/"
        },
        {
            "api_detail_url": "http://www.giantbomb.com/api/game/3030-6134/",
            "id": 6134,
            "name": "The Legend of Spyro: The Eternal Night",
            "site_detail_url": "http://www.giantbomb.com/the-legend-of-spyro-the-eternal-night/3030-6134/"
        },
        {
            "api_detail_url": "http://www.giantbomb.com/api/game/3030-20908/",
            "id": 20908,
            "name": "The Legend of Spyro: Dawn of the Dragon",
            "site_detail_url": "http://www.giantbomb.com/the-legend-of-spyro-dawn-of-the-dragon/3030-20908/"
        },
        {
            "api_detail_url": "http://www.giantbomb.com/api/game/3030-13037/",
            "id": 13037,
            "name": "Empire Earth III",
            "site_detail_url": "http://www.giantbomb.com/empire-earth-iii/3030-13037/"
        },
        {
            "api_detail_url": "http://www.giantbomb.com/api/game/3030-6338/",
            "id": 6338,
            "name": "TimeShift",
            "site_detail_url": "http://www.giantbomb.com/timeshift/3030-6338/"
        },
        {
            "api_detail_url": "http://www.giantbomb.com/api/game/3030-20923/",
            "id": 20923,
            "name": "The Mummy: Tomb of the Dragon Emperor",
            "site_detail_url": "http://www.giantbomb.com/the-mummy-tomb-of-the-dragon-emperor/3030-20923/"
        },
        {
            "api_detail_url": "http://www.giantbomb.com/api/game/3030-20454/",
            "id": 20454,
            "name": "50 Cent: Blood on the Sand",
            "site_detail_url": "http://www.giantbomb.com/50-cent-blood-on-the-sand/3030-20454/"
        },
        {
            "api_detail_url": "http://www.giantbomb.com/api/game/3030-14447/",
            "id": 14447,
            "name": "EVE Online",
            "site_detail_url": "http://www.giantbomb.com/eve-online/3030-14447/"
        },
        {
            "api_detail_url": "http://www.giantbomb.com/api/game/3030-22777/",
            "id": 22777,
            "name": "Sword of the New World: Granado Espada",
            "site_detail_url": "http://www.giantbomb.com/sword-of-the-new-world-granado-espada/3030-22777/"
        },
        {
            "api_detail_url": "http://www.giantbomb.com/api/game/3030-20516/",
            "id": 20516,
            "name": "Fracture",
            "site_detail_url": "http://www.giantbomb.com/fracture/3030-20516/"
        },
        {
            "api_detail_url": "http://www.giantbomb.com/api/game/3030-21621/",
            "id": 21621,
            "name": "Wanted: Weapons of Fate",
            "site_detail_url": "http://www.giantbomb.com/wanted-weapons-of-fate/3030-21621/"
        },
        {
            "api_detail_url": "http://www.giantbomb.com/api/game/3030-23045/",
            "id": 23045,
            "name": "Twin Skies",
            "site_detail_url": "http://www.giantbomb.com/twin-skies/3030-23045/"
        },
        {
            "api_detail_url": "http://www.giantbomb.com/api/game/3030-5400/",
            "id": 5400,
            "name": "Superman: Countdown to Apokolips",
            "site_detail_url": "http://www.giantbomb.com/superman-countdown-to-apokolips/3030-5400/"
        },
        {
            "api_detail_url": "http://www.giantbomb.com/api/game/3030-7570/",
            "id": 7570,
            "name": "Enter the Matrix",
            "site_detail_url": "http://www.giantbomb.com/enter-the-matrix/3030-7570/"
        },
        {
            "api_detail_url": "http://www.giantbomb.com/api/game/3030-14491/",
            "id": 14491,
            "name": "Driv3r",
            "site_detail_url": "http://www.giantbomb.com/driv3r/3030-14491/"
        },
        {
            "api_detail_url": "http://www.giantbomb.com/api/game/3030-13286/",
            "id": 13286,
            "name": "Unreal Tournament 2004",
            "site_detail_url": "http://www.giantbomb.com/unreal-tournament-2004/3030-13286/"
        },
        {
            "api_detail_url": "http://www.giantbomb.com/api/game/3030-23585/",
            "id": 23585,
            "name": "Pajama Sam's One-Stop Fun Shop",
            "site_detail_url": "http://www.giantbomb.com/pajama-sams-one-stop-fun-shop/3030-23585/"
        },
        {
            "api_detail_url": "http://www.giantbomb.com/api/game/3030-23591/",
            "id": 23591,
            "name": "Furious Karting",
            "site_detail_url": "http://www.giantbomb.com/furious-karting/3030-23591/"
        },
        {
            "api_detail_url": "http://www.giantbomb.com/api/game/3030-23974/",
            "id": 23974,
            "name": "Eat Lead: The Return of Matt Hazard",
            "site_detail_url": "http://www.giantbomb.com/eat-lead-the-return-of-matt-hazard/3030-23974/"
        },
        {
            "api_detail_url": "http://www.giantbomb.com/api/game/3030-20567/",
            "id": 20567,
            "name": "Puzzle Quest: Galactrix",
            "site_detail_url": "http://www.giantbomb.com/puzzle-quest-galactrix/3030-20567/"
        },
        {
            "api_detail_url": "http://www.giantbomb.com/api/game/3030-21472/",
            "id": 21472,
            "name": "iRacing.com",
            "site_detail_url": "http://www.giantbomb.com/iracingcom/3030-21472/"
        },
        {
            "api_detail_url": "http://www.giantbomb.com/api/game/3030-11473/",
            "id": 11473,
            "name": "Full Auto",
            "site_detail_url": "http://www.giantbomb.com/full-auto/3030-11473/"
        },
        {
            "api_detail_url": "http://www.giantbomb.com/api/game/3030-24445/",
            "id": 24445,
            "name": "Supreme Commander 2",
            "site_detail_url": "http://www.giantbomb.com/supreme-commander-2/3030-24445/"
        },
        {
            "api_detail_url": "http://www.giantbomb.com/api/game/3030-27112/",
            "id": 27112,
            "name": "Prison Break: The Conspiracy",
            "site_detail_url": "http://www.giantbomb.com/prison-break-the-conspiracy/3030-27112/"
        },
        {
            "api_detail_url": "http://www.giantbomb.com/api/game/3030-26596/",
            "id": 26596,
            "name": "Nier",
            "site_detail_url": "http://www.giantbomb.com/nier/3030-26596/"
        },
        {
            "api_detail_url": "http://www.giantbomb.com/api/game/3030-20742/",
            "id": 20742,
            "name": "Just Cause 2",
            "site_detail_url": "http://www.giantbomb.com/just-cause-2/3030-20742/"
        },
        {
            "api_detail_url": "http://www.giantbomb.com/api/game/3030-26008/",
            "id": 26008,
            "name": "Front Mission Evolved",
            "site_detail_url": "http://www.giantbomb.com/front-mission-evolved/3030-26008/"
        },
        {
            "api_detail_url": "http://www.giantbomb.com/api/game/3030-30185/",
            "id": 30185,
            "name": "Blacklight: Tango Down",
            "site_detail_url": "http://www.giantbomb.com/blacklight-tango-down/3030-30185/"
        },
        {
            "api_detail_url": "http://www.giantbomb.com/api/game/3030-21094/",
            "id": 21094,
            "name": "Star Ocean: The Last Hope",
            "site_detail_url": "http://www.giantbomb.com/star-ocean-the-last-hope/3030-21094/"
        },
        {
            "api_detail_url": "http://www.giantbomb.com/api/game/3030-26487/",
            "id": 26487,
            "name": "Order of War",
            "site_detail_url": "http://www.giantbomb.com/order-of-war/3030-26487/"
        },
        {
            "api_detail_url": "http://www.giantbomb.com/api/game/3030-27196/",
            "id": 27196,
            "name": "Death by Cube",
            "site_detail_url": "http://www.giantbomb.com/death-by-cube/3030-27196/"
        },
        {
            "api_detail_url": "http://www.giantbomb.com/api/game/3030-25946/",
            "id": 25946,
            "name": "0 Day Attack on Earth",
            "site_detail_url": "http://www.giantbomb.com/0-day-attack-on-earth/3030-25946/"
        },
        {
            "api_detail_url": "http://www.giantbomb.com/api/game/3030-24062/",
            "id": 24062,
            "name": "Arkanoid Live!",
            "site_detail_url": "http://www.giantbomb.com/arkanoid-live/3030-24062/"
        },
        {
            "api_detail_url": "http://www.giantbomb.com/api/game/3030-28329/",
            "id": 28329,
            "name": "Gyromancer",
            "site_detail_url": "http://www.giantbomb.com/gyromancer/3030-28329/"
        },
        {
            "api_detail_url": "http://www.giantbomb.com/api/game/3030-26476/",
            "id": 26476,
            "name": "Dragon Quest Wars",
            "site_detail_url": "http://www.giantbomb.com/dragon-quest-wars/3030-26476/"
        },
        {
            "api_detail_url": "http://www.giantbomb.com/api/game/3030-28251/",
            "id": 28251,
            "name": "Thexder Neo",
            "site_detail_url": "http://www.giantbomb.com/thexder-neo/3030-28251/"
        },
        {
            "api_detail_url": "http://www.giantbomb.com/api/game/3030-28508/",
            "id": 28508,
            "name": "Matt Hazard: Blood Bath And Beyond",
            "site_detail_url": "http://www.giantbomb.com/matt-hazard-blood-bath-and-beyond/3030-28508/"
        },
        {
            "api_detail_url": "http://www.giantbomb.com/api/game/3030-18221/",
            "id": 18221,
            "name": "Looney Tunes Racing",
            "site_detail_url": "http://www.giantbomb.com/looney-tunes-racing/3030-18221/"
        },
        {
            "api_detail_url": "http://www.giantbomb.com/api/game/3030-6724/",
            "id": 6724,
            "name": "1602 A.D.",
            "site_detail_url": "http://www.giantbomb.com/1602-ad/3030-6724/"
        }
    ],
    "gender": 1,
    "hometown": null,
    "id": 48131,
    "name": "Brandon Smith",
    "people": []
}