{
    "birth_date": null,
    "country": null,
    "death_date": null,
    "deck": "Video games writer currently working at Activision Blizzard.",
    "first_credited_game": {
        "api_detail_url": "http://www.giantbomb.com/api/game/3030-16717/",
        "id": 16717,
        "name": "Boogerman: A Pick and Flick Adventure"
    },
    "games": [
        {
            "api_detail_url": "http://www.giantbomb.com/api/game/3030-16717/",
            "id": 16717,
            "name": "Boogerman: A Pick and Flick Adventure",
            "site_detail_url": "http://www.giantbomb.com/boogerman-a-pick-and-flick-adventure/3030-16717/"
        },
        {
            "api_detail_url": "http://www.giantbomb.com/api/game/3030-21590/",
            "id": 21590,
            "name": "Mass Effect 2",
            "site_detail_url": "http://www.giantbomb.com/mass-effect-2/3030-21590/"
        },
        {
            "api_detail_url": "http://www.giantbomb.com/api/game/3030-43649/",
            "id": 43649,
            "name": "Diablo III: Reaper of Souls",
            "site_detail_url": "http://www.giantbomb.com/diablo-iii-reaper-of-souls/3030-43649/"
        },
        {
            "api_detail_url": "http://www.giantbomb.com/api/game/3030-24078/",
            "id": 24078,
            "name": "StarCraft II: Heart of the Swarm",
            "site_detail_url": "http://www.giantbomb.com/starcraft-ii-heart-of-the-swarm/3030-24078/"
        },
        {
            "api_detail_url": "http://www.giantbomb.com/api/game/3030-20803/",
            "id": 20803,
            "name": "Diablo III",
            "site_detail_url": "http://www.giantbomb.com/diablo-iii/3030-20803/"
        },
        {
            "api_detail_url": "http://www.giantbomb.com/api/game/3030-20674/",
            "id": 20674,
            "name": "StarCraft II: Wings of Liberty",
            "site_detail_url": "http://www.giantbomb.com/starcraft-ii-wings-of-liberty/3030-20674/"
        }
    ],
    "gender": 0,
    "hometown": null,
    "id": 65437,
    "name": "Brian Kindregan",
    "people": []
}