{
    "birth_date": "1962-12-15",
    "country": null,
    "death_date": null,
    "deck": "Software business founder who oversaw many franchises in their infancy, namely Bard's Tale, Wasteland, Fallout, Icewind Dale, and Baldur's Gate. Current CEO of inXile.",
    "first_credited_game": {
        "api_detail_url": "http://www.giantbomb.com/api/game/3030-18075/",
        "id": 18075,
        "name": "Demon's Forge"
    },
    "games": [
        {
            "api_detail_url": "http://www.giantbomb.com/api/game/3030-16717/",
            "id": 16717,
            "name": "Boogerman: A Pick and Flick Adventure",
            "site_detail_url": "http://www.giantbomb.com/boogerman-a-pick-and-flick-adventure/3030-16717/"
        },
        {
            "api_detail_url": "http://www.giantbomb.com/api/game/3030-5429/",
            "id": 5429,
            "name": "The Lost Vikings",
            "site_detail_url": "http://www.giantbomb.com/the-lost-vikings/3030-5429/"
        },
        {
            "api_detail_url": "http://www.giantbomb.com/api/game/3030-489/",
            "id": 489,
            "name": "ClayFighter",
            "site_detail_url": "http://www.giantbomb.com/clayfighter/3030-489/"
        },
        {
            "api_detail_url": "http://www.giantbomb.com/api/game/3030-12494/",
            "id": 12494,
            "name": "RoboCop Versus the Terminator",
            "site_detail_url": "http://www.giantbomb.com/robocop-versus-the-terminator/3030-12494/"
        },
        {
            "api_detail_url": "http://www.giantbomb.com/api/game/3030-8102/",
            "id": 8102,
            "name": "The Bard's Tale",
            "site_detail_url": "http://www.giantbomb.com/the-bards-tale/3030-8102/"
        },
        {
            "api_detail_url": "http://www.giantbomb.com/api/game/3030-22770/",
            "id": 22770,
            "name": "Bard's Tale",
            "site_detail_url": "http://www.giantbomb.com/bards-tale/3030-22770/"
        },
        {
            "api_detail_url": "http://www.giantbomb.com/api/game/3030-794/",
            "id": 794,
            "name": "The Bard's Tale II: The Destiny Knight",
            "site_detail_url": "http://www.giantbomb.com/the-bards-tale-ii-the-destiny-knight/3030-794/"
        },
        {
            "api_detail_url": "http://www.giantbomb.com/api/game/3030-2336/",
            "id": 2336,
            "name": "The Bard's Tale III: Thief of Fate",
            "site_detail_url": "http://www.giantbomb.com/the-bards-tale-iii-thief-of-fate/3030-2336/"
        },
        {
            "api_detail_url": "http://www.giantbomb.com/api/game/3030-4426/",
            "id": 4426,
            "name": "The Bard's Tale Trilogy",
            "site_detail_url": "http://www.giantbomb.com/the-bards-tale-trilogy/3030-4426/"
        },
        {
            "api_detail_url": "http://www.giantbomb.com/api/game/3030-11704/",
            "id": 11704,
            "name": "Fallout",
            "site_detail_url": "http://www.giantbomb.com/fallout/3030-11704/"
        },
        {
            "api_detail_url": "http://www.giantbomb.com/api/game/3030-20040/",
            "id": 20040,
            "name": "Borrowed Time",
            "site_detail_url": "http://www.giantbomb.com/borrowed-time/3030-20040/"
        },
        {
            "api_detail_url": "http://www.giantbomb.com/api/game/3030-14754/",
            "id": 14754,
            "name": "Titanic: The Recovery Mission",
            "site_detail_url": "http://www.giantbomb.com/titanic-the-recovery-mission/3030-14754/"
        },
        {
            "api_detail_url": "http://www.giantbomb.com/api/game/3030-15875/",
            "id": 15875,
            "name": "Tass Times in Tonetown",
            "site_detail_url": "http://www.giantbomb.com/tass-times-in-tonetown/3030-15875/"
        },
        {
            "api_detail_url": "http://www.giantbomb.com/api/game/3030-18075/",
            "id": 18075,
            "name": "Demon's Forge",
            "site_detail_url": "http://www.giantbomb.com/demons-forge/3030-18075/"
        },
        {
            "api_detail_url": "http://www.giantbomb.com/api/game/3030-20077/",
            "id": 20077,
            "name": "Battle Chess",
            "site_detail_url": "http://www.giantbomb.com/battle-chess/3030-20077/"
        },
        {
            "api_detail_url": "http://www.giantbomb.com/api/game/3030-6355/",
            "id": 6355,
            "name": "Neuromancer",
            "site_detail_url": "http://www.giantbomb.com/neuromancer/3030-6355/"
        },
        {
            "api_detail_url": "http://www.giantbomb.com/api/game/3030-780/",
            "id": 780,
            "name": "Dragon Wars",
            "site_detail_url": "http://www.giantbomb.com/dragon-wars/3030-780/"
        },
        {
            "api_detail_url": "http://www.giantbomb.com/api/game/3030-19276/",
            "id": 19276,
            "name": "Total Recall",
            "site_detail_url": "http://www.giantbomb.com/total-recall/3030-19276/"
        },
        {
            "api_detail_url": "http://www.giantbomb.com/api/game/3030-3639/",
            "id": 3639,
            "name": "Swords and Serpents",
            "site_detail_url": "http://www.giantbomb.com/swords-and-serpents/3030-3639/"
        },
        {
            "api_detail_url": "http://www.giantbomb.com/api/game/3030-4617/",
            "id": 4617,
            "name": "Battle Chess II: Chinese Chess",
            "site_detail_url": "http://www.giantbomb.com/battle-chess-ii-chinese-chess/3030-4617/"
        },
        {
            "api_detail_url": "http://www.giantbomb.com/api/game/3030-14621/",
            "id": 14621,
            "name": "Adventures of Rad Gravity",
            "site_detail_url": "http://www.giantbomb.com/adventures-of-rad-gravity/3030-14621/"
        },
        {
            "api_detail_url": "http://www.giantbomb.com/api/game/3030-13963/",
            "id": 13963,
            "name": "Castles: The Northern Campaign",
            "site_detail_url": "http://www.giantbomb.com/castles-the-northern-campaign/3030-13963/"
        },
        {
            "api_detail_url": "http://www.giantbomb.com/api/game/3030-10072/",
            "id": 10072,
            "name": "Castles",
            "site_detail_url": "http://www.giantbomb.com/castles/3030-10072/"
        },
        {
            "api_detail_url": "http://www.giantbomb.com/api/game/3030-5367/",
            "id": 5367,
            "name": "The Bard's Tale Construction Set",
            "site_detail_url": "http://www.giantbomb.com/the-bards-tale-construction-set/3030-5367/"
        },
        {
            "api_detail_url": "http://www.giantbomb.com/api/game/3030-15069/",
            "id": 15069,
            "name": "Star Trek 25th Anniversary",
            "site_detail_url": "http://www.giantbomb.com/star-trek-25th-anniversary/3030-15069/"
        },
        {
            "api_detail_url": "http://www.giantbomb.com/api/game/3030-17829/",
            "id": 17829,
            "name": "Mario Teaches Typing",
            "site_detail_url": "http://www.giantbomb.com/mario-teaches-typing/3030-17829/"
        },
        {
            "api_detail_url": "http://www.giantbomb.com/api/game/3030-8524/",
            "id": 8524,
            "name": "Castles II: Siege & Conquest",
            "site_detail_url": "http://www.giantbomb.com/castles-ii-siege-conquest/3030-8524/"
        },
        {
            "api_detail_url": "http://www.giantbomb.com/api/game/3030-11216/",
            "id": 11216,
            "name": "Battle Chess 4000",
            "site_detail_url": "http://www.giantbomb.com/battle-chess-4000/3030-11216/"
        },
        {
            "api_detail_url": "http://www.giantbomb.com/api/game/3030-7486/",
            "id": 7486,
            "name": "Star Trek: Judgment Rites",
            "site_detail_url": "http://www.giantbomb.com/star-trek-judgment-rites/3030-7486/"
        },
        {
            "api_detail_url": "http://www.giantbomb.com/api/game/3030-15217/",
            "id": 15217,
            "name": "Rags to Riches: The Financial Market Simulation",
            "site_detail_url": "http://www.giantbomb.com/rags-to-riches-the-financial-market-simulation/3030-15217/"
        },
        {
            "api_detail_url": "http://www.giantbomb.com/api/game/3030-1607/",
            "id": 1607,
            "name": "Claymates",
            "site_detail_url": "http://www.giantbomb.com/claymates/3030-1607/"
        },
        {
            "api_detail_url": "http://www.giantbomb.com/api/game/3030-10819/",
            "id": 10819,
            "name": "Buzz Aldrin's Race into Space",
            "site_detail_url": "http://www.giantbomb.com/buzz-aldrins-race-into-space/3030-10819/"
        },
        {
            "api_detail_url": "http://www.giantbomb.com/api/game/3030-17483/",
            "id": 17483,
            "name": "Out of This World",
            "site_detail_url": "http://www.giantbomb.com/out-of-this-world/3030-17483/"
        },
        {
            "api_detail_url": "http://www.giantbomb.com/api/game/3030-17785/",
            "id": 17785,
            "name": "Heart of the Alien: Out of this World Parts I and II",
            "site_detail_url": "http://www.giantbomb.com/heart-of-the-alien-out-of-this-world-parts-i-and-i/3030-17785/"
        },
        {
            "api_detail_url": "http://www.giantbomb.com/api/game/3030-18423/",
            "id": 18423,
            "name": "ClayFighter 2: Judgment Clay",
            "site_detail_url": "http://www.giantbomb.com/clayfighter-2-judgment-clay/3030-18423/"
        },
        {
            "api_detail_url": "http://www.giantbomb.com/api/game/3030-15864/",
            "id": 15864,
            "name": "Stonekeep",
            "site_detail_url": "http://www.giantbomb.com/stonekeep/3030-15864/"
        },
        {
            "api_detail_url": "http://www.giantbomb.com/api/game/3030-13621/",
            "id": 13621,
            "name": "Mario's Game Gallery",
            "site_detail_url": "http://www.giantbomb.com/marios-game-gallery/3030-13621/"
        },
        {
            "api_detail_url": "http://www.giantbomb.com/api/game/3030-9257/",
            "id": 9257,
            "name": "Mummy: Tomb of the Pharaoh",
            "site_detail_url": "http://www.giantbomb.com/mummy-tomb-of-the-pharaoh/3030-9257/"
        },
        {
            "api_detail_url": "http://www.giantbomb.com/api/game/3030-19390/",
            "id": 19390,
            "name": "Conquest of the New World",
            "site_detail_url": "http://www.giantbomb.com/conquest-of-the-new-world/3030-19390/"
        },
        {
            "api_detail_url": "http://www.giantbomb.com/api/game/3030-2385/",
            "id": 2385,
            "name": "Blood & Magic",
            "site_detail_url": "http://www.giantbomb.com/blood-magic/3030-2385/"
        },
        {
            "api_detail_url": "http://www.giantbomb.com/api/game/3030-13381/",
            "id": 13381,
            "name": "Redneck Rampage",
            "site_detail_url": "http://www.giantbomb.com/redneck-rampage/3030-13381/"
        },
        {
            "api_detail_url": "http://www.giantbomb.com/api/game/3030-6042/",
            "id": 6042,
            "name": "Realms of the Haunting",
            "site_detail_url": "http://www.giantbomb.com/realms-of-the-haunting/3030-6042/"
        },
        {
            "api_detail_url": "http://www.giantbomb.com/api/game/3030-12730/",
            "id": 12730,
            "name": "Jetfighter III",
            "site_detail_url": "http://www.giantbomb.com/jetfighter-iii/3030-12730/"
        },
        {
            "api_detail_url": "http://www.giantbomb.com/api/game/3030-8344/",
            "id": 8344,
            "name": "Redneck Rampage Rides Again: Arkansas",
            "site_detail_url": "http://www.giantbomb.com/redneck-rampage-rides-again-arkansas/3030-8344/"
        },
        {
            "api_detail_url": "http://www.giantbomb.com/api/game/3030-13239/",
            "id": 13239,
            "name": "Of Light and Darkness: The Prophecy",
            "site_detail_url": "http://www.giantbomb.com/of-light-and-darkness-the-prophecy/3030-13239/"
        },
        {
            "api_detail_url": "http://www.giantbomb.com/api/game/3030-9339/",
            "id": 9339,
            "name": "Y2K: The Game",
            "site_detail_url": "http://www.giantbomb.com/y2k-the-game/3030-9339/"
        },
        {
            "api_detail_url": "http://www.giantbomb.com/api/game/3030-1759/",
            "id": 1759,
            "name": "Tanktics",
            "site_detail_url": "http://www.giantbomb.com/tanktics/3030-1759/"
        },
        {
            "api_detail_url": "http://www.giantbomb.com/api/game/3030-9176/",
            "id": 9176,
            "name": "R/C Stunt Copter",
            "site_detail_url": "http://www.giantbomb.com/rc-stunt-copter/3030-9176/"
        },
        {
            "api_detail_url": "http://www.giantbomb.com/api/game/3030-12839/",
            "id": 12839,
            "name": "Wild Wild Racing",
            "site_detail_url": "http://www.giantbomb.com/wild-wild-racing/3030-12839/"
        },
        {
            "api_detail_url": "http://www.giantbomb.com/api/game/3030-3551/",
            "id": 3551,
            "name": "Star Trek: Starfleet Command Volume II - Empires at War",
            "site_detail_url": "http://www.giantbomb.com/star-trek-starfleet-command-volume-ii-empires-at-w/3030-3551/"
        },
        {
            "api_detail_url": "http://www.giantbomb.com/api/game/3030-6357/",
            "id": 6357,
            "name": "Star Trek: New Worlds",
            "site_detail_url": "http://www.giantbomb.com/star-trek-new-worlds/3030-6357/"
        },
        {
            "api_detail_url": "http://www.giantbomb.com/api/game/3030-6735/",
            "id": 6735,
            "name": "Sacrifice",
            "site_detail_url": "http://www.giantbomb.com/sacrifice/3030-6735/"
        },
        {
            "api_detail_url": "http://www.giantbomb.com/api/game/3030-18189/",
            "id": 18189,
            "name": "Messiah",
            "site_detail_url": "http://www.giantbomb.com/messiah/3030-18189/"
        },
        {
            "api_detail_url": "http://www.giantbomb.com/api/game/3030-1531/",
            "id": 1531,
            "name": "MDK 2",
            "site_detail_url": "http://www.giantbomb.com/mdk-2/3030-1531/"
        },
        {
            "api_detail_url": "http://www.giantbomb.com/api/game/3030-13629/",
            "id": 13629,
            "name": "Giants: Citizen Kabuto",
            "site_detail_url": "http://www.giantbomb.com/giants-citizen-kabuto/3030-13629/"
        },
        {
            "api_detail_url": "http://www.giantbomb.com/api/game/3030-11045/",
            "id": 11045,
            "name": "Evolva",
            "site_detail_url": "http://www.giantbomb.com/evolva/3030-11045/"
        },
        {
            "api_detail_url": "http://www.giantbomb.com/api/game/3030-4434/",
            "id": 4434,
            "name": "Earthworm Jim 3D",
            "site_detail_url": "http://www.giantbomb.com/earthworm-jim-3d/3030-4434/"
        },
        {
            "api_detail_url": "http://www.giantbomb.com/api/game/3030-19319/",
            "id": 19319,
            "name": "Star Trek: Starfleet Command: Orion Pirates",
            "site_detail_url": "http://www.giantbomb.com/star-trek-starfleet-command-orion-pirates/3030-19319/"
        },
        {
            "api_detail_url": "http://www.giantbomb.com/api/game/3030-6346/",
            "id": 6346,
            "name": "Fallout Tactics: Brotherhood of Steel",
            "site_detail_url": "http://www.giantbomb.com/fallout-tactics-brotherhood-of-steel/3030-6346/"
        },
        {
            "api_detail_url": "http://www.giantbomb.com/api/game/3030-12376/",
            "id": 12376,
            "name": "The Lord of the Rings Online: Shadows of Angmar",
            "site_detail_url": "http://www.giantbomb.com/the-lord-of-the-rings-online-shadows-of-angmar/3030-12376/"
        },
        {
            "api_detail_url": "http://www.giantbomb.com/api/game/3030-21421/",
            "id": 21421,
            "name": "Star Trek: 25th Anniversary",
            "site_detail_url": "http://www.giantbomb.com/star-trek-25th-anniversary/3030-21421/"
        },
        {
            "api_detail_url": "http://www.giantbomb.com/api/game/3030-30393/",
            "id": 30393,
            "name": "Hunted: The Demon's Forge",
            "site_detail_url": "http://www.giantbomb.com/hunted-the-demons-forge/3030-30393/"
        },
        {
            "api_detail_url": "http://www.giantbomb.com/api/game/3030-34910/",
            "id": 34910,
            "name": "Choplifter HD",
            "site_detail_url": "http://www.giantbomb.com/choplifter-hd/3030-34910/"
        },
        {
            "api_detail_url": "http://www.giantbomb.com/api/game/3030-37721/",
            "id": 37721,
            "name": "Wasteland 2",
            "site_detail_url": "http://www.giantbomb.com/wasteland-2/3030-37721/"
        },
        {
            "api_detail_url": "http://www.giantbomb.com/api/game/3030-40811/",
            "id": 40811,
            "name": "Track Meet",
            "site_detail_url": "http://www.giantbomb.com/track-meet/3030-40811/"
        },
        {
            "api_detail_url": "http://www.giantbomb.com/api/game/3030-18026/",
            "id": 18026,
            "name": "Rock N' Roll Racing",
            "site_detail_url": "http://www.giantbomb.com/rock-n-roll-racing/3030-18026/"
        }
    ],
    "gender": 1,
    "hometown": null,
    "id": 2354,
    "name": "Brian Fargo",
    "people": [
        {
            "api_detail_url": "http://www.giantbomb.com/api/person/3040-5399/",
            "id": 5399,
            "name": "Carter Lipscomb",
            "site_detail_url": "http://www.giantbomb.com/carter-lipscomb/3040-5399/"
        },
        {
            "api_detail_url": "http://www.giantbomb.com/api/person/3040-6562/",
            "id": 6562,
            "name": "Alan Pavlish",
            "site_detail_url": "http://www.giantbomb.com/alan-pavlish/3040-6562/"
        }
    ]
}