{
    "birth_date": "1952-07-13",
    "country": "Israel",
    "death_date": null,
    "deck": null,
    "first_credited_game": {
        "api_detail_url": "http://www.giantbomb.com/api/game/3030-19378/",
        "id": 19378,
        "name": "Blazing Dragons"
    },
    "games": [
        {
            "api_detail_url": "http://www.giantbomb.com/api/game/3030-6346/",
            "id": 6346,
            "name": "Fallout Tactics: Brotherhood of Steel",
            "site_detail_url": "http://www.giantbomb.com/fallout-tactics-brotherhood-of-steel/3030-6346/"
        },
        {
            "api_detail_url": "http://www.giantbomb.com/api/game/3030-1341/",
            "id": 1341,
            "name": "Fallout: Brotherhood of Steel",
            "site_detail_url": "http://www.giantbomb.com/fallout-brotherhood-of-steel/3030-1341/"
        },
        {
            "api_detail_url": "http://www.giantbomb.com/api/game/3030-8102/",
            "id": 8102,
            "name": "The Bard's Tale",
            "site_detail_url": "http://www.giantbomb.com/the-bards-tale/3030-8102/"
        },
        {
            "api_detail_url": "http://www.giantbomb.com/api/game/3030-8423/",
            "id": 8423,
            "name": "Superman: Shadow of Apokolips",
            "site_detail_url": "http://www.giantbomb.com/superman-shadow-of-apokolips/3030-8423/"
        },
        {
            "api_detail_url": "http://www.giantbomb.com/api/game/3030-19378/",
            "id": 19378,
            "name": "Blazing Dragons",
            "site_detail_url": "http://www.giantbomb.com/blazing-dragons/3030-19378/"
        },
        {
            "api_detail_url": "http://www.giantbomb.com/api/game/3030-13601/",
            "id": 13601,
            "name": "Invictus: In the Shadow of Olympus",
            "site_detail_url": "http://www.giantbomb.com/invictus-in-the-shadow-of-olympus/3030-13601/"
        },
        {
            "api_detail_url": "http://www.giantbomb.com/api/game/3030-19474/",
            "id": 19474,
            "name": "Disney's Tarzan Untamed",
            "site_detail_url": "http://www.giantbomb.com/disneys-tarzan-untamed/3030-19474/"
        },
        {
            "api_detail_url": "http://www.giantbomb.com/api/game/3030-19995/",
            "id": 19995,
            "name": "Law & Order: Dead on the Money",
            "site_detail_url": "http://www.giantbomb.com/law-order-dead-on-the-money/3030-19995/"
        },
        {
            "api_detail_url": "http://www.giantbomb.com/api/game/3030-8890/",
            "id": 8890,
            "name": "Icewind Dale II",
            "site_detail_url": "http://www.giantbomb.com/icewind-dale-ii/3030-8890/"
        },
        {
            "api_detail_url": "http://www.giantbomb.com/api/game/3030-18741/",
            "id": 18741,
            "name": "Star Wars: Knights of the Old Republic",
            "site_detail_url": "http://www.giantbomb.com/star-wars-knights-of-the-old-republic/3030-18741/"
        },
        {
            "api_detail_url": "http://www.giantbomb.com/api/game/3030-3719/",
            "id": 3719,
            "name": "Return to Castle Wolfenstein: Tides of War",
            "site_detail_url": "http://www.giantbomb.com/return-to-castle-wolfenstein-tides-of-war/3030-3719/"
        },
        {
            "api_detail_url": "http://www.giantbomb.com/api/game/3030-2638/",
            "id": 2638,
            "name": "Return to Castle Wolfenstein: Operation Resurrection",
            "site_detail_url": "http://www.giantbomb.com/return-to-castle-wolfenstein-operation-resurrectio/3030-2638/"
        },
        {
            "api_detail_url": "http://www.giantbomb.com/api/game/3030-16752/",
            "id": 16752,
            "name": "Medal of Honor: Rising Sun",
            "site_detail_url": "http://www.giantbomb.com/medal-of-honor-rising-sun/3030-16752/"
        },
        {
            "api_detail_url": "http://www.giantbomb.com/api/game/3030-7757/",
            "id": 7757,
            "name": "Lionheart: Legacy of the Crusader",
            "site_detail_url": "http://www.giantbomb.com/lionheart-legacy-of-the-crusader/3030-7757/"
        },
        {
            "api_detail_url": "http://www.giantbomb.com/api/game/3030-21268/",
            "id": 21268,
            "name": "The Hobbit",
            "site_detail_url": "http://www.giantbomb.com/the-hobbit/3030-21268/"
        },
        {
            "api_detail_url": "http://www.giantbomb.com/api/game/3030-10973/",
            "id": 10973,
            "name": "Command & Conquer: Generals",
            "site_detail_url": "http://www.giantbomb.com/command-conquer-generals/3030-10973/"
        },
        {
            "api_detail_url": "http://www.giantbomb.com/api/game/3030-17982/",
            "id": 17982,
            "name": "Command & Conquer: Generals - Zero Hour",
            "site_detail_url": "http://www.giantbomb.com/command-conquer-generals-zero-hour/3030-17982/"
        },
        {
            "api_detail_url": "http://www.giantbomb.com/api/game/3030-19627/",
            "id": 19627,
            "name": "Armed and Dangerous",
            "site_detail_url": "http://www.giantbomb.com/armed-and-dangerous/3030-19627/"
        },
        {
            "api_detail_url": "http://www.giantbomb.com/api/game/3030-13743/",
            "id": 13743,
            "name": "Ground Control II: Operation Exodus",
            "site_detail_url": "http://www.giantbomb.com/ground-control-ii-operation-exodus/3030-13743/"
        },
        {
            "api_detail_url": "http://www.giantbomb.com/api/game/3030-18547/",
            "id": 18547,
            "name": "EverQuest II",
            "site_detail_url": "http://www.giantbomb.com/everquest-ii/3030-18547/"
        },
        {
            "api_detail_url": "http://www.giantbomb.com/api/game/3030-7593/",
            "id": 7593,
            "name": "Ultimate Spider-Man",
            "site_detail_url": "http://www.giantbomb.com/ultimate-spider-man/3030-7593/"
        },
        {
            "api_detail_url": "http://www.giantbomb.com/api/game/3030-3345/",
            "id": 3345,
            "name": "True Crime: New York City",
            "site_detail_url": "http://www.giantbomb.com/true-crime-new-york-city/3030-3345/"
        },
        {
            "api_detail_url": "http://www.giantbomb.com/api/game/3030-1581/",
            "id": 1581,
            "name": "Tom Clancy's Rainbow Six: Lockdown",
            "site_detail_url": "http://www.giantbomb.com/tom-clancys-rainbow-six-lockdown/3030-1581/"
        },
        {
            "api_detail_url": "http://www.giantbomb.com/api/game/3030-10228/",
            "id": 10228,
            "name": "Medal of Honor: European Assault",
            "site_detail_url": "http://www.giantbomb.com/medal-of-honor-european-assault/3030-10228/"
        },
        {
            "api_detail_url": "http://www.giantbomb.com/api/game/3030-6447/",
            "id": 6447,
            "name": "The Lord of the Rings: The Battle for Middle-earth II - The Rise of the Witch-King",
            "site_detail_url": "http://www.giantbomb.com/the-lord-of-the-rings-the-battle-for-middle-earth-/3030-6447/"
        },
        {
            "api_detail_url": "http://www.giantbomb.com/api/game/3030-4913/",
            "id": 4913,
            "name": "Pirates of the Caribbean: The Legend of Jack Sparrow",
            "site_detail_url": "http://www.giantbomb.com/pirates-of-the-caribbean-the-legend-of-jack-sparro/3030-4913/"
        },
        {
            "api_detail_url": "http://www.giantbomb.com/api/game/3030-4867/",
            "id": 4867,
            "name": "The Lord of the Rings: The Battle for Middle-earth II",
            "site_detail_url": "http://www.giantbomb.com/the-lord-of-the-rings-the-battle-for-middle-earth-/3030-4867/"
        },
        {
            "api_detail_url": "http://www.giantbomb.com/api/game/3030-12533/",
            "id": 12533,
            "name": "Pirates of the Caribbean: At World's End",
            "site_detail_url": "http://www.giantbomb.com/pirates-of-the-caribbean-at-worlds-end/3030-12533/"
        },
        {
            "api_detail_url": "http://www.giantbomb.com/api/game/3030-1819/",
            "id": 1819,
            "name": "The Golden Compass",
            "site_detail_url": "http://www.giantbomb.com/the-golden-compass/3030-1819/"
        },
        {
            "api_detail_url": "http://www.giantbomb.com/api/game/3030-10459/",
            "id": 10459,
            "name": "Disney's Pirates of the Caribbean: At World's End",
            "site_detail_url": "http://www.giantbomb.com/disneys-pirates-of-the-caribbean-at-worlds-end/3030-10459/"
        },
        {
            "api_detail_url": "http://www.giantbomb.com/api/game/3030-4763/",
            "id": 4763,
            "name": "Kingdom Hearts II",
            "site_detail_url": "http://www.giantbomb.com/kingdom-hearts-ii/3030-4763/"
        },
        {
            "api_detail_url": "http://www.giantbomb.com/api/game/3030-20965/",
            "id": 20965,
            "name": "The Lord of the Rings: Conquest",
            "site_detail_url": "http://www.giantbomb.com/the-lord-of-the-rings-conquest/3030-20965/"
        },
        {
            "api_detail_url": "http://www.giantbomb.com/api/game/3030-14123/",
            "id": 14123,
            "name": "GoldenEye: Rogue Agent",
            "site_detail_url": "http://www.giantbomb.com/goldeneye-rogue-agent/3030-14123/"
        },
        {
            "api_detail_url": "http://www.giantbomb.com/api/game/3030-26539/",
            "id": 26539,
            "name": "The Lord of the Rings: Aragorn's Quest",
            "site_detail_url": "http://www.giantbomb.com/the-lord-of-the-rings-aragorns-quest/3030-26539/"
        },
        {
            "api_detail_url": "http://www.giantbomb.com/api/game/3030-35559/",
            "id": 35559,
            "name": "Sly Cooper: Thieves in Time",
            "site_detail_url": "http://www.giantbomb.com/sly-cooper-thieves-in-time/3030-35559/"
        },
        {
            "api_detail_url": "http://www.giantbomb.com/api/game/3030-40912/",
            "id": 40912,
            "name": "Disney Infinity",
            "site_detail_url": "http://www.giantbomb.com/disney-infinity/3030-40912/"
        },
        {
            "api_detail_url": "http://www.giantbomb.com/api/game/3030-42035/",
            "id": 42035,
            "name": "DuckTales: Remastered",
            "site_detail_url": "http://www.giantbomb.com/ducktales-remastered/3030-42035/"
        },
        {
            "api_detail_url": "http://www.giantbomb.com/api/game/3030-16909/",
            "id": 16909,
            "name": "Mass Effect",
            "site_detail_url": "http://www.giantbomb.com/mass-effect/3030-16909/"
        },
        {
            "api_detail_url": "http://www.giantbomb.com/api/game/3030-36720/",
            "id": 36720,
            "name": "Kinect Rush: A Disney/Pixar Adventure",
            "site_detail_url": "http://www.giantbomb.com/kinect-rush-a-disneypixar-adventure/3030-36720/"
        },
        {
            "api_detail_url": "http://www.giantbomb.com/api/game/3030-44655/",
            "id": 44655,
            "name": "Game of Thrones: A Telltale Game Series",
            "site_detail_url": "http://www.giantbomb.com/game-of-thrones-a-telltale-game-series/3030-44655/"
        },
        {
            "api_detail_url": "http://www.giantbomb.com/api/game/3030-8869/",
            "id": 8869,
            "name": "Disney/Pixar Cars: Mater-National Championship",
            "site_detail_url": "http://www.giantbomb.com/disneypixar-cars-mater-national-championship/3030-8869/"
        },
        {
            "api_detail_url": "http://www.giantbomb.com/api/game/3030-46009/",
            "id": 46009,
            "name": "Disney Infinity: Marvel Super Heroes",
            "site_detail_url": "http://www.giantbomb.com/disney-infinity-marvel-super-heroes/3030-46009/"
        },
        {
            "api_detail_url": "http://www.giantbomb.com/api/game/3030-47753/",
            "id": 47753,
            "name": "Disney Infinity 3.0 Edition",
            "site_detail_url": "http://www.giantbomb.com/disney-infinity-3-0-edition/3030-47753/"
        },
        {
            "api_detail_url": "http://www.giantbomb.com/api/game/3030-7158/",
            "id": 7158,
            "name": "Cars",
            "site_detail_url": "http://www.giantbomb.com/cars/3030-7158/"
        }
    ],
    "gender": 1,
    "hometown": "Jerusalem",
    "id": 12877,
    "name": "Brian George",
    "people": []
}