{
    "birth_date": null,
    "country": null,
    "death_date": null,
    "deck": null,
    "first_credited_game": {
        "api_detail_url": "http://www.giantbomb.com/api/game/3030-16534/",
        "id": 16534,
        "name": "Neverwinter Nights: Shadows of Undrentide"
    },
    "games": [
        {
            "api_detail_url": "http://www.giantbomb.com/api/game/3030-8580/",
            "id": 8580,
            "name": "Jade Empire",
            "site_detail_url": "http://www.giantbomb.com/jade-empire/3030-8580/"
        },
        {
            "api_detail_url": "http://www.giantbomb.com/api/game/3030-4452/",
            "id": 4452,
            "name": "Neverwinter Nights: Hordes of the Underdark",
            "site_detail_url": "http://www.giantbomb.com/neverwinter-nights-hordes-of-the-underdark/3030-4452/"
        },
        {
            "api_detail_url": "http://www.giantbomb.com/api/game/3030-16534/",
            "id": 16534,
            "name": "Neverwinter Nights: Shadows of Undrentide",
            "site_detail_url": "http://www.giantbomb.com/neverwinter-nights-shadows-of-undrentide/3030-16534/"
        }
    ],
    "gender": 1,
    "hometown": null,
    "id": 74635,
    "name": "Bruce Venne",
    "people": []
}