{
    "birth_date": "1957-11-06",
    "country": "United States",
    "death_date": null,
    "deck": "A prolific voice actor, most recognized within video games for voicing Liquid Snake across the Metal Gear Solid franchise.",
    "first_credited_game": {
        "api_detail_url": "http://www.giantbomb.com/api/game/3030-3019/",
        "id": 3019,
        "name": "The Secret of Monkey Island"
    },
    "games": [
        {
            "api_detail_url": "http://www.giantbomb.com/api/game/3030-6346/",
            "id": 6346,
            "name": "Fallout Tactics: Brotherhood of Steel",
            "site_detail_url": "http://www.giantbomb.com/fallout-tactics-brotherhood-of-steel/3030-6346/"
        },
        {
            "api_detail_url": "http://www.giantbomb.com/api/game/3030-1341/",
            "id": 1341,
            "name": "Fallout: Brotherhood of Steel",
            "site_detail_url": "http://www.giantbomb.com/fallout-brotherhood-of-steel/3030-1341/"
        },
        {
            "api_detail_url": "http://www.giantbomb.com/api/game/3030-11314/",
            "id": 11314,
            "name": "God of War II",
            "site_detail_url": "http://www.giantbomb.com/god-of-war-ii/3030-11314/"
        },
        {
            "api_detail_url": "http://www.giantbomb.com/api/game/3030-18347/",
            "id": 18347,
            "name": "Killer7",
            "site_detail_url": "http://www.giantbomb.com/killer7/3030-18347/"
        },
        {
            "api_detail_url": "http://www.giantbomb.com/api/game/3030-20425/",
            "id": 20425,
            "name": "Painkiller: Battle Out of Hell",
            "site_detail_url": "http://www.giantbomb.com/painkiller-battle-out-of-hell/3030-20425/"
        },
        {
            "api_detail_url": "http://www.giantbomb.com/api/game/3030-18547/",
            "id": 18547,
            "name": "EverQuest II",
            "site_detail_url": "http://www.giantbomb.com/everquest-ii/3030-18547/"
        },
        {
            "api_detail_url": "http://www.giantbomb.com/api/game/3030-9594/",
            "id": 9594,
            "name": "Metal Gear Solid: The Twin Snakes",
            "site_detail_url": "http://www.giantbomb.com/metal-gear-solid-the-twin-snakes/3030-9594/"
        },
        {
            "api_detail_url": "http://www.giantbomb.com/api/game/3030-11186/",
            "id": 11186,
            "name": "Gungrave: Overdose",
            "site_detail_url": "http://www.giantbomb.com/gungrave-overdose/3030-11186/"
        },
        {
            "api_detail_url": "http://www.giantbomb.com/api/game/3030-18741/",
            "id": 18741,
            "name": "Star Wars: Knights of the Old Republic",
            "site_detail_url": "http://www.giantbomb.com/star-wars-knights-of-the-old-republic/3030-18741/"
        },
        {
            "api_detail_url": "http://www.giantbomb.com/api/game/3030-10518/",
            "id": 10518,
            "name": "Eternal Sonata",
            "site_detail_url": "http://www.giantbomb.com/eternal-sonata/3030-10518/"
        },
        {
            "api_detail_url": "http://www.giantbomb.com/api/game/3030-5315/",
            "id": 5315,
            "name": "Tales of Legendia",
            "site_detail_url": "http://www.giantbomb.com/tales-of-legendia/3030-5315/"
        },
        {
            "api_detail_url": "http://www.giantbomb.com/api/game/3030-13091/",
            "id": 13091,
            "name": "Baldur's Gate: Dark Alliance",
            "site_detail_url": "http://www.giantbomb.com/baldurs-gate-dark-alliance/3030-13091/"
        },
        {
            "api_detail_url": "http://www.giantbomb.com/api/game/3030-10637/",
            "id": 10637,
            "name": "Baldur's Gate II: Shadows of Amn",
            "site_detail_url": "http://www.giantbomb.com/baldurs-gate-ii-shadows-of-amn/3030-10637/"
        },
        {
            "api_detail_url": "http://www.giantbomb.com/api/game/3030-15566/",
            "id": 15566,
            "name": "Bloody Roar: Primal Fury",
            "site_detail_url": "http://www.giantbomb.com/bloody-roar-primal-fury/3030-15566/"
        },
        {
            "api_detail_url": "http://www.giantbomb.com/api/game/3030-12633/",
            "id": 12633,
            "name": "Call of Duty: United Offensive",
            "site_detail_url": "http://www.giantbomb.com/call-of-duty-united-offensive/3030-12633/"
        },
        {
            "api_detail_url": "http://www.giantbomb.com/api/game/3030-13217/",
            "id": 13217,
            "name": "Champions of Norrath",
            "site_detail_url": "http://www.giantbomb.com/champions-of-norrath/3030-13217/"
        },
        {
            "api_detail_url": "http://www.giantbomb.com/api/game/3030-3156/",
            "id": 3156,
            "name": "Champions: Return to Arms",
            "site_detail_url": "http://www.giantbomb.com/champions-return-to-arms/3030-3156/"
        },
        {
            "api_detail_url": "http://www.giantbomb.com/api/game/3030-15785/",
            "id": 15785,
            "name": "Crimson Sea",
            "site_detail_url": "http://www.giantbomb.com/crimson-sea/3030-15785/"
        },
        {
            "api_detail_url": "http://www.giantbomb.com/api/game/3030-12101/",
            "id": 12101,
            "name": "Dynasty Warriors 4: Empires",
            "site_detail_url": "http://www.giantbomb.com/dynasty-warriors-4-empires/3030-12101/"
        },
        {
            "api_detail_url": "http://www.giantbomb.com/api/game/3030-11958/",
            "id": 11958,
            "name": "EOE: Eve of Extinction",
            "site_detail_url": "http://www.giantbomb.com/eoe-eve-of-extinction/3030-11958/"
        },
        {
            "api_detail_url": "http://www.giantbomb.com/api/game/3030-9058/",
            "id": 9058,
            "name": "Escape from Monkey Island",
            "site_detail_url": "http://www.giantbomb.com/escape-from-monkey-island/3030-9058/"
        },
        {
            "api_detail_url": "http://www.giantbomb.com/api/game/3030-8178/",
            "id": 8178,
            "name": "Freddy Pharkas: Frontier Pharmacist",
            "site_detail_url": "http://www.giantbomb.com/freddy-pharkas-frontier-pharmacist/3030-8178/"
        },
        {
            "api_detail_url": "http://www.giantbomb.com/api/game/3030-9027/",
            "id": 9027,
            "name": "Galleon",
            "site_detail_url": "http://www.giantbomb.com/galleon/3030-9027/"
        },
        {
            "api_detail_url": "http://www.giantbomb.com/api/game/3030-19865/",
            "id": 19865,
            "name": "The Incredible Hulk: Ultimate Destruction",
            "site_detail_url": "http://www.giantbomb.com/the-incredible-hulk-ultimate-destruction/3030-19865/"
        },
        {
            "api_detail_url": "http://www.giantbomb.com/api/game/3030-8580/",
            "id": 8580,
            "name": "Jade Empire",
            "site_detail_url": "http://www.giantbomb.com/jade-empire/3030-8580/"
        },
        {
            "api_detail_url": "http://www.giantbomb.com/api/game/3030-6976/",
            "id": 6976,
            "name": "Kessen II",
            "site_detail_url": "http://www.giantbomb.com/kessen-ii/3030-6976/"
        },
        {
            "api_detail_url": "http://www.giantbomb.com/api/game/3030-894/",
            "id": 894,
            "name": "Kessen III",
            "site_detail_url": "http://www.giantbomb.com/kessen-iii/3030-894/"
        },
        {
            "api_detail_url": "http://www.giantbomb.com/api/game/3030-4763/",
            "id": 4763,
            "name": "Kingdom Hearts II",
            "site_detail_url": "http://www.giantbomb.com/kingdom-hearts-ii/3030-4763/"
        },
        {
            "api_detail_url": "http://www.giantbomb.com/api/game/3030-7048/",
            "id": 7048,
            "name": "Kingdom of Paradise",
            "site_detail_url": "http://www.giantbomb.com/kingdom-of-paradise/3030-7048/"
        },
        {
            "api_detail_url": "http://www.giantbomb.com/api/game/3030-7522/",
            "id": 7522,
            "name": "La Pucelle: Tactics",
            "site_detail_url": "http://www.giantbomb.com/la-pucelle-tactics/3030-7522/"
        },
        {
            "api_detail_url": "http://www.giantbomb.com/api/game/3030-15986/",
            "id": 15986,
            "name": "Legaia 2: Duel Saga",
            "site_detail_url": "http://www.giantbomb.com/legaia-2-duel-saga/3030-15986/"
        },
        {
            "api_detail_url": "http://www.giantbomb.com/api/game/3030-6447/",
            "id": 6447,
            "name": "The Lord of the Rings: The Battle for Middle-earth II - The Rise of the Witch-King",
            "site_detail_url": "http://www.giantbomb.com/the-lord-of-the-rings-the-battle-for-middle-earth-/3030-6447/"
        },
        {
            "api_detail_url": "http://www.giantbomb.com/api/game/3030-4522/",
            "id": 4522,
            "name": "Medal of Honor: Allied Assault",
            "site_detail_url": "http://www.giantbomb.com/medal-of-honor-allied-assault/3030-4522/"
        },
        {
            "api_detail_url": "http://www.giantbomb.com/api/game/3030-9953/",
            "id": 9953,
            "name": "Neverwinter Nights",
            "site_detail_url": "http://www.giantbomb.com/neverwinter-nights/3030-9953/"
        },
        {
            "api_detail_url": "http://www.giantbomb.com/api/game/3030-6730/",
            "id": 6730,
            "name": "Painkiller",
            "site_detail_url": "http://www.giantbomb.com/painkiller/3030-6730/"
        },
        {
            "api_detail_url": "http://www.giantbomb.com/api/game/3030-11357/",
            "id": 11357,
            "name": "Quest for Glory IV: Shadows of Darkness",
            "site_detail_url": "http://www.giantbomb.com/quest-for-glory-iv-shadows-of-darkness/3030-11357/"
        },
        {
            "api_detail_url": "http://www.giantbomb.com/api/game/3030-19181/",
            "id": 19181,
            "name": "Return to Castle Wolfenstein",
            "site_detail_url": "http://www.giantbomb.com/return-to-castle-wolfenstein/3030-19181/"
        },
        {
            "api_detail_url": "http://www.giantbomb.com/api/game/3030-2448/",
            "id": 2448,
            "name": "Rise of the Dragon",
            "site_detail_url": "http://www.giantbomb.com/rise-of-the-dragon/3030-2448/"
        },
        {
            "api_detail_url": "http://www.giantbomb.com/api/game/3030-16670/",
            "id": 16670,
            "name": "Robotech: Battlecry",
            "site_detail_url": "http://www.giantbomb.com/robotech-battlecry/3030-16670/"
        },
        {
            "api_detail_url": "http://www.giantbomb.com/api/game/3030-5704/",
            "id": 5704,
            "name": "Shadow of Rome",
            "site_detail_url": "http://www.giantbomb.com/shadow-of-rome/3030-5704/"
        },
        {
            "api_detail_url": "http://www.giantbomb.com/api/game/3030-7932/",
            "id": 7932,
            "name": "DreamWorks' Shark Tale",
            "site_detail_url": "http://www.giantbomb.com/dreamworks-shark-tale/3030-7932/"
        },
        {
            "api_detail_url": "http://www.giantbomb.com/api/game/3030-4745/",
            "id": 4745,
            "name": "Soldier of Fortune II: Double Helix",
            "site_detail_url": "http://www.giantbomb.com/soldier-of-fortune-ii-double-helix/3030-4745/"
        },
        {
            "api_detail_url": "http://www.giantbomb.com/api/game/3030-5405/",
            "id": 5405,
            "name": "Sword of the Berserk: Guts' Rage",
            "site_detail_url": "http://www.giantbomb.com/sword-of-the-berserk-guts-rage/3030-5405/"
        },
        {
            "api_detail_url": "http://www.giantbomb.com/api/game/3030-21237/",
            "id": 21237,
            "name": "Tales of Symphonia",
            "site_detail_url": "http://www.giantbomb.com/tales-of-symphonia/3030-21237/"
        },
        {
            "api_detail_url": "http://www.giantbomb.com/api/game/3030-7539/",
            "id": 7539,
            "name": "Tenchu: Wrath of Heaven",
            "site_detail_url": "http://www.giantbomb.com/tenchu-wrath-of-heaven/3030-7539/"
        },
        {
            "api_detail_url": "http://www.giantbomb.com/api/game/3030-11325/",
            "id": 11325,
            "name": "Wild Arms 4",
            "site_detail_url": "http://www.giantbomb.com/wild-arms-4/3030-11325/"
        },
        {
            "api_detail_url": "http://www.giantbomb.com/api/game/3030-18603/",
            "id": 18603,
            "name": "World of Warcraft: The Burning Crusade",
            "site_detail_url": "http://www.giantbomb.com/world-of-warcraft-the-burning-crusade/3030-18603/"
        },
        {
            "api_detail_url": "http://www.giantbomb.com/api/game/3030-7180/",
            "id": 7180,
            "name": "Yakuza",
            "site_detail_url": "http://www.giantbomb.com/yakuza/3030-7180/"
        },
        {
            "api_detail_url": "http://www.giantbomb.com/api/game/3030-20669/",
            "id": 20669,
            "name": "Metal Gear Solid 4: Guns of the Patriots",
            "site_detail_url": "http://www.giantbomb.com/metal-gear-solid-4-guns-of-the-patriots/3030-20669/"
        },
        {
            "api_detail_url": "http://www.giantbomb.com/api/game/3030-3019/",
            "id": 3019,
            "name": "The Secret of Monkey Island",
            "site_detail_url": "http://www.giantbomb.com/the-secret-of-monkey-island/3030-3019/"
        },
        {
            "api_detail_url": "http://www.giantbomb.com/api/game/3030-10007/",
            "id": 10007,
            "name": "Dark Cloud 2",
            "site_detail_url": "http://www.giantbomb.com/dark-cloud-2/3030-10007/"
        },
        {
            "api_detail_url": "http://www.giantbomb.com/api/game/3030-22928/",
            "id": 22928,
            "name": "Assassin's Creed II",
            "site_detail_url": "http://www.giantbomb.com/assassins-creed-ii/3030-22928/"
        },
        {
            "api_detail_url": "http://www.giantbomb.com/api/game/3030-21590/",
            "id": 21590,
            "name": "Mass Effect 2",
            "site_detail_url": "http://www.giantbomb.com/mass-effect-2/3030-21590/"
        },
        {
            "api_detail_url": "http://www.giantbomb.com/api/game/3030-20836/",
            "id": 20836,
            "name": "Tales of Vesperia",
            "site_detail_url": "http://www.giantbomb.com/tales-of-vesperia/3030-20836/"
        },
        {
            "api_detail_url": "http://www.giantbomb.com/api/game/3030-21073/",
            "id": 21073,
            "name": "Tales of Symphonia: Dawn of the New World",
            "site_detail_url": "http://www.giantbomb.com/tales-of-symphonia-dawn-of-the-new-world/3030-21073/"
        },
        {
            "api_detail_url": "http://www.giantbomb.com/api/game/3030-21990/",
            "id": 21990,
            "name": "Tales of the World: Radiant Mythology",
            "site_detail_url": "http://www.giantbomb.com/tales-of-the-world-radiant-mythology/3030-21990/"
        },
        {
            "api_detail_url": "http://www.giantbomb.com/api/game/3030-18163/",
            "id": 18163,
            "name": "Just Cause",
            "site_detail_url": "http://www.giantbomb.com/just-cause/3030-18163/"
        },
        {
            "api_detail_url": "http://www.giantbomb.com/api/game/3030-10040/",
            "id": 10040,
            "name": "N3: Ninety-Nine Nights",
            "site_detail_url": "http://www.giantbomb.com/n3-ninety-nine-nights/3030-10040/"
        },
        {
            "api_detail_url": "http://www.giantbomb.com/api/game/3030-8057/",
            "id": 8057,
            "name": "Masters of the Universe: He-Man: Defender of Grayskull",
            "site_detail_url": "http://www.giantbomb.com/masters-of-the-universe-he-man-defender-of-graysku/3030-8057/"
        },
        {
            "api_detail_url": "http://www.giantbomb.com/api/game/3030-21268/",
            "id": 21268,
            "name": "The Hobbit",
            "site_detail_url": "http://www.giantbomb.com/the-hobbit/3030-21268/"
        },
        {
            "api_detail_url": "http://www.giantbomb.com/api/game/3030-16922/",
            "id": 16922,
            "name": "Star Wars: Jedi Knight - Jedi Academy",
            "site_detail_url": "http://www.giantbomb.com/star-wars-jedi-knight-jedi-academy/3030-16922/"
        },
        {
            "api_detail_url": "http://www.giantbomb.com/api/game/3030-21654/",
            "id": 21654,
            "name": "Metal Gear Solid 2: Substance",
            "site_detail_url": "http://www.giantbomb.com/metal-gear-solid-2-substance/3030-21654/"
        },
        {
            "api_detail_url": "http://www.giantbomb.com/api/game/3030-11479/",
            "id": 11479,
            "name": "Star Trek: Starfleet Command III",
            "site_detail_url": "http://www.giantbomb.com/star-trek-starfleet-command-iii/3030-11479/"
        },
        {
            "api_detail_url": "http://www.giantbomb.com/api/game/3030-3551/",
            "id": 3551,
            "name": "Star Trek: Starfleet Command Volume II - Empires at War",
            "site_detail_url": "http://www.giantbomb.com/star-trek-starfleet-command-volume-ii-empires-at-w/3030-3551/"
        },
        {
            "api_detail_url": "http://www.giantbomb.com/api/game/3030-6735/",
            "id": 6735,
            "name": "Sacrifice",
            "site_detail_url": "http://www.giantbomb.com/sacrifice/3030-6735/"
        },
        {
            "api_detail_url": "http://www.giantbomb.com/api/game/3030-11829/",
            "id": 11829,
            "name": "Alundra 2",
            "site_detail_url": "http://www.giantbomb.com/alundra-2/3030-11829/"
        },
        {
            "api_detail_url": "http://www.giantbomb.com/api/game/3030-2025/",
            "id": 2025,
            "name": "Revenant",
            "site_detail_url": "http://www.giantbomb.com/revenant/3030-2025/"
        },
        {
            "api_detail_url": "http://www.giantbomb.com/api/game/3030-6357/",
            "id": 6357,
            "name": "Star Trek: New Worlds",
            "site_detail_url": "http://www.giantbomb.com/star-trek-new-worlds/3030-6357/"
        },
        {
            "api_detail_url": "http://www.giantbomb.com/api/game/3030-433/",
            "id": 433,
            "name": "Star Wars: X-Wing Alliance",
            "site_detail_url": "http://www.giantbomb.com/star-wars-x-wing-alliance/3030-433/"
        },
        {
            "api_detail_url": "http://www.giantbomb.com/api/game/3030-18304/",
            "id": 18304,
            "name": "Xenogears",
            "site_detail_url": "http://www.giantbomb.com/xenogears/3030-18304/"
        },
        {
            "api_detail_url": "http://www.giantbomb.com/api/game/3030-6934/",
            "id": 6934,
            "name": "Tamagotchi CD-ROM",
            "site_detail_url": "http://www.giantbomb.com/tamagotchi-cd-rom/3030-6934/"
        },
        {
            "api_detail_url": "http://www.giantbomb.com/api/game/3030-1673/",
            "id": 1673,
            "name": "Outlaws",
            "site_detail_url": "http://www.giantbomb.com/outlaws/3030-1673/"
        },
        {
            "api_detail_url": "http://www.giantbomb.com/api/game/3030-18034/",
            "id": 18034,
            "name": "Teenage Mutant Ninja Turtles: Turtles in Time",
            "site_detail_url": "http://www.giantbomb.com/teenage-mutant-ninja-turtles-turtles-in-time/3030-18034/"
        },
        {
            "api_detail_url": "http://www.giantbomb.com/api/game/3030-8702/",
            "id": 8702,
            "name": "Metal Gear Ac!d 2",
            "site_detail_url": "http://www.giantbomb.com/metal-gear-acd-2/3030-8702/"
        },
        {
            "api_detail_url": "http://www.giantbomb.com/api/game/3030-6980/",
            "id": 6980,
            "name": "Merlin's Apprentice",
            "site_detail_url": "http://www.giantbomb.com/merlins-apprentice/3030-6980/"
        },
        {
            "api_detail_url": "http://www.giantbomb.com/api/game/3030-29775/",
            "id": 29775,
            "name": "Surf City",
            "site_detail_url": "http://www.giantbomb.com/surf-city/3030-29775/"
        },
        {
            "api_detail_url": "http://www.giantbomb.com/api/game/3030-21365/",
            "id": 21365,
            "name": "Rise of the Argonauts",
            "site_detail_url": "http://www.giantbomb.com/rise-of-the-argonauts/3030-21365/"
        },
        {
            "api_detail_url": "http://www.giantbomb.com/api/game/3030-25062/",
            "id": 25062,
            "name": "Painkiller: Hell Wars",
            "site_detail_url": "http://www.giantbomb.com/painkiller-hell-wars/3030-25062/"
        },
        {
            "api_detail_url": "http://www.giantbomb.com/api/game/3030-6705/",
            "id": 6705,
            "name": "MTX Mototrax",
            "site_detail_url": "http://www.giantbomb.com/mtx-mototrax/3030-6705/"
        },
        {
            "api_detail_url": "http://www.giantbomb.com/api/game/3030-7750/",
            "id": 7750,
            "name": "Tenchu: Return from Darkness",
            "site_detail_url": "http://www.giantbomb.com/tenchu-return-from-darkness/3030-7750/"
        },
        {
            "api_detail_url": "http://www.giantbomb.com/api/game/3030-3719/",
            "id": 3719,
            "name": "Return to Castle Wolfenstein: Tides of War",
            "site_detail_url": "http://www.giantbomb.com/return-to-castle-wolfenstein-tides-of-war/3030-3719/"
        },
        {
            "api_detail_url": "http://www.giantbomb.com/api/game/3030-2638/",
            "id": 2638,
            "name": "Return to Castle Wolfenstein: Operation Resurrection",
            "site_detail_url": "http://www.giantbomb.com/return-to-castle-wolfenstein-operation-resurrectio/3030-2638/"
        },
        {
            "api_detail_url": "http://www.giantbomb.com/api/game/3030-8138/",
            "id": 8138,
            "name": "Disney's the Lion King: Simba's Mighty Adventure",
            "site_detail_url": "http://www.giantbomb.com/disneys-the-lion-king-simbas-mighty-adventure/3030-8138/"
        },
        {
            "api_detail_url": "http://www.giantbomb.com/api/game/3030-209/",
            "id": 209,
            "name": "Tiny Toon Adventures: The Great Beanstalk",
            "site_detail_url": "http://www.giantbomb.com/tiny-toon-adventures-the-great-beanstalk/3030-209/"
        },
        {
            "api_detail_url": "http://www.giantbomb.com/api/game/3030-30149/",
            "id": 30149,
            "name": "The X-Fools: The Spoof Is Out There",
            "site_detail_url": "http://www.giantbomb.com/the-x-fools-the-spoof-is-out-there/3030-30149/"
        },
        {
            "api_detail_url": "http://www.giantbomb.com/api/game/3030-26790/",
            "id": 26790,
            "name": "Crackdown 2",
            "site_detail_url": "http://www.giantbomb.com/crackdown-2/3030-26790/"
        },
        {
            "api_detail_url": "http://www.giantbomb.com/api/game/3030-11654/",
            "id": 11654,
            "name": "Zombie Dinos",
            "site_detail_url": "http://www.giantbomb.com/zombie-dinos/3030-11654/"
        },
        {
            "api_detail_url": "http://www.giantbomb.com/api/game/3030-25933/",
            "id": 25933,
            "name": "Fallout: New Vegas",
            "site_detail_url": "http://www.giantbomb.com/fallout-new-vegas/3030-25933/"
        },
        {
            "api_detail_url": "http://www.giantbomb.com/api/game/3030-7392/",
            "id": 7392,
            "name": "Baldur's Gate: Tales of the Sword Coast",
            "site_detail_url": "http://www.giantbomb.com/baldurs-gate-tales-of-the-sword-coast/3030-7392/"
        },
        {
            "api_detail_url": "http://www.giantbomb.com/api/game/3030-6795/",
            "id": 6795,
            "name": "Baldur's Gate II: Throne of Bhaal",
            "site_detail_url": "http://www.giantbomb.com/baldurs-gate-ii-throne-of-bhaal/3030-6795/"
        },
        {
            "api_detail_url": "http://www.giantbomb.com/api/game/3030-34129/",
            "id": 34129,
            "name": "Skylanders: Spyro's Adventure",
            "site_detail_url": "http://www.giantbomb.com/skylanders-spyros-adventure/3030-34129/"
        },
        {
            "api_detail_url": "http://www.giantbomb.com/api/game/3030-10915/",
            "id": 10915,
            "name": "Beneath a Steel Sky",
            "site_detail_url": "http://www.giantbomb.com/beneath-a-steel-sky/3030-10915/"
        },
        {
            "api_detail_url": "http://www.giantbomb.com/api/game/3030-24421/",
            "id": 24421,
            "name": "Clash of the Titans",
            "site_detail_url": "http://www.giantbomb.com/clash-of-the-titans/3030-24421/"
        },
        {
            "api_detail_url": "http://www.giantbomb.com/api/game/3030-29675/",
            "id": 29675,
            "name": "Dragon Age: Origins - Awakening",
            "site_detail_url": "http://www.giantbomb.com/dragon-age-origins-awakening/3030-29675/"
        },
        {
            "api_detail_url": "http://www.giantbomb.com/api/game/3030-25719/",
            "id": 25719,
            "name": "Scooby-Doo! First Frights",
            "site_detail_url": "http://www.giantbomb.com/scooby-doo-first-frights/3030-25719/"
        },
        {
            "api_detail_url": "http://www.giantbomb.com/api/game/3030-14523/",
            "id": 14523,
            "name": "Star Wars: Jedi Knight II - Jedi Outcast",
            "site_detail_url": "http://www.giantbomb.com/star-wars-jedi-knight-ii-jedi-outcast/3030-14523/"
        },
        {
            "api_detail_url": "http://www.giantbomb.com/api/game/3030-500/",
            "id": 500,
            "name": "The Thing",
            "site_detail_url": "http://www.giantbomb.com/the-thing/3030-500/"
        },
        {
            "api_detail_url": "http://www.giantbomb.com/api/game/3030-20388/",
            "id": 20388,
            "name": "The Amazing Spider-Man vs. The Kingpin",
            "site_detail_url": "http://www.giantbomb.com/the-amazing-spider-man-vs-the-kingpin/3030-20388/"
        },
        {
            "api_detail_url": "http://www.giantbomb.com/api/game/3030-21425/",
            "id": 21425,
            "name": "Naruto: The Broken Bond",
            "site_detail_url": "http://www.giantbomb.com/naruto-the-broken-bond/3030-21425/"
        },
        {
            "api_detail_url": "http://www.giantbomb.com/api/game/3030-9825/",
            "id": 9825,
            "name": "The Spiderwick Chronicles",
            "site_detail_url": "http://www.giantbomb.com/the-spiderwick-chronicles/3030-9825/"
        },
        {
            "api_detail_url": "http://www.giantbomb.com/api/game/3030-33883/",
            "id": 33883,
            "name": "Final Fantasy XIII-2",
            "site_detail_url": "http://www.giantbomb.com/final-fantasy-xiii-2/3030-33883/"
        },
        {
            "api_detail_url": "http://www.giantbomb.com/api/game/3030-36898/",
            "id": 36898,
            "name": "LEGO Batman 2: DC Super Heroes",
            "site_detail_url": "http://www.giantbomb.com/lego-batman-2-dc-super-heroes/3030-36898/"
        },
        {
            "api_detail_url": "http://www.giantbomb.com/api/game/3030-39248/",
            "id": 39248,
            "name": "God of War Saga",
            "site_detail_url": "http://www.giantbomb.com/god-of-war-saga/3030-39248/"
        },
        {
            "api_detail_url": "http://www.giantbomb.com/api/game/3030-37417/",
            "id": 37417,
            "name": "Skylanders Giants",
            "site_detail_url": "http://www.giantbomb.com/skylanders-giants/3030-37417/"
        },
        {
            "api_detail_url": "http://www.giantbomb.com/api/game/3030-42795/",
            "id": 42795,
            "name": "Tales of Symphonia Chronicles",
            "site_detail_url": "http://www.giantbomb.com/tales-of-symphonia-chronicles/3030-42795/"
        },
        {
            "api_detail_url": "http://www.giantbomb.com/api/game/3030-20626/",
            "id": 20626,
            "name": "Star Wars: The Force Unleashed",
            "site_detail_url": "http://www.giantbomb.com/star-wars-the-force-unleashed/3030-20626/"
        },
        {
            "api_detail_url": "http://www.giantbomb.com/api/game/3030-16909/",
            "id": 16909,
            "name": "Mass Effect",
            "site_detail_url": "http://www.giantbomb.com/mass-effect/3030-16909/"
        },
        {
            "api_detail_url": "http://www.giantbomb.com/api/game/3030-47141/",
            "id": 47141,
            "name": "Teenage Mutant Ninja Turtles: Brothers Unite",
            "site_detail_url": "http://www.giantbomb.com/teenage-mutant-ninja-turtles-brothers-unite/3030-47141/"
        },
        {
            "api_detail_url": "http://www.giantbomb.com/api/game/3030-45803/",
            "id": 45803,
            "name": "Teenage Mutant Ninja Turtles",
            "site_detail_url": "http://www.giantbomb.com/teenage-mutant-ninja-turtles/3030-45803/"
        },
        {
            "api_detail_url": "http://www.giantbomb.com/api/game/3030-16140/",
            "id": 16140,
            "name": "Metal Gear Solid",
            "site_detail_url": "http://www.giantbomb.com/metal-gear-solid/3030-16140/"
        },
        {
            "api_detail_url": "http://www.giantbomb.com/api/game/3030-32684/",
            "id": 32684,
            "name": "Shadows of the Damned",
            "site_detail_url": "http://www.giantbomb.com/shadows-of-the-damned/3030-32684/"
        },
        {
            "api_detail_url": "http://www.giantbomb.com/api/game/3030-12388/",
            "id": 12388,
            "name": "Metal Gear Solid 2: Sons of Liberty",
            "site_detail_url": "http://www.giantbomb.com/metal-gear-solid-2-sons-of-liberty/3030-12388/"
        },
        {
            "api_detail_url": "http://www.giantbomb.com/api/game/3030-35573/",
            "id": 35573,
            "name": "Super Smash Bros. for Wii U/Nintendo 3DS",
            "site_detail_url": "http://www.giantbomb.com/super-smash-bros-for-wii-u-nintendo-3ds/3030-35573/"
        }
    ],
    "gender": 1,
    "hometown": "Burbank, California",
    "id": 4266,
    "name": "Cam A. Clarke",
    "people": [
        {
            "api_detail_url": "http://www.giantbomb.com/api/person/3040-39849/",
            "id": 39849,
            "name": "David Hayter",
            "site_detail_url": "http://www.giantbomb.com/david-hayter/3040-39849/"
        },
        {
            "api_detail_url": "http://www.giantbomb.com/api/person/3040-4269/",
            "id": 4269,
            "name": "Jennifer Hale",
            "site_detail_url": "http://www.giantbomb.com/jennifer-hale/3040-4269/"
        },
        {
            "api_detail_url": "http://www.giantbomb.com/api/person/3040-10098/",
            "id": 10098,
            "name": "Rob Paulsen",
            "site_detail_url": "http://www.giantbomb.com/rob-paulsen/3040-10098/"
        }
    ]
}