{
    "birth_date": null,
    "country": null,
    "death_date": null,
    "deck": null,
    "first_credited_game": {
        "api_detail_url": "http://www.giantbomb.com/api/game/3030-9953/",
        "id": 9953,
        "name": "Neverwinter Nights"
    },
    "games": [
        {
            "api_detail_url": "http://www.giantbomb.com/api/game/3030-8580/",
            "id": 8580,
            "name": "Jade Empire",
            "site_detail_url": "http://www.giantbomb.com/jade-empire/3030-8580/"
        },
        {
            "api_detail_url": "http://www.giantbomb.com/api/game/3030-9953/",
            "id": 9953,
            "name": "Neverwinter Nights",
            "site_detail_url": "http://www.giantbomb.com/neverwinter-nights/3030-9953/"
        },
        {
            "api_detail_url": "http://www.giantbomb.com/api/game/3030-18603/",
            "id": 18603,
            "name": "World of Warcraft: The Burning Crusade",
            "site_detail_url": "http://www.giantbomb.com/world-of-warcraft-the-burning-crusade/3030-18603/"
        }
    ],
    "gender": null,
    "hometown": null,
    "id": 75564,
    "name": "Carman Cheung",
    "people": []
}