{
    "birth_date": "1947-11-06",
    "country": "England",
    "death_date": null,
    "deck": "A widely recognized actress in video games and science fiction television. Most recently known for her work in the Mass Effect series as Dr. Chakwas.",
    "first_credited_game": {
        "api_detail_url": "http://www.giantbomb.com/api/game/3030-2025/",
        "id": 2025,
        "name": "Revenant"
    },
    "games": [
        {
            "api_detail_url": "http://www.giantbomb.com/api/game/3030-14523/",
            "id": 14523,
            "name": "Star Wars: Jedi Knight II - Jedi Outcast",
            "site_detail_url": "http://www.giantbomb.com/star-wars-jedi-knight-ii-jedi-outcast/3030-14523/"
        },
        {
            "api_detail_url": "http://www.giantbomb.com/api/game/3030-18901/",
            "id": 18901,
            "name": "Star Wars: Galactic Battlegrounds",
            "site_detail_url": "http://www.giantbomb.com/star-wars-galactic-battlegrounds/3030-18901/"
        },
        {
            "api_detail_url": "http://www.giantbomb.com/api/game/3030-4614/",
            "id": 4614,
            "name": "Star Wars: Empire at War",
            "site_detail_url": "http://www.giantbomb.com/star-wars-empire-at-war/3030-4614/"
        },
        {
            "api_detail_url": "http://www.giantbomb.com/api/game/3030-2845/",
            "id": 2845,
            "name": "Gabriel Knight 3: Blood of the Sacred, Blood of the Damned",
            "site_detail_url": "http://www.giantbomb.com/gabriel-knight-3-blood-of-the-sacred-blood-of-the-/3030-2845/"
        },
        {
            "api_detail_url": "http://www.giantbomb.com/api/game/3030-17043/",
            "id": 17043,
            "name": "Agatha Christie: And Then There Were None",
            "site_detail_url": "http://www.giantbomb.com/agatha-christie-and-then-there-were-none/3030-17043/"
        },
        {
            "api_detail_url": "http://www.giantbomb.com/api/game/3030-21590/",
            "id": 21590,
            "name": "Mass Effect 2",
            "site_detail_url": "http://www.giantbomb.com/mass-effect-2/3030-21590/"
        },
        {
            "api_detail_url": "http://www.giantbomb.com/api/game/3030-12749/",
            "id": 12749,
            "name": "Agatha Christie: Murder on the Orient Express",
            "site_detail_url": "http://www.giantbomb.com/agatha-christie-murder-on-the-orient-express/3030-12749/"
        },
        {
            "api_detail_url": "http://www.giantbomb.com/api/game/3030-20662/",
            "id": 20662,
            "name": "Gears of War 2",
            "site_detail_url": "http://www.giantbomb.com/gears-of-war-2/3030-20662/"
        },
        {
            "api_detail_url": "http://www.giantbomb.com/api/game/3030-8852/",
            "id": 8852,
            "name": "Star Wars: Knights of the Old Republic II - The Sith Lords",
            "site_detail_url": "http://www.giantbomb.com/star-wars-knights-of-the-old-republic-ii-the-sith-/3030-8852/"
        },
        {
            "api_detail_url": "http://www.giantbomb.com/api/game/3030-18741/",
            "id": 18741,
            "name": "Star Wars: Knights of the Old Republic",
            "site_detail_url": "http://www.giantbomb.com/star-wars-knights-of-the-old-republic/3030-18741/"
        },
        {
            "api_detail_url": "http://www.giantbomb.com/api/game/3030-19627/",
            "id": 19627,
            "name": "Armed and Dangerous",
            "site_detail_url": "http://www.giantbomb.com/armed-and-dangerous/3030-19627/"
        },
        {
            "api_detail_url": "http://www.giantbomb.com/api/game/3030-10636/",
            "id": 10636,
            "name": "Summoner 2",
            "site_detail_url": "http://www.giantbomb.com/summoner-2/3030-10636/"
        },
        {
            "api_detail_url": "http://www.giantbomb.com/api/game/3030-7284/",
            "id": 7284,
            "name": "Indiana Jones and the Infernal Machine",
            "site_detail_url": "http://www.giantbomb.com/indiana-jones-and-the-infernal-machine/3030-7284/"
        },
        {
            "api_detail_url": "http://www.giantbomb.com/api/game/3030-2025/",
            "id": 2025,
            "name": "Revenant",
            "site_detail_url": "http://www.giantbomb.com/revenant/3030-2025/"
        },
        {
            "api_detail_url": "http://www.giantbomb.com/api/game/3030-30615/",
            "id": 30615,
            "name": "Gears of War 3",
            "site_detail_url": "http://www.giantbomb.com/gears-of-war-3/3030-30615/"
        },
        {
            "api_detail_url": "http://www.giantbomb.com/api/game/3030-38481/",
            "id": 38481,
            "name": "Gears of War: Judgment",
            "site_detail_url": "http://www.giantbomb.com/gears-of-war-judgment/3030-38481/"
        },
        {
            "api_detail_url": "http://www.giantbomb.com/api/game/3030-16909/",
            "id": 16909,
            "name": "Mass Effect",
            "site_detail_url": "http://www.giantbomb.com/mass-effect/3030-16909/"
        },
        {
            "api_detail_url": "http://www.giantbomb.com/api/game/3030-29935/",
            "id": 29935,
            "name": "Mass Effect 3",
            "site_detail_url": "http://www.giantbomb.com/mass-effect-3/3030-29935/"
        }
    ],
    "gender": 2,
    "hometown": null,
    "id": 10657,
    "name": "Carolyn Seymour",
    "people": []
}