{
    "birth_date": "1967-08-21",
    "country": "Canada",
    "death_date": null,
    "deck": "Canadian actress best known for her role as Trinity in the Matrix movies. She is also the voice actress for Aria who is in Mass Effect 2.",
    "first_credited_game": {
        "api_detail_url": "http://www.giantbomb.com/api/game/3030-7570/",
        "id": 7570,
        "name": "Enter the Matrix"
    },
    "games": [
        {
            "api_detail_url": "http://www.giantbomb.com/api/game/3030-21590/",
            "id": 21590,
            "name": "Mass Effect 2",
            "site_detail_url": "http://www.giantbomb.com/mass-effect-2/3030-21590/"
        },
        {
            "api_detail_url": "http://www.giantbomb.com/api/game/3030-7570/",
            "id": 7570,
            "name": "Enter the Matrix",
            "site_detail_url": "http://www.giantbomb.com/enter-the-matrix/3030-7570/"
        },
        {
            "api_detail_url": "http://www.giantbomb.com/api/game/3030-29935/",
            "id": 29935,
            "name": "Mass Effect 3",
            "site_detail_url": "http://www.giantbomb.com/mass-effect-3/3030-29935/"
        }
    ],
    "gender": 2,
    "hometown": "Vancouver, British Columbia",
    "id": 73159,
    "name": "Carrie-Anne Moss",
    "people": [
        {
            "api_detail_url": "http://www.giantbomb.com/api/person/3040-73168/",
            "id": 73168,
            "name": "Keanu Reeves",
            "site_detail_url": "http://www.giantbomb.com/keanu-reeves/3040-73168/"
        },
        {
            "api_detail_url": "http://www.giantbomb.com/api/person/3040-73177/",
            "id": 73177,
            "name": "Hugo Weaving",
            "site_detail_url": "http://www.giantbomb.com/hugo-weaving/3040-73177/"
        },
        {
            "api_detail_url": "http://www.giantbomb.com/api/person/3040-73146/",
            "id": 73146,
            "name": "Laurence Fishburne",
            "site_detail_url": "http://www.giantbomb.com/laurence-fishburne/3040-73146/"
        }
    ]
}