{
    "birth_date": null,
    "country": "Canada",
    "death_date": null,
    "deck": "A former creative lead at Bioware, where he was the project director on the Mass Effect series. In August 2014 he announced his departure from the company.",
    "first_credited_game": {
        "api_detail_url": "http://www.giantbomb.com/api/game/3030-1531/",
        "id": 1531,
        "name": "MDK 2"
    },
    "games": [
        {
            "api_detail_url": "http://www.giantbomb.com/api/game/3030-10637/",
            "id": 10637,
            "name": "Baldur's Gate II: Shadows of Amn",
            "site_detail_url": "http://www.giantbomb.com/baldurs-gate-ii-shadows-of-amn/3030-10637/"
        },
        {
            "api_detail_url": "http://www.giantbomb.com/api/game/3030-18741/",
            "id": 18741,
            "name": "Star Wars: Knights of the Old Republic",
            "site_detail_url": "http://www.giantbomb.com/star-wars-knights-of-the-old-republic/3030-18741/"
        },
        {
            "api_detail_url": "http://www.giantbomb.com/api/game/3030-21590/",
            "id": 21590,
            "name": "Mass Effect 2",
            "site_detail_url": "http://www.giantbomb.com/mass-effect-2/3030-21590/"
        },
        {
            "api_detail_url": "http://www.giantbomb.com/api/game/3030-1531/",
            "id": 1531,
            "name": "MDK 2",
            "site_detail_url": "http://www.giantbomb.com/mdk-2/3030-1531/"
        },
        {
            "api_detail_url": "http://www.giantbomb.com/api/game/3030-9953/",
            "id": 9953,
            "name": "Neverwinter Nights",
            "site_detail_url": "http://www.giantbomb.com/neverwinter-nights/3030-9953/"
        },
        {
            "api_detail_url": "http://www.giantbomb.com/api/game/3030-26087/",
            "id": 26087,
            "name": "Mass Effect: Galaxy",
            "site_detail_url": "http://www.giantbomb.com/mass-effect-galaxy/3030-26087/"
        },
        {
            "api_detail_url": "http://www.giantbomb.com/api/game/3030-8852/",
            "id": 8852,
            "name": "Star Wars: Knights of the Old Republic II - The Sith Lords",
            "site_detail_url": "http://www.giantbomb.com/star-wars-knights-of-the-old-republic-ii-the-sith-/3030-8852/"
        },
        {
            "api_detail_url": "http://www.giantbomb.com/api/game/3030-8580/",
            "id": 8580,
            "name": "Jade Empire",
            "site_detail_url": "http://www.giantbomb.com/jade-empire/3030-8580/"
        },
        {
            "api_detail_url": "http://www.giantbomb.com/api/game/3030-37437/",
            "id": 37437,
            "name": "Mass Effect: Infiltrator",
            "site_detail_url": "http://www.giantbomb.com/mass-effect-infiltrator/3030-37437/"
        },
        {
            "api_detail_url": "http://www.giantbomb.com/api/game/3030-16909/",
            "id": 16909,
            "name": "Mass Effect",
            "site_detail_url": "http://www.giantbomb.com/mass-effect/3030-16909/"
        },
        {
            "api_detail_url": "http://www.giantbomb.com/api/game/3030-29935/",
            "id": 29935,
            "name": "Mass Effect 3",
            "site_detail_url": "http://www.giantbomb.com/mass-effect-3/3030-29935/"
        }
    ],
    "gender": 1,
    "hometown": "Edmonton",
    "id": 29932,
    "name": "Casey Hudson",
    "people": [
        {
            "api_detail_url": "http://www.giantbomb.com/api/person/3040-89829/",
            "id": 89829,
            "name": "Larry Hryb",
            "site_detail_url": "http://www.giantbomb.com/larry-hryb/3040-89829/"
        }
    ]
}