{
    "birth_date": "1979-12-30",
    "country": "United States",
    "death_date": null,
    "deck": "Catherine Taber is an American actress who made her first video game appearance in Knights of the Old Republic.",
    "first_credited_game": {
        "api_detail_url": "http://www.giantbomb.com/api/game/3030-18741/",
        "id": 18741,
        "name": "Star Wars: Knights of the Old Republic"
    },
    "games": [
        {
            "api_detail_url": "http://www.giantbomb.com/api/game/3030-3631/",
            "id": 3631,
            "name": "Tony Hawk's Downhill Jam",
            "site_detail_url": "http://www.giantbomb.com/tony-hawks-downhill-jam/3030-3631/"
        },
        {
            "api_detail_url": "http://www.giantbomb.com/api/game/3030-11497/",
            "id": 11497,
            "name": "Final Fantasy XII",
            "site_detail_url": "http://www.giantbomb.com/final-fantasy-xii/3030-11497/"
        },
        {
            "api_detail_url": "http://www.giantbomb.com/api/game/3030-1213/",
            "id": 1213,
            "name": "Baten Kaitos Origins",
            "site_detail_url": "http://www.giantbomb.com/baten-kaitos-origins/3030-1213/"
        },
        {
            "api_detail_url": "http://www.giantbomb.com/api/game/3030-7676/",
            "id": 7676,
            "name": "X-Men: Legends II - Rise of Apocalypse",
            "site_detail_url": "http://www.giantbomb.com/x-men-legends-ii-rise-of-apocalypse/3030-7676/"
        },
        {
            "api_detail_url": "http://www.giantbomb.com/api/game/3030-8102/",
            "id": 8102,
            "name": "The Bard's Tale",
            "site_detail_url": "http://www.giantbomb.com/the-bards-tale/3030-8102/"
        },
        {
            "api_detail_url": "http://www.giantbomb.com/api/game/3030-18741/",
            "id": 18741,
            "name": "Star Wars: Knights of the Old Republic",
            "site_detail_url": "http://www.giantbomb.com/star-wars-knights-of-the-old-republic/3030-18741/"
        },
        {
            "api_detail_url": "http://www.giantbomb.com/api/game/3030-35531/",
            "id": 35531,
            "name": "Kinect Sports: Season Two",
            "site_detail_url": "http://www.giantbomb.com/kinect-sports-season-two/3030-35531/"
        },
        {
            "api_detail_url": "http://www.giantbomb.com/api/game/3030-24042/",
            "id": 24042,
            "name": "Ninety-Nine Nights II",
            "site_detail_url": "http://www.giantbomb.com/ninety-nine-nights-ii/3030-24042/"
        },
        {
            "api_detail_url": "http://www.giantbomb.com/api/game/3030-26817/",
            "id": 26817,
            "name": "Metal Gear Solid: Peace Walker",
            "site_detail_url": "http://www.giantbomb.com/metal-gear-solid-peace-walker/3030-26817/"
        },
        {
            "api_detail_url": "http://www.giantbomb.com/api/game/3030-26589/",
            "id": 26589,
            "name": "James Cameron's Avatar: The Game",
            "site_detail_url": "http://www.giantbomb.com/james-camerons-avatar-the-game/3030-26589/"
        },
        {
            "api_detail_url": "http://www.giantbomb.com/api/game/3030-26390/",
            "id": 26390,
            "name": "Star Wars The Clone Wars: Republic Heroes",
            "site_detail_url": "http://www.giantbomb.com/star-wars-the-clone-wars-republic-heroes/3030-26390/"
        },
        {
            "api_detail_url": "http://www.giantbomb.com/api/game/3030-21308/",
            "id": 21308,
            "name": "Aion: Ascension",
            "site_detail_url": "http://www.giantbomb.com/aion-ascension/3030-21308/"
        },
        {
            "api_detail_url": "http://www.giantbomb.com/api/game/3030-21021/",
            "id": 21021,
            "name": "Star Wars: The Clone Wars - Jedi Alliance",
            "site_detail_url": "http://www.giantbomb.com/star-wars-the-clone-wars-jedi-alliance/3030-21021/"
        },
        {
            "api_detail_url": "http://www.giantbomb.com/api/game/3030-21365/",
            "id": 21365,
            "name": "Rise of the Argonauts",
            "site_detail_url": "http://www.giantbomb.com/rise-of-the-argonauts/3030-21365/"
        },
        {
            "api_detail_url": "http://www.giantbomb.com/api/game/3030-28099/",
            "id": 28099,
            "name": "Hannah Montana: Spotlight World Tour",
            "site_detail_url": "http://www.giantbomb.com/hannah-montana-spotlight-world-tour/3030-28099/"
        },
        {
            "api_detail_url": "http://www.giantbomb.com/api/game/3030-34553/",
            "id": 34553,
            "name": "Resident Evil: Operation Raccoon City",
            "site_detail_url": "http://www.giantbomb.com/resident-evil-operation-raccoon-city/3030-34553/"
        },
        {
            "api_detail_url": "http://www.giantbomb.com/api/game/3030-21369/",
            "id": 21369,
            "name": "The Secret World",
            "site_detail_url": "http://www.giantbomb.com/the-secret-world/3030-21369/"
        },
        {
            "api_detail_url": "http://www.giantbomb.com/api/game/3030-35003/",
            "id": 35003,
            "name": "Marvel Heroes 2016",
            "site_detail_url": "http://www.giantbomb.com/marvel-heroes-2016/3030-35003/"
        },
        {
            "api_detail_url": "http://www.giantbomb.com/api/game/3030-41836/",
            "id": 41836,
            "name": "Teenage Mutant Ninja Turtles: Out of the Shadows",
            "site_detail_url": "http://www.giantbomb.com/teenage-mutant-ninja-turtles-out-of-the-shadows/3030-41836/"
        },
        {
            "api_detail_url": "http://www.giantbomb.com/api/game/3030-20626/",
            "id": 20626,
            "name": "Star Wars: The Force Unleashed",
            "site_detail_url": "http://www.giantbomb.com/star-wars-the-force-unleashed/3030-20626/"
        },
        {
            "api_detail_url": "http://www.giantbomb.com/api/game/3030-47854/",
            "id": 47854,
            "name": "Final Fantasy Type-0 HD",
            "site_detail_url": "http://www.giantbomb.com/final-fantasy-type0-hd/3030-47854/"
        },
        {
            "api_detail_url": "http://www.giantbomb.com/api/game/3030-47753/",
            "id": 47753,
            "name": "Disney Infinity 3.0 Edition",
            "site_detail_url": "http://www.giantbomb.com/disney-infinity-3-0-edition/3030-47753/"
        },
        {
            "api_detail_url": "http://www.giantbomb.com/api/game/3030-50856/",
            "id": 50856,
            "name": "Star Wars: Uprising",
            "site_detail_url": "http://www.giantbomb.com/star-wars-uprising/3030-50856/"
        },
        {
            "api_detail_url": "http://www.giantbomb.com/api/game/3030-48413/",
            "id": 48413,
            "name": "Minecraft: Story Mode",
            "site_detail_url": "http://www.giantbomb.com/minecraft-story-mode/3030-48413/"
        }
    ],
    "gender": 2,
    "hometown": null,
    "id": 75587,
    "name": "Catherine Taber",
    "people": [
        {
            "api_detail_url": "http://www.giantbomb.com/api/person/3040-86436/",
            "id": 86436,
            "name": "Zach Hanks",
            "site_detail_url": "http://www.giantbomb.com/zach-hanks/3040-86436/"
        }
    ]
}