{
    "birth_date": null,
    "country": null,
    "death_date": null,
    "deck": null,
    "first_credited_game": {
        "api_detail_url": "http://www.giantbomb.com/api/game/3030-13291/",
        "id": 13291,
        "name": "Fox Hunt"
    },
    "games": [
        {
            "api_detail_url": "http://www.giantbomb.com/api/game/3030-13291/",
            "id": 13291,
            "name": "Fox Hunt",
            "site_detail_url": "http://www.giantbomb.com/fox-hunt/3030-13291/"
        },
        {
            "api_detail_url": "http://www.giantbomb.com/api/game/3030-16866/",
            "id": 16866,
            "name": "Battlefield 2",
            "site_detail_url": "http://www.giantbomb.com/battlefield-2/3030-16866/"
        },
        {
            "api_detail_url": "http://www.giantbomb.com/api/game/3030-67/",
            "id": 67,
            "name": "Tiger Woods PGA Tour 07",
            "site_detail_url": "http://www.giantbomb.com/tiger-woods-pga-tour-07/3030-67/"
        },
        {
            "api_detail_url": "http://www.giantbomb.com/api/game/3030-23346/",
            "id": 23346,
            "name": "The Godfather II",
            "site_detail_url": "http://www.giantbomb.com/the-godfather-ii/3030-23346/"
        }
    ],
    "gender": 1,
    "hometown": null,
    "id": 26431,
    "name": "Chad Wilson",
    "people": []
}