{
    "birth_date": null,
    "country": null,
    "death_date": null,
    "deck": null,
    "first_credited_game": {
        "api_detail_url": "http://www.giantbomb.com/api/game/3030-8580/",
        "id": 8580,
        "name": "Jade Empire"
    },
    "games": [
        {
            "api_detail_url": "http://www.giantbomb.com/api/game/3030-8580/",
            "id": 8580,
            "name": "Jade Empire",
            "site_detail_url": "http://www.giantbomb.com/jade-empire/3030-8580/"
        },
        {
            "api_detail_url": "http://www.giantbomb.com/api/game/3030-11057/",
            "id": 11057,
            "name": "Superman Returns",
            "site_detail_url": "http://www.giantbomb.com/superman-returns/3030-11057/"
        },
        {
            "api_detail_url": "http://www.giantbomb.com/api/game/3030-35161/",
            "id": 35161,
            "name": "Soulcalibur V",
            "site_detail_url": "http://www.giantbomb.com/soulcalibur-v/3030-35161/"
        }
    ],
    "gender": null,
    "hometown": null,
    "id": 65825,
    "name": "Charles Klausmeyer",
    "people": []
}