{
    "birth_date": "1956-10-02",
    "country": "United States",
    "death_date": null,
    "deck": "Charles \"Charlie\" Adler is a well-known voice actor.",
    "first_credited_game": {
        "api_detail_url": "http://www.giantbomb.com/api/game/3030-21695/",
        "id": 21695,
        "name": "3D Movie Maker"
    },
    "games": [
        {
            "api_detail_url": "http://www.giantbomb.com/api/game/3030-19378/",
            "id": 19378,
            "name": "Blazing Dragons",
            "site_detail_url": "http://www.giantbomb.com/blazing-dragons/3030-19378/"
        },
        {
            "api_detail_url": "http://www.giantbomb.com/api/game/3030-3185/",
            "id": 3185,
            "name": "ClayFighter 63 1/3",
            "site_detail_url": "http://www.giantbomb.com/clayfighter-63-13/3030-3185/"
        },
        {
            "api_detail_url": "http://www.giantbomb.com/api/game/3030-11704/",
            "id": 11704,
            "name": "Fallout",
            "site_detail_url": "http://www.giantbomb.com/fallout/3030-11704/"
        },
        {
            "api_detail_url": "http://www.giantbomb.com/api/game/3030-5559/",
            "id": 5559,
            "name": "Fallout 2",
            "site_detail_url": "http://www.giantbomb.com/fallout-2/3030-5559/"
        },
        {
            "api_detail_url": "http://www.giantbomb.com/api/game/3030-2235/",
            "id": 2235,
            "name": "Planescape: Torment",
            "site_detail_url": "http://www.giantbomb.com/planescape-torment/3030-2235/"
        },
        {
            "api_detail_url": "http://www.giantbomb.com/api/game/3030-10637/",
            "id": 10637,
            "name": "Baldur's Gate II: Shadows of Amn",
            "site_detail_url": "http://www.giantbomb.com/baldurs-gate-ii-shadows-of-amn/3030-10637/"
        },
        {
            "api_detail_url": "http://www.giantbomb.com/api/game/3030-9058/",
            "id": 9058,
            "name": "Escape from Monkey Island",
            "site_detail_url": "http://www.giantbomb.com/escape-from-monkey-island/3030-9058/"
        },
        {
            "api_detail_url": "http://www.giantbomb.com/api/game/3030-6735/",
            "id": 6735,
            "name": "Sacrifice",
            "site_detail_url": "http://www.giantbomb.com/sacrifice/3030-6735/"
        },
        {
            "api_detail_url": "http://www.giantbomb.com/api/game/3030-6610/",
            "id": 6610,
            "name": "Stupid Invaders",
            "site_detail_url": "http://www.giantbomb.com/stupid-invaders/3030-6610/"
        },
        {
            "api_detail_url": "http://www.giantbomb.com/api/game/3030-15885/",
            "id": 15885,
            "name": "Earth & Beyond",
            "site_detail_url": "http://www.giantbomb.com/earth-beyond/3030-15885/"
        },
        {
            "api_detail_url": "http://www.giantbomb.com/api/game/3030-19188/",
            "id": 19188,
            "name": "Ty the Tasmanian Tiger 3: Night of the Quinkan",
            "site_detail_url": "http://www.giantbomb.com/ty-the-tasmanian-tiger-3-night-of-the-quinkan/3030-19188/"
        },
        {
            "api_detail_url": "http://www.giantbomb.com/api/game/3030-21269/",
            "id": 21269,
            "name": "Nicktoons Racing",
            "site_detail_url": "http://www.giantbomb.com/nicktoons-racing/3030-21269/"
        },
        {
            "api_detail_url": "http://www.giantbomb.com/api/game/3030-2906/",
            "id": 2906,
            "name": "Psychonauts",
            "site_detail_url": "http://www.giantbomb.com/psychonauts/3030-2906/"
        },
        {
            "api_detail_url": "http://www.giantbomb.com/api/game/3030-21695/",
            "id": 21695,
            "name": "3D Movie Maker",
            "site_detail_url": "http://www.giantbomb.com/3d-movie-maker/3030-21695/"
        },
        {
            "api_detail_url": "http://www.giantbomb.com/api/game/3030-12958/",
            "id": 12958,
            "name": "Cartoon Network Racing",
            "site_detail_url": "http://www.giantbomb.com/cartoon-network-racing/3030-12958/"
        },
        {
            "api_detail_url": "http://www.giantbomb.com/api/game/3030-33883/",
            "id": 33883,
            "name": "Final Fantasy XIII-2",
            "site_detail_url": "http://www.giantbomb.com/final-fantasy-xiii-2/3030-33883/"
        },
        {
            "api_detail_url": "http://www.giantbomb.com/api/game/3030-35938/",
            "id": 35938,
            "name": "Ultimate Marvel vs. Capcom 3",
            "site_detail_url": "http://www.giantbomb.com/ultimate-marvel-vs-capcom-3/3030-35938/"
        },
        {
            "api_detail_url": "http://www.giantbomb.com/api/game/3030-1019/",
            "id": 1019,
            "name": "Atomic Bomberman",
            "site_detail_url": "http://www.giantbomb.com/atomic-bomberman/3030-1019/"
        },
        {
            "api_detail_url": "http://www.giantbomb.com/api/game/3030-30944/",
            "id": 30944,
            "name": "Marvel vs. Capcom 3: Fate of Two Worlds",
            "site_detail_url": "http://www.giantbomb.com/marvel-vs-capcom-3-fate-of-two-worlds/3030-30944/"
        },
        {
            "api_detail_url": "http://www.giantbomb.com/api/game/3030-46009/",
            "id": 46009,
            "name": "Disney Infinity: Marvel Super Heroes",
            "site_detail_url": "http://www.giantbomb.com/disney-infinity-marvel-super-heroes/3030-46009/"
        },
        {
            "api_detail_url": "http://www.giantbomb.com/api/game/3030-32196/",
            "id": 32196,
            "name": "Marvel Super Hero Squad: The Infinity Gauntlet",
            "site_detail_url": "http://www.giantbomb.com/marvel-super-hero-squad-the-infinity-gauntlet/3030-32196/"
        },
        {
            "api_detail_url": "http://www.giantbomb.com/api/game/3030-26649/",
            "id": 26649,
            "name": "Marvel Super Hero Squad",
            "site_detail_url": "http://www.giantbomb.com/marvel-super-hero-squad/3030-26649/"
        },
        {
            "api_detail_url": "http://www.giantbomb.com/api/game/3030-36635/",
            "id": 36635,
            "name": "Marvel Super Hero Squad: Comic Combat",
            "site_detail_url": "http://www.giantbomb.com/marvel-super-hero-squad-comic-combat/3030-36635/"
        },
        {
            "api_detail_url": "http://www.giantbomb.com/api/game/3030-31852/",
            "id": 31852,
            "name": "Marvel Super Hero Squad Online",
            "site_detail_url": "http://www.giantbomb.com/marvel-super-hero-squad-online/3030-31852/"
        },
        {
            "api_detail_url": "http://www.giantbomb.com/api/game/3030-47753/",
            "id": 47753,
            "name": "Disney Infinity 3.0 Edition",
            "site_detail_url": "http://www.giantbomb.com/disney-infinity-3-0-edition/3030-47753/"
        }
    ],
    "gender": 1,
    "hometown": "Boston, Massachusetts",
    "id": 29968,
    "name": "Charles Adler",
    "people": []
}