{
    "birth_date": "1970-01-15",
    "country": "Canada",
    "death_date": null,
    "deck": "Charles Deenen is a Dutch computer/ video game music composer, sound designer, re-recording mixer and audio director",
    "first_credited_game": {
        "api_detail_url": "http://www.giantbomb.com/api/game/3030-2799/",
        "id": 2799,
        "name": "Formula 1 Simulator"
    },
    "games": [
        {
            "api_detail_url": "http://www.giantbomb.com/api/game/3030-489/",
            "id": 489,
            "name": "ClayFighter",
            "site_detail_url": "http://www.giantbomb.com/clayfighter/3030-489/"
        },
        {
            "api_detail_url": "http://www.giantbomb.com/api/game/3030-3185/",
            "id": 3185,
            "name": "ClayFighter 63 1/3",
            "site_detail_url": "http://www.giantbomb.com/clayfighter-63-13/3030-3185/"
        },
        {
            "api_detail_url": "http://www.giantbomb.com/api/game/3030-12919/",
            "id": 12919,
            "name": "Back to the Future Part III",
            "site_detail_url": "http://www.giantbomb.com/back-to-the-future-part-iii/3030-12919/"
        },
        {
            "api_detail_url": "http://www.giantbomb.com/api/game/3030-20190/",
            "id": 20190,
            "name": "Battle Valley",
            "site_detail_url": "http://www.giantbomb.com/battle-valley/3030-20190/"
        },
        {
            "api_detail_url": "http://www.giantbomb.com/api/game/3030-8343/",
            "id": 8343,
            "name": "Death Trap",
            "site_detail_url": "http://www.giantbomb.com/death-trap/3030-8343/"
        },
        {
            "api_detail_url": "http://www.giantbomb.com/api/game/3030-5559/",
            "id": 5559,
            "name": "Fallout 2",
            "site_detail_url": "http://www.giantbomb.com/fallout-2/3030-5559/"
        },
        {
            "api_detail_url": "http://www.giantbomb.com/api/game/3030-21421/",
            "id": 21421,
            "name": "Star Trek: 25th Anniversary",
            "site_detail_url": "http://www.giantbomb.com/star-trek-25th-anniversary/3030-21421/"
        },
        {
            "api_detail_url": "http://www.giantbomb.com/api/game/3030-11704/",
            "id": 11704,
            "name": "Fallout",
            "site_detail_url": "http://www.giantbomb.com/fallout/3030-11704/"
        },
        {
            "api_detail_url": "http://www.giantbomb.com/api/game/3030-20741/",
            "id": 20741,
            "name": "Need for Speed: Undercover",
            "site_detail_url": "http://www.giantbomb.com/need-for-speed-undercover/3030-20741/"
        },
        {
            "api_detail_url": "http://www.giantbomb.com/api/game/3030-25225/",
            "id": 25225,
            "name": "Need for Speed: SHIFT",
            "site_detail_url": "http://www.giantbomb.com/need-for-speed-shift/3030-25225/"
        },
        {
            "api_detail_url": "http://www.giantbomb.com/api/game/3030-18095/",
            "id": 18095,
            "name": "Need for Speed: ProStreet",
            "site_detail_url": "http://www.giantbomb.com/need-for-speed-prostreet/3030-18095/"
        },
        {
            "api_detail_url": "http://www.giantbomb.com/api/game/3030-8844/",
            "id": 8844,
            "name": "Need for Speed: Carbon",
            "site_detail_url": "http://www.giantbomb.com/need-for-speed-carbon/3030-8844/"
        },
        {
            "api_detail_url": "http://www.giantbomb.com/api/game/3030-25226/",
            "id": 25226,
            "name": "Need for Speed World",
            "site_detail_url": "http://www.giantbomb.com/need-for-speed-world/3030-25226/"
        },
        {
            "api_detail_url": "http://www.giantbomb.com/api/game/3030-9651/",
            "id": 9651,
            "name": "Need for Speed Underground 2",
            "site_detail_url": "http://www.giantbomb.com/need-for-speed-underground-2/3030-9651/"
        },
        {
            "api_detail_url": "http://www.giantbomb.com/api/game/3030-20661/",
            "id": 20661,
            "name": "Skate 2",
            "site_detail_url": "http://www.giantbomb.com/skate-2/3030-20661/"
        },
        {
            "api_detail_url": "http://www.giantbomb.com/api/game/3030-5228/",
            "id": 5228,
            "name": "skate.",
            "site_detail_url": "http://www.giantbomb.com/skate/3030-5228/"
        },
        {
            "api_detail_url": "http://www.giantbomb.com/api/game/3030-13091/",
            "id": 13091,
            "name": "Baldur's Gate: Dark Alliance",
            "site_detail_url": "http://www.giantbomb.com/baldurs-gate-dark-alliance/3030-13091/"
        },
        {
            "api_detail_url": "http://www.giantbomb.com/api/game/3030-7392/",
            "id": 7392,
            "name": "Baldur's Gate: Tales of the Sword Coast",
            "site_detail_url": "http://www.giantbomb.com/baldurs-gate-tales-of-the-sword-coast/3030-7392/"
        },
        {
            "api_detail_url": "http://www.giantbomb.com/api/game/3030-17071/",
            "id": 17071,
            "name": "Descent",
            "site_detail_url": "http://www.giantbomb.com/descent/3030-17071/"
        },
        {
            "api_detail_url": "http://www.giantbomb.com/api/game/3030-5507/",
            "id": 5507,
            "name": "Descent II",
            "site_detail_url": "http://www.giantbomb.com/descent-ii/3030-5507/"
        },
        {
            "api_detail_url": "http://www.giantbomb.com/api/game/3030-13865/",
            "id": 13865,
            "name": "Descent 3: Mercenary",
            "site_detail_url": "http://www.giantbomb.com/descent-3-mercenary/3030-13865/"
        },
        {
            "api_detail_url": "http://www.giantbomb.com/api/game/3030-10309/",
            "id": 10309,
            "name": "Descent: Freespace - The Great War",
            "site_detail_url": "http://www.giantbomb.com/descent-freespace-the-great-war/3030-10309/"
        },
        {
            "api_detail_url": "http://www.giantbomb.com/api/game/3030-17829/",
            "id": 17829,
            "name": "Mario Teaches Typing",
            "site_detail_url": "http://www.giantbomb.com/mario-teaches-typing/3030-17829/"
        },
        {
            "api_detail_url": "http://www.giantbomb.com/api/game/3030-10302/",
            "id": 10302,
            "name": "NBA Street Homecourt",
            "site_detail_url": "http://www.giantbomb.com/nba-street-homecourt/3030-10302/"
        },
        {
            "api_detail_url": "http://www.giantbomb.com/api/game/3030-6346/",
            "id": 6346,
            "name": "Fallout Tactics: Brotherhood of Steel",
            "site_detail_url": "http://www.giantbomb.com/fallout-tactics-brotherhood-of-steel/3030-6346/"
        },
        {
            "api_detail_url": "http://www.giantbomb.com/api/game/3030-7570/",
            "id": 7570,
            "name": "Enter the Matrix",
            "site_detail_url": "http://www.giantbomb.com/enter-the-matrix/3030-7570/"
        },
        {
            "api_detail_url": "http://www.giantbomb.com/api/game/3030-9737/",
            "id": 9737,
            "name": "Star Trek: 25th Anniversary",
            "site_detail_url": "http://www.giantbomb.com/star-trek-25th-anniversary/3030-9737/"
        },
        {
            "api_detail_url": "http://www.giantbomb.com/api/game/3030-1607/",
            "id": 1607,
            "name": "Claymates",
            "site_detail_url": "http://www.giantbomb.com/claymates/3030-1607/"
        },
        {
            "api_detail_url": "http://www.giantbomb.com/api/game/3030-13629/",
            "id": 13629,
            "name": "Giants: Citizen Kabuto",
            "site_detail_url": "http://www.giantbomb.com/giants-citizen-kabuto/3030-13629/"
        },
        {
            "api_detail_url": "http://www.giantbomb.com/api/game/3030-780/",
            "id": 780,
            "name": "Dragon Wars",
            "site_detail_url": "http://www.giantbomb.com/dragon-wars/3030-780/"
        },
        {
            "api_detail_url": "http://www.giantbomb.com/api/game/3030-11153/",
            "id": 11153,
            "name": "True Crime: Streets of LA",
            "site_detail_url": "http://www.giantbomb.com/true-crime-streets-of-la/3030-11153/"
        },
        {
            "api_detail_url": "http://www.giantbomb.com/api/game/3030-10204/",
            "id": 10204,
            "name": "Hunter: The Reckoning",
            "site_detail_url": "http://www.giantbomb.com/hunter-the-reckoning/3030-10204/"
        },
        {
            "api_detail_url": "http://www.giantbomb.com/api/game/3030-5242/",
            "id": 5242,
            "name": "Icewind Dale",
            "site_detail_url": "http://www.giantbomb.com/icewind-dale/3030-5242/"
        },
        {
            "api_detail_url": "http://www.giantbomb.com/api/game/3030-8890/",
            "id": 8890,
            "name": "Icewind Dale II",
            "site_detail_url": "http://www.giantbomb.com/icewind-dale-ii/3030-8890/"
        },
        {
            "api_detail_url": "http://www.giantbomb.com/api/game/3030-2235/",
            "id": 2235,
            "name": "Planescape: Torment",
            "site_detail_url": "http://www.giantbomb.com/planescape-torment/3030-2235/"
        },
        {
            "api_detail_url": "http://www.giantbomb.com/api/game/3030-13601/",
            "id": 13601,
            "name": "Invictus: In the Shadow of Olympus",
            "site_detail_url": "http://www.giantbomb.com/invictus-in-the-shadow-of-olympus/3030-13601/"
        },
        {
            "api_detail_url": "http://www.giantbomb.com/api/game/3030-1531/",
            "id": 1531,
            "name": "MDK 2",
            "site_detail_url": "http://www.giantbomb.com/mdk-2/3030-1531/"
        },
        {
            "api_detail_url": "http://www.giantbomb.com/api/game/3030-20121/",
            "id": 20121,
            "name": "Star Trek: Klingon Academy",
            "site_detail_url": "http://www.giantbomb.com/star-trek-klingon-academy/3030-20121/"
        },
        {
            "api_detail_url": "http://www.giantbomb.com/api/game/3030-6357/",
            "id": 6357,
            "name": "Star Trek: New Worlds",
            "site_detail_url": "http://www.giantbomb.com/star-trek-new-worlds/3030-6357/"
        },
        {
            "api_detail_url": "http://www.giantbomb.com/api/game/3030-1759/",
            "id": 1759,
            "name": "Tanktics",
            "site_detail_url": "http://www.giantbomb.com/tanktics/3030-1759/"
        },
        {
            "api_detail_url": "http://www.giantbomb.com/api/game/3030-9339/",
            "id": 9339,
            "name": "Y2K: The Game",
            "site_detail_url": "http://www.giantbomb.com/y2k-the-game/3030-9339/"
        },
        {
            "api_detail_url": "http://www.giantbomb.com/api/game/3030-8354/",
            "id": 8354,
            "name": "M.A.X. 2: Mechanized Assault & Exploration",
            "site_detail_url": "http://www.giantbomb.com/m-a-x-2-mechanized-assault-exploration/3030-8354/"
        },
        {
            "api_detail_url": "http://www.giantbomb.com/api/game/3030-1019/",
            "id": 1019,
            "name": "Atomic Bomberman",
            "site_detail_url": "http://www.giantbomb.com/atomic-bomberman/3030-1019/"
        },
        {
            "api_detail_url": "http://www.giantbomb.com/api/game/3030-4134/",
            "id": 4134,
            "name": "Norse by Norse West: The Return of the Lost Vikings",
            "site_detail_url": "http://www.giantbomb.com/norse-by-norse-west-the-return-of-the-lost-vikings/3030-4134/"
        },
        {
            "api_detail_url": "http://www.giantbomb.com/api/game/3030-13381/",
            "id": 13381,
            "name": "Redneck Rampage",
            "site_detail_url": "http://www.giantbomb.com/redneck-rampage/3030-13381/"
        },
        {
            "api_detail_url": "http://www.giantbomb.com/api/game/3030-12943/",
            "id": 12943,
            "name": "Star Trek: Starfleet Academy - Chekov's Lost Missions",
            "site_detail_url": "http://www.giantbomb.com/star-trek-starfleet-academy-chekovs-lost-missions/3030-12943/"
        },
        {
            "api_detail_url": "http://www.giantbomb.com/api/game/3030-9919/",
            "id": 9919,
            "name": "Waterworld",
            "site_detail_url": "http://www.giantbomb.com/waterworld/3030-9919/"
        },
        {
            "api_detail_url": "http://www.giantbomb.com/api/game/3030-2385/",
            "id": 2385,
            "name": "Blood & Magic",
            "site_detail_url": "http://www.giantbomb.com/blood-magic/3030-2385/"
        },
        {
            "api_detail_url": "http://www.giantbomb.com/api/game/3030-14860/",
            "id": 14860,
            "name": "Casper",
            "site_detail_url": "http://www.giantbomb.com/casper/3030-14860/"
        },
        {
            "api_detail_url": "http://www.giantbomb.com/api/game/3030-15864/",
            "id": 15864,
            "name": "Stonekeep",
            "site_detail_url": "http://www.giantbomb.com/stonekeep/3030-15864/"
        },
        {
            "api_detail_url": "http://www.giantbomb.com/api/game/3030-13471/",
            "id": 13471,
            "name": "Star Reach",
            "site_detail_url": "http://www.giantbomb.com/star-reach/3030-13471/"
        },
        {
            "api_detail_url": "http://www.giantbomb.com/api/game/3030-10819/",
            "id": 10819,
            "name": "Buzz Aldrin's Race into Space",
            "site_detail_url": "http://www.giantbomb.com/buzz-aldrins-race-into-space/3030-10819/"
        },
        {
            "api_detail_url": "http://www.giantbomb.com/api/game/3030-7486/",
            "id": 7486,
            "name": "Star Trek: Judgment Rites",
            "site_detail_url": "http://www.giantbomb.com/star-trek-judgment-rites/3030-7486/"
        },
        {
            "api_detail_url": "http://www.giantbomb.com/api/game/3030-5429/",
            "id": 5429,
            "name": "The Lost Vikings",
            "site_detail_url": "http://www.giantbomb.com/the-lost-vikings/3030-5429/"
        },
        {
            "api_detail_url": "http://www.giantbomb.com/api/game/3030-12900/",
            "id": 12900,
            "name": "M.C. Kids",
            "site_detail_url": "http://www.giantbomb.com/mc-kids/3030-12900/"
        },
        {
            "api_detail_url": "http://www.giantbomb.com/api/game/3030-14838/",
            "id": 14838,
            "name": "Rubicon",
            "site_detail_url": "http://www.giantbomb.com/rubicon/3030-14838/"
        },
        {
            "api_detail_url": "http://www.giantbomb.com/api/game/3030-17175/",
            "id": 17175,
            "name": "Omar Sharif on Bridge",
            "site_detail_url": "http://www.giantbomb.com/omar-sharif-on-bridge/3030-17175/"
        },
        {
            "api_detail_url": "http://www.giantbomb.com/api/game/3030-11216/",
            "id": 11216,
            "name": "Battle Chess 4000",
            "site_detail_url": "http://www.giantbomb.com/battle-chess-4000/3030-11216/"
        },
        {
            "api_detail_url": "http://www.giantbomb.com/api/game/3030-4617/",
            "id": 4617,
            "name": "Battle Chess II: Chinese Chess",
            "site_detail_url": "http://www.giantbomb.com/battle-chess-ii-chinese-chess/3030-4617/"
        },
        {
            "api_detail_url": "http://www.giantbomb.com/api/game/3030-14073/",
            "id": 14073,
            "name": "Warcraft III: The Frozen Throne",
            "site_detail_url": "http://www.giantbomb.com/warcraft-iii-the-frozen-throne/3030-14073/"
        },
        {
            "api_detail_url": "http://www.giantbomb.com/api/game/3030-14351/",
            "id": 14351,
            "name": "Golden Axe",
            "site_detail_url": "http://www.giantbomb.com/golden-axe/3030-14351/"
        },
        {
            "api_detail_url": "http://www.giantbomb.com/api/game/3030-1044/",
            "id": 1044,
            "name": "Stormlord",
            "site_detail_url": "http://www.giantbomb.com/stormlord/3030-1044/"
        },
        {
            "api_detail_url": "http://www.giantbomb.com/api/game/3030-20752/",
            "id": 20752,
            "name": "Double Dragon",
            "site_detail_url": "http://www.giantbomb.com/double-dragon/3030-20752/"
        },
        {
            "api_detail_url": "http://www.giantbomb.com/api/game/3030-16899/",
            "id": 16899,
            "name": "Cybernoid: The Fighting Machine",
            "site_detail_url": "http://www.giantbomb.com/cybernoid-the-fighting-machine/3030-16899/"
        },
        {
            "api_detail_url": "http://www.giantbomb.com/api/game/3030-19295/",
            "id": 19295,
            "name": "Cybernoid 2: The Revenge",
            "site_detail_url": "http://www.giantbomb.com/cybernoid-2-the-revenge/3030-19295/"
        },
        {
            "api_detail_url": "http://www.giantbomb.com/api/game/3030-13631/",
            "id": 13631,
            "name": "2400 A.D.",
            "site_detail_url": "http://www.giantbomb.com/2400-ad/3030-13631/"
        },
        {
            "api_detail_url": "http://www.giantbomb.com/api/game/3030-3790/",
            "id": 3790,
            "name": "Eliminator",
            "site_detail_url": "http://www.giantbomb.com/eliminator/3030-3790/"
        },
        {
            "api_detail_url": "http://www.giantbomb.com/api/game/3030-1864/",
            "id": 1864,
            "name": "Mr. Heli",
            "site_detail_url": "http://www.giantbomb.com/mr-heli/3030-1864/"
        },
        {
            "api_detail_url": "http://www.giantbomb.com/api/game/3030-1528/",
            "id": 1528,
            "name": "Savage",
            "site_detail_url": "http://www.giantbomb.com/savage/3030-1528/"
        },
        {
            "api_detail_url": "http://www.giantbomb.com/api/game/3030-10484/",
            "id": 10484,
            "name": "Scout",
            "site_detail_url": "http://www.giantbomb.com/scout/3030-10484/"
        },
        {
            "api_detail_url": "http://www.giantbomb.com/api/game/3030-1599/",
            "id": 1599,
            "name": "Zamzara",
            "site_detail_url": "http://www.giantbomb.com/zamzara/3030-1599/"
        },
        {
            "api_detail_url": "http://www.giantbomb.com/api/game/3030-14765/",
            "id": 14765,
            "name": "After the War",
            "site_detail_url": "http://www.giantbomb.com/after-the-war/3030-14765/"
        },
        {
            "api_detail_url": "http://www.giantbomb.com/api/game/3030-12616/",
            "id": 12616,
            "name": "A.M.C.: Astro Marine Corps",
            "site_detail_url": "http://www.giantbomb.com/amc-astro-marine-corps/3030-12616/"
        },
        {
            "api_detail_url": "http://www.giantbomb.com/api/game/3030-2765/",
            "id": 2765,
            "name": "Navy Moves",
            "site_detail_url": "http://www.giantbomb.com/navy-moves/3030-2765/"
        },
        {
            "api_detail_url": "http://www.giantbomb.com/api/game/3030-7724/",
            "id": 7724,
            "name": "NightHunter",
            "site_detail_url": "http://www.giantbomb.com/nighthunter/3030-7724/"
        },
        {
            "api_detail_url": "http://www.giantbomb.com/api/game/3030-3817/",
            "id": 3817,
            "name": "Soldier of Light",
            "site_detail_url": "http://www.giantbomb.com/soldier-of-light/3030-3817/"
        },
        {
            "api_detail_url": "http://www.giantbomb.com/api/game/3030-24841/",
            "id": 24841,
            "name": "Dan Dare III: The Escape",
            "site_detail_url": "http://www.giantbomb.com/dan-dare-iii-the-escape/3030-24841/"
        },
        {
            "api_detail_url": "http://www.giantbomb.com/api/game/3030-2799/",
            "id": 2799,
            "name": "Formula 1 Simulator",
            "site_detail_url": "http://www.giantbomb.com/formula-1-simulator/3030-2799/"
        },
        {
            "api_detail_url": "http://www.giantbomb.com/api/game/3030-14435/",
            "id": 14435,
            "name": "Flimbo's Quest",
            "site_detail_url": "http://www.giantbomb.com/flimbos-quest/3030-14435/"
        },
        {
            "api_detail_url": "http://www.giantbomb.com/api/game/3030-14954/",
            "id": 14954,
            "name": "Iron Lord",
            "site_detail_url": "http://www.giantbomb.com/iron-lord/3030-14954/"
        },
        {
            "api_detail_url": "http://www.giantbomb.com/api/game/3030-5569/",
            "id": 5569,
            "name": "Tintin on the Moon",
            "site_detail_url": "http://www.giantbomb.com/tintin-on-the-moon/3030-5569/"
        },
        {
            "api_detail_url": "http://www.giantbomb.com/api/game/3030-17642/",
            "id": 17642,
            "name": "Turbo Outrun",
            "site_detail_url": "http://www.giantbomb.com/turbo-outrun/3030-17642/"
        },
        {
            "api_detail_url": "http://www.giantbomb.com/api/game/3030-5367/",
            "id": 5367,
            "name": "The Bard's Tale Construction Set",
            "site_detail_url": "http://www.giantbomb.com/the-bards-tale-construction-set/3030-5367/"
        },
        {
            "api_detail_url": "http://www.giantbomb.com/api/game/3030-10072/",
            "id": 10072,
            "name": "Castles",
            "site_detail_url": "http://www.giantbomb.com/castles/3030-10072/"
        },
        {
            "api_detail_url": "http://www.giantbomb.com/api/game/3030-8524/",
            "id": 8524,
            "name": "Castles II: Siege & Conquest",
            "site_detail_url": "http://www.giantbomb.com/castles-ii-siege-conquest/3030-8524/"
        },
        {
            "api_detail_url": "http://www.giantbomb.com/api/game/3030-7531/",
            "id": 7531,
            "name": "Shattered Steel",
            "site_detail_url": "http://www.giantbomb.com/shattered-steel/3030-7531/"
        },
        {
            "api_detail_url": "http://www.giantbomb.com/api/game/3030-1567/",
            "id": 1567,
            "name": "Die by the Sword",
            "site_detail_url": "http://www.giantbomb.com/die-by-the-sword/3030-1567/"
        },
        {
            "api_detail_url": "http://www.giantbomb.com/api/game/3030-16896/",
            "id": 16896,
            "name": "NBA 2K1",
            "site_detail_url": "http://www.giantbomb.com/nba-2k1/3030-16896/"
        },
        {
            "api_detail_url": "http://www.giantbomb.com/api/game/3030-14001/",
            "id": 14001,
            "name": "NFL 2K2",
            "site_detail_url": "http://www.giantbomb.com/nfl-2k2/3030-14001/"
        },
        {
            "api_detail_url": "http://www.giantbomb.com/api/game/3030-5898/",
            "id": 5898,
            "name": "Jimmy Johnson's VR Football '98",
            "site_detail_url": "http://www.giantbomb.com/jimmy-johnsons-vr-football-98/3030-5898/"
        },
        {
            "api_detail_url": "http://www.giantbomb.com/api/game/3030-6344/",
            "id": 6344,
            "name": "Hawkeye",
            "site_detail_url": "http://www.giantbomb.com/hawkeye/3030-6344/"
        },
        {
            "api_detail_url": "http://www.giantbomb.com/api/game/3030-16453/",
            "id": 16453,
            "name": "Caesars Palace 2000",
            "site_detail_url": "http://www.giantbomb.com/caesars-palace-2000/3030-16453/"
        },
        {
            "api_detail_url": "http://www.giantbomb.com/api/game/3030-15771/",
            "id": 15771,
            "name": "Dungeon Master II: The Legend of Skullkeep",
            "site_detail_url": "http://www.giantbomb.com/dungeon-master-ii-the-legend-of-skullkeep/3030-15771/"
        },
        {
            "api_detail_url": "http://www.giantbomb.com/api/game/3030-14474/",
            "id": 14474,
            "name": "Kinetik",
            "site_detail_url": "http://www.giantbomb.com/kinetik/3030-14474/"
        },
        {
            "api_detail_url": "http://www.giantbomb.com/api/game/3030-19745/",
            "id": 19745,
            "name": "Star Trek: Starfleet Academy: Starship Bridge Simulator",
            "site_detail_url": "http://www.giantbomb.com/star-trek-starfleet-academy-starship-bridge-simula/3030-19745/"
        },
        {
            "api_detail_url": "http://www.giantbomb.com/api/game/3030-19162/",
            "id": 19162,
            "name": "Star Trek: Judgment Rites Movie & Sound Pack",
            "site_detail_url": "http://www.giantbomb.com/star-trek-judgment-rites-movie-sound-pack/3030-19162/"
        },
        {
            "api_detail_url": "http://www.giantbomb.com/api/game/3030-2903/",
            "id": 2903,
            "name": "Descent 3",
            "site_detail_url": "http://www.giantbomb.com/descent-3/3030-2903/"
        },
        {
            "api_detail_url": "http://www.giantbomb.com/api/game/3030-17142/",
            "id": 17142,
            "name": "Descent 3: White Label Edition",
            "site_detail_url": "http://www.giantbomb.com/descent-3-white-label-edition/3030-17142/"
        },
        {
            "api_detail_url": "http://www.giantbomb.com/api/game/3030-5843/",
            "id": 5843,
            "name": "Descent to Undermountain",
            "site_detail_url": "http://www.giantbomb.com/descent-to-undermountain/3030-5843/"
        },
        {
            "api_detail_url": "http://www.giantbomb.com/api/game/3030-11445/",
            "id": 11445,
            "name": "Need for Speed: Most Wanted 5-1-0",
            "site_detail_url": "http://www.giantbomb.com/need-for-speed-most-wanted-5-1-0/3030-11445/"
        },
        {
            "api_detail_url": "http://www.giantbomb.com/api/game/3030-10637/",
            "id": 10637,
            "name": "Baldur's Gate II: Shadows of Amn",
            "site_detail_url": "http://www.giantbomb.com/baldurs-gate-ii-shadows-of-amn/3030-10637/"
        },
        {
            "api_detail_url": "http://www.giantbomb.com/api/game/3030-6795/",
            "id": 6795,
            "name": "Baldur's Gate II: Throne of Bhaal",
            "site_detail_url": "http://www.giantbomb.com/baldurs-gate-ii-throne-of-bhaal/3030-6795/"
        },
        {
            "api_detail_url": "http://www.giantbomb.com/api/game/3030-3153/",
            "id": 3153,
            "name": "Icewind Dale: Heart of Winter",
            "site_detail_url": "http://www.giantbomb.com/icewind-dale-heart-of-winter/3030-3153/"
        },
        {
            "api_detail_url": "http://www.giantbomb.com/api/game/3030-19319/",
            "id": 19319,
            "name": "Star Trek: Starfleet Command: Orion Pirates",
            "site_detail_url": "http://www.giantbomb.com/star-trek-starfleet-command-orion-pirates/3030-19319/"
        },
        {
            "api_detail_url": "http://www.giantbomb.com/api/game/3030-1080/",
            "id": 1080,
            "name": "Star Trek: Starfleet Command",
            "site_detail_url": "http://www.giantbomb.com/star-trek-starfleet-command/3030-1080/"
        },
        {
            "api_detail_url": "http://www.giantbomb.com/api/game/3030-13148/",
            "id": 13148,
            "name": "Die by the Sword: Limb from Limb",
            "site_detail_url": "http://www.giantbomb.com/die-by-the-sword-limb-from-limb/3030-13148/"
        },
        {
            "api_detail_url": "http://www.giantbomb.com/api/game/3030-1542/",
            "id": 1542,
            "name": "Caesar's Palace",
            "site_detail_url": "http://www.giantbomb.com/caesars-palace/3030-1542/"
        },
        {
            "api_detail_url": "http://www.giantbomb.com/api/game/3030-1341/",
            "id": 1341,
            "name": "Fallout: Brotherhood of Steel",
            "site_detail_url": "http://www.giantbomb.com/fallout-brotherhood-of-steel/3030-1341/"
        },
        {
            "api_detail_url": "http://www.giantbomb.com/api/game/3030-5921/",
            "id": 5921,
            "name": "M.A.X.: Mechanized Assault and Exploration",
            "site_detail_url": "http://www.giantbomb.com/max-mechanized-assault-and-exploration/3030-5921/"
        },
        {
            "api_detail_url": "http://www.giantbomb.com/api/game/3030-4379/",
            "id": 4379,
            "name": "Mario Teaches Typing 2",
            "site_detail_url": "http://www.giantbomb.com/mario-teaches-typing-2/3030-4379/"
        },
        {
            "api_detail_url": "http://www.giantbomb.com/api/game/3030-27963/",
            "id": 27963,
            "name": "Insects in space",
            "site_detail_url": "http://www.giantbomb.com/insects-in-space/3030-27963/"
        },
        {
            "api_detail_url": "http://www.giantbomb.com/api/game/3030-32253/",
            "id": 32253,
            "name": "SHIFT 2: Unleashed",
            "site_detail_url": "http://www.giantbomb.com/shift-2-unleashed/3030-32253/"
        },
        {
            "api_detail_url": "http://www.giantbomb.com/api/game/3030-31698/",
            "id": 31698,
            "name": "Need for Speed: Hot Pursuit",
            "site_detail_url": "http://www.giantbomb.com/need-for-speed-hot-pursuit/3030-31698/"
        },
        {
            "api_detail_url": "http://www.giantbomb.com/api/game/3030-34943/",
            "id": 34943,
            "name": "Need for Speed: The Run",
            "site_detail_url": "http://www.giantbomb.com/need-for-speed-the-run/3030-34943/"
        },
        {
            "api_detail_url": "http://www.giantbomb.com/api/game/3030-12254/",
            "id": 12254,
            "name": "Need for Speed Underground",
            "site_detail_url": "http://www.giantbomb.com/need-for-speed-underground/3030-12254/"
        },
        {
            "api_detail_url": "http://www.giantbomb.com/api/game/3030-41520/",
            "id": 41520,
            "name": "Call of Duty: Ghosts",
            "site_detail_url": "http://www.giantbomb.com/call-of-duty-ghosts/3030-41520/"
        },
        {
            "api_detail_url": "http://www.giantbomb.com/api/game/3030-42896/",
            "id": 42896,
            "name": "Killer Instinct",
            "site_detail_url": "http://www.giantbomb.com/killer-instinct/3030-42896/"
        },
        {
            "api_detail_url": "http://www.giantbomb.com/api/game/3030-41357/",
            "id": 41357,
            "name": "Evolve",
            "site_detail_url": "http://www.giantbomb.com/evolve/3030-41357/"
        }
    ],
    "gender": 1,
    "hometown": "Port Moody",
    "id": 4830,
    "name": "Charles Deenen",
    "people": []
}