{
    "birth_date": null,
    "country": "USA",
    "death_date": null,
    "deck": "Chris Borders has been producting voiceover for videogame productions sense 1993.",
    "first_credited_game": {
        "api_detail_url": "http://www.giantbomb.com/api/game/3030-7486/",
        "id": 7486,
        "name": "Star Trek: Judgment Rites"
    },
    "games": [
        {
            "api_detail_url": "http://www.giantbomb.com/api/game/3030-6346/",
            "id": 6346,
            "name": "Fallout Tactics: Brotherhood of Steel",
            "site_detail_url": "http://www.giantbomb.com/fallout-tactics-brotherhood-of-steel/3030-6346/"
        },
        {
            "api_detail_url": "http://www.giantbomb.com/api/game/3030-5559/",
            "id": 5559,
            "name": "Fallout 2",
            "site_detail_url": "http://www.giantbomb.com/fallout-2/3030-5559/"
        },
        {
            "api_detail_url": "http://www.giantbomb.com/api/game/3030-8102/",
            "id": 8102,
            "name": "The Bard's Tale",
            "site_detail_url": "http://www.giantbomb.com/the-bards-tale/3030-8102/"
        },
        {
            "api_detail_url": "http://www.giantbomb.com/api/game/3030-1999/",
            "id": 1999,
            "name": "Ice Age 2: The Meltdown",
            "site_detail_url": "http://www.giantbomb.com/ice-age-2-the-meltdown/3030-1999/"
        },
        {
            "api_detail_url": "http://www.giantbomb.com/api/game/3030-7486/",
            "id": 7486,
            "name": "Star Trek: Judgment Rites",
            "site_detail_url": "http://www.giantbomb.com/star-trek-judgment-rites/3030-7486/"
        },
        {
            "api_detail_url": "http://www.giantbomb.com/api/game/3030-15864/",
            "id": 15864,
            "name": "Stonekeep",
            "site_detail_url": "http://www.giantbomb.com/stonekeep/3030-15864/"
        },
        {
            "api_detail_url": "http://www.giantbomb.com/api/game/3030-17071/",
            "id": 17071,
            "name": "Descent",
            "site_detail_url": "http://www.giantbomb.com/descent/3030-17071/"
        },
        {
            "api_detail_url": "http://www.giantbomb.com/api/game/3030-9257/",
            "id": 9257,
            "name": "Mummy: Tomb of the Pharaoh",
            "site_detail_url": "http://www.giantbomb.com/mummy-tomb-of-the-pharaoh/3030-9257/"
        },
        {
            "api_detail_url": "http://www.giantbomb.com/api/game/3030-5921/",
            "id": 5921,
            "name": "M.A.X.: Mechanized Assault and Exploration",
            "site_detail_url": "http://www.giantbomb.com/max-mechanized-assault-and-exploration/3030-5921/"
        },
        {
            "api_detail_url": "http://www.giantbomb.com/api/game/3030-5507/",
            "id": 5507,
            "name": "Descent II",
            "site_detail_url": "http://www.giantbomb.com/descent-ii/3030-5507/"
        },
        {
            "api_detail_url": "http://www.giantbomb.com/api/game/3030-14860/",
            "id": 14860,
            "name": "Casper",
            "site_detail_url": "http://www.giantbomb.com/casper/3030-14860/"
        },
        {
            "api_detail_url": "http://www.giantbomb.com/api/game/3030-1019/",
            "id": 1019,
            "name": "Atomic Bomberman",
            "site_detail_url": "http://www.giantbomb.com/atomic-bomberman/3030-1019/"
        },
        {
            "api_detail_url": "http://www.giantbomb.com/api/game/3030-9919/",
            "id": 9919,
            "name": "Waterworld",
            "site_detail_url": "http://www.giantbomb.com/waterworld/3030-9919/"
        },
        {
            "api_detail_url": "http://www.giantbomb.com/api/game/3030-17383/",
            "id": 17383,
            "name": "Star Trek: Starfleet Academy",
            "site_detail_url": "http://www.giantbomb.com/star-trek-starfleet-academy/3030-17383/"
        },
        {
            "api_detail_url": "http://www.giantbomb.com/api/game/3030-3477/",
            "id": 3477,
            "name": "Star Trek Pinball",
            "site_detail_url": "http://www.giantbomb.com/star-trek-pinball/3030-3477/"
        },
        {
            "api_detail_url": "http://www.giantbomb.com/api/game/3030-4134/",
            "id": 4134,
            "name": "Norse by Norse West: The Return of the Lost Vikings",
            "site_detail_url": "http://www.giantbomb.com/norse-by-norse-west-the-return-of-the-lost-vikings/3030-4134/"
        },
        {
            "api_detail_url": "http://www.giantbomb.com/api/game/3030-3185/",
            "id": 3185,
            "name": "ClayFighter 63 1/3",
            "site_detail_url": "http://www.giantbomb.com/clayfighter-63-13/3030-3185/"
        },
        {
            "api_detail_url": "http://www.giantbomb.com/api/game/3030-13239/",
            "id": 13239,
            "name": "Of Light and Darkness: The Prophecy",
            "site_detail_url": "http://www.giantbomb.com/of-light-and-darkness-the-prophecy/3030-13239/"
        },
        {
            "api_detail_url": "http://www.giantbomb.com/api/game/3030-8354/",
            "id": 8354,
            "name": "M.A.X. 2: Mechanized Assault & Exploration",
            "site_detail_url": "http://www.giantbomb.com/m-a-x-2-mechanized-assault-exploration/3030-8354/"
        },
        {
            "api_detail_url": "http://www.giantbomb.com/api/game/3030-13148/",
            "id": 13148,
            "name": "Die by the Sword: Limb from Limb",
            "site_detail_url": "http://www.giantbomb.com/die-by-the-sword-limb-from-limb/3030-13148/"
        },
        {
            "api_detail_url": "http://www.giantbomb.com/api/game/3030-5843/",
            "id": 5843,
            "name": "Descent to Undermountain",
            "site_detail_url": "http://www.giantbomb.com/descent-to-undermountain/3030-5843/"
        },
        {
            "api_detail_url": "http://www.giantbomb.com/api/game/3030-9339/",
            "id": 9339,
            "name": "Y2K: The Game",
            "site_detail_url": "http://www.giantbomb.com/y2k-the-game/3030-9339/"
        },
        {
            "api_detail_url": "http://www.giantbomb.com/api/game/3030-2235/",
            "id": 2235,
            "name": "Planescape: Torment",
            "site_detail_url": "http://www.giantbomb.com/planescape-torment/3030-2235/"
        },
        {
            "api_detail_url": "http://www.giantbomb.com/api/game/3030-2903/",
            "id": 2903,
            "name": "Descent 3",
            "site_detail_url": "http://www.giantbomb.com/descent-3/3030-2903/"
        },
        {
            "api_detail_url": "http://www.giantbomb.com/api/game/3030-7392/",
            "id": 7392,
            "name": "Baldur's Gate: Tales of the Sword Coast",
            "site_detail_url": "http://www.giantbomb.com/baldurs-gate-tales-of-the-sword-coast/3030-7392/"
        },
        {
            "api_detail_url": "http://www.giantbomb.com/api/game/3030-3551/",
            "id": 3551,
            "name": "Star Trek: Starfleet Command Volume II - Empires at War",
            "site_detail_url": "http://www.giantbomb.com/star-trek-starfleet-command-volume-ii-empires-at-w/3030-3551/"
        },
        {
            "api_detail_url": "http://www.giantbomb.com/api/game/3030-6357/",
            "id": 6357,
            "name": "Star Trek: New Worlds",
            "site_detail_url": "http://www.giantbomb.com/star-trek-new-worlds/3030-6357/"
        },
        {
            "api_detail_url": "http://www.giantbomb.com/api/game/3030-20121/",
            "id": 20121,
            "name": "Star Trek: Klingon Academy",
            "site_detail_url": "http://www.giantbomb.com/star-trek-klingon-academy/3030-20121/"
        },
        {
            "api_detail_url": "http://www.giantbomb.com/api/game/3030-6735/",
            "id": 6735,
            "name": "Sacrifice",
            "site_detail_url": "http://www.giantbomb.com/sacrifice/3030-6735/"
        },
        {
            "api_detail_url": "http://www.giantbomb.com/api/game/3030-16698/",
            "id": 16698,
            "name": "Renegade Racers",
            "site_detail_url": "http://www.giantbomb.com/renegade-racers/3030-16698/"
        },
        {
            "api_detail_url": "http://www.giantbomb.com/api/game/3030-13601/",
            "id": 13601,
            "name": "Invictus: In the Shadow of Olympus",
            "site_detail_url": "http://www.giantbomb.com/invictus-in-the-shadow-of-olympus/3030-13601/"
        },
        {
            "api_detail_url": "http://www.giantbomb.com/api/game/3030-5242/",
            "id": 5242,
            "name": "Icewind Dale",
            "site_detail_url": "http://www.giantbomb.com/icewind-dale/3030-5242/"
        },
        {
            "api_detail_url": "http://www.giantbomb.com/api/game/3030-13629/",
            "id": 13629,
            "name": "Giants: Citizen Kabuto",
            "site_detail_url": "http://www.giantbomb.com/giants-citizen-kabuto/3030-13629/"
        },
        {
            "api_detail_url": "http://www.giantbomb.com/api/game/3030-10637/",
            "id": 10637,
            "name": "Baldur's Gate II: Shadows of Amn",
            "site_detail_url": "http://www.giantbomb.com/baldurs-gate-ii-shadows-of-amn/3030-10637/"
        },
        {
            "api_detail_url": "http://www.giantbomb.com/api/game/3030-19319/",
            "id": 19319,
            "name": "Star Trek: Starfleet Command: Orion Pirates",
            "site_detail_url": "http://www.giantbomb.com/star-trek-starfleet-command-orion-pirates/3030-19319/"
        },
        {
            "api_detail_url": "http://www.giantbomb.com/api/game/3030-3153/",
            "id": 3153,
            "name": "Icewind Dale: Heart of Winter",
            "site_detail_url": "http://www.giantbomb.com/icewind-dale-heart-of-winter/3030-3153/"
        },
        {
            "api_detail_url": "http://www.giantbomb.com/api/game/3030-6795/",
            "id": 6795,
            "name": "Baldur's Gate II: Throne of Bhaal",
            "site_detail_url": "http://www.giantbomb.com/baldurs-gate-ii-throne-of-bhaal/3030-6795/"
        },
        {
            "api_detail_url": "http://www.giantbomb.com/api/game/3030-8890/",
            "id": 8890,
            "name": "Icewind Dale II",
            "site_detail_url": "http://www.giantbomb.com/icewind-dale-ii/3030-8890/"
        },
        {
            "api_detail_url": "http://www.giantbomb.com/api/game/3030-13091/",
            "id": 13091,
            "name": "Baldur's Gate: Dark Alliance",
            "site_detail_url": "http://www.giantbomb.com/baldurs-gate-dark-alliance/3030-13091/"
        },
        {
            "api_detail_url": "http://www.giantbomb.com/api/game/3030-15936/",
            "id": 15936,
            "name": "Lords of EverQuest",
            "site_detail_url": "http://www.giantbomb.com/lords-of-everquest/3030-15936/"
        },
        {
            "api_detail_url": "http://www.giantbomb.com/api/game/3030-7757/",
            "id": 7757,
            "name": "Lionheart: Legacy of the Crusader",
            "site_detail_url": "http://www.giantbomb.com/lionheart-legacy-of-the-crusader/3030-7757/"
        },
        {
            "api_detail_url": "http://www.giantbomb.com/api/game/3030-14790/",
            "id": 14790,
            "name": "Crash Twinsanity",
            "site_detail_url": "http://www.giantbomb.com/crash-twinsanity/3030-14790/"
        },
        {
            "api_detail_url": "http://www.giantbomb.com/api/game/3030-13217/",
            "id": 13217,
            "name": "Champions of Norrath",
            "site_detail_url": "http://www.giantbomb.com/champions-of-norrath/3030-13217/"
        },
        {
            "api_detail_url": "http://www.giantbomb.com/api/game/3030-12976/",
            "id": 12976,
            "name": "Need for Speed: Most Wanted",
            "site_detail_url": "http://www.giantbomb.com/need-for-speed-most-wanted/3030-12976/"
        },
        {
            "api_detail_url": "http://www.giantbomb.com/api/game/3030-5554/",
            "id": 5554,
            "name": "The Matrix: Path of Neo",
            "site_detail_url": "http://www.giantbomb.com/the-matrix-path-of-neo/3030-5554/"
        },
        {
            "api_detail_url": "http://www.giantbomb.com/api/game/3030-8580/",
            "id": 8580,
            "name": "Jade Empire",
            "site_detail_url": "http://www.giantbomb.com/jade-empire/3030-8580/"
        },
        {
            "api_detail_url": "http://www.giantbomb.com/api/game/3030-3631/",
            "id": 3631,
            "name": "Tony Hawk's Downhill Jam",
            "site_detail_url": "http://www.giantbomb.com/tony-hawks-downhill-jam/3030-3631/"
        },
        {
            "api_detail_url": "http://www.giantbomb.com/api/game/3030-9966/",
            "id": 9966,
            "name": "Scarface: The World is Yours",
            "site_detail_url": "http://www.giantbomb.com/scarface-the-world-is-yours/3030-9966/"
        },
        {
            "api_detail_url": "http://www.giantbomb.com/api/game/3030-788/",
            "id": 788,
            "name": "The Fast and the Furious",
            "site_detail_url": "http://www.giantbomb.com/the-fast-and-the-furious/3030-788/"
        },
        {
            "api_detail_url": "http://www.giantbomb.com/api/game/3030-7524/",
            "id": 7524,
            "name": "Call of Duty 3",
            "site_detail_url": "http://www.giantbomb.com/call-of-duty-3/3030-7524/"
        },
        {
            "api_detail_url": "http://www.giantbomb.com/api/game/3030-10955/",
            "id": 10955,
            "name": "Unreal Tournament 3",
            "site_detail_url": "http://www.giantbomb.com/unreal-tournament-3/3030-10955/"
        },
        {
            "api_detail_url": "http://www.giantbomb.com/api/game/3030-2719/",
            "id": 2719,
            "name": "Lost Odyssey",
            "site_detail_url": "http://www.giantbomb.com/lost-odyssey/3030-2719/"
        },
        {
            "api_detail_url": "http://www.giantbomb.com/api/game/3030-20497/",
            "id": 20497,
            "name": "Dark Sector",
            "site_detail_url": "http://www.giantbomb.com/dark-sector/3030-20497/"
        },
        {
            "api_detail_url": "http://www.giantbomb.com/api/game/3030-22883/",
            "id": 22883,
            "name": "Red Asphalt",
            "site_detail_url": "http://www.giantbomb.com/red-asphalt/3030-22883/"
        },
        {
            "api_detail_url": "http://www.giantbomb.com/api/game/3030-12254/",
            "id": 12254,
            "name": "Need for Speed Underground",
            "site_detail_url": "http://www.giantbomb.com/need-for-speed-underground/3030-12254/"
        },
        {
            "api_detail_url": "http://www.giantbomb.com/api/game/3030-16909/",
            "id": 16909,
            "name": "Mass Effect",
            "site_detail_url": "http://www.giantbomb.com/mass-effect/3030-16909/"
        },
        {
            "api_detail_url": "http://www.giantbomb.com/api/game/3030-39468/",
            "id": 39468,
            "name": "VOTE!!!! The Game",
            "site_detail_url": "http://www.giantbomb.com/vote-the-game/3030-39468/"
        },
        {
            "api_detail_url": "http://www.giantbomb.com/api/game/3030-36621/",
            "id": 36621,
            "name": "Infinity Blade II",
            "site_detail_url": "http://www.giantbomb.com/infinity-blade-ii/3030-36621/"
        },
        {
            "api_detail_url": "http://www.giantbomb.com/api/game/3030-20667/",
            "id": 20667,
            "name": "Flushed Away",
            "site_detail_url": "http://www.giantbomb.com/flushed-away/3030-20667/"
        }
    ],
    "gender": 1,
    "hometown": "Los Angeles, CA.",
    "id": 146,
    "name": "Chris Borders",
    "people": [
        {
            "api_detail_url": "http://www.giantbomb.com/api/person/3040-86436/",
            "id": 86436,
            "name": "Zach Hanks",
            "site_detail_url": "http://www.giantbomb.com/zach-hanks/3040-86436/"
        }
    ]
}