{
    "birth_date": null,
    "country": null,
    "death_date": null,
    "deck": null,
    "first_credited_game": {
        "api_detail_url": "http://www.giantbomb.com/api/game/3030-1/",
        "id": 1,
        "name": "Desert Strike: Return to the Gulf"
    },
    "games": [
        {
            "api_detail_url": "http://www.giantbomb.com/api/game/3030-13169/",
            "id": 13169,
            "name": "Ty the Tasmanian Tiger",
            "site_detail_url": "http://www.giantbomb.com/ty-the-tasmanian-tiger/3030-13169/"
        },
        {
            "api_detail_url": "http://www.giantbomb.com/api/game/3030-1943/",
            "id": 1943,
            "name": "Tiger Woods PGA Tour 2002",
            "site_detail_url": "http://www.giantbomb.com/tiger-woods-pga-tour-2002/3030-1943/"
        },
        {
            "api_detail_url": "http://www.giantbomb.com/api/game/3030-7982/",
            "id": 7982,
            "name": "NBA Street",
            "site_detail_url": "http://www.giantbomb.com/nba-street/3030-7982/"
        },
        {
            "api_detail_url": "http://www.giantbomb.com/api/game/3030-5535/",
            "id": 5535,
            "name": "Knockout Kings 2003",
            "site_detail_url": "http://www.giantbomb.com/knockout-kings-2003/3030-5535/"
        },
        {
            "api_detail_url": "http://www.giantbomb.com/api/game/3030-5022/",
            "id": 5022,
            "name": "Freekstyle",
            "site_detail_url": "http://www.giantbomb.com/freekstyle/3030-5022/"
        },
        {
            "api_detail_url": "http://www.giantbomb.com/api/game/3030-13396/",
            "id": 13396,
            "name": "Drome Racers",
            "site_detail_url": "http://www.giantbomb.com/drome-racers/3030-13396/"
        },
        {
            "api_detail_url": "http://www.giantbomb.com/api/game/3030-1/",
            "id": 1,
            "name": "Desert Strike: Return to the Gulf",
            "site_detail_url": "http://www.giantbomb.com/desert-strike-return-to-the-gulf/3030-1/"
        },
        {
            "api_detail_url": "http://www.giantbomb.com/api/game/3030-6102/",
            "id": 6102,
            "name": "Bionicle: Matoran Adventures",
            "site_detail_url": "http://www.giantbomb.com/bionicle-matoran-adventures/3030-6102/"
        },
        {
            "api_detail_url": "http://www.giantbomb.com/api/game/3030-14043/",
            "id": 14043,
            "name": "The Sims: Bustin' Out",
            "site_detail_url": "http://www.giantbomb.com/the-sims-bustin-out/3030-14043/"
        },
        {
            "api_detail_url": "http://www.giantbomb.com/api/game/3030-14482/",
            "id": 14482,
            "name": "Medal of Honor: Allied Assault - Breakthrough",
            "site_detail_url": "http://www.giantbomb.com/medal-of-honor-allied-assault-breakthrough/3030-14482/"
        },
        {
            "api_detail_url": "http://www.giantbomb.com/api/game/3030-577/",
            "id": 577,
            "name": "Harry Potter and the Philosopher's Stone",
            "site_detail_url": "http://www.giantbomb.com/harry-potter-and-the-philosophers-stone/3030-577/"
        },
        {
            "api_detail_url": "http://www.giantbomb.com/api/game/3030-2410/",
            "id": 2410,
            "name": "Def Jam: Vendetta",
            "site_detail_url": "http://www.giantbomb.com/def-jam-vendetta/3030-2410/"
        },
        {
            "api_detail_url": "http://www.giantbomb.com/api/game/3030-17982/",
            "id": 17982,
            "name": "Command & Conquer: Generals - Zero Hour",
            "site_detail_url": "http://www.giantbomb.com/command-conquer-generals-zero-hour/3030-17982/"
        },
        {
            "api_detail_url": "http://www.giantbomb.com/api/game/3030-5274/",
            "id": 5274,
            "name": "Battlefield 1942: Secret Weapons of WWII",
            "site_detail_url": "http://www.giantbomb.com/battlefield-1942-secret-weapons-of-wwii/3030-5274/"
        },
        {
            "api_detail_url": "http://www.giantbomb.com/api/game/3030-1842/",
            "id": 1842,
            "name": "The Urbz: Sims in the City",
            "site_detail_url": "http://www.giantbomb.com/the-urbz-sims-in-the-city/3030-1842/"
        },
        {
            "api_detail_url": "http://www.giantbomb.com/api/game/3030-2473/",
            "id": 2473,
            "name": "The Sims 2",
            "site_detail_url": "http://www.giantbomb.com/the-sims-2/3030-2473/"
        },
        {
            "api_detail_url": "http://www.giantbomb.com/api/game/3030-16586/",
            "id": 16586,
            "name": "Battlefield Vietnam",
            "site_detail_url": "http://www.giantbomb.com/battlefield-vietnam/3030-16586/"
        },
        {
            "api_detail_url": "http://www.giantbomb.com/api/game/3030-9850/",
            "id": 9850,
            "name": "The Sims 2: Nightlife",
            "site_detail_url": "http://www.giantbomb.com/the-sims-2-nightlife/3030-9850/"
        },
        {
            "api_detail_url": "http://www.giantbomb.com/api/game/3030-21431/",
            "id": 21431,
            "name": "Oddworld: Stranger's Wrath",
            "site_detail_url": "http://www.giantbomb.com/oddworld-strangers-wrath/3030-21431/"
        },
        {
            "api_detail_url": "http://www.giantbomb.com/api/game/3030-10228/",
            "id": 10228,
            "name": "Medal of Honor: European Assault",
            "site_detail_url": "http://www.giantbomb.com/medal-of-honor-european-assault/3030-10228/"
        },
        {
            "api_detail_url": "http://www.giantbomb.com/api/game/3030-13029/",
            "id": 13029,
            "name": "Battlefield 2: Special Forces",
            "site_detail_url": "http://www.giantbomb.com/battlefield-2-special-forces/3030-13029/"
        },
        {
            "api_detail_url": "http://www.giantbomb.com/api/game/3030-6447/",
            "id": 6447,
            "name": "The Lord of the Rings: The Battle for Middle-earth II - The Rise of the Witch-King",
            "site_detail_url": "http://www.giantbomb.com/the-lord-of-the-rings-the-battle-for-middle-earth-/3030-6447/"
        },
        {
            "api_detail_url": "http://www.giantbomb.com/api/game/3030-3556/",
            "id": 3556,
            "name": "The Sims 2: Pets",
            "site_detail_url": "http://www.giantbomb.com/the-sims-2-pets/3030-3556/"
        },
        {
            "api_detail_url": "http://www.giantbomb.com/api/game/3030-8681/",
            "id": 8681,
            "name": "The Sims 2: Open for Business",
            "site_detail_url": "http://www.giantbomb.com/the-sims-2-open-for-business/3030-8681/"
        },
        {
            "api_detail_url": "http://www.giantbomb.com/api/game/3030-5484/",
            "id": 5484,
            "name": "Medal of Honor: Heroes",
            "site_detail_url": "http://www.giantbomb.com/medal-of-honor-heroes/3030-5484/"
        },
        {
            "api_detail_url": "http://www.giantbomb.com/api/game/3030-4867/",
            "id": 4867,
            "name": "The Lord of the Rings: The Battle for Middle-earth II",
            "site_detail_url": "http://www.giantbomb.com/the-lord-of-the-rings-the-battle-for-middle-earth-/3030-4867/"
        },
        {
            "api_detail_url": "http://www.giantbomb.com/api/game/3030-13540/",
            "id": 13540,
            "name": "The Godfather: The Game",
            "site_detail_url": "http://www.giantbomb.com/the-godfather-the-game/3030-13540/"
        },
        {
            "api_detail_url": "http://www.giantbomb.com/api/game/3030-17828/",
            "id": 17828,
            "name": "Battlefield 2142",
            "site_detail_url": "http://www.giantbomb.com/battlefield-2142/3030-17828/"
        },
        {
            "api_detail_url": "http://www.giantbomb.com/api/game/3030-15426/",
            "id": 15426,
            "name": "The Sims: Life Stories",
            "site_detail_url": "http://www.giantbomb.com/the-sims-life-stories/3030-15426/"
        },
        {
            "api_detail_url": "http://www.giantbomb.com/api/game/3030-9989/",
            "id": 9989,
            "name": "Hellgate: London",
            "site_detail_url": "http://www.giantbomb.com/hellgate-london/3030-9989/"
        },
        {
            "api_detail_url": "http://www.giantbomb.com/api/game/3030-17551/",
            "id": 17551,
            "name": "Command & Conquer 3: Tiberium Wars",
            "site_detail_url": "http://www.giantbomb.com/command-conquer-3-tiberium-wars/3030-17551/"
        },
        {
            "api_detail_url": "http://www.giantbomb.com/api/game/3030-10203/",
            "id": 10203,
            "name": "The Sims: Castaway Stories",
            "site_detail_url": "http://www.giantbomb.com/the-sims-castaway-stories/3030-10203/"
        },
        {
            "api_detail_url": "http://www.giantbomb.com/api/game/3030-20466/",
            "id": 20466,
            "name": "Boom Blox",
            "site_detail_url": "http://www.giantbomb.com/boom-blox/3030-20466/"
        },
        {
            "api_detail_url": "http://www.giantbomb.com/api/game/3030-27130/",
            "id": 27130,
            "name": "Command & Conquer 4:  Tiberian Twilight",
            "site_detail_url": "http://www.giantbomb.com/command-conquer-4-tiberian-twilight/3030-27130/"
        }
    ],
    "gender": 1,
    "hometown": null,
    "id": 20957,
    "name": "Christopher Held",
    "people": []
}