{
    "birth_date": null,
    "country": null,
    "death_date": null,
    "deck": null,
    "first_credited_game": {
        "api_detail_url": "http://www.giantbomb.com/api/game/3030-1798/",
        "id": 1798,
        "name": "Gex"
    },
    "games": [
        {
            "api_detail_url": "http://www.giantbomb.com/api/game/3030-14097/",
            "id": 14097,
            "name": "The Neverhood",
            "site_detail_url": "http://www.giantbomb.com/the-neverhood/3030-14097/"
        },
        {
            "api_detail_url": "http://www.giantbomb.com/api/game/3030-7008/",
            "id": 7008,
            "name": "Hellbender",
            "site_detail_url": "http://www.giantbomb.com/hellbender/3030-7008/"
        },
        {
            "api_detail_url": "http://www.giantbomb.com/api/game/3030-1798/",
            "id": 1798,
            "name": "Gex",
            "site_detail_url": "http://www.giantbomb.com/gex/3030-1798/"
        },
        {
            "api_detail_url": "http://www.giantbomb.com/api/game/3030-7493/",
            "id": 7493,
            "name": "Close Combat",
            "site_detail_url": "http://www.giantbomb.com/close-combat/3030-7493/"
        },
        {
            "api_detail_url": "http://www.giantbomb.com/api/game/3030-15315/",
            "id": 15315,
            "name": "Close Combat: A Bridge Too Far",
            "site_detail_url": "http://www.giantbomb.com/close-combat-a-bridge-too-far/3030-15315/"
        },
        {
            "api_detail_url": "http://www.giantbomb.com/api/game/3030-3776/",
            "id": 3776,
            "name": "Urban Assault",
            "site_detail_url": "http://www.giantbomb.com/urban-assault/3030-3776/"
        },
        {
            "api_detail_url": "http://www.giantbomb.com/api/game/3030-14151/",
            "id": 14151,
            "name": "Microsoft Pinball Arcade",
            "site_detail_url": "http://www.giantbomb.com/microsoft-pinball-arcade/3030-14151/"
        },
        {
            "api_detail_url": "http://www.giantbomb.com/api/game/3030-11018/",
            "id": 11018,
            "name": "Close Combat III: The Russian Front",
            "site_detail_url": "http://www.giantbomb.com/close-combat-iii-the-russian-front/3030-11018/"
        },
        {
            "api_detail_url": "http://www.giantbomb.com/api/game/3030-545/",
            "id": 545,
            "name": "Asheron's Call",
            "site_detail_url": "http://www.giantbomb.com/asherons-call/3030-545/"
        },
        {
            "api_detail_url": "http://www.giantbomb.com/api/game/3030-17039/",
            "id": 17039,
            "name": "Azurik: Rise of Perathia",
            "site_detail_url": "http://www.giantbomb.com/azurik-rise-of-perathia/3030-17039/"
        },
        {
            "api_detail_url": "http://www.giantbomb.com/api/game/3030-8944/",
            "id": 8944,
            "name": "RalliSport Challenge",
            "site_detail_url": "http://www.giantbomb.com/rallisport-challenge/3030-8944/"
        },
        {
            "api_detail_url": "http://www.giantbomb.com/api/game/3030-15827/",
            "id": 15827,
            "name": "Quantum Redshift",
            "site_detail_url": "http://www.giantbomb.com/quantum-redshift/3030-15827/"
        },
        {
            "api_detail_url": "http://www.giantbomb.com/api/game/3030-2059/",
            "id": 2059,
            "name": "Dungeon Siege",
            "site_detail_url": "http://www.giantbomb.com/dungeon-siege/3030-2059/"
        },
        {
            "api_detail_url": "http://www.giantbomb.com/api/game/3030-2279/",
            "id": 2279,
            "name": "Project Gotham Racing 2",
            "site_detail_url": "http://www.giantbomb.com/project-gotham-racing-2/3030-2279/"
        },
        {
            "api_detail_url": "http://www.giantbomb.com/api/game/3030-1181/",
            "id": 1181,
            "name": "NHL Rivals 2004",
            "site_detail_url": "http://www.giantbomb.com/nhl-rivals-2004/3030-1181/"
        },
        {
            "api_detail_url": "http://www.giantbomb.com/api/game/3030-19999/",
            "id": 19999,
            "name": "NBA Inside Drive 2004",
            "site_detail_url": "http://www.giantbomb.com/nba-inside-drive-2004/3030-19999/"
        },
        {
            "api_detail_url": "http://www.giantbomb.com/api/game/3030-12359/",
            "id": 12359,
            "name": "Midtown Madness 3",
            "site_detail_url": "http://www.giantbomb.com/midtown-madness-3/3030-12359/"
        },
        {
            "api_detail_url": "http://www.giantbomb.com/api/game/3030-12482/",
            "id": 12482,
            "name": "Sudeki",
            "site_detail_url": "http://www.giantbomb.com/sudeki/3030-12482/"
        },
        {
            "api_detail_url": "http://www.giantbomb.com/api/game/3030-19322/",
            "id": 19322,
            "name": "Rise of Nations: Thrones & Patriots",
            "site_detail_url": "http://www.giantbomb.com/rise-of-nations-thrones-patriots/3030-19322/"
        },
        {
            "api_detail_url": "http://www.giantbomb.com/api/game/3030-6499/",
            "id": 6499,
            "name": "RalliSport Challenge 2",
            "site_detail_url": "http://www.giantbomb.com/rallisport-challenge-2/3030-6499/"
        },
        {
            "api_detail_url": "http://www.giantbomb.com/api/game/3030-17861/",
            "id": 17861,
            "name": "MechAssault 2: LoneWolf",
            "site_detail_url": "http://www.giantbomb.com/mechassault-2-lonewolf/3030-17861/"
        },
        {
            "api_detail_url": "http://www.giantbomb.com/api/game/3030-9578/",
            "id": 9578,
            "name": "Zoo Tycoon 2: Endangered Species",
            "site_detail_url": "http://www.giantbomb.com/zoo-tycoon-2-endangered-species/3030-9578/"
        },
        {
            "api_detail_url": "http://www.giantbomb.com/api/game/3030-19809/",
            "id": 19809,
            "name": "Project Gotham Racing 3",
            "site_detail_url": "http://www.giantbomb.com/project-gotham-racing-3/3030-19809/"
        },
        {
            "api_detail_url": "http://www.giantbomb.com/api/game/3030-8580/",
            "id": 8580,
            "name": "Jade Empire",
            "site_detail_url": "http://www.giantbomb.com/jade-empire/3030-8580/"
        },
        {
            "api_detail_url": "http://www.giantbomb.com/api/game/3030-17599/",
            "id": 17599,
            "name": "Forza Motorsport",
            "site_detail_url": "http://www.giantbomb.com/forza-motorsport/3030-17599/"
        },
        {
            "api_detail_url": "http://www.giantbomb.com/api/game/3030-1727/",
            "id": 1727,
            "name": "Dungeon Siege II",
            "site_detail_url": "http://www.giantbomb.com/dungeon-siege-ii/3030-1727/"
        },
        {
            "api_detail_url": "http://www.giantbomb.com/api/game/3030-10366/",
            "id": 10366,
            "name": "Fuzion Frenzy 2",
            "site_detail_url": "http://www.giantbomb.com/fuzion-frenzy-2/3030-10366/"
        },
        {
            "api_detail_url": "http://www.giantbomb.com/api/game/3030-2719/",
            "id": 2719,
            "name": "Lost Odyssey",
            "site_detail_url": "http://www.giantbomb.com/lost-odyssey/3030-2719/"
        },
        {
            "api_detail_url": "http://www.giantbomb.com/api/game/3030-31703/",
            "id": 31703,
            "name": "Kinect Sports",
            "site_detail_url": "http://www.giantbomb.com/kinect-sports/3030-31703/"
        },
        {
            "api_detail_url": "http://www.giantbomb.com/api/game/3030-32355/",
            "id": 32355,
            "name": "Age of Empires Online",
            "site_detail_url": "http://www.giantbomb.com/age-of-empires-online/3030-32355/"
        },
        {
            "api_detail_url": "http://www.giantbomb.com/api/game/3030-21331/",
            "id": 21331,
            "name": "Tenchu Z",
            "site_detail_url": "http://www.giantbomb.com/tenchu-z/3030-21331/"
        },
        {
            "api_detail_url": "http://www.giantbomb.com/api/game/3030-17081/",
            "id": 17081,
            "name": "NFL Fever 2004",
            "site_detail_url": "http://www.giantbomb.com/nfl-fever-2004/3030-17081/"
        },
        {
            "api_detail_url": "http://www.giantbomb.com/api/game/3030-20982/",
            "id": 20982,
            "name": "Alan Wake",
            "site_detail_url": "http://www.giantbomb.com/alan-wake/3030-20982/"
        },
        {
            "api_detail_url": "http://www.giantbomb.com/api/game/3030-31714/",
            "id": 31714,
            "name": "Kinect Star Wars",
            "site_detail_url": "http://www.giantbomb.com/kinect-star-wars/3030-31714/"
        }
    ],
    "gender": 1,
    "hometown": null,
    "id": 12628,
    "name": "Chris Lassen",
    "people": []
}