{
    "birth_date": null,
    "country": null,
    "death_date": null,
    "deck": null,
    "first_credited_game": {
        "api_detail_url": "http://www.giantbomb.com/api/game/3030-8595/",
        "id": 8595,
        "name": "Formula 1"
    },
    "games": [
        {
            "api_detail_url": "http://www.giantbomb.com/api/game/3030-8595/",
            "id": 8595,
            "name": "Formula 1",
            "site_detail_url": "http://www.giantbomb.com/formula-1/3030-8595/"
        },
        {
            "api_detail_url": "http://www.giantbomb.com/api/game/3030-6351/",
            "id": 6351,
            "name": "Discworld II: Mortality Bytes!",
            "site_detail_url": "http://www.giantbomb.com/discworld-ii-mortality-bytes/3030-6351/"
        },
        {
            "api_detail_url": "http://www.giantbomb.com/api/game/3030-13776/",
            "id": 13776,
            "name": "Destruction Derby 2",
            "site_detail_url": "http://www.giantbomb.com/destruction-derby-2/3030-13776/"
        },
        {
            "api_detail_url": "http://www.giantbomb.com/api/game/3030-5311/",
            "id": 5311,
            "name": "Sentient",
            "site_detail_url": "http://www.giantbomb.com/sentient/3030-5311/"
        },
        {
            "api_detail_url": "http://www.giantbomb.com/api/game/3030-12878/",
            "id": 12878,
            "name": "Deer Avenger 2: Deer in the City",
            "site_detail_url": "http://www.giantbomb.com/deer-avenger-2-deer-in-the-city/3030-12878/"
        },
        {
            "api_detail_url": "http://www.giantbomb.com/api/game/3030-42/",
            "id": 42,
            "name": "Uru: Ages Beyond Myst",
            "site_detail_url": "http://www.giantbomb.com/uru-ages-beyond-myst/3030-42/"
        },
        {
            "api_detail_url": "http://www.giantbomb.com/api/game/3030-11474/",
            "id": 11474,
            "name": "The Temple of Elemental Evil: A Classic Greyhawk Adventure",
            "site_detail_url": "http://www.giantbomb.com/the-temple-of-elemental-evil-a-classic-greyhawk-ad/3030-11474/"
        },
        {
            "api_detail_url": "http://www.giantbomb.com/api/game/3030-3242/",
            "id": 3242,
            "name": "Sid Meier's Civilization III: Conquests",
            "site_detail_url": "http://www.giantbomb.com/sid-meiers-civilization-iii-conquests/3030-3242/"
        },
        {
            "api_detail_url": "http://www.giantbomb.com/api/game/3030-16534/",
            "id": 16534,
            "name": "Neverwinter Nights: Shadows of Undrentide",
            "site_detail_url": "http://www.giantbomb.com/neverwinter-nights-shadows-of-undrentide/3030-16534/"
        },
        {
            "api_detail_url": "http://www.giantbomb.com/api/game/3030-4452/",
            "id": 4452,
            "name": "Neverwinter Nights: Hordes of the Underdark",
            "site_detail_url": "http://www.giantbomb.com/neverwinter-nights-hordes-of-the-underdark/3030-4452/"
        },
        {
            "api_detail_url": "http://www.giantbomb.com/api/game/3030-2875/",
            "id": 2875,
            "name": "Knights of Honor",
            "site_detail_url": "http://www.giantbomb.com/knights-of-honor/3030-2875/"
        },
        {
            "api_detail_url": "http://www.giantbomb.com/api/game/3030-3792/",
            "id": 3792,
            "name": "Harry Potter and the Prisoner of Azkaban",
            "site_detail_url": "http://www.giantbomb.com/harry-potter-and-the-prisoner-of-azkaban/3030-3792/"
        },
        {
            "api_detail_url": "http://www.giantbomb.com/api/game/3030-3955/",
            "id": 3955,
            "name": "Sigma Star Saga",
            "site_detail_url": "http://www.giantbomb.com/sigma-star-saga/3030-3955/"
        },
        {
            "api_detail_url": "http://www.giantbomb.com/api/game/3030-7975/",
            "id": 7975,
            "name": "SpongeBob SquarePants: Creature From the Krusty Krab",
            "site_detail_url": "http://www.giantbomb.com/spongebob-squarepants-creature-from-the-krusty-kra/3030-7975/"
        },
        {
            "api_detail_url": "http://www.giantbomb.com/api/game/3030-17817/",
            "id": 17817,
            "name": "Justice League Heroes: The Flash",
            "site_detail_url": "http://www.giantbomb.com/justice-league-heroes-the-flash/3030-17817/"
        },
        {
            "api_detail_url": "http://www.giantbomb.com/api/game/3030-5096/",
            "id": 5096,
            "name": "Disney's American Dragon: Jake Long - Rise of the Huntsclan!",
            "site_detail_url": "http://www.giantbomb.com/disneys-american-dragon-jake-long-rise-of-the-hunt/3030-5096/"
        },
        {
            "api_detail_url": "http://www.giantbomb.com/api/game/3030-4237/",
            "id": 4237,
            "name": "Contra 4",
            "site_detail_url": "http://www.giantbomb.com/contra-4/3030-4237/"
        },
        {
            "api_detail_url": "http://www.giantbomb.com/api/game/3030-21426/",
            "id": 21426,
            "name": "The Chronicles of Spellborn",
            "site_detail_url": "http://www.giantbomb.com/the-chronicles-of-spellborn/3030-21426/"
        },
        {
            "api_detail_url": "http://www.giantbomb.com/api/game/3030-26823/",
            "id": 26823,
            "name": "Where The Wild Things Are",
            "site_detail_url": "http://www.giantbomb.com/where-the-wild-things-are/3030-26823/"
        },
        {
            "api_detail_url": "http://www.giantbomb.com/api/game/3030-24858/",
            "id": 24858,
            "name": "Darkest of Days",
            "site_detail_url": "http://www.giantbomb.com/darkest-of-days/3030-24858/"
        },
        {
            "api_detail_url": "http://www.giantbomb.com/api/game/3030-25508/",
            "id": 25508,
            "name": "A Boy and His Blob",
            "site_detail_url": "http://www.giantbomb.com/a-boy-and-his-blob/3030-25508/"
        },
        {
            "api_detail_url": "http://www.giantbomb.com/api/game/3030-25249/",
            "id": 25249,
            "name": "Red Dead Redemption",
            "site_detail_url": "http://www.giantbomb.com/red-dead-redemption/3030-25249/"
        },
        {
            "api_detail_url": "http://www.giantbomb.com/api/game/3030-5956/",
            "id": 5956,
            "name": "Curse: The Eye of Isis",
            "site_detail_url": "http://www.giantbomb.com/curse-the-eye-of-isis/3030-5956/"
        }
    ],
    "gender": 1,
    "hometown": null,
    "id": 20048,
    "name": "Christopher Watson",
    "people": []
}