{
    "birth_date": null,
    "country": "United States of America",
    "death_date": null,
    "deck": "Chris Parker, along with Chris Avellone, Chris Jones, Feargus Urquhart and Darren Monahan is one of the founders of Obsidian Entertainment. He currently works as senior producer.",
    "first_credited_game": {
        "api_detail_url": "http://www.giantbomb.com/api/game/3030-17450/",
        "id": 17450,
        "name": "Lionheart"
    },
    "games": [
        {
            "api_detail_url": "http://www.giantbomb.com/api/game/3030-16717/",
            "id": 16717,
            "name": "Boogerman: A Pick and Flick Adventure",
            "site_detail_url": "http://www.giantbomb.com/boogerman-a-pick-and-flick-adventure/3030-16717/"
        },
        {
            "api_detail_url": "http://www.giantbomb.com/api/game/3030-9061/",
            "id": 9061,
            "name": "Neverwinter Nights 2",
            "site_detail_url": "http://www.giantbomb.com/neverwinter-nights-2/3030-9061/"
        },
        {
            "api_detail_url": "http://www.giantbomb.com/api/game/3030-14515/",
            "id": 14515,
            "name": "Kingdom: The Far Reaches",
            "site_detail_url": "http://www.giantbomb.com/kingdom-the-far-reaches/3030-14515/"
        },
        {
            "api_detail_url": "http://www.giantbomb.com/api/game/3030-4134/",
            "id": 4134,
            "name": "Norse by Norse West: The Return of the Lost Vikings",
            "site_detail_url": "http://www.giantbomb.com/norse-by-norse-west-the-return-of-the-lost-vikings/3030-4134/"
        },
        {
            "api_detail_url": "http://www.giantbomb.com/api/game/3030-14573/",
            "id": 14573,
            "name": "Dragon Dice",
            "site_detail_url": "http://www.giantbomb.com/dragon-dice/3030-14573/"
        },
        {
            "api_detail_url": "http://www.giantbomb.com/api/game/3030-4549/",
            "id": 4549,
            "name": "BlackThorne",
            "site_detail_url": "http://www.giantbomb.com/blackthorne/3030-4549/"
        },
        {
            "api_detail_url": "http://www.giantbomb.com/api/game/3030-7392/",
            "id": 7392,
            "name": "Baldur's Gate: Tales of the Sword Coast",
            "site_detail_url": "http://www.giantbomb.com/baldurs-gate-tales-of-the-sword-coast/3030-7392/"
        },
        {
            "api_detail_url": "http://www.giantbomb.com/api/game/3030-4752/",
            "id": 4752,
            "name": "Soulbringer",
            "site_detail_url": "http://www.giantbomb.com/soulbringer/3030-4752/"
        },
        {
            "api_detail_url": "http://www.giantbomb.com/api/game/3030-10863/",
            "id": 10863,
            "name": "Prince of Persia 3D",
            "site_detail_url": "http://www.giantbomb.com/prince-of-persia-3d/3030-10863/"
        },
        {
            "api_detail_url": "http://www.giantbomb.com/api/game/3030-5242/",
            "id": 5242,
            "name": "Icewind Dale",
            "site_detail_url": "http://www.giantbomb.com/icewind-dale/3030-5242/"
        },
        {
            "api_detail_url": "http://www.giantbomb.com/api/game/3030-10637/",
            "id": 10637,
            "name": "Baldur's Gate II: Shadows of Amn",
            "site_detail_url": "http://www.giantbomb.com/baldurs-gate-ii-shadows-of-amn/3030-10637/"
        },
        {
            "api_detail_url": "http://www.giantbomb.com/api/game/3030-3153/",
            "id": 3153,
            "name": "Icewind Dale: Heart of Winter",
            "site_detail_url": "http://www.giantbomb.com/icewind-dale-heart-of-winter/3030-3153/"
        },
        {
            "api_detail_url": "http://www.giantbomb.com/api/game/3030-6795/",
            "id": 6795,
            "name": "Baldur's Gate II: Throne of Bhaal",
            "site_detail_url": "http://www.giantbomb.com/baldurs-gate-ii-throne-of-bhaal/3030-6795/"
        },
        {
            "api_detail_url": "http://www.giantbomb.com/api/game/3030-13378/",
            "id": 13378,
            "name": "NBA Live 2003",
            "site_detail_url": "http://www.giantbomb.com/nba-live-2003/3030-13378/"
        },
        {
            "api_detail_url": "http://www.giantbomb.com/api/game/3030-13091/",
            "id": 13091,
            "name": "Baldur's Gate: Dark Alliance",
            "site_detail_url": "http://www.giantbomb.com/baldurs-gate-dark-alliance/3030-13091/"
        },
        {
            "api_detail_url": "http://www.giantbomb.com/api/game/3030-17450/",
            "id": 17450,
            "name": "Lionheart",
            "site_detail_url": "http://www.giantbomb.com/lionheart/3030-17450/"
        },
        {
            "api_detail_url": "http://www.giantbomb.com/api/game/3030-3632/",
            "id": 3632,
            "name": "Hot Wheels: World Race",
            "site_detail_url": "http://www.giantbomb.com/hot-wheels-world-race/3030-3632/"
        },
        {
            "api_detail_url": "http://www.giantbomb.com/api/game/3030-5565/",
            "id": 5565,
            "name": "Freelancer",
            "site_detail_url": "http://www.giantbomb.com/freelancer/3030-5565/"
        },
        {
            "api_detail_url": "http://www.giantbomb.com/api/game/3030-6682/",
            "id": 6682,
            "name": "Brute Force",
            "site_detail_url": "http://www.giantbomb.com/brute-force/3030-6682/"
        },
        {
            "api_detail_url": "http://www.giantbomb.com/api/game/3030-8852/",
            "id": 8852,
            "name": "Star Wars: Knights of the Old Republic II - The Sith Lords",
            "site_detail_url": "http://www.giantbomb.com/star-wars-knights-of-the-old-republic-ii-the-sith-/3030-8852/"
        },
        {
            "api_detail_url": "http://www.giantbomb.com/api/game/3030-8057/",
            "id": 8057,
            "name": "Masters of the Universe: He-Man: Defender of Grayskull",
            "site_detail_url": "http://www.giantbomb.com/masters-of-the-universe-he-man-defender-of-graysku/3030-8057/"
        },
        {
            "api_detail_url": "http://www.giantbomb.com/api/game/3030-12077/",
            "id": 12077,
            "name": "Tony Hawk's Project 8",
            "site_detail_url": "http://www.giantbomb.com/tony-hawks-project-8/3030-12077/"
        },
        {
            "api_detail_url": "http://www.giantbomb.com/api/game/3030-8763/",
            "id": 8763,
            "name": "Neverwinter Nights 2: Mask of the Betrayer",
            "site_detail_url": "http://www.giantbomb.com/neverwinter-nights-2-mask-of-the-betrayer/3030-8763/"
        },
        {
            "api_detail_url": "http://www.giantbomb.com/api/game/3030-21179/",
            "id": 21179,
            "name": "Neverwinter Nights 2: Storm of Zehir",
            "site_detail_url": "http://www.giantbomb.com/neverwinter-nights-2-storm-of-zehir/3030-21179/"
        },
        {
            "api_detail_url": "http://www.giantbomb.com/api/game/3030-7757/",
            "id": 7757,
            "name": "Lionheart: Legacy of the Crusader",
            "site_detail_url": "http://www.giantbomb.com/lionheart-legacy-of-the-crusader/3030-7757/"
        },
        {
            "api_detail_url": "http://www.giantbomb.com/api/game/3030-6783/",
            "id": 6783,
            "name": "Virtual Pool",
            "site_detail_url": "http://www.giantbomb.com/virtual-pool/3030-6783/"
        },
        {
            "api_detail_url": "http://www.giantbomb.com/api/game/3030-13912/",
            "id": 13912,
            "name": "Virtual Snooker",
            "site_detail_url": "http://www.giantbomb.com/virtual-snooker/3030-13912/"
        },
        {
            "api_detail_url": "http://www.giantbomb.com/api/game/3030-25933/",
            "id": 25933,
            "name": "Fallout: New Vegas",
            "site_detail_url": "http://www.giantbomb.com/fallout-new-vegas/3030-25933/"
        },
        {
            "api_detail_url": "http://www.giantbomb.com/api/game/3030-22883/",
            "id": 22883,
            "name": "Red Asphalt",
            "site_detail_url": "http://www.giantbomb.com/red-asphalt/3030-22883/"
        },
        {
            "api_detail_url": "http://www.giantbomb.com/api/game/3030-20984/",
            "id": 20984,
            "name": "Alpha Protocol",
            "site_detail_url": "http://www.giantbomb.com/alpha-protocol/3030-20984/"
        }
    ],
    "gender": 1,
    "hometown": null,
    "id": 12778,
    "name": "Chris Parker",
    "people": []
}