{
    "birth_date": null,
    "country": null,
    "death_date": null,
    "deck": null,
    "first_credited_game": {
        "api_detail_url": "http://www.giantbomb.com/api/game/3030-5493/",
        "id": 5493,
        "name": "Tiger Woods PGA Tour 2000"
    },
    "games": [
        {
            "api_detail_url": "http://www.giantbomb.com/api/game/3030-5493/",
            "id": 5493,
            "name": "Tiger Woods PGA Tour 2000",
            "site_detail_url": "http://www.giantbomb.com/tiger-woods-pga-tour-2000/3030-5493/"
        },
        {
            "api_detail_url": "http://www.giantbomb.com/api/game/3030-15920/",
            "id": 15920,
            "name": "NASCAR 2000",
            "site_detail_url": "http://www.giantbomb.com/nascar-2000/3030-15920/"
        },
        {
            "api_detail_url": "http://www.giantbomb.com/api/game/3030-18168/",
            "id": 18168,
            "name": "007: The World is Not Enough",
            "site_detail_url": "http://www.giantbomb.com/007-the-world-is-not-enough/3030-18168/"
        },
        {
            "api_detail_url": "http://www.giantbomb.com/api/game/3030-2573/",
            "id": 2573,
            "name": "Tiger Woods PGA Tour 2001",
            "site_detail_url": "http://www.giantbomb.com/tiger-woods-pga-tour-2001/3030-2573/"
        },
        {
            "api_detail_url": "http://www.giantbomb.com/api/game/3030-17855/",
            "id": 17855,
            "name": "The Simpsons: Road Rage",
            "site_detail_url": "http://www.giantbomb.com/the-simpsons-road-rage/3030-17855/"
        },
        {
            "api_detail_url": "http://www.giantbomb.com/api/game/3030-10845/",
            "id": 10845,
            "name": "Madden NFL 2002",
            "site_detail_url": "http://www.giantbomb.com/madden-nfl-2002/3030-10845/"
        },
        {
            "api_detail_url": "http://www.giantbomb.com/api/game/3030-577/",
            "id": 577,
            "name": "Harry Potter and the Philosopher's Stone",
            "site_detail_url": "http://www.giantbomb.com/harry-potter-and-the-philosophers-stone/3030-577/"
        },
        {
            "api_detail_url": "http://www.giantbomb.com/api/game/3030-19116/",
            "id": 19116,
            "name": "Cel Damage",
            "site_detail_url": "http://www.giantbomb.com/cel-damage/3030-19116/"
        },
        {
            "api_detail_url": "http://www.giantbomb.com/api/game/3030-13169/",
            "id": 13169,
            "name": "Ty the Tasmanian Tiger",
            "site_detail_url": "http://www.giantbomb.com/ty-the-tasmanian-tiger/3030-13169/"
        },
        {
            "api_detail_url": "http://www.giantbomb.com/api/game/3030-1943/",
            "id": 1943,
            "name": "Tiger Woods PGA Tour 2002",
            "site_detail_url": "http://www.giantbomb.com/tiger-woods-pga-tour-2002/3030-1943/"
        },
        {
            "api_detail_url": "http://www.giantbomb.com/api/game/3030-13664/",
            "id": 13664,
            "name": "Tiger Woods PGA Tour 2003",
            "site_detail_url": "http://www.giantbomb.com/tiger-woods-pga-tour-2003/3030-13664/"
        },
        {
            "api_detail_url": "http://www.giantbomb.com/api/game/3030-10699/",
            "id": 10699,
            "name": "The Sims: Online",
            "site_detail_url": "http://www.giantbomb.com/the-sims-online/3030-10699/"
        },
        {
            "api_detail_url": "http://www.giantbomb.com/api/game/3030-4857/",
            "id": 4857,
            "name": "Medal of Honor: Frontline",
            "site_detail_url": "http://www.giantbomb.com/medal-of-honor-frontline/3030-4857/"
        },
        {
            "api_detail_url": "http://www.giantbomb.com/api/game/3030-13451/",
            "id": 13451,
            "name": "Knockout Kings 2002",
            "site_detail_url": "http://www.giantbomb.com/knockout-kings-2002/3030-13451/"
        },
        {
            "api_detail_url": "http://www.giantbomb.com/api/game/3030-5535/",
            "id": 5535,
            "name": "Knockout Kings 2003",
            "site_detail_url": "http://www.giantbomb.com/knockout-kings-2003/3030-5535/"
        },
        {
            "api_detail_url": "http://www.giantbomb.com/api/game/3030-1773/",
            "id": 1773,
            "name": "Global Operations",
            "site_detail_url": "http://www.giantbomb.com/global-operations/3030-1773/"
        },
        {
            "api_detail_url": "http://www.giantbomb.com/api/game/3030-18858/",
            "id": 18858,
            "name": "Galidor: Defenders of the Outer Dimension",
            "site_detail_url": "http://www.giantbomb.com/galidor-defenders-of-the-outer-dimension/3030-18858/"
        },
        {
            "api_detail_url": "http://www.giantbomb.com/api/game/3030-5022/",
            "id": 5022,
            "name": "Freekstyle",
            "site_detail_url": "http://www.giantbomb.com/freekstyle/3030-5022/"
        },
        {
            "api_detail_url": "http://www.giantbomb.com/api/game/3030-6479/",
            "id": 6479,
            "name": "Freedom Force",
            "site_detail_url": "http://www.giantbomb.com/freedom-force/3030-6479/"
        },
        {
            "api_detail_url": "http://www.giantbomb.com/api/game/3030-15717/",
            "id": 15717,
            "name": "Buffy the Vampire Slayer",
            "site_detail_url": "http://www.giantbomb.com/buffy-the-vampire-slayer/3030-15717/"
        },
        {
            "api_detail_url": "http://www.giantbomb.com/api/game/3030-6102/",
            "id": 6102,
            "name": "Bionicle: Matoran Adventures",
            "site_detail_url": "http://www.giantbomb.com/bionicle-matoran-adventures/3030-6102/"
        },
        {
            "api_detail_url": "http://www.giantbomb.com/api/game/3030-12716/",
            "id": 12716,
            "name": "Battlefield 1942",
            "site_detail_url": "http://www.giantbomb.com/battlefield-1942/3030-12716/"
        },
        {
            "api_detail_url": "http://www.giantbomb.com/api/game/3030-8760/",
            "id": 8760,
            "name": "1503 A.D.: The New World",
            "site_detail_url": "http://www.giantbomb.com/1503-ad-the-new-world/3030-8760/"
        },
        {
            "api_detail_url": "http://www.giantbomb.com/api/game/3030-6647/",
            "id": 6647,
            "name": "007: Nightfire",
            "site_detail_url": "http://www.giantbomb.com/007-nightfire/3030-6647/"
        },
        {
            "api_detail_url": "http://www.giantbomb.com/api/game/3030-6530/",
            "id": 6530,
            "name": "007: Everything or Nothing",
            "site_detail_url": "http://www.giantbomb.com/007-everything-or-nothing/3030-6530/"
        },
        {
            "api_detail_url": "http://www.giantbomb.com/api/game/3030-1842/",
            "id": 1842,
            "name": "The Urbz: Sims in the City",
            "site_detail_url": "http://www.giantbomb.com/the-urbz-sims-in-the-city/3030-1842/"
        },
        {
            "api_detail_url": "http://www.giantbomb.com/api/game/3030-159/",
            "id": 159,
            "name": "Ty the Tasmanian Tiger 2: Bush Rescue",
            "site_detail_url": "http://www.giantbomb.com/ty-the-tasmanian-tiger-2-bush-rescue/3030-159/"
        },
        {
            "api_detail_url": "http://www.giantbomb.com/api/game/3030-3792/",
            "id": 3792,
            "name": "Harry Potter and the Prisoner of Azkaban",
            "site_detail_url": "http://www.giantbomb.com/harry-potter-and-the-prisoner-of-azkaban/3030-3792/"
        },
        {
            "api_detail_url": "http://www.giantbomb.com/api/game/3030-11544/",
            "id": 11544,
            "name": "Armies of Exigo",
            "site_detail_url": "http://www.giantbomb.com/armies-of-exigo/3030-11544/"
        },
        {
            "api_detail_url": "http://www.giantbomb.com/api/game/3030-2473/",
            "id": 2473,
            "name": "The Sims 2",
            "site_detail_url": "http://www.giantbomb.com/the-sims-2/3030-2473/"
        },
        {
            "api_detail_url": "http://www.giantbomb.com/api/game/3030-12474/",
            "id": 12474,
            "name": "Black & White 2",
            "site_detail_url": "http://www.giantbomb.com/black-white-2/3030-12474/"
        },
        {
            "api_detail_url": "http://www.giantbomb.com/api/game/3030-13029/",
            "id": 13029,
            "name": "Battlefield 2: Special Forces",
            "site_detail_url": "http://www.giantbomb.com/battlefield-2-special-forces/3030-13029/"
        },
        {
            "api_detail_url": "http://www.giantbomb.com/api/game/3030-16866/",
            "id": 16866,
            "name": "Battlefield 2",
            "site_detail_url": "http://www.giantbomb.com/battlefield-2/3030-16866/"
        },
        {
            "api_detail_url": "http://www.giantbomb.com/api/game/3030-67/",
            "id": 67,
            "name": "Tiger Woods PGA Tour 07",
            "site_detail_url": "http://www.giantbomb.com/tiger-woods-pga-tour-07/3030-67/"
        },
        {
            "api_detail_url": "http://www.giantbomb.com/api/game/3030-17828/",
            "id": 17828,
            "name": "Battlefield 2142",
            "site_detail_url": "http://www.giantbomb.com/battlefield-2142/3030-17828/"
        },
        {
            "api_detail_url": "http://www.giantbomb.com/api/game/3030-15426/",
            "id": 15426,
            "name": "The Sims: Life Stories",
            "site_detail_url": "http://www.giantbomb.com/the-sims-life-stories/3030-15426/"
        },
        {
            "api_detail_url": "http://www.giantbomb.com/api/game/3030-1628/",
            "id": 1628,
            "name": "SimCity Societies",
            "site_detail_url": "http://www.giantbomb.com/simcity-societies/3030-1628/"
        },
        {
            "api_detail_url": "http://www.giantbomb.com/api/game/3030-9989/",
            "id": 9989,
            "name": "Hellgate: London",
            "site_detail_url": "http://www.giantbomb.com/hellgate-london/3030-9989/"
        },
        {
            "api_detail_url": "http://www.giantbomb.com/api/game/3030-10203/",
            "id": 10203,
            "name": "The Sims: Castaway Stories",
            "site_detail_url": "http://www.giantbomb.com/the-sims-castaway-stories/3030-10203/"
        },
        {
            "api_detail_url": "http://www.giantbomb.com/api/game/3030-13125/",
            "id": 13125,
            "name": "Aliens Versus Predator: Extinction",
            "site_detail_url": "http://www.giantbomb.com/aliens-versus-predator-extinction/3030-13125/"
        },
        {
            "api_detail_url": "http://www.giantbomb.com/api/game/3030-20697/",
            "id": 20697,
            "name": "Mercenaries 2: World in Flames",
            "site_detail_url": "http://www.giantbomb.com/mercenaries-2-world-in-flames/3030-20697/"
        }
    ],
    "gender": null,
    "hometown": null,
    "id": 35116,
    "name": "Chris Espiritu",
    "people": []
}