{
    "birth_date": null,
    "country": null,
    "death_date": null,
    "deck": null,
    "first_credited_game": {
        "api_detail_url": "http://www.giantbomb.com/api/game/3030-10012/",
        "id": 10012,
        "name": "Ultima VI: The False Prophet"
    },
    "games": [
        {
            "api_detail_url": "http://www.giantbomb.com/api/game/3030-10654/",
            "id": 10654,
            "name": "Wing Commander II: Vengeance of the Kilrathi",
            "site_detail_url": "http://www.giantbomb.com/wing-commander-ii-vengeance-of-the-kilrathi/3030-10654/"
        },
        {
            "api_detail_url": "http://www.giantbomb.com/api/game/3030-9338/",
            "id": 9338,
            "name": "Worlds of Ultima: The Savage Empire",
            "site_detail_url": "http://www.giantbomb.com/worlds-of-ultima-the-savage-empire/3030-9338/"
        },
        {
            "api_detail_url": "http://www.giantbomb.com/api/game/3030-10012/",
            "id": 10012,
            "name": "Ultima VI: The False Prophet",
            "site_detail_url": "http://www.giantbomb.com/ultima-vi-the-false-prophet/3030-10012/"
        },
        {
            "api_detail_url": "http://www.giantbomb.com/api/game/3030-19331/",
            "id": 19331,
            "name": "Bad Blood",
            "site_detail_url": "http://www.giantbomb.com/bad-blood/3030-19331/"
        },
        {
            "api_detail_url": "http://www.giantbomb.com/api/game/3030-3739/",
            "id": 3739,
            "name": "Wing Commander II: Vengeance of the Kilrathi - Special Operations 1",
            "site_detail_url": "http://www.giantbomb.com/wing-commander-ii-vengeance-of-the-kilrathi-specia/3030-3739/"
        },
        {
            "api_detail_url": "http://www.giantbomb.com/api/game/3030-10285/",
            "id": 10285,
            "name": "Wing Commander II: Vengeance of the Kilrathi - Special Operations 2",
            "site_detail_url": "http://www.giantbomb.com/wing-commander-ii-vengeance-of-the-kilrathi-specia/3030-10285/"
        },
        {
            "api_detail_url": "http://www.giantbomb.com/api/game/3030-2947/",
            "id": 2947,
            "name": "Ultima: Worlds of Adventure 2: Martian Dreams",
            "site_detail_url": "http://www.giantbomb.com/ultima-worlds-of-adventure-2-martian-dreams/3030-2947/"
        },
        {
            "api_detail_url": "http://www.giantbomb.com/api/game/3030-1347/",
            "id": 1347,
            "name": "Ultima VII: The Forge of Virtue",
            "site_detail_url": "http://www.giantbomb.com/ultima-vii-the-forge-of-virtue/3030-1347/"
        },
        {
            "api_detail_url": "http://www.giantbomb.com/api/game/3030-230/",
            "id": 230,
            "name": "Ultima VII: The Black Gate",
            "site_detail_url": "http://www.giantbomb.com/ultima-vii-the-black-gate/3030-230/"
        },
        {
            "api_detail_url": "http://www.giantbomb.com/api/game/3030-6413/",
            "id": 6413,
            "name": "Ultima Underworld: The Stygian Abyss",
            "site_detail_url": "http://www.giantbomb.com/ultima-underworld-the-stygian-abyss/3030-6413/"
        },
        {
            "api_detail_url": "http://www.giantbomb.com/api/game/3030-8147/",
            "id": 8147,
            "name": "Ultima Underworld II: Labyrinth of Worlds",
            "site_detail_url": "http://www.giantbomb.com/ultima-underworld-ii-labyrinth-of-worlds/3030-8147/"
        },
        {
            "api_detail_url": "http://www.giantbomb.com/api/game/3030-3295/",
            "id": 3295,
            "name": "Ultima VII, Part Two: The Silver Seed",
            "site_detail_url": "http://www.giantbomb.com/ultima-vii-part-two-the-silver-seed/3030-3295/"
        },
        {
            "api_detail_url": "http://www.giantbomb.com/api/game/3030-875/",
            "id": 875,
            "name": "Strike Commander: Tactical Operations",
            "site_detail_url": "http://www.giantbomb.com/strike-commander-tactical-operations/3030-875/"
        },
        {
            "api_detail_url": "http://www.giantbomb.com/api/game/3030-4910/",
            "id": 4910,
            "name": "Wing Commander: The Kilrathi Saga",
            "site_detail_url": "http://www.giantbomb.com/wing-commander-the-kilrathi-saga/3030-4910/"
        },
        {
            "api_detail_url": "http://www.giantbomb.com/api/game/3030-6795/",
            "id": 6795,
            "name": "Baldur's Gate II: Throne of Bhaal",
            "site_detail_url": "http://www.giantbomb.com/baldurs-gate-ii-throne-of-bhaal/3030-6795/"
        },
        {
            "api_detail_url": "http://www.giantbomb.com/api/game/3030-9953/",
            "id": 9953,
            "name": "Neverwinter Nights",
            "site_detail_url": "http://www.giantbomb.com/neverwinter-nights/3030-9953/"
        },
        {
            "api_detail_url": "http://www.giantbomb.com/api/game/3030-18741/",
            "id": 18741,
            "name": "Star Wars: Knights of the Old Republic",
            "site_detail_url": "http://www.giantbomb.com/star-wars-knights-of-the-old-republic/3030-18741/"
        },
        {
            "api_detail_url": "http://www.giantbomb.com/api/game/3030-16534/",
            "id": 16534,
            "name": "Neverwinter Nights: Shadows of Undrentide",
            "site_detail_url": "http://www.giantbomb.com/neverwinter-nights-shadows-of-undrentide/3030-16534/"
        },
        {
            "api_detail_url": "http://www.giantbomb.com/api/game/3030-4452/",
            "id": 4452,
            "name": "Neverwinter Nights: Hordes of the Underdark",
            "site_detail_url": "http://www.giantbomb.com/neverwinter-nights-hordes-of-the-underdark/3030-4452/"
        },
        {
            "api_detail_url": "http://www.giantbomb.com/api/game/3030-8580/",
            "id": 8580,
            "name": "Jade Empire",
            "site_detail_url": "http://www.giantbomb.com/jade-empire/3030-8580/"
        },
        {
            "api_detail_url": "http://www.giantbomb.com/api/game/3030-16002/",
            "id": 16002,
            "name": "Wing Commander",
            "site_detail_url": "http://www.giantbomb.com/wing-commander/3030-16002/"
        },
        {
            "api_detail_url": "http://www.giantbomb.com/api/game/3030-18483/",
            "id": 18483,
            "name": "Wing Commander III: Heart of the Tiger",
            "site_detail_url": "http://www.giantbomb.com/wing-commander-iii-heart-of-the-tiger/3030-18483/"
        },
        {
            "api_detail_url": "http://www.giantbomb.com/api/game/3030-21271/",
            "id": 21271,
            "name": "Detective Barbie in The Mystery of the Carnival Caper",
            "site_detail_url": "http://www.giantbomb.com/detective-barbie-in-the-mystery-of-the-carnival-ca/3030-21271/"
        }
    ],
    "gender": 1,
    "hometown": null,
    "id": 12506,
    "name": "Craig Miller",
    "people": []
}