{
    "birth_date": "1969-07-07",
    "country": "Canada",
    "death_date": null,
    "deck": "Actress &amp; singer/songwriter who has lent her vocal talent to a number of TV shows &amp; video games.",
    "first_credited_game": {
        "api_detail_url": "http://www.giantbomb.com/api/game/3030-11704/",
        "id": 11704,
        "name": "Fallout"
    },
    "games": [
        {
            "api_detail_url": "http://www.giantbomb.com/api/game/3030-11704/",
            "id": 11704,
            "name": "Fallout",
            "site_detail_url": "http://www.giantbomb.com/fallout/3030-11704/"
        },
        {
            "api_detail_url": "http://www.giantbomb.com/api/game/3030-5559/",
            "id": 5559,
            "name": "Fallout 2",
            "site_detail_url": "http://www.giantbomb.com/fallout-2/3030-5559/"
        },
        {
            "api_detail_url": "http://www.giantbomb.com/api/game/3030-5968/",
            "id": 5968,
            "name": "Disney's Atlantis: The Lost Empire: Search for the Journal",
            "site_detail_url": "http://www.giantbomb.com/disneys-atlantis-the-lost-empire-search-for-the-jo/3030-5968/"
        },
        {
            "api_detail_url": "http://www.giantbomb.com/api/game/3030-14352/",
            "id": 14352,
            "name": "Disney's Atlantis: The Lost Empire",
            "site_detail_url": "http://www.giantbomb.com/disneys-atlantis-the-lost-empire/3030-14352/"
        },
        {
            "api_detail_url": "http://www.giantbomb.com/api/game/3030-13091/",
            "id": 13091,
            "name": "Baldur's Gate: Dark Alliance",
            "site_detail_url": "http://www.giantbomb.com/baldurs-gate-dark-alliance/3030-13091/"
        },
        {
            "api_detail_url": "http://www.giantbomb.com/api/game/3030-16119/",
            "id": 16119,
            "name": "Rugrats: Royal Ransom",
            "site_detail_url": "http://www.giantbomb.com/rugrats-royal-ransom/3030-16119/"
        },
        {
            "api_detail_url": "http://www.giantbomb.com/api/game/3030-5565/",
            "id": 5565,
            "name": "Freelancer",
            "site_detail_url": "http://www.giantbomb.com/freelancer/3030-5565/"
        },
        {
            "api_detail_url": "http://www.giantbomb.com/api/game/3030-8985/",
            "id": 8985,
            "name": "Final Fantasy X-2",
            "site_detail_url": "http://www.giantbomb.com/final-fantasy-x-2/3030-8985/"
        },
        {
            "api_detail_url": "http://www.giantbomb.com/api/game/3030-4247/",
            "id": 4247,
            "name": "Arc the Lad: Twilight of the Spirits",
            "site_detail_url": "http://www.giantbomb.com/arc-the-lad-twilight-of-the-spirits/3030-4247/"
        },
        {
            "api_detail_url": "http://www.giantbomb.com/api/game/3030-7613/",
            "id": 7613,
            "name": "Rugrats Go Wild",
            "site_detail_url": "http://www.giantbomb.com/rugrats-go-wild/3030-7613/"
        },
        {
            "api_detail_url": "http://www.giantbomb.com/api/game/3030-15936/",
            "id": 15936,
            "name": "Lords of EverQuest",
            "site_detail_url": "http://www.giantbomb.com/lords-of-everquest/3030-15936/"
        },
        {
            "api_detail_url": "http://www.giantbomb.com/api/game/3030-12107/",
            "id": 12107,
            "name": "Baldur's Gate: Dark Alliance II",
            "site_detail_url": "http://www.giantbomb.com/baldurs-gate-dark-alliance-ii/3030-12107/"
        },
        {
            "api_detail_url": "http://www.giantbomb.com/api/game/3030-7298/",
            "id": 7298,
            "name": "Pitfall: The Lost Expedition",
            "site_detail_url": "http://www.giantbomb.com/pitfall-the-lost-expedition/3030-7298/"
        },
        {
            "api_detail_url": "http://www.giantbomb.com/api/game/3030-13087/",
            "id": 13087,
            "name": "X-Men: Legends",
            "site_detail_url": "http://www.giantbomb.com/x-men-legends/3030-13087/"
        },
        {
            "api_detail_url": "http://www.giantbomb.com/api/game/3030-17636/",
            "id": 17636,
            "name": "Codename: Kids Next Door - Operation: V.I.D.E.O.G.A.M.E.",
            "site_detail_url": "http://www.giantbomb.com/codename-kids-next-door-operation-videogame/3030-17636/"
        },
        {
            "api_detail_url": "http://www.giantbomb.com/api/game/3030-12835/",
            "id": 12835,
            "name": "Fantastic 4",
            "site_detail_url": "http://www.giantbomb.com/fantastic-4/3030-12835/"
        },
        {
            "api_detail_url": "http://www.giantbomb.com/api/game/3030-7222/",
            "id": 7222,
            "name": "Tony Hawk's American Wasteland",
            "site_detail_url": "http://www.giantbomb.com/tony-hawks-american-wasteland/3030-7222/"
        },
        {
            "api_detail_url": "http://www.giantbomb.com/api/game/3030-8369/",
            "id": 8369,
            "name": "Black",
            "site_detail_url": "http://www.giantbomb.com/black/3030-8369/"
        },
        {
            "api_detail_url": "http://www.giantbomb.com/api/game/3030-3883/",
            "id": 3883,
            "name": "The Legend of Spyro: A New Beginning",
            "site_detail_url": "http://www.giantbomb.com/the-legend-of-spyro-a-new-beginning/3030-3883/"
        },
        {
            "api_detail_url": "http://www.giantbomb.com/api/game/3030-9966/",
            "id": 9966,
            "name": "Scarface: The World is Yours",
            "site_detail_url": "http://www.giantbomb.com/scarface-the-world-is-yours/3030-9966/"
        },
        {
            "api_detail_url": "http://www.giantbomb.com/api/game/3030-11057/",
            "id": 11057,
            "name": "Superman Returns",
            "site_detail_url": "http://www.giantbomb.com/superman-returns/3030-11057/"
        },
        {
            "api_detail_url": "http://www.giantbomb.com/api/game/3030-26649/",
            "id": 26649,
            "name": "Marvel Super Hero Squad",
            "site_detail_url": "http://www.giantbomb.com/marvel-super-hero-squad/3030-26649/"
        },
        {
            "api_detail_url": "http://www.giantbomb.com/api/game/3030-20599/",
            "id": 20599,
            "name": "inFamous",
            "site_detail_url": "http://www.giantbomb.com/infamous/3030-20599/"
        },
        {
            "api_detail_url": "http://www.giantbomb.com/api/game/3030-24766/",
            "id": 24766,
            "name": "Cartoon Network Universe: FusionFall",
            "site_detail_url": "http://www.giantbomb.com/cartoon-network-universe-fusionfall/3030-24766/"
        },
        {
            "api_detail_url": "http://www.giantbomb.com/api/game/3030-17604/",
            "id": 17604,
            "name": "Driver: Parallel Lines",
            "site_detail_url": "http://www.giantbomb.com/driver-parallel-lines/3030-17604/"
        },
        {
            "api_detail_url": "http://www.giantbomb.com/api/game/3030-6134/",
            "id": 6134,
            "name": "The Legend of Spyro: The Eternal Night",
            "site_detail_url": "http://www.giantbomb.com/the-legend-of-spyro-the-eternal-night/3030-6134/"
        },
        {
            "api_detail_url": "http://www.giantbomb.com/api/game/3030-26790/",
            "id": 26790,
            "name": "Crackdown 2",
            "site_detail_url": "http://www.giantbomb.com/crackdown-2/3030-26790/"
        },
        {
            "api_detail_url": "http://www.giantbomb.com/api/game/3030-12685/",
            "id": 12685,
            "name": "Tony Hawk's American Sk8land",
            "site_detail_url": "http://www.giantbomb.com/tony-hawks-american-sk8land/3030-12685/"
        },
        {
            "api_detail_url": "http://www.giantbomb.com/api/game/3030-36939/",
            "id": 36939,
            "name": "Unit 13",
            "site_detail_url": "http://www.giantbomb.com/unit-13/3030-36939/"
        },
        {
            "api_detail_url": "http://www.giantbomb.com/api/game/3030-31734/",
            "id": 31734,
            "name": "Kid Icarus: Uprising",
            "site_detail_url": "http://www.giantbomb.com/kid-icarus-uprising/3030-31734/"
        },
        {
            "api_detail_url": "http://www.giantbomb.com/api/game/3030-37448/",
            "id": 37448,
            "name": "Broken Age",
            "site_detail_url": "http://www.giantbomb.com/broken-age/3030-37448/"
        },
        {
            "api_detail_url": "http://www.giantbomb.com/api/game/3030-16909/",
            "id": 16909,
            "name": "Mass Effect",
            "site_detail_url": "http://www.giantbomb.com/mass-effect/3030-16909/"
        },
        {
            "api_detail_url": "http://www.giantbomb.com/api/game/3030-20674/",
            "id": 20674,
            "name": "StarCraft II: Wings of Liberty",
            "site_detail_url": "http://www.giantbomb.com/starcraft-ii-wings-of-liberty/3030-20674/"
        },
        {
            "api_detail_url": "http://www.giantbomb.com/api/game/3030-24610/",
            "id": 24610,
            "name": "M&M's: The Lost Formulas",
            "site_detail_url": "http://www.giantbomb.com/mms-the-lost-formulas/3030-24610/"
        },
        {
            "api_detail_url": "http://www.giantbomb.com/api/game/3030-32196/",
            "id": 32196,
            "name": "Marvel Super Hero Squad: The Infinity Gauntlet",
            "site_detail_url": "http://www.giantbomb.com/marvel-super-hero-squad-the-infinity-gauntlet/3030-32196/"
        }
    ],
    "gender": 2,
    "hometown": "Red Pheasant Reserve, Saskatchewan",
    "id": 55029,
    "name": "Cree Summer",
    "people": []
}