{
    "birth_date": null,
    "country": "United States",
    "death_date": null,
    "deck": "Game designer and producer, who has worked on various MMO games, from Ultima Online to Star Wars: The Old Republic.",
    "first_credited_game": {
        "api_detail_url": "http://www.giantbomb.com/api/game/3030-19138/",
        "id": 19138,
        "name": "Meridian 59"
    },
    "games": [
        {
            "api_detail_url": "http://www.giantbomb.com/api/game/3030-19138/",
            "id": 19138,
            "name": "Meridian 59",
            "site_detail_url": "http://www.giantbomb.com/meridian-59/3030-19138/"
        },
        {
            "api_detail_url": "http://www.giantbomb.com/api/game/3030-10699/",
            "id": 10699,
            "name": "The Sims: Online",
            "site_detail_url": "http://www.giantbomb.com/the-sims-online/3030-10699/"
        },
        {
            "api_detail_url": "http://www.giantbomb.com/api/game/3030-10099/",
            "id": 10099,
            "name": "Shadowbane",
            "site_detail_url": "http://www.giantbomb.com/shadowbane/3030-10099/"
        },
        {
            "api_detail_url": "http://www.giantbomb.com/api/game/3030-24205/",
            "id": 24205,
            "name": "Star Wars: The Old Republic",
            "site_detail_url": "http://www.giantbomb.com/star-wars-the-old-republic/3030-24205/"
        },
        {
            "api_detail_url": "http://www.giantbomb.com/api/game/3030-32725/",
            "id": 32725,
            "name": "Shadowbane: Throne of Oblivion",
            "site_detail_url": "http://www.giantbomb.com/shadowbane-throne-of-oblivion/3030-32725/"
        },
        {
            "api_detail_url": "http://www.giantbomb.com/api/game/3030-1475/",
            "id": 1475,
            "name": "Shadowbane:  The Rise of Chaos",
            "site_detail_url": "http://www.giantbomb.com/shadowbane-the-rise-of-chaos/3030-1475/"
        },
        {
            "api_detail_url": "http://www.giantbomb.com/api/game/3030-23106/",
            "id": 23106,
            "name": "Ultima Worlds Online: Origin",
            "site_detail_url": "http://www.giantbomb.com/ultima-worlds-online-origin/3030-23106/"
        },
        {
            "api_detail_url": "http://www.giantbomb.com/api/game/3030-5767/",
            "id": 5767,
            "name": "Ultima Online",
            "site_detail_url": "http://www.giantbomb.com/ultima-online/3030-5767/"
        }
    ],
    "gender": 1,
    "hometown": "Austin",
    "id": 70006,
    "name": "Damion Schubert",
    "people": []
}