{
    "birth_date": null,
    "country": null,
    "death_date": null,
    "deck": null,
    "first_credited_game": {
        "api_detail_url": "http://www.giantbomb.com/api/game/3030-21271/",
        "id": 21271,
        "name": "Detective Barbie in The Mystery of the Carnival Caper"
    },
    "games": [
        {
            "api_detail_url": "http://www.giantbomb.com/api/game/3030-3631/",
            "id": 3631,
            "name": "Tony Hawk's Downhill Jam",
            "site_detail_url": "http://www.giantbomb.com/tony-hawks-downhill-jam/3030-3631/"
        },
        {
            "api_detail_url": "http://www.giantbomb.com/api/game/3030-18547/",
            "id": 18547,
            "name": "EverQuest II",
            "site_detail_url": "http://www.giantbomb.com/everquest-ii/3030-18547/"
        },
        {
            "api_detail_url": "http://www.giantbomb.com/api/game/3030-25673/",
            "id": 25673,
            "name": "Ratchet & Clank Future: A Crack in Time",
            "site_detail_url": "http://www.giantbomb.com/ratchet-clank-future-a-crack-in-time/3030-25673/"
        },
        {
            "api_detail_url": "http://www.giantbomb.com/api/game/3030-15212/",
            "id": 15212,
            "name": "Ratchet & Clank Future: Tools of Destruction",
            "site_detail_url": "http://www.giantbomb.com/ratchet-clank-future-tools-of-destruction/3030-15212/"
        },
        {
            "api_detail_url": "http://www.giantbomb.com/api/game/3030-4301/",
            "id": 4301,
            "name": "Area-51",
            "site_detail_url": "http://www.giantbomb.com/area-51/3030-4301/"
        },
        {
            "api_detail_url": "http://www.giantbomb.com/api/game/3030-3690/",
            "id": 3690,
            "name": "Lemony Snicket's A Series of Unfortunate Events",
            "site_detail_url": "http://www.giantbomb.com/lemony-snickets-a-series-of-unfortunate-events/3030-3690/"
        },
        {
            "api_detail_url": "http://www.giantbomb.com/api/game/3030-2242/",
            "id": 2242,
            "name": "The Punisher",
            "site_detail_url": "http://www.giantbomb.com/the-punisher/3030-2242/"
        },
        {
            "api_detail_url": "http://www.giantbomb.com/api/game/3030-15172/",
            "id": 15172,
            "name": "Shellshock: Nam '67",
            "site_detail_url": "http://www.giantbomb.com/shellshock-nam-67/3030-15172/"
        },
        {
            "api_detail_url": "http://www.giantbomb.com/api/game/3030-18741/",
            "id": 18741,
            "name": "Star Wars: Knights of the Old Republic",
            "site_detail_url": "http://www.giantbomb.com/star-wars-knights-of-the-old-republic/3030-18741/"
        },
        {
            "api_detail_url": "http://www.giantbomb.com/api/game/3030-17571/",
            "id": 17571,
            "name": "Star Wars: Bounty Hunter",
            "site_detail_url": "http://www.giantbomb.com/star-wars-bounty-hunter/3030-17571/"
        },
        {
            "api_detail_url": "http://www.giantbomb.com/api/game/3030-433/",
            "id": 433,
            "name": "Star Wars: X-Wing Alliance",
            "site_detail_url": "http://www.giantbomb.com/star-wars-x-wing-alliance/3030-433/"
        },
        {
            "api_detail_url": "http://www.giantbomb.com/api/game/3030-21271/",
            "id": 21271,
            "name": "Detective Barbie in The Mystery of the Carnival Caper",
            "site_detail_url": "http://www.giantbomb.com/detective-barbie-in-the-mystery-of-the-carnival-ca/3030-21271/"
        },
        {
            "api_detail_url": "http://www.giantbomb.com/api/game/3030-10850/",
            "id": 10850,
            "name": "The ClueFinders 4th Grade Adventures",
            "site_detail_url": "http://www.giantbomb.com/the-cluefinders-4th-grade-adventures/3030-10850/"
        },
        {
            "api_detail_url": "http://www.giantbomb.com/api/game/3030-27715/",
            "id": 27715,
            "name": "Resident Evil",
            "site_detail_url": "http://www.giantbomb.com/resident-evil/3030-27715/"
        },
        {
            "api_detail_url": "http://www.giantbomb.com/api/game/3030-38390/",
            "id": 38390,
            "name": "The Cave",
            "site_detail_url": "http://www.giantbomb.com/the-cave/3030-38390/"
        }
    ],
    "gender": 1,
    "hometown": null,
    "id": 65879,
    "name": "Dan Hagen",
    "people": []
}