{
    "birth_date": null,
    "country": null,
    "death_date": null,
    "deck": "Video game developer, most notably worked as director for Dragon Age: Origins.",
    "first_credited_game": {
        "api_detail_url": "http://www.giantbomb.com/api/game/3030-17823/",
        "id": 17823,
        "name": "World Series Baseball 2K2"
    },
    "games": [
        {
            "api_detail_url": "http://www.giantbomb.com/api/game/3030-17778/",
            "id": 17778,
            "name": "Impossible Creatures",
            "site_detail_url": "http://www.giantbomb.com/impossible-creatures/3030-17778/"
        },
        {
            "api_detail_url": "http://www.giantbomb.com/api/game/3030-26621/",
            "id": 26621,
            "name": "Pirates of the Caribbean: Armada of the Damned",
            "site_detail_url": "http://www.giantbomb.com/pirates-of-the-caribbean-armada-of-the-damned/3030-26621/"
        },
        {
            "api_detail_url": "http://www.giantbomb.com/api/game/3030-20641/",
            "id": 20641,
            "name": "Sonic Chronicles: The Dark Brotherhood",
            "site_detail_url": "http://www.giantbomb.com/sonic-chronicles-the-dark-brotherhood/3030-20641/"
        },
        {
            "api_detail_url": "http://www.giantbomb.com/api/game/3030-17184/",
            "id": 17184,
            "name": "World Series Baseball 2K3",
            "site_detail_url": "http://www.giantbomb.com/world-series-baseball-2k3/3030-17184/"
        },
        {
            "api_detail_url": "http://www.giantbomb.com/api/game/3030-17823/",
            "id": 17823,
            "name": "World Series Baseball 2K2",
            "site_detail_url": "http://www.giantbomb.com/world-series-baseball-2k2/3030-17823/"
        },
        {
            "api_detail_url": "http://www.giantbomb.com/api/game/3030-9616/",
            "id": 9616,
            "name": "The Red Odyssey",
            "site_detail_url": "http://www.giantbomb.com/the-red-odyssey/3030-9616/"
        },
        {
            "api_detail_url": "http://www.giantbomb.com/api/game/3030-29284/",
            "id": 29284,
            "name": "Tron: Evolution",
            "site_detail_url": "http://www.giantbomb.com/tron-evolution/3030-29284/"
        },
        {
            "api_detail_url": "http://www.giantbomb.com/api/game/3030-20738/",
            "id": 20738,
            "name": "Dragon Age: Origins",
            "site_detail_url": "http://www.giantbomb.com/dragon-age-origins/3030-20738/"
        }
    ],
    "gender": 1,
    "hometown": null,
    "id": 69678,
    "name": "Dan Tudge",
    "people": []
}