{
    "birth_date": null,
    "country": "USA",
    "death_date": null,
    "deck": "Dana Fos is a User Experience Manager at Microsoft Game Studios.",
    "first_credited_game": {
        "api_detail_url": "http://www.giantbomb.com/api/game/3030-15315/",
        "id": 15315,
        "name": "Close Combat: A Bridge Too Far"
    },
    "games": [
        {
            "api_detail_url": "http://www.giantbomb.com/api/game/3030-11993/",
            "id": 11993,
            "name": "Rise of Nations",
            "site_detail_url": "http://www.giantbomb.com/rise-of-nations/3030-11993/"
        },
        {
            "api_detail_url": "http://www.giantbomb.com/api/game/3030-15315/",
            "id": 15315,
            "name": "Close Combat: A Bridge Too Far",
            "site_detail_url": "http://www.giantbomb.com/close-combat-a-bridge-too-far/3030-15315/"
        },
        {
            "api_detail_url": "http://www.giantbomb.com/api/game/3030-3776/",
            "id": 3776,
            "name": "Urban Assault",
            "site_detail_url": "http://www.giantbomb.com/urban-assault/3030-3776/"
        },
        {
            "api_detail_url": "http://www.giantbomb.com/api/game/3030-772/",
            "id": 772,
            "name": "Outwars",
            "site_detail_url": "http://www.giantbomb.com/outwars/3030-772/"
        },
        {
            "api_detail_url": "http://www.giantbomb.com/api/game/3030-4258/",
            "id": 4258,
            "name": "Allegiance",
            "site_detail_url": "http://www.giantbomb.com/allegiance/3030-4258/"
        },
        {
            "api_detail_url": "http://www.giantbomb.com/api/game/3030-18365/",
            "id": 18365,
            "name": "MechCommander 2",
            "site_detail_url": "http://www.giantbomb.com/mechcommander-2/3030-18365/"
        },
        {
            "api_detail_url": "http://www.giantbomb.com/api/game/3030-16650/",
            "id": 16650,
            "name": "Fuzion Frenzy",
            "site_detail_url": "http://www.giantbomb.com/fuzion-frenzy/3030-16650/"
        },
        {
            "api_detail_url": "http://www.giantbomb.com/api/game/3030-17039/",
            "id": 17039,
            "name": "Azurik: Rise of Perathia",
            "site_detail_url": "http://www.giantbomb.com/azurik-rise-of-perathia/3030-17039/"
        },
        {
            "api_detail_url": "http://www.giantbomb.com/api/game/3030-3689/",
            "id": 3689,
            "name": "Whacked!",
            "site_detail_url": "http://www.giantbomb.com/whacked/3030-3689/"
        },
        {
            "api_detail_url": "http://www.giantbomb.com/api/game/3030-7914/",
            "id": 7914,
            "name": "Voodoo Vince",
            "site_detail_url": "http://www.giantbomb.com/voodoo-vince/3030-7914/"
        },
        {
            "api_detail_url": "http://www.giantbomb.com/api/game/3030-16870/",
            "id": 16870,
            "name": "Tao Feng: Fist of the Lotus",
            "site_detail_url": "http://www.giantbomb.com/tao-feng-fist-of-the-lotus/3030-16870/"
        },
        {
            "api_detail_url": "http://www.giantbomb.com/api/game/3030-11663/",
            "id": 11663,
            "name": "Half-Life: Counter-Strike",
            "site_detail_url": "http://www.giantbomb.com/half-life-counter-strike/3030-11663/"
        },
        {
            "api_detail_url": "http://www.giantbomb.com/api/game/3030-4680/",
            "id": 4680,
            "name": "Zoo Tycoon 2",
            "site_detail_url": "http://www.giantbomb.com/zoo-tycoon-2/3030-4680/"
        },
        {
            "api_detail_url": "http://www.giantbomb.com/api/game/3030-19322/",
            "id": 19322,
            "name": "Rise of Nations: Thrones & Patriots",
            "site_detail_url": "http://www.giantbomb.com/rise-of-nations-thrones-patriots/3030-19322/"
        },
        {
            "api_detail_url": "http://www.giantbomb.com/api/game/3030-15133/",
            "id": 15133,
            "name": "Phantom Dust",
            "site_detail_url": "http://www.giantbomb.com/phantom-dust/3030-15133/"
        },
        {
            "api_detail_url": "http://www.giantbomb.com/api/game/3030-3399/",
            "id": 3399,
            "name": "Blinx 2: Masters of Time and Space",
            "site_detail_url": "http://www.giantbomb.com/blinx-2-masters-of-time-and-space/3030-3399/"
        },
        {
            "api_detail_url": "http://www.giantbomb.com/api/game/3030-9578/",
            "id": 9578,
            "name": "Zoo Tycoon 2: Endangered Species",
            "site_detail_url": "http://www.giantbomb.com/zoo-tycoon-2-endangered-species/3030-9578/"
        },
        {
            "api_detail_url": "http://www.giantbomb.com/api/game/3030-8580/",
            "id": 8580,
            "name": "Jade Empire",
            "site_detail_url": "http://www.giantbomb.com/jade-empire/3030-8580/"
        },
        {
            "api_detail_url": "http://www.giantbomb.com/api/game/3030-1727/",
            "id": 1727,
            "name": "Dungeon Siege II",
            "site_detail_url": "http://www.giantbomb.com/dungeon-siege-ii/3030-1727/"
        },
        {
            "api_detail_url": "http://www.giantbomb.com/api/game/3030-2168/",
            "id": 2168,
            "name": "Viva Pi\u00f1ata",
            "site_detail_url": "http://www.giantbomb.com/viva-pinata/3030-2168/"
        },
        {
            "api_detail_url": "http://www.giantbomb.com/api/game/3030-12003/",
            "id": 12003,
            "name": "Viva Pi\u00f1ata: Party Animals",
            "site_detail_url": "http://www.giantbomb.com/viva-pinata-party-animals/3030-12003/"
        },
        {
            "api_detail_url": "http://www.giantbomb.com/api/game/3030-32355/",
            "id": 32355,
            "name": "Age of Empires Online",
            "site_detail_url": "http://www.giantbomb.com/age-of-empires-online/3030-32355/"
        },
        {
            "api_detail_url": "http://www.giantbomb.com/api/game/3030-20982/",
            "id": 20982,
            "name": "Alan Wake",
            "site_detail_url": "http://www.giantbomb.com/alan-wake/3030-20982/"
        }
    ],
    "gender": 2,
    "hometown": null,
    "id": 19003,
    "name": "Dana Fos",
    "people": []
}