{
    "birth_date": null,
    "country": null,
    "death_date": null,
    "deck": null,
    "first_credited_game": {
        "api_detail_url": "http://www.giantbomb.com/api/game/3030-10637/",
        "id": 10637,
        "name": "Baldur's Gate II: Shadows of Amn"
    },
    "games": [
        {
            "api_detail_url": "http://www.giantbomb.com/api/game/3030-10637/",
            "id": 10637,
            "name": "Baldur's Gate II: Shadows of Amn",
            "site_detail_url": "http://www.giantbomb.com/baldurs-gate-ii-shadows-of-amn/3030-10637/"
        },
        {
            "api_detail_url": "http://www.giantbomb.com/api/game/3030-20497/",
            "id": 20497,
            "name": "Dark Sector",
            "site_detail_url": "http://www.giantbomb.com/dark-sector/3030-20497/"
        },
        {
            "api_detail_url": "http://www.giantbomb.com/api/game/3030-16909/",
            "id": 16909,
            "name": "Mass Effect",
            "site_detail_url": "http://www.giantbomb.com/mass-effect/3030-16909/"
        },
        {
            "api_detail_url": "http://www.giantbomb.com/api/game/3030-20697/",
            "id": 20697,
            "name": "Mercenaries 2: World in Flames",
            "site_detail_url": "http://www.giantbomb.com/mercenaries-2-world-in-flames/3030-20697/"
        }
    ],
    "gender": null,
    "hometown": null,
    "id": 12763,
    "name": "Daniel Morris",
    "people": []
}