{
    "birth_date": null,
    "country": "USA",
    "death_date": null,
    "deck": "Former game critic (Daily Radar) who is now the lead Writer for Star Wars: The Old Republic. Also worked on Dragon Age: Origins.",
    "first_credited_game": {
        "api_detail_url": "http://www.giantbomb.com/api/game/3030-7982/",
        "id": 7982,
        "name": "NBA Street"
    },
    "games": [
        {
            "api_detail_url": "http://www.giantbomb.com/api/game/3030-7982/",
            "id": 7982,
            "name": "NBA Street",
            "site_detail_url": "http://www.giantbomb.com/nba-street/3030-7982/"
        },
        {
            "api_detail_url": "http://www.giantbomb.com/api/game/3030-9866/",
            "id": 9866,
            "name": "NBA Street Vol. 2",
            "site_detail_url": "http://www.giantbomb.com/nba-street-vol-2/3030-9866/"
        },
        {
            "api_detail_url": "http://www.giantbomb.com/api/game/3030-61/",
            "id": 61,
            "name": "NBA Street V3",
            "site_detail_url": "http://www.giantbomb.com/nba-street-v3/3030-61/"
        },
        {
            "api_detail_url": "http://www.giantbomb.com/api/game/3030-12418/",
            "id": 12418,
            "name": "SSX on Tour",
            "site_detail_url": "http://www.giantbomb.com/ssx-on-tour/3030-12418/"
        },
        {
            "api_detail_url": "http://www.giantbomb.com/api/game/3030-50856/",
            "id": 50856,
            "name": "Star Wars: Uprising",
            "site_detail_url": "http://www.giantbomb.com/star-wars-uprising/3030-50856/"
        }
    ],
    "gender": 1,
    "hometown": "Modesto, California",
    "id": 45911,
    "name": "Daniel Erickson",
    "people": []
}