{
    "birth_date": null,
    "country": null,
    "death_date": null,
    "deck": "Voice-over actor, probably best known on the internet for voicing the Hulu promos. Fennoy has a long history of voicing video game characters, including Lando Calrissian in X-Wing alliance and Gabriel Tosh in StarCraft II.",
    "first_credited_game": {
        "api_detail_url": "http://www.giantbomb.com/api/game/3030-2240/",
        "id": 2240,
        "name": "King's Quest VI: Heir Today, Gone Tomorrow"
    },
    "games": [
        {
            "api_detail_url": "http://www.giantbomb.com/api/game/3030-2240/",
            "id": 2240,
            "name": "King's Quest VI: Heir Today, Gone Tomorrow",
            "site_detail_url": "http://www.giantbomb.com/kings-quest-vi-heir-today-gone-tomorrow/3030-2240/"
        },
        {
            "api_detail_url": "http://www.giantbomb.com/api/game/3030-11193/",
            "id": 11193,
            "name": "Leisure Suit Larry 6: Shape Up or Slip Out!",
            "site_detail_url": "http://www.giantbomb.com/leisure-suit-larry-6-shape-up-or-slip-out/3030-11193/"
        },
        {
            "api_detail_url": "http://www.giantbomb.com/api/game/3030-15340/",
            "id": 15340,
            "name": "Assassin 2015",
            "site_detail_url": "http://www.giantbomb.com/assassin-2015/3030-15340/"
        },
        {
            "api_detail_url": "http://www.giantbomb.com/api/game/3030-5729/",
            "id": 5729,
            "name": "The Curse of Monkey Island",
            "site_detail_url": "http://www.giantbomb.com/the-curse-of-monkey-island/3030-5729/"
        },
        {
            "api_detail_url": "http://www.giantbomb.com/api/game/3030-433/",
            "id": 433,
            "name": "Star Wars: X-Wing Alliance",
            "site_detail_url": "http://www.giantbomb.com/star-wars-x-wing-alliance/3030-433/"
        },
        {
            "api_detail_url": "http://www.giantbomb.com/api/game/3030-13526/",
            "id": 13526,
            "name": "Star Wars: Episode I - Racer",
            "site_detail_url": "http://www.giantbomb.com/star-wars-episode-i-racer/3030-13526/"
        },
        {
            "api_detail_url": "http://www.giantbomb.com/api/game/3030-16616/",
            "id": 16616,
            "name": "Tachyon: The Fringe",
            "site_detail_url": "http://www.giantbomb.com/tachyon-the-fringe/3030-16616/"
        },
        {
            "api_detail_url": "http://www.giantbomb.com/api/game/3030-15055/",
            "id": 15055,
            "name": "Delta Force: Land Warrior",
            "site_detail_url": "http://www.giantbomb.com/delta-force-land-warrior/3030-15055/"
        },
        {
            "api_detail_url": "http://www.giantbomb.com/api/game/3030-14406/",
            "id": 14406,
            "name": "Delta Force: Urban Warfare",
            "site_detail_url": "http://www.giantbomb.com/delta-force-urban-warfare/3030-14406/"
        },
        {
            "api_detail_url": "http://www.giantbomb.com/api/game/3030-7593/",
            "id": 7593,
            "name": "Ultimate Spider-Man",
            "site_detail_url": "http://www.giantbomb.com/ultimate-spider-man/3030-7593/"
        },
        {
            "api_detail_url": "http://www.giantbomb.com/api/game/3030-8201/",
            "id": 8201,
            "name": "Lara Croft Tomb Raider: Anniversary",
            "site_detail_url": "http://www.giantbomb.com/lara-croft-tomb-raider-anniversary/3030-8201/"
        },
        {
            "api_detail_url": "http://www.giantbomb.com/api/game/3030-20669/",
            "id": 20669,
            "name": "Metal Gear Solid 4: Guns of the Patriots",
            "site_detail_url": "http://www.giantbomb.com/metal-gear-solid-4-guns-of-the-patriots/3030-20669/"
        },
        {
            "api_detail_url": "http://www.giantbomb.com/api/game/3030-24766/",
            "id": 24766,
            "name": "Cartoon Network Universe: FusionFall",
            "site_detail_url": "http://www.giantbomb.com/cartoon-network-universe-fusionfall/3030-24766/"
        },
        {
            "api_detail_url": "http://www.giantbomb.com/api/game/3030-9503/",
            "id": 9503,
            "name": "Project Sylpheed: Arc of Deception",
            "site_detail_url": "http://www.giantbomb.com/project-sylpheed-arc-of-deception/3030-9503/"
        },
        {
            "api_detail_url": "http://www.giantbomb.com/api/game/3030-2136/",
            "id": 2136,
            "name": "Onimusha: Dawn of Dreams",
            "site_detail_url": "http://www.giantbomb.com/onimusha-dawn-of-dreams/3030-2136/"
        },
        {
            "api_detail_url": "http://www.giantbomb.com/api/game/3030-21520/",
            "id": 21520,
            "name": "Viewtiful Joe: Red Hot Rumble",
            "site_detail_url": "http://www.giantbomb.com/viewtiful-joe-red-hot-rumble/3030-21520/"
        },
        {
            "api_detail_url": "http://www.giantbomb.com/api/game/3030-4209/",
            "id": 4209,
            "name": "Prototype",
            "site_detail_url": "http://www.giantbomb.com/prototype/3030-4209/"
        },
        {
            "api_detail_url": "http://www.giantbomb.com/api/game/3030-20679/",
            "id": 20679,
            "name": "Saints Row 2",
            "site_detail_url": "http://www.giantbomb.com/saints-row-2/3030-20679/"
        },
        {
            "api_detail_url": "http://www.giantbomb.com/api/game/3030-21365/",
            "id": 21365,
            "name": "Rise of the Argonauts",
            "site_detail_url": "http://www.giantbomb.com/rise-of-the-argonauts/3030-21365/"
        },
        {
            "api_detail_url": "http://www.giantbomb.com/api/game/3030-20488/",
            "id": 20488,
            "name": "Robert Ludlum's The Bourne Conspiracy",
            "site_detail_url": "http://www.giantbomb.com/robert-ludlums-the-bourne-conspiracy/3030-20488/"
        },
        {
            "api_detail_url": "http://www.giantbomb.com/api/game/3030-25933/",
            "id": 25933,
            "name": "Fallout: New Vegas",
            "site_detail_url": "http://www.giantbomb.com/fallout-new-vegas/3030-25933/"
        },
        {
            "api_detail_url": "http://www.giantbomb.com/api/game/3030-20538/",
            "id": 20538,
            "name": "Mafia II",
            "site_detail_url": "http://www.giantbomb.com/mafia-ii/3030-20538/"
        },
        {
            "api_detail_url": "http://www.giantbomb.com/api/game/3030-21590/",
            "id": 21590,
            "name": "Mass Effect 2",
            "site_detail_url": "http://www.giantbomb.com/mass-effect-2/3030-21590/"
        },
        {
            "api_detail_url": "http://www.giantbomb.com/api/game/3030-25673/",
            "id": 25673,
            "name": "Ratchet & Clank Future: A Crack in Time",
            "site_detail_url": "http://www.giantbomb.com/ratchet-clank-future-a-crack-in-time/3030-25673/"
        },
        {
            "api_detail_url": "http://www.giantbomb.com/api/game/3030-22058/",
            "id": 22058,
            "name": "Spider-Man: Battle for New York",
            "site_detail_url": "http://www.giantbomb.com/spider-man-battle-for-new-york/3030-22058/"
        },
        {
            "api_detail_url": "http://www.giantbomb.com/api/game/3030-9966/",
            "id": 9966,
            "name": "Scarface: The World is Yours",
            "site_detail_url": "http://www.giantbomb.com/scarface-the-world-is-yours/3030-9966/"
        },
        {
            "api_detail_url": "http://www.giantbomb.com/api/game/3030-32887/",
            "id": 32887,
            "name": "Dota 2",
            "site_detail_url": "http://www.giantbomb.com/dota-2/3030-32887/"
        },
        {
            "api_detail_url": "http://www.giantbomb.com/api/game/3030-35948/",
            "id": 35948,
            "name": "Lollipop Chainsaw",
            "site_detail_url": "http://www.giantbomb.com/lollipop-chainsaw/3030-35948/"
        },
        {
            "api_detail_url": "http://www.giantbomb.com/api/game/3030-42245/",
            "id": 42245,
            "name": "Batman: Arkham Origins",
            "site_detail_url": "http://www.giantbomb.com/batman-arkham-origins/3030-42245/"
        },
        {
            "api_detail_url": "http://www.giantbomb.com/api/game/3030-34213/",
            "id": 34213,
            "name": "The Wolf Among Us",
            "site_detail_url": "http://www.giantbomb.com/the-wolf-among-us/3030-34213/"
        },
        {
            "api_detail_url": "http://www.giantbomb.com/api/game/3030-34205/",
            "id": 34205,
            "name": "The Walking Dead",
            "site_detail_url": "http://www.giantbomb.com/the-walking-dead/3030-34205/"
        },
        {
            "api_detail_url": "http://www.giantbomb.com/api/game/3030-20701/",
            "id": 20701,
            "name": "World of Warcraft: Wrath of the Lich King",
            "site_detail_url": "http://www.giantbomb.com/world-of-warcraft-wrath-of-the-lich-king/3030-20701/"
        },
        {
            "api_detail_url": "http://www.giantbomb.com/api/game/3030-26817/",
            "id": 26817,
            "name": "Metal Gear Solid: Peace Walker",
            "site_detail_url": "http://www.giantbomb.com/metal-gear-solid-peace-walker/3030-26817/"
        },
        {
            "api_detail_url": "http://www.giantbomb.com/api/game/3030-20674/",
            "id": 20674,
            "name": "StarCraft II: Wings of Liberty",
            "site_detail_url": "http://www.giantbomb.com/starcraft-ii-wings-of-liberty/3030-20674/"
        },
        {
            "api_detail_url": "http://www.giantbomb.com/api/game/3030-27896/",
            "id": 27896,
            "name": "World of Warcraft: Cataclysm",
            "site_detail_url": "http://www.giantbomb.com/world-of-warcraft-cataclysm/3030-27896/"
        },
        {
            "api_detail_url": "http://www.giantbomb.com/api/game/3030-34204/",
            "id": 34204,
            "name": "Transformers: Dark of the Moon",
            "site_detail_url": "http://www.giantbomb.com/transformers-dark-of-the-moon/3030-34204/"
        },
        {
            "api_detail_url": "http://www.giantbomb.com/api/game/3030-31634/",
            "id": 31634,
            "name": "Driver: San Francisco",
            "site_detail_url": "http://www.giantbomb.com/driver-san-francisco/3030-31634/"
        },
        {
            "api_detail_url": "http://www.giantbomb.com/api/game/3030-41695/",
            "id": 41695,
            "name": "inFamous: Second Son",
            "site_detail_url": "http://www.giantbomb.com/infamous-second-son/3030-41695/"
        },
        {
            "api_detail_url": "http://www.giantbomb.com/api/game/3030-38206/",
            "id": 38206,
            "name": "The Elder Scrolls Online",
            "site_detail_url": "http://www.giantbomb.com/the-elder-scrolls-online/3030-38206/"
        },
        {
            "api_detail_url": "http://www.giantbomb.com/api/game/3030-25725/",
            "id": 25725,
            "name": "Saints Row: The Third",
            "site_detail_url": "http://www.giantbomb.com/saints-row-the-third/3030-25725/"
        },
        {
            "api_detail_url": "http://www.giantbomb.com/api/game/3030-37302/",
            "id": 37302,
            "name": "Law & Order Legacies",
            "site_detail_url": "http://www.giantbomb.com/law-order-legacies/3030-37302/"
        },
        {
            "api_detail_url": "http://www.giantbomb.com/api/game/3030-22425/",
            "id": 22425,
            "name": "The Darkness II",
            "site_detail_url": "http://www.giantbomb.com/the-darkness-ii/3030-22425/"
        },
        {
            "api_detail_url": "http://www.giantbomb.com/api/game/3030-21369/",
            "id": 21369,
            "name": "The Secret World",
            "site_detail_url": "http://www.giantbomb.com/the-secret-world/3030-21369/"
        },
        {
            "api_detail_url": "http://www.giantbomb.com/api/game/3030-36734/",
            "id": 36734,
            "name": "World of Warcraft: Mists of Pandaria",
            "site_detail_url": "http://www.giantbomb.com/world-of-warcraft-mists-of-pandaria/3030-36734/"
        },
        {
            "api_detail_url": "http://www.giantbomb.com/api/game/3030-30813/",
            "id": 30813,
            "name": "The Bureau: XCOM Declassified",
            "site_detail_url": "http://www.giantbomb.com/the-bureau-xcom-declassified/3030-30813/"
        },
        {
            "api_detail_url": "http://www.giantbomb.com/api/game/3030-43916/",
            "id": 43916,
            "name": "Infinity Blade III",
            "site_detail_url": "http://www.giantbomb.com/infinity-blade-iii/3030-43916/"
        },
        {
            "api_detail_url": "http://www.giantbomb.com/api/game/3030-41485/",
            "id": 41485,
            "name": "Skylanders SWAP Force",
            "site_detail_url": "http://www.giantbomb.com/skylanders-swap-force/3030-41485/"
        },
        {
            "api_detail_url": "http://www.giantbomb.com/api/game/3030-20710/",
            "id": 20710,
            "name": "Bayonetta",
            "site_detail_url": "http://www.giantbomb.com/bayonetta/3030-20710/"
        },
        {
            "api_detail_url": "http://www.giantbomb.com/api/game/3030-27112/",
            "id": 27112,
            "name": "Prison Break: The Conspiracy",
            "site_detail_url": "http://www.giantbomb.com/prison-break-the-conspiracy/3030-27112/"
        },
        {
            "api_detail_url": "http://www.giantbomb.com/api/game/3030-45435/",
            "id": 45435,
            "name": "Transformers: Rise of the Dark Spark",
            "site_detail_url": "http://www.giantbomb.com/transformers-rise-of-the-dark-spark/3030-45435/"
        },
        {
            "api_detail_url": "http://www.giantbomb.com/api/game/3030-32513/",
            "id": 32513,
            "name": "Pinball FX2",
            "site_detail_url": "http://www.giantbomb.com/pinball-fx2/3030-32513/"
        },
        {
            "api_detail_url": "http://www.giantbomb.com/api/game/3030-41357/",
            "id": 41357,
            "name": "Evolve",
            "site_detail_url": "http://www.giantbomb.com/evolve/3030-41357/"
        },
        {
            "api_detail_url": "http://www.giantbomb.com/api/game/3030-44653/",
            "id": 44653,
            "name": "Tales from the Borderlands",
            "site_detail_url": "http://www.giantbomb.com/tales-from-the-borderlands/3030-44653/"
        },
        {
            "api_detail_url": "http://www.giantbomb.com/api/game/3030-45577/",
            "id": 45577,
            "name": "Batman: Arkham Knight",
            "site_detail_url": "http://www.giantbomb.com/batman-arkham-knight/3030-45577/"
        },
        {
            "api_detail_url": "http://www.giantbomb.com/api/game/3030-48413/",
            "id": 48413,
            "name": "Minecraft: Story Mode",
            "site_detail_url": "http://www.giantbomb.com/minecraft-story-mode/3030-48413/"
        },
        {
            "api_detail_url": "http://www.giantbomb.com/api/game/3030-50551/",
            "id": 50551,
            "name": "Read Only Memories",
            "site_detail_url": "http://www.giantbomb.com/read-only-memories/3030-50551/"
        }
    ],
    "gender": 1,
    "hometown": null,
    "id": 3277,
    "name": "Dave Fennoy",
    "people": []
}