{
    "birth_date": null,
    "country": "Canada",
    "death_date": null,
    "deck": "Bioware's first audio engineer later joining Giant Sandbox and now currently of Hinterland",
    "first_credited_game": {
        "api_detail_url": "http://www.giantbomb.com/api/game/3030-474/",
        "id": 474,
        "name": "Neverwinter Nights"
    },
    "games": [
        {
            "api_detail_url": "http://www.giantbomb.com/api/game/3030-10637/",
            "id": 10637,
            "name": "Baldur's Gate II: Shadows of Amn",
            "site_detail_url": "http://www.giantbomb.com/baldurs-gate-ii-shadows-of-amn/3030-10637/"
        },
        {
            "api_detail_url": "http://www.giantbomb.com/api/game/3030-18741/",
            "id": 18741,
            "name": "Star Wars: Knights of the Old Republic",
            "site_detail_url": "http://www.giantbomb.com/star-wars-knights-of-the-old-republic/3030-18741/"
        },
        {
            "api_detail_url": "http://www.giantbomb.com/api/game/3030-21750/",
            "id": 21750,
            "name": "Heavy Weapon: Atomic Tank",
            "site_detail_url": "http://www.giantbomb.com/heavy-weapon-atomic-tank/3030-21750/"
        },
        {
            "api_detail_url": "http://www.giantbomb.com/api/game/3030-32003/",
            "id": 32003,
            "name": "Peggle: Dual Shot",
            "site_detail_url": "http://www.giantbomb.com/peggle-dual-shot/3030-32003/"
        },
        {
            "api_detail_url": "http://www.giantbomb.com/api/game/3030-474/",
            "id": 474,
            "name": "Neverwinter Nights",
            "site_detail_url": "http://www.giantbomb.com/neverwinter-nights/3030-474/"
        },
        {
            "api_detail_url": "http://www.giantbomb.com/api/game/3030-1531/",
            "id": 1531,
            "name": "MDK 2",
            "site_detail_url": "http://www.giantbomb.com/mdk-2/3030-1531/"
        },
        {
            "api_detail_url": "http://www.giantbomb.com/api/game/3030-3419/",
            "id": 3419,
            "name": "MDK",
            "site_detail_url": "http://www.giantbomb.com/mdk/3030-3419/"
        },
        {
            "api_detail_url": "http://www.giantbomb.com/api/game/3030-8580/",
            "id": 8580,
            "name": "Jade Empire",
            "site_detail_url": "http://www.giantbomb.com/jade-empire/3030-8580/"
        },
        {
            "api_detail_url": "http://www.giantbomb.com/api/game/3030-9953/",
            "id": 9953,
            "name": "Neverwinter Nights",
            "site_detail_url": "http://www.giantbomb.com/neverwinter-nights/3030-9953/"
        },
        {
            "api_detail_url": "http://www.giantbomb.com/api/game/3030-25321/",
            "id": 25321,
            "name": "Amazing Adventures: The Forgotten Ruins",
            "site_detail_url": "http://www.giantbomb.com/amazing-adventures-the-forgotten-ruins/3030-25321/"
        },
        {
            "api_detail_url": "http://www.giantbomb.com/api/game/3030-18603/",
            "id": 18603,
            "name": "World of Warcraft: The Burning Crusade",
            "site_detail_url": "http://www.giantbomb.com/world-of-warcraft-the-burning-crusade/3030-18603/"
        }
    ],
    "gender": 1,
    "hometown": null,
    "id": 29957,
    "name": "David Chan",
    "people": []
}