{
    "birth_date": null,
    "country": null,
    "death_date": null,
    "deck": null,
    "first_credited_game": {
        "api_detail_url": "http://www.giantbomb.com/api/game/3030-7392/",
        "id": 7392,
        "name": "Baldur's Gate: Tales of the Sword Coast"
    },
    "games": [
        {
            "api_detail_url": "http://www.giantbomb.com/api/game/3030-12541/",
            "id": 12541,
            "name": "Freespace 2",
            "site_detail_url": "http://www.giantbomb.com/freespace-2/3030-12541/"
        },
        {
            "api_detail_url": "http://www.giantbomb.com/api/game/3030-2903/",
            "id": 2903,
            "name": "Descent 3",
            "site_detail_url": "http://www.giantbomb.com/descent-3/3030-2903/"
        },
        {
            "api_detail_url": "http://www.giantbomb.com/api/game/3030-13865/",
            "id": 13865,
            "name": "Descent 3: Mercenary",
            "site_detail_url": "http://www.giantbomb.com/descent-3-mercenary/3030-13865/"
        },
        {
            "api_detail_url": "http://www.giantbomb.com/api/game/3030-7392/",
            "id": 7392,
            "name": "Baldur's Gate: Tales of the Sword Coast",
            "site_detail_url": "http://www.giantbomb.com/baldurs-gate-tales-of-the-sword-coast/3030-7392/"
        },
        {
            "api_detail_url": "http://www.giantbomb.com/api/game/3030-18072/",
            "id": 18072,
            "name": "Command & Conquer: Red Alert 2",
            "site_detail_url": "http://www.giantbomb.com/command-conquer-red-alert-2/3030-18072/"
        },
        {
            "api_detail_url": "http://www.giantbomb.com/api/game/3030-5550/",
            "id": 5550,
            "name": "Command & Conquer: Yuri's Revenge",
            "site_detail_url": "http://www.giantbomb.com/command-conquer-yuris-revenge/3030-5550/"
        },
        {
            "api_detail_url": "http://www.giantbomb.com/api/game/3030-9313/",
            "id": 9313,
            "name": "Men of Valor",
            "site_detail_url": "http://www.giantbomb.com/men-of-valor/3030-9313/"
        },
        {
            "api_detail_url": "http://www.giantbomb.com/api/game/3030-7850/",
            "id": 7850,
            "name": "Can You See What I See? Curfuffle's Collectibles",
            "site_detail_url": "http://www.giantbomb.com/can-you-see-what-i-see-curfuffles-collectibles/3030-7850/"
        }
    ],
    "gender": null,
    "hometown": null,
    "id": 12835,
    "name": "David Fleischmann",
    "people": []
}