{
    "birth_date": "1948-10-19",
    "country": "United States",
    "death_date": null,
    "deck": "Los Angeles voice actor who has lent his voice to numerous notable games and anime series over the years. He was the daily intro announcer on Power Rangers and was also the voice of 'Baboo.'",
    "first_credited_game": {
        "api_detail_url": "http://www.giantbomb.com/api/game/3030-1368/",
        "id": 1368,
        "name": "Romancing SaGa"
    },
    "games": [
        {
            "api_detail_url": "http://www.giantbomb.com/api/game/3030-20678/",
            "id": 20678,
            "name": "Soulcalibur IV",
            "site_detail_url": "http://www.giantbomb.com/soulcalibur-iv/3030-20678/"
        },
        {
            "api_detail_url": "http://www.giantbomb.com/api/game/3030-2133/",
            "id": 2133,
            "name": "Call of Duty 4: Modern Warfare",
            "site_detail_url": "http://www.giantbomb.com/call-of-duty-4-modern-warfare/3030-2133/"
        },
        {
            "api_detail_url": "http://www.giantbomb.com/api/game/3030-5552/",
            "id": 5552,
            "name": "Warriors Orochi",
            "site_detail_url": "http://www.giantbomb.com/warriors-orochi/3030-5552/"
        },
        {
            "api_detail_url": "http://www.giantbomb.com/api/game/3030-22824/",
            "id": 22824,
            "name": ".hack//G.U. Vol. 3: Redemption",
            "site_detail_url": "http://www.giantbomb.com/hackgu-vol-3-redemption/3030-22824/"
        },
        {
            "api_detail_url": "http://www.giantbomb.com/api/game/3030-9503/",
            "id": 9503,
            "name": "Project Sylpheed: Arc of Deception",
            "site_detail_url": "http://www.giantbomb.com/project-sylpheed-arc-of-deception/3030-9503/"
        },
        {
            "api_detail_url": "http://www.giantbomb.com/api/game/3030-22823/",
            "id": 22823,
            "name": ".hack//G.U. Vol. 2: Reminisce",
            "site_detail_url": "http://www.giantbomb.com/hackgu-vol-2-reminisce/3030-22823/"
        },
        {
            "api_detail_url": "http://www.giantbomb.com/api/game/3030-21468/",
            "id": 21468,
            "name": "Time Crisis 4",
            "site_detail_url": "http://www.giantbomb.com/time-crisis-4/3030-21468/"
        },
        {
            "api_detail_url": "http://www.giantbomb.com/api/game/3030-19152/",
            "id": 19152,
            "name": "Suikoden V",
            "site_detail_url": "http://www.giantbomb.com/suikoden-v/3030-19152/"
        },
        {
            "api_detail_url": "http://www.giantbomb.com/api/game/3030-22045/",
            "id": 22045,
            "name": "Samurai Champloo: Sidetracked",
            "site_detail_url": "http://www.giantbomb.com/samurai-champloo-sidetracked/3030-22045/"
        },
        {
            "api_detail_url": "http://www.giantbomb.com/api/game/3030-5571/",
            "id": 5571,
            "name": "Dirge of Cerberus: Final Fantasy VII",
            "site_detail_url": "http://www.giantbomb.com/dirge-of-cerberus-final-fantasy-vii/3030-5571/"
        },
        {
            "api_detail_url": "http://www.giantbomb.com/api/game/3030-21741/",
            "id": 21741,
            "name": "Dynasty Warriors 5: Xtreme Legends",
            "site_detail_url": "http://www.giantbomb.com/dynasty-warriors-5-xtreme-legends/3030-21741/"
        },
        {
            "api_detail_url": "http://www.giantbomb.com/api/game/3030-1368/",
            "id": 1368,
            "name": "Romancing SaGa",
            "site_detail_url": "http://www.giantbomb.com/romancing-saga/3030-1368/"
        },
        {
            "api_detail_url": "http://www.giantbomb.com/api/game/3030-10401/",
            "id": 10401,
            "name": "Radiata Stories",
            "site_detail_url": "http://www.giantbomb.com/radiata-stories/3030-10401/"
        },
        {
            "api_detail_url": "http://www.giantbomb.com/api/game/3030-7824/",
            "id": 7824,
            "name": "SpellForce: Shadow of the Phoenix",
            "site_detail_url": "http://www.giantbomb.com/spellforce-shadow-of-the-phoenix/3030-7824/"
        },
        {
            "api_detail_url": "http://www.giantbomb.com/api/game/3030-16752/",
            "id": 16752,
            "name": "Medal of Honor: Rising Sun",
            "site_detail_url": "http://www.giantbomb.com/medal-of-honor-rising-sun/3030-16752/"
        },
        {
            "api_detail_url": "http://www.giantbomb.com/api/game/3030-9953/",
            "id": 9953,
            "name": "Neverwinter Nights",
            "site_detail_url": "http://www.giantbomb.com/neverwinter-nights/3030-9953/"
        },
        {
            "api_detail_url": "http://www.giantbomb.com/api/game/3030-4522/",
            "id": 4522,
            "name": "Medal of Honor: Allied Assault",
            "site_detail_url": "http://www.giantbomb.com/medal-of-honor-allied-assault/3030-4522/"
        },
        {
            "api_detail_url": "http://www.giantbomb.com/api/game/3030-5980/",
            "id": 5980,
            "name": "Might and Magic: World of Xeen",
            "site_detail_url": "http://www.giantbomb.com/might-and-magic-world-of-xeen/3030-5980/"
        },
        {
            "api_detail_url": "http://www.giantbomb.com/api/game/3030-21421/",
            "id": 21421,
            "name": "Star Trek: 25th Anniversary",
            "site_detail_url": "http://www.giantbomb.com/star-trek-25th-anniversary/3030-21421/"
        }
    ],
    "gender": 1,
    "hometown": "Park Ridge, Illinois",
    "id": 22609,
    "name": "David Mallow",
    "people": []
}