{
    "birth_date": null,
    "country": null,
    "death_date": null,
    "deck": "Animation Director for Ubisoft Montreal on Prince of Persia.",
    "first_credited_game": {
        "api_detail_url": "http://www.giantbomb.com/api/game/3030-12685/",
        "id": 12685,
        "name": "Tony Hawk's American Sk8land"
    },
    "games": [
        {
            "api_detail_url": "http://www.giantbomb.com/api/game/3030-21167/",
            "id": 21167,
            "name": "Geometry Wars: Retro Evolved 2",
            "site_detail_url": "http://www.giantbomb.com/geometry-wars-retro-evolved-2/3030-21167/"
        },
        {
            "api_detail_url": "http://www.giantbomb.com/api/game/3030-12685/",
            "id": 12685,
            "name": "Tony Hawk's American Sk8land",
            "site_detail_url": "http://www.giantbomb.com/tony-hawks-american-sk8land/3030-12685/"
        },
        {
            "api_detail_url": "http://www.giantbomb.com/api/game/3030-43612/",
            "id": 43612,
            "name": "Child of Light",
            "site_detail_url": "http://www.giantbomb.com/child-of-light/3030-43612/"
        },
        {
            "api_detail_url": "http://www.giantbomb.com/api/game/3030-46310/",
            "id": 46310,
            "name": "Far Cry 4",
            "site_detail_url": "http://www.giantbomb.com/far-cry-4/3030-46310/"
        },
        {
            "api_detail_url": "http://www.giantbomb.com/api/game/3030-12077/",
            "id": 12077,
            "name": "Tony Hawk's Project 8",
            "site_detail_url": "http://www.giantbomb.com/tony-hawks-project-8/3030-12077/"
        }
    ],
    "gender": null,
    "hometown": null,
    "id": 518,
    "name": "David Wilkinson",
    "people": []
}