{
    "birth_date": "1964-10-23",
    "country": "Canada",
    "death_date": null,
    "deck": "Voice actor who has been dabbling in games for nearly a decade. Hails from the great white north.",
    "first_credited_game": {
        "api_detail_url": "http://www.giantbomb.com/api/game/3030-11590/",
        "id": 11590,
        "name": "Homeworld"
    },
    "games": [
        {
            "api_detail_url": "http://www.giantbomb.com/api/game/3030-2133/",
            "id": 2133,
            "name": "Call of Duty 4: Modern Warfare",
            "site_detail_url": "http://www.giantbomb.com/call-of-duty-4-modern-warfare/3030-2133/"
        },
        {
            "api_detail_url": "http://www.giantbomb.com/api/game/3030-16327/",
            "id": 16327,
            "name": "Justice League Heroes",
            "site_detail_url": "http://www.giantbomb.com/justice-league-heroes/3030-16327/"
        },
        {
            "api_detail_url": "http://www.giantbomb.com/api/game/3030-12835/",
            "id": 12835,
            "name": "Fantastic 4",
            "site_detail_url": "http://www.giantbomb.com/fantastic-4/3030-12835/"
        },
        {
            "api_detail_url": "http://www.giantbomb.com/api/game/3030-7940/",
            "id": 7940,
            "name": "Rogue Galaxy",
            "site_detail_url": "http://www.giantbomb.com/rogue-galaxy/3030-7940/"
        },
        {
            "api_detail_url": "http://www.giantbomb.com/api/game/3030-20494/",
            "id": 20494,
            "name": "Command & Conquer 3: Kane's Wrath",
            "site_detail_url": "http://www.giantbomb.com/command-conquer-3-kanes-wrath/3030-20494/"
        },
        {
            "api_detail_url": "http://www.giantbomb.com/api/game/3030-10955/",
            "id": 10955,
            "name": "Unreal Tournament 3",
            "site_detail_url": "http://www.giantbomb.com/unreal-tournament-3/3030-10955/"
        },
        {
            "api_detail_url": "http://www.giantbomb.com/api/game/3030-6338/",
            "id": 6338,
            "name": "TimeShift",
            "site_detail_url": "http://www.giantbomb.com/timeshift/3030-6338/"
        },
        {
            "api_detail_url": "http://www.giantbomb.com/api/game/3030-18883/",
            "id": 18883,
            "name": "Enemy Territory: Quake Wars",
            "site_detail_url": "http://www.giantbomb.com/enemy-territory-quake-wars/3030-18883/"
        },
        {
            "api_detail_url": "http://www.giantbomb.com/api/game/3030-16624/",
            "id": 16624,
            "name": "Transformers: The Game",
            "site_detail_url": "http://www.giantbomb.com/transformers-the-game/3030-16624/"
        },
        {
            "api_detail_url": "http://www.giantbomb.com/api/game/3030-7753/",
            "id": 7753,
            "name": "Gothic 3",
            "site_detail_url": "http://www.giantbomb.com/gothic-3/3030-7753/"
        },
        {
            "api_detail_url": "http://www.giantbomb.com/api/game/3030-9197/",
            "id": 9197,
            "name": "Star Wars: Empire at War - Forces of Corruption",
            "site_detail_url": "http://www.giantbomb.com/star-wars-empire-at-war-forces-of-corruption/3030-9197/"
        },
        {
            "api_detail_url": "http://www.giantbomb.com/api/game/3030-16255/",
            "id": 16255,
            "name": "50 Cent: Bulletproof",
            "site_detail_url": "http://www.giantbomb.com/50-cent-bulletproof/3030-16255/"
        },
        {
            "api_detail_url": "http://www.giantbomb.com/api/game/3030-19865/",
            "id": 19865,
            "name": "The Incredible Hulk: Ultimate Destruction",
            "site_detail_url": "http://www.giantbomb.com/the-incredible-hulk-ultimate-destruction/3030-19865/"
        },
        {
            "api_detail_url": "http://www.giantbomb.com/api/game/3030-9290/",
            "id": 9290,
            "name": "Advent Rising",
            "site_detail_url": "http://www.giantbomb.com/advent-rising/3030-9290/"
        },
        {
            "api_detail_url": "http://www.giantbomb.com/api/game/3030-10661/",
            "id": 10661,
            "name": "Predator: Concrete Jungle",
            "site_detail_url": "http://www.giantbomb.com/predator-concrete-jungle/3030-10661/"
        },
        {
            "api_detail_url": "http://www.giantbomb.com/api/game/3030-18547/",
            "id": 18547,
            "name": "EverQuest II",
            "site_detail_url": "http://www.giantbomb.com/everquest-ii/3030-18547/"
        },
        {
            "api_detail_url": "http://www.giantbomb.com/api/game/3030-2242/",
            "id": 2242,
            "name": "The Punisher",
            "site_detail_url": "http://www.giantbomb.com/the-punisher/3030-2242/"
        },
        {
            "api_detail_url": "http://www.giantbomb.com/api/game/3030-7932/",
            "id": 7932,
            "name": "DreamWorks' Shark Tale",
            "site_detail_url": "http://www.giantbomb.com/dreamworks-shark-tale/3030-7932/"
        },
        {
            "api_detail_url": "http://www.giantbomb.com/api/game/3030-11085/",
            "id": 11085,
            "name": "The Chronicles of Riddick: Escape from Butcher Bay",
            "site_detail_url": "http://www.giantbomb.com/the-chronicles-of-riddick-escape-from-butcher-bay/3030-11085/"
        },
        {
            "api_detail_url": "http://www.giantbomb.com/api/game/3030-15950/",
            "id": 15950,
            "name": "Spawn: Armageddon",
            "site_detail_url": "http://www.giantbomb.com/spawn-armageddon/3030-15950/"
        },
        {
            "api_detail_url": "http://www.giantbomb.com/api/game/3030-1629/",
            "id": 1629,
            "name": "Call of Duty",
            "site_detail_url": "http://www.giantbomb.com/call-of-duty/3030-1629/"
        },
        {
            "api_detail_url": "http://www.giantbomb.com/api/game/3030-14029/",
            "id": 14029,
            "name": "Homeworld: Cataclysm",
            "site_detail_url": "http://www.giantbomb.com/homeworld-cataclysm/3030-14029/"
        },
        {
            "api_detail_url": "http://www.giantbomb.com/api/game/3030-11590/",
            "id": 11590,
            "name": "Homeworld",
            "site_detail_url": "http://www.giantbomb.com/homeworld/3030-11590/"
        },
        {
            "api_detail_url": "http://www.giantbomb.com/api/game/3030-4209/",
            "id": 4209,
            "name": "Prototype",
            "site_detail_url": "http://www.giantbomb.com/prototype/3030-4209/"
        },
        {
            "api_detail_url": "http://www.giantbomb.com/api/game/3030-11786/",
            "id": 11786,
            "name": "Age of Empires III: The Asian Dynasties",
            "site_detail_url": "http://www.giantbomb.com/age-of-empires-iii-the-asian-dynasties/3030-11786/"
        },
        {
            "api_detail_url": "http://www.giantbomb.com/api/game/3030-15596/",
            "id": 15596,
            "name": "F.E.A.R.: Perseus Mandate",
            "site_detail_url": "http://www.giantbomb.com/fear-perseus-mandate/3030-15596/"
        },
        {
            "api_detail_url": "http://www.giantbomb.com/api/game/3030-20777/",
            "id": 20777,
            "name": "Call of Duty: World at War",
            "site_detail_url": "http://www.giantbomb.com/call-of-duty-world-at-war/3030-20777/"
        },
        {
            "api_detail_url": "http://www.giantbomb.com/api/game/3030-20660/",
            "id": 20660,
            "name": "Command & Conquer: Red Alert 3",
            "site_detail_url": "http://www.giantbomb.com/command-conquer-red-alert-3/3030-20660/"
        },
        {
            "api_detail_url": "http://www.giantbomb.com/api/game/3030-21365/",
            "id": 21365,
            "name": "Rise of the Argonauts",
            "site_detail_url": "http://www.giantbomb.com/rise-of-the-argonauts/3030-21365/"
        },
        {
            "api_detail_url": "http://www.giantbomb.com/api/game/3030-20454/",
            "id": 20454,
            "name": "50 Cent: Blood on the Sand",
            "site_detail_url": "http://www.giantbomb.com/50-cent-blood-on-the-sand/3030-20454/"
        },
        {
            "api_detail_url": "http://www.giantbomb.com/api/game/3030-21308/",
            "id": 21308,
            "name": "Aion: Ascension",
            "site_detail_url": "http://www.giantbomb.com/aion-ascension/3030-21308/"
        },
        {
            "api_detail_url": "http://www.giantbomb.com/api/game/3030-20700/",
            "id": 20700,
            "name": "Br\u00fctal Legend",
            "site_detail_url": "http://www.giantbomb.com/brutal-legend/3030-20700/"
        },
        {
            "api_detail_url": "http://www.giantbomb.com/api/game/3030-35242/",
            "id": 35242,
            "name": "Starhawk",
            "site_detail_url": "http://www.giantbomb.com/starhawk/3030-35242/"
        },
        {
            "api_detail_url": "http://www.giantbomb.com/api/game/3030-25636/",
            "id": 25636,
            "name": "Call of Duty 4: Modern Warfare",
            "site_detail_url": "http://www.giantbomb.com/call-of-duty-4-modern-warfare/3030-25636/"
        },
        {
            "api_detail_url": "http://www.giantbomb.com/api/game/3030-39190/",
            "id": 39190,
            "name": "Army of Two: The Devil's Cartel",
            "site_detail_url": "http://www.giantbomb.com/army-of-two-the-devils-cartel/3030-39190/"
        },
        {
            "api_detail_url": "http://www.giantbomb.com/api/game/3030-38480/",
            "id": 38480,
            "name": "Injustice: Gods Among Us",
            "site_detail_url": "http://www.giantbomb.com/injustice-gods-among-us/3030-38480/"
        },
        {
            "api_detail_url": "http://www.giantbomb.com/api/game/3030-41090/",
            "id": 41090,
            "name": "LEGO Marvel Super Heroes",
            "site_detail_url": "http://www.giantbomb.com/lego-marvel-super-heroes/3030-41090/"
        },
        {
            "api_detail_url": "http://www.giantbomb.com/api/game/3030-32887/",
            "id": 32887,
            "name": "Dota 2",
            "site_detail_url": "http://www.giantbomb.com/dota-2/3030-32887/"
        },
        {
            "api_detail_url": "http://www.giantbomb.com/api/game/3030-46009/",
            "id": 46009,
            "name": "Disney Infinity: Marvel Super Heroes",
            "site_detail_url": "http://www.giantbomb.com/disney-infinity-marvel-super-heroes/3030-46009/"
        },
        {
            "api_detail_url": "http://www.giantbomb.com/api/game/3030-20521/",
            "id": 20521,
            "name": "Halo Wars",
            "site_detail_url": "http://www.giantbomb.com/halo-wars/3030-20521/"
        },
        {
            "api_detail_url": "http://www.giantbomb.com/api/game/3030-47753/",
            "id": 47753,
            "name": "Disney Infinity 3.0 Edition",
            "site_detail_url": "http://www.giantbomb.com/disney-infinity-3-0-edition/3030-47753/"
        },
        {
            "api_detail_url": "http://www.giantbomb.com/api/game/3030-21215/",
            "id": 21215,
            "name": "50 Cent: Bulletproof G Unit Edition",
            "site_detail_url": "http://www.giantbomb.com/50-cent-bulletproof-g-unit-edition/3030-21215/"
        }
    ],
    "gender": 1,
    "hometown": null,
    "id": 13786,
    "name": "David Sobolov",
    "people": [
        {
            "api_detail_url": "http://www.giantbomb.com/api/person/3040-86436/",
            "id": 86436,
            "name": "Zach Hanks",
            "site_detail_url": "http://www.giantbomb.com/zach-hanks/3040-86436/"
        }
    ]
}