{
    "birth_date": "1941-07-29",
    "country": "England",
    "death_date": null,
    "deck": null,
    "first_credited_game": {
        "api_detail_url": "http://www.giantbomb.com/api/game/3030-15199/",
        "id": 15199,
        "name": "Privateer 2: The Darkening"
    },
    "games": [
        {
            "api_detail_url": "http://www.giantbomb.com/api/game/3030-15199/",
            "id": 15199,
            "name": "Privateer 2: The Darkening",
            "site_detail_url": "http://www.giantbomb.com/privateer-2-the-darkening/3030-15199/"
        },
        {
            "api_detail_url": "http://www.giantbomb.com/api/game/3030-11704/",
            "id": 11704,
            "name": "Fallout",
            "site_detail_url": "http://www.giantbomb.com/fallout/3030-11704/"
        },
        {
            "api_detail_url": "http://www.giantbomb.com/api/game/3030-17142/",
            "id": 17142,
            "name": "Descent 3: White Label Edition",
            "site_detail_url": "http://www.giantbomb.com/descent-3-white-label-edition/3030-17142/"
        },
        {
            "api_detail_url": "http://www.giantbomb.com/api/game/3030-17353/",
            "id": 17353,
            "name": "Star Wars: Force Commander",
            "site_detail_url": "http://www.giantbomb.com/star-wars-force-commander/3030-17353/"
        },
        {
            "api_detail_url": "http://www.giantbomb.com/api/game/3030-20121/",
            "id": 20121,
            "name": "Star Trek: Klingon Academy",
            "site_detail_url": "http://www.giantbomb.com/star-trek-klingon-academy/3030-20121/"
        },
        {
            "api_detail_url": "http://www.giantbomb.com/api/game/3030-10637/",
            "id": 10637,
            "name": "Baldur's Gate II: Shadows of Amn",
            "site_detail_url": "http://www.giantbomb.com/baldurs-gate-ii-shadows-of-amn/3030-10637/"
        }
    ],
    "gender": 1,
    "hometown": "Manchester",
    "id": 7978,
    "name": "David Warner",
    "people": []
}