{
    "birth_date": null,
    "country": null,
    "death_date": null,
    "deck": null,
    "first_credited_game": {
        "api_detail_url": "http://www.giantbomb.com/api/game/3030-5773/",
        "id": 5773,
        "name": "Defender of the Crown"
    },
    "games": [
        {
            "api_detail_url": "http://www.giantbomb.com/api/game/3030-19003/",
            "id": 19003,
            "name": "SimCoaster",
            "site_detail_url": "http://www.giantbomb.com/simcoaster/3030-19003/"
        },
        {
            "api_detail_url": "http://www.giantbomb.com/api/game/3030-5773/",
            "id": 5773,
            "name": "Defender of the Crown",
            "site_detail_url": "http://www.giantbomb.com/defender-of-the-crown/3030-5773/"
        },
        {
            "api_detail_url": "http://www.giantbomb.com/api/game/3030-4219/",
            "id": 4219,
            "name": "The Amazing Spider-Man: Web of Fire",
            "site_detail_url": "http://www.giantbomb.com/the-amazing-spider-man-web-of-fire/3030-4219/"
        },
        {
            "api_detail_url": "http://www.giantbomb.com/api/game/3030-520/",
            "id": 520,
            "name": "Terracide",
            "site_detail_url": "http://www.giantbomb.com/terracide/3030-520/"
        },
        {
            "api_detail_url": "http://www.giantbomb.com/api/game/3030-3059/",
            "id": 3059,
            "name": "Team Apache",
            "site_detail_url": "http://www.giantbomb.com/team-apache/3030-3059/"
        },
        {
            "api_detail_url": "http://www.giantbomb.com/api/game/3030-19022/",
            "id": 19022,
            "name": "Cruis'n Exotica",
            "site_detail_url": "http://www.giantbomb.com/cruisn-exotica/3030-19022/"
        },
        {
            "api_detail_url": "http://www.giantbomb.com/api/game/3030-7790/",
            "id": 7790,
            "name": "AirForce Delta",
            "site_detail_url": "http://www.giantbomb.com/airforce-delta/3030-7790/"
        },
        {
            "api_detail_url": "http://www.giantbomb.com/api/game/3030-11649/",
            "id": 11649,
            "name": "Ready 2 Rumble Boxing: Round 2",
            "site_detail_url": "http://www.giantbomb.com/ready-2-rumble-boxing-round-2/3030-11649/"
        },
        {
            "api_detail_url": "http://www.giantbomb.com/api/game/3030-11174/",
            "id": 11174,
            "name": "LEGO Racers",
            "site_detail_url": "http://www.giantbomb.com/lego-racers/3030-11174/"
        },
        {
            "api_detail_url": "http://www.giantbomb.com/api/game/3030-15516/",
            "id": 15516,
            "name": "Ecks vs. Sever",
            "site_detail_url": "http://www.giantbomb.com/ecks-vs-sever/3030-15516/"
        },
        {
            "api_detail_url": "http://www.giantbomb.com/api/game/3030-7201/",
            "id": 7201,
            "name": "The Three Stooges",
            "site_detail_url": "http://www.giantbomb.com/the-three-stooges/3030-7201/"
        },
        {
            "api_detail_url": "http://www.giantbomb.com/api/game/3030-1328/",
            "id": 1328,
            "name": "Street Fighter Alpha 3",
            "site_detail_url": "http://www.giantbomb.com/street-fighter-alpha-3/3030-1328/"
        },
        {
            "api_detail_url": "http://www.giantbomb.com/api/game/3030-19360/",
            "id": 19360,
            "name": "Robot Wars: Advanced Destruction",
            "site_detail_url": "http://www.giantbomb.com/robot-wars-advanced-destruction/3030-19360/"
        },
        {
            "api_detail_url": "http://www.giantbomb.com/api/game/3030-14483/",
            "id": 14483,
            "name": "Ballistic: Ecks vs. Sever",
            "site_detail_url": "http://www.giantbomb.com/ballistic-ecks-vs-sever/3030-14483/"
        },
        {
            "api_detail_url": "http://www.giantbomb.com/api/game/3030-6495/",
            "id": 6495,
            "name": "Ed, Edd n Eddy: Jawbreakers",
            "site_detail_url": "http://www.giantbomb.com/ed-edd-n-eddy-jawbreakers/3030-6495/"
        },
        {
            "api_detail_url": "http://www.giantbomb.com/api/game/3030-16331/",
            "id": 16331,
            "name": "Sid Meier's Pirates!",
            "site_detail_url": "http://www.giantbomb.com/sid-meiers-pirates/3030-16331/"
        },
        {
            "api_detail_url": "http://www.giantbomb.com/api/game/3030-14596/",
            "id": 14596,
            "name": "Wallace & Gromit: The Curse of the Were Rabbit",
            "site_detail_url": "http://www.giantbomb.com/wallace-gromit-the-curse-of-the-were-rabbit/3030-14596/"
        },
        {
            "api_detail_url": "http://www.giantbomb.com/api/game/3030-2092/",
            "id": 2092,
            "name": "Fable: The Lost Chapters",
            "site_detail_url": "http://www.giantbomb.com/fable-the-lost-chapters/3030-2092/"
        },
        {
            "api_detail_url": "http://www.giantbomb.com/api/game/3030-18956/",
            "id": 18956,
            "name": "Thrillville",
            "site_detail_url": "http://www.giantbomb.com/thrillville/3030-18956/"
        },
        {
            "api_detail_url": "http://www.giantbomb.com/api/game/3030-289/",
            "id": 289,
            "name": "Speedball 2: Brutal Deluxe",
            "site_detail_url": "http://www.giantbomb.com/speedball-2-brutal-deluxe/3030-289/"
        },
        {
            "api_detail_url": "http://www.giantbomb.com/api/game/3030-50856/",
            "id": 50856,
            "name": "Star Wars: Uprising",
            "site_detail_url": "http://www.giantbomb.com/star-wars-uprising/3030-50856/"
        }
    ],
    "gender": 1,
    "hometown": null,
    "id": 6137,
    "name": "David Murphy",
    "people": []
}