{
    "birth_date": null,
    "country": null,
    "death_date": null,
    "deck": null,
    "first_credited_game": {
        "api_detail_url": "http://www.giantbomb.com/api/game/3030-16032/",
        "id": 16032,
        "name": "Spirit of Excalibur"
    },
    "games": [
        {
            "api_detail_url": "http://www.giantbomb.com/api/game/3030-2941/",
            "id": 2941,
            "name": "Chuck Rock",
            "site_detail_url": "http://www.giantbomb.com/chuck-rock/3030-2941/"
        },
        {
            "api_detail_url": "http://www.giantbomb.com/api/game/3030-593/",
            "id": 593,
            "name": "Shadowrun",
            "site_detail_url": "http://www.giantbomb.com/shadowrun/3030-593/"
        },
        {
            "api_detail_url": "http://www.giantbomb.com/api/game/3030-1724/",
            "id": 1724,
            "name": "The 11th Hour",
            "site_detail_url": "http://www.giantbomb.com/the-11th-hour/3030-1724/"
        },
        {
            "api_detail_url": "http://www.giantbomb.com/api/game/3030-16298/",
            "id": 16298,
            "name": "The 7th Guest",
            "site_detail_url": "http://www.giantbomb.com/the-7th-guest/3030-16298/"
        },
        {
            "api_detail_url": "http://www.giantbomb.com/api/game/3030-16032/",
            "id": 16032,
            "name": "Spirit of Excalibur",
            "site_detail_url": "http://www.giantbomb.com/spirit-of-excalibur/3030-16032/"
        },
        {
            "api_detail_url": "http://www.giantbomb.com/api/game/3030-15674/",
            "id": 15674,
            "name": "Overlord",
            "site_detail_url": "http://www.giantbomb.com/overlord/3030-15674/"
        },
        {
            "api_detail_url": "http://www.giantbomb.com/api/game/3030-6732/",
            "id": 6732,
            "name": "Vengeance of Excalibur",
            "site_detail_url": "http://www.giantbomb.com/vengeance-of-excalibur/3030-6732/"
        },
        {
            "api_detail_url": "http://www.giantbomb.com/api/game/3030-9262/",
            "id": 9262,
            "name": "Robin Hood: Prince of Thieves",
            "site_detail_url": "http://www.giantbomb.com/robin-hood-prince-of-thieves/3030-9262/"
        },
        {
            "api_detail_url": "http://www.giantbomb.com/api/game/3030-10141/",
            "id": 10141,
            "name": "Conan: The Cimmerian",
            "site_detail_url": "http://www.giantbomb.com/conan-the-cimmerian/3030-10141/"
        },
        {
            "api_detail_url": "http://www.giantbomb.com/api/game/3030-17193/",
            "id": 17193,
            "name": "Monopoly Deluxe",
            "site_detail_url": "http://www.giantbomb.com/monopoly-deluxe/3030-17193/"
        },
        {
            "api_detail_url": "http://www.giantbomb.com/api/game/3030-19214/",
            "id": 19214,
            "name": "KGB",
            "site_detail_url": "http://www.giantbomb.com/kgb/3030-19214/"
        },
        {
            "api_detail_url": "http://www.giantbomb.com/api/game/3030-16666/",
            "id": 16666,
            "name": "Dune",
            "site_detail_url": "http://www.giantbomb.com/dune/3030-16666/"
        },
        {
            "api_detail_url": "http://www.giantbomb.com/api/game/3030-3421/",
            "id": 3421,
            "name": "Global Gladiators",
            "site_detail_url": "http://www.giantbomb.com/global-gladiators/3030-3421/"
        },
        {
            "api_detail_url": "http://www.giantbomb.com/api/game/3030-11133/",
            "id": 11133,
            "name": "Earthworm Jim",
            "site_detail_url": "http://www.giantbomb.com/earthworm-jim/3030-11133/"
        },
        {
            "api_detail_url": "http://www.giantbomb.com/api/game/3030-19232/",
            "id": 19232,
            "name": "Star Trek: Deep Space Nine - Crossroads of Time",
            "site_detail_url": "http://www.giantbomb.com/star-trek-deep-space-nine-crossroads-of-time/3030-19232/"
        },
        {
            "api_detail_url": "http://www.giantbomb.com/api/game/3030-8239/",
            "id": 8239,
            "name": "Earthworm Jim 2",
            "site_detail_url": "http://www.giantbomb.com/earthworm-jim-2/3030-8239/"
        },
        {
            "api_detail_url": "http://www.giantbomb.com/api/game/3030-1713/",
            "id": 1713,
            "name": "Doom Troopers: Mutant Chronicles",
            "site_detail_url": "http://www.giantbomb.com/doom-troopers-mutant-chronicles/3030-1713/"
        },
        {
            "api_detail_url": "http://www.giantbomb.com/api/game/3030-7168/",
            "id": 7168,
            "name": "Skeleton Warriors",
            "site_detail_url": "http://www.giantbomb.com/skeleton-warriors/3030-7168/"
        },
        {
            "api_detail_url": "http://www.giantbomb.com/api/game/3030-9553/",
            "id": 9553,
            "name": "Powerslave",
            "site_detail_url": "http://www.giantbomb.com/powerslave/3030-9553/"
        },
        {
            "api_detail_url": "http://www.giantbomb.com/api/game/3030-5238/",
            "id": 5238,
            "name": "Battle Arena Toshinden",
            "site_detail_url": "http://www.giantbomb.com/battle-arena-toshinden/3030-5238/"
        },
        {
            "api_detail_url": "http://www.giantbomb.com/api/game/3030-3603/",
            "id": 3603,
            "name": "Duckman: The Legend of the Fall",
            "site_detail_url": "http://www.giantbomb.com/duckman-the-legend-of-the-fall/3030-3603/"
        },
        {
            "api_detail_url": "http://www.giantbomb.com/api/game/3030-15134/",
            "id": 15134,
            "name": "MechWarrior 4: Vengeance",
            "site_detail_url": "http://www.giantbomb.com/mechwarrior-4-vengeance/3030-15134/"
        },
        {
            "api_detail_url": "http://www.giantbomb.com/api/game/3030-934/",
            "id": 934,
            "name": "MechWarrior 4: Mercenaries",
            "site_detail_url": "http://www.giantbomb.com/mechwarrior-4-mercenaries/3030-934/"
        },
        {
            "api_detail_url": "http://www.giantbomb.com/api/game/3030-5305/",
            "id": 5305,
            "name": "MechWarrior 4: Inner Sphere 'Mech Pak",
            "site_detail_url": "http://www.giantbomb.com/mechwarrior-4-inner-sphere-mech-pak/3030-5305/"
        },
        {
            "api_detail_url": "http://www.giantbomb.com/api/game/3030-12911/",
            "id": 12911,
            "name": "Crimson Skies: High Road to Revenge",
            "site_detail_url": "http://www.giantbomb.com/crimson-skies-high-road-to-revenge/3030-12911/"
        },
        {
            "api_detail_url": "http://www.giantbomb.com/api/game/3030-17861/",
            "id": 17861,
            "name": "MechAssault 2: LoneWolf",
            "site_detail_url": "http://www.giantbomb.com/mechassault-2-lonewolf/3030-17861/"
        },
        {
            "api_detail_url": "http://www.giantbomb.com/api/game/3030-12003/",
            "id": 12003,
            "name": "Viva Pi\u00f1ata: Party Animals",
            "site_detail_url": "http://www.giantbomb.com/viva-pinata-party-animals/3030-12003/"
        },
        {
            "api_detail_url": "http://www.giantbomb.com/api/game/3030-5881/",
            "id": 5881,
            "name": "Forza Motorsport 2",
            "site_detail_url": "http://www.giantbomb.com/forza-motorsport-2/3030-5881/"
        },
        {
            "api_detail_url": "http://www.giantbomb.com/api/game/3030-17438/",
            "id": 17438,
            "name": "MechAssault",
            "site_detail_url": "http://www.giantbomb.com/mechassault/3030-17438/"
        },
        {
            "api_detail_url": "http://www.giantbomb.com/api/game/3030-14236/",
            "id": 14236,
            "name": "Dune II: The Building of a Dynasty",
            "site_detail_url": "http://www.giantbomb.com/dune-ii-the-building-of-a-dynasty/3030-14236/"
        }
    ],
    "gender": 1,
    "hometown": null,
    "id": 5103,
    "name": "David A. Luehmann",
    "people": []
}