{
    "birth_date": null,
    "country": null,
    "death_date": null,
    "deck": null,
    "first_credited_game": {
        "api_detail_url": "http://www.giantbomb.com/api/game/3030-20121/",
        "id": 20121,
        "name": "Star Trek: Klingon Academy"
    },
    "games": [
        {
            "api_detail_url": "http://www.giantbomb.com/api/game/3030-3551/",
            "id": 3551,
            "name": "Star Trek: Starfleet Command Volume II - Empires at War",
            "site_detail_url": "http://www.giantbomb.com/star-trek-starfleet-command-volume-ii-empires-at-w/3030-3551/"
        },
        {
            "api_detail_url": "http://www.giantbomb.com/api/game/3030-20121/",
            "id": 20121,
            "name": "Star Trek: Klingon Academy",
            "site_detail_url": "http://www.giantbomb.com/star-trek-klingon-academy/3030-20121/"
        },
        {
            "api_detail_url": "http://www.giantbomb.com/api/game/3030-5242/",
            "id": 5242,
            "name": "Icewind Dale",
            "site_detail_url": "http://www.giantbomb.com/icewind-dale/3030-5242/"
        },
        {
            "api_detail_url": "http://www.giantbomb.com/api/game/3030-10637/",
            "id": 10637,
            "name": "Baldur's Gate II: Shadows of Amn",
            "site_detail_url": "http://www.giantbomb.com/baldurs-gate-ii-shadows-of-amn/3030-10637/"
        },
        {
            "api_detail_url": "http://www.giantbomb.com/api/game/3030-6346/",
            "id": 6346,
            "name": "Fallout Tactics: Brotherhood of Steel",
            "site_detail_url": "http://www.giantbomb.com/fallout-tactics-brotherhood-of-steel/3030-6346/"
        },
        {
            "api_detail_url": "http://www.giantbomb.com/api/game/3030-3883/",
            "id": 3883,
            "name": "The Legend of Spyro: A New Beginning",
            "site_detail_url": "http://www.giantbomb.com/the-legend-of-spyro-a-new-beginning/3030-3883/"
        },
        {
            "api_detail_url": "http://www.giantbomb.com/api/game/3030-6134/",
            "id": 6134,
            "name": "The Legend of Spyro: The Eternal Night",
            "site_detail_url": "http://www.giantbomb.com/the-legend-of-spyro-the-eternal-night/3030-6134/"
        },
        {
            "api_detail_url": "http://www.giantbomb.com/api/game/3030-20679/",
            "id": 20679,
            "name": "Saints Row 2",
            "site_detail_url": "http://www.giantbomb.com/saints-row-2/3030-20679/"
        },
        {
            "api_detail_url": "http://www.giantbomb.com/api/game/3030-23974/",
            "id": 23974,
            "name": "Eat Lead: The Return of Matt Hazard",
            "site_detail_url": "http://www.giantbomb.com/eat-lead-the-return-of-matt-hazard/3030-23974/"
        },
        {
            "api_detail_url": "http://www.giantbomb.com/api/game/3030-25707/",
            "id": 25707,
            "name": "Silent Hill: Shattered Memories",
            "site_detail_url": "http://www.giantbomb.com/silent-hill-shattered-memories/3030-25707/"
        },
        {
            "api_detail_url": "http://www.giantbomb.com/api/game/3030-20991/",
            "id": 20991,
            "name": "Darksiders",
            "site_detail_url": "http://www.giantbomb.com/darksiders/3030-20991/"
        },
        {
            "api_detail_url": "http://www.giantbomb.com/api/game/3030-23796/",
            "id": 23796,
            "name": "Arcania: Gothic 4",
            "site_detail_url": "http://www.giantbomb.com/arcania-gothic-4/3030-23796/"
        }
    ],
    "gender": 1,
    "hometown": null,
    "id": 25550,
    "name": "David Vodhanel",
    "people": []
}