{
    "birth_date": null,
    "country": null,
    "death_date": null,
    "deck": null,
    "first_credited_game": {
        "api_detail_url": "http://www.giantbomb.com/api/game/3030-10104/",
        "id": 10104,
        "name": "Nemesis: The Wizardry Adventure"
    },
    "games": [
        {
            "api_detail_url": "http://www.giantbomb.com/api/game/3030-884/",
            "id": 884,
            "name": "Jagged Alliance 2",
            "site_detail_url": "http://www.giantbomb.com/jagged-alliance-2/3030-884/"
        },
        {
            "api_detail_url": "http://www.giantbomb.com/api/game/3030-2899/",
            "id": 2899,
            "name": "Jagged Alliance 2: Unfinished Business",
            "site_detail_url": "http://www.giantbomb.com/jagged-alliance-2-unfinished-business/3030-2899/"
        },
        {
            "api_detail_url": "http://www.giantbomb.com/api/game/3030-11906/",
            "id": 11906,
            "name": "Wizardry 8",
            "site_detail_url": "http://www.giantbomb.com/wizardry-8/3030-11906/"
        },
        {
            "api_detail_url": "http://www.giantbomb.com/api/game/3030-4452/",
            "id": 4452,
            "name": "Neverwinter Nights: Hordes of the Underdark",
            "site_detail_url": "http://www.giantbomb.com/neverwinter-nights-hordes-of-the-underdark/3030-4452/"
        },
        {
            "api_detail_url": "http://www.giantbomb.com/api/game/3030-8580/",
            "id": 8580,
            "name": "Jade Empire",
            "site_detail_url": "http://www.giantbomb.com/jade-empire/3030-8580/"
        },
        {
            "api_detail_url": "http://www.giantbomb.com/api/game/3030-10104/",
            "id": 10104,
            "name": "Nemesis: The Wizardry Adventure",
            "site_detail_url": "http://www.giantbomb.com/nemesis-the-wizardry-adventure/3030-10104/"
        }
    ],
    "gender": 1,
    "hometown": null,
    "id": 7734,
    "name": "Derek Beland",
    "people": []
}