{
    "birth_date": null,
    "country": null,
    "death_date": null,
    "deck": null,
    "first_credited_game": {
        "api_detail_url": "http://www.giantbomb.com/api/game/3030-1816/",
        "id": 1816,
        "name": "Hardline"
    },
    "games": [
        {
            "api_detail_url": "http://www.giantbomb.com/api/game/3030-19335/",
            "id": 19335,
            "name": "Warhammer 40,000: Dawn of War - Winter Assault",
            "site_detail_url": "http://www.giantbomb.com/warhammer-40000-dawn-of-war-winter-assault/3030-19335/"
        },
        {
            "api_detail_url": "http://www.giantbomb.com/api/game/3030-21590/",
            "id": 21590,
            "name": "Mass Effect 2",
            "site_detail_url": "http://www.giantbomb.com/mass-effect-2/3030-21590/"
        },
        {
            "api_detail_url": "http://www.giantbomb.com/api/game/3030-17778/",
            "id": 17778,
            "name": "Impossible Creatures",
            "site_detail_url": "http://www.giantbomb.com/impossible-creatures/3030-17778/"
        },
        {
            "api_detail_url": "http://www.giantbomb.com/api/game/3030-1816/",
            "id": 1816,
            "name": "Hardline",
            "site_detail_url": "http://www.giantbomb.com/hardline/3030-1816/"
        }
    ],
    "gender": null,
    "hometown": null,
    "id": 23429,
    "name": "Dominic Mathieu",
    "people": []
}