{
    "birth_date": "1950-12-27",
    "country": "Canada",
    "death_date": null,
    "deck": "Canadian voice actor who has worked on dozens of games over the years.",
    "first_credited_game": {
        "api_detail_url": "http://www.giantbomb.com/api/game/3030-3276/",
        "id": 3276,
        "name": "Battlezone"
    },
    "games": [
        {
            "api_detail_url": "http://www.giantbomb.com/api/game/3030-12099/",
            "id": 12099,
            "name": "Star Ocean: Till the End of Time",
            "site_detail_url": "http://www.giantbomb.com/star-ocean-till-the-end-of-time/3030-12099/"
        },
        {
            "api_detail_url": "http://www.giantbomb.com/api/game/3030-5552/",
            "id": 5552,
            "name": "Warriors Orochi",
            "site_detail_url": "http://www.giantbomb.com/warriors-orochi/3030-5552/"
        },
        {
            "api_detail_url": "http://www.giantbomb.com/api/game/3030-20532/",
            "id": 20532,
            "name": "Legendary",
            "site_detail_url": "http://www.giantbomb.com/legendary/3030-20532/"
        },
        {
            "api_detail_url": "http://www.giantbomb.com/api/game/3030-20669/",
            "id": 20669,
            "name": "Metal Gear Solid 4: Guns of the Patriots",
            "site_detail_url": "http://www.giantbomb.com/metal-gear-solid-4-guns-of-the-patriots/3030-20669/"
        },
        {
            "api_detail_url": "http://www.giantbomb.com/api/game/3030-12098/",
            "id": 12098,
            "name": "Turning Point: Fall of Liberty",
            "site_detail_url": "http://www.giantbomb.com/turning-point-fall-of-liberty/3030-12098/"
        },
        {
            "api_detail_url": "http://www.giantbomb.com/api/game/3030-20816/",
            "id": 20816,
            "name": "Dynasty Warriors 6",
            "site_detail_url": "http://www.giantbomb.com/dynasty-warriors-6/3030-20816/"
        },
        {
            "api_detail_url": "http://www.giantbomb.com/api/game/3030-22824/",
            "id": 22824,
            "name": ".hack//G.U. Vol. 3: Redemption",
            "site_detail_url": "http://www.giantbomb.com/hackgu-vol-3-redemption/3030-22824/"
        },
        {
            "api_detail_url": "http://www.giantbomb.com/api/game/3030-21772/",
            "id": 21772,
            "name": "Dawn of Mana",
            "site_detail_url": "http://www.giantbomb.com/dawn-of-mana/3030-21772/"
        },
        {
            "api_detail_url": "http://www.giantbomb.com/api/game/3030-20786/",
            "id": 20786,
            "name": "Culdcept Saga",
            "site_detail_url": "http://www.giantbomb.com/culdcept-saga/3030-20786/"
        },
        {
            "api_detail_url": "http://www.giantbomb.com/api/game/3030-457/",
            "id": 457,
            "name": "Tom Clancy's Splinter Cell: Double Agent",
            "site_detail_url": "http://www.giantbomb.com/tom-clancys-splinter-cell-double-agent/3030-457/"
        },
        {
            "api_detail_url": "http://www.giantbomb.com/api/game/3030-22823/",
            "id": 22823,
            "name": ".hack//G.U. Vol. 2: Reminisce",
            "site_detail_url": "http://www.giantbomb.com/hackgu-vol-2-reminisce/3030-22823/"
        },
        {
            "api_detail_url": "http://www.giantbomb.com/api/game/3030-13326/",
            "id": 13326,
            "name": "ParaWorld",
            "site_detail_url": "http://www.giantbomb.com/paraworld/3030-13326/"
        },
        {
            "api_detail_url": "http://www.giantbomb.com/api/game/3030-1786/",
            "id": 1786,
            "name": "Dynasty Warriors 5: Empires",
            "site_detail_url": "http://www.giantbomb.com/dynasty-warriors-5-empires/3030-1786/"
        },
        {
            "api_detail_url": "http://www.giantbomb.com/api/game/3030-19152/",
            "id": 19152,
            "name": "Suikoden V",
            "site_detail_url": "http://www.giantbomb.com/suikoden-v/3030-19152/"
        },
        {
            "api_detail_url": "http://www.giantbomb.com/api/game/3030-22045/",
            "id": 22045,
            "name": "Samurai Champloo: Sidetracked",
            "site_detail_url": "http://www.giantbomb.com/samurai-champloo-sidetracked/3030-22045/"
        },
        {
            "api_detail_url": "http://www.giantbomb.com/api/game/3030-21741/",
            "id": 21741,
            "name": "Dynasty Warriors 5: Xtreme Legends",
            "site_detail_url": "http://www.giantbomb.com/dynasty-warriors-5-xtreme-legends/3030-21741/"
        },
        {
            "api_detail_url": "http://www.giantbomb.com/api/game/3030-3757/",
            "id": 3757,
            "name": "Dynasty Warriors 5",
            "site_detail_url": "http://www.giantbomb.com/dynasty-warriors-5/3030-3757/"
        },
        {
            "api_detail_url": "http://www.giantbomb.com/api/game/3030-10401/",
            "id": 10401,
            "name": "Radiata Stories",
            "site_detail_url": "http://www.giantbomb.com/radiata-stories/3030-10401/"
        },
        {
            "api_detail_url": "http://www.giantbomb.com/api/game/3030-7824/",
            "id": 7824,
            "name": "SpellForce: Shadow of the Phoenix",
            "site_detail_url": "http://www.giantbomb.com/spellforce-shadow-of-the-phoenix/3030-7824/"
        },
        {
            "api_detail_url": "http://www.giantbomb.com/api/game/3030-8098/",
            "id": 8098,
            "name": "Neo Contra",
            "site_detail_url": "http://www.giantbomb.com/neo-contra/3030-8098/"
        },
        {
            "api_detail_url": "http://www.giantbomb.com/api/game/3030-18991/",
            "id": 18991,
            "name": "Suikoden IV",
            "site_detail_url": "http://www.giantbomb.com/suikoden-iv/3030-18991/"
        },
        {
            "api_detail_url": "http://www.giantbomb.com/api/game/3030-9594/",
            "id": 9594,
            "name": "Metal Gear Solid: The Twin Snakes",
            "site_detail_url": "http://www.giantbomb.com/metal-gear-solid-the-twin-snakes/3030-9594/"
        },
        {
            "api_detail_url": "http://www.giantbomb.com/api/game/3030-12101/",
            "id": 12101,
            "name": "Dynasty Warriors 4: Empires",
            "site_detail_url": "http://www.giantbomb.com/dynasty-warriors-4-empires/3030-12101/"
        },
        {
            "api_detail_url": "http://www.giantbomb.com/api/game/3030-21742/",
            "id": 21742,
            "name": "Dynasty Warriors 4: Xtreme Legends",
            "site_detail_url": "http://www.giantbomb.com/dynasty-warriors-4-xtreme-legends/3030-21742/"
        },
        {
            "api_detail_url": "http://www.giantbomb.com/api/game/3030-7811/",
            "id": 7811,
            "name": "Star Trek: Shattered Universe",
            "site_detail_url": "http://www.giantbomb.com/star-trek-shattered-universe/3030-7811/"
        },
        {
            "api_detail_url": "http://www.giantbomb.com/api/game/3030-6597/",
            "id": 6597,
            "name": "Dynasty Warriors 4",
            "site_detail_url": "http://www.giantbomb.com/dynasty-warriors-4/3030-6597/"
        },
        {
            "api_detail_url": "http://www.giantbomb.com/api/game/3030-6976/",
            "id": 6976,
            "name": "Kessen II",
            "site_detail_url": "http://www.giantbomb.com/kessen-ii/3030-6976/"
        },
        {
            "api_detail_url": "http://www.giantbomb.com/api/game/3030-20336/",
            "id": 20336,
            "name": "Xenosaga: Episode I - Der Wille zur Macht",
            "site_detail_url": "http://www.giantbomb.com/xenosaga-episode-i-der-wille-zur-macht/3030-20336/"
        },
        {
            "api_detail_url": "http://www.giantbomb.com/api/game/3030-6398/",
            "id": 6398,
            "name": "Casper: Friends Around the World",
            "site_detail_url": "http://www.giantbomb.com/casper-friends-around-the-world/3030-6398/"
        },
        {
            "api_detail_url": "http://www.giantbomb.com/api/game/3030-15737/",
            "id": 15737,
            "name": "Tenchu 2: Birth of the Stealth Assassins",
            "site_detail_url": "http://www.giantbomb.com/tenchu-2-birth-of-the-stealth-assassins/3030-15737/"
        },
        {
            "api_detail_url": "http://www.giantbomb.com/api/game/3030-3239/",
            "id": 3239,
            "name": "Might and Magic VIII: Day of the Destroyer",
            "site_detail_url": "http://www.giantbomb.com/might-and-magic-viii-day-of-the-destroyer/3030-3239/"
        },
        {
            "api_detail_url": "http://www.giantbomb.com/api/game/3030-8761/",
            "id": 8761,
            "name": "Metal Gear Solid: VR Missions",
            "site_detail_url": "http://www.giantbomb.com/metal-gear-solid-vr-missions/3030-8761/"
        },
        {
            "api_detail_url": "http://www.giantbomb.com/api/game/3030-4398/",
            "id": 4398,
            "name": "Might and Magic VII: For Blood and Honor",
            "site_detail_url": "http://www.giantbomb.com/might-and-magic-vii-for-blood-and-honor/3030-4398/"
        },
        {
            "api_detail_url": "http://www.giantbomb.com/api/game/3030-12480/",
            "id": 12480,
            "name": "Star Trek: The Game Show",
            "site_detail_url": "http://www.giantbomb.com/star-trek-the-game-show/3030-12480/"
        },
        {
            "api_detail_url": "http://www.giantbomb.com/api/game/3030-3276/",
            "id": 3276,
            "name": "Battlezone",
            "site_detail_url": "http://www.giantbomb.com/battlezone/3030-3276/"
        },
        {
            "api_detail_url": "http://www.giantbomb.com/api/game/3030-11799/",
            "id": 11799,
            "name": "Quest for Glory V: Dragon Fire",
            "site_detail_url": "http://www.giantbomb.com/quest-for-glory-v-dragon-fire/3030-11799/"
        },
        {
            "api_detail_url": "http://www.giantbomb.com/api/game/3030-2197/",
            "id": 2197,
            "name": "Where in the U.S.A. is Carmen Sandiego? (Deluxe Edition)",
            "site_detail_url": "http://www.giantbomb.com/where-in-the-usa-is-carmen-sandiego-deluxe-edition/3030-2197/"
        },
        {
            "api_detail_url": "http://www.giantbomb.com/api/game/3030-5980/",
            "id": 5980,
            "name": "Might and Magic: World of Xeen",
            "site_detail_url": "http://www.giantbomb.com/might-and-magic-world-of-xeen/3030-5980/"
        },
        {
            "api_detail_url": "http://www.giantbomb.com/api/game/3030-19173/",
            "id": 19173,
            "name": "Inherit the Earth: Quest for the Orb",
            "site_detail_url": "http://www.giantbomb.com/inherit-the-earth-quest-for-the-orb/3030-19173/"
        },
        {
            "api_detail_url": "http://www.giantbomb.com/api/game/3030-7486/",
            "id": 7486,
            "name": "Star Trek: Judgment Rites",
            "site_detail_url": "http://www.giantbomb.com/star-trek-judgment-rites/3030-7486/"
        },
        {
            "api_detail_url": "http://www.giantbomb.com/api/game/3030-21421/",
            "id": 21421,
            "name": "Star Trek: 25th Anniversary",
            "site_detail_url": "http://www.giantbomb.com/star-trek-25th-anniversary/3030-21421/"
        },
        {
            "api_detail_url": "http://www.giantbomb.com/api/game/3030-10151/",
            "id": 10151,
            "name": "Shadow Ops: Red Mercury",
            "site_detail_url": "http://www.giantbomb.com/shadow-ops-red-mercury/3030-10151/"
        },
        {
            "api_detail_url": "http://www.giantbomb.com/api/game/3030-21095/",
            "id": 21095,
            "name": "The Last Remnant",
            "site_detail_url": "http://www.giantbomb.com/the-last-remnant/3030-21095/"
        },
        {
            "api_detail_url": "http://www.giantbomb.com/api/game/3030-26009/",
            "id": 26009,
            "name": "Tom Clancy's Splinter Cell: Double Agent",
            "site_detail_url": "http://www.giantbomb.com/tom-clancys-splinter-cell-double-agent/3030-26009/"
        },
        {
            "api_detail_url": "http://www.giantbomb.com/api/game/3030-10139/",
            "id": 10139,
            "name": "Samurai Warriors",
            "site_detail_url": "http://www.giantbomb.com/samurai-warriors/3030-10139/"
        },
        {
            "api_detail_url": "http://www.giantbomb.com/api/game/3030-23623/",
            "id": 23623,
            "name": "Rave Master: Special Attack Force!",
            "site_detail_url": "http://www.giantbomb.com/rave-master-special-attack-force/3030-23623/"
        },
        {
            "api_detail_url": "http://www.giantbomb.com/api/game/3030-21881/",
            "id": 21881,
            "name": "Final Fantasy Crystal Chronicles: The Crystal Bearers",
            "site_detail_url": "http://www.giantbomb.com/final-fantasy-crystal-chronicles-the-crystal-beare/3030-21881/"
        },
        {
            "api_detail_url": "http://www.giantbomb.com/api/game/3030-16088/",
            "id": 16088,
            "name": "Battlezone",
            "site_detail_url": "http://www.giantbomb.com/battlezone/3030-16088/"
        },
        {
            "api_detail_url": "http://www.giantbomb.com/api/game/3030-17449/",
            "id": 17449,
            "name": "Delta Force: Xtreme",
            "site_detail_url": "http://www.giantbomb.com/delta-force-xtreme/3030-17449/"
        },
        {
            "api_detail_url": "http://www.giantbomb.com/api/game/3030-9953/",
            "id": 9953,
            "name": "Neverwinter Nights",
            "site_detail_url": "http://www.giantbomb.com/neverwinter-nights/3030-9953/"
        },
        {
            "api_detail_url": "http://www.giantbomb.com/api/game/3030-10068/",
            "id": 10068,
            "name": "Casper: Spirit Dimensions",
            "site_detail_url": "http://www.giantbomb.com/casper-spirit-dimensions/3030-10068/"
        },
        {
            "api_detail_url": "http://www.giantbomb.com/api/game/3030-3085/",
            "id": 3085,
            "name": "Happy Birthday, Maisy!",
            "site_detail_url": "http://www.giantbomb.com/happy-birthday-maisy/3030-3085/"
        },
        {
            "api_detail_url": "http://www.giantbomb.com/api/game/3030-12663/",
            "id": 12663,
            "name": "Civilization: Call to Power",
            "site_detail_url": "http://www.giantbomb.com/civilization-call-to-power/3030-12663/"
        },
        {
            "api_detail_url": "http://www.giantbomb.com/api/game/3030-5695/",
            "id": 5695,
            "name": "Starshot: Space Circus Fever",
            "site_detail_url": "http://www.giantbomb.com/starshot-space-circus-fever/3030-5695/"
        },
        {
            "api_detail_url": "http://www.giantbomb.com/api/game/3030-8742/",
            "id": 8742,
            "name": "Maisy's Playhouse",
            "site_detail_url": "http://www.giantbomb.com/maisys-playhouse/3030-8742/"
        },
        {
            "api_detail_url": "http://www.giantbomb.com/api/game/3030-9737/",
            "id": 9737,
            "name": "Star Trek: 25th Anniversary",
            "site_detail_url": "http://www.giantbomb.com/star-trek-25th-anniversary/3030-9737/"
        },
        {
            "api_detail_url": "http://www.giantbomb.com/api/game/3030-34776/",
            "id": 34776,
            "name": "Dragon's Dogma",
            "site_detail_url": "http://www.giantbomb.com/dragons-dogma/3030-34776/"
        },
        {
            "api_detail_url": "http://www.giantbomb.com/api/game/3030-3320/",
            "id": 3320,
            "name": "The Space Adventure",
            "site_detail_url": "http://www.giantbomb.com/the-space-adventure/3030-3320/"
        },
        {
            "api_detail_url": "http://www.giantbomb.com/api/game/3030-32695/",
            "id": 32695,
            "name": "Steel Battalion: Heavy Armor",
            "site_detail_url": "http://www.giantbomb.com/steel-battalion-heavy-armor/3030-32695/"
        },
        {
            "api_detail_url": "http://www.giantbomb.com/api/game/3030-40313/",
            "id": 40313,
            "name": "Dynasty Warriors 8",
            "site_detail_url": "http://www.giantbomb.com/dynasty-warriors-8/3030-40313/"
        },
        {
            "api_detail_url": "http://www.giantbomb.com/api/game/3030-16140/",
            "id": 16140,
            "name": "Metal Gear Solid",
            "site_detail_url": "http://www.giantbomb.com/metal-gear-solid/3030-16140/"
        },
        {
            "api_detail_url": "http://www.giantbomb.com/api/game/3030-20674/",
            "id": 20674,
            "name": "StarCraft II: Wings of Liberty",
            "site_detail_url": "http://www.giantbomb.com/starcraft-ii-wings-of-liberty/3030-20674/"
        },
        {
            "api_detail_url": "http://www.giantbomb.com/api/game/3030-34913/",
            "id": 34913,
            "name": "Shrek Extra Large",
            "site_detail_url": "http://www.giantbomb.com/shrek-extra-large/3030-34913/"
        },
        {
            "api_detail_url": "http://www.giantbomb.com/api/game/3030-24020/",
            "id": 24020,
            "name": "Pryzm Chapter One: The Dark Unicorn",
            "site_detail_url": "http://www.giantbomb.com/pryzm-chapter-one-the-dark-unicorn/3030-24020/"
        }
    ],
    "gender": 1,
    "hometown": "Toronto, Ontario",
    "id": 5245,
    "name": "Doug Stone",
    "people": []
}