{
    "birth_date": "1971-07-28",
    "country": "Canada",
    "death_date": null,
    "deck": "Drew Karpyshyn is the Senior Writer at BioWare Corp. and has penned many story-rich video games including Star Wars: Knights of the Old Republic and Mass Effect.",
    "first_credited_game": {
        "api_detail_url": "http://www.giantbomb.com/api/game/3030-10637/",
        "id": 10637,
        "name": "Baldur's Gate II: Shadows of Amn"
    },
    "games": [
        {
            "api_detail_url": "http://www.giantbomb.com/api/game/3030-10637/",
            "id": 10637,
            "name": "Baldur's Gate II: Shadows of Amn",
            "site_detail_url": "http://www.giantbomb.com/baldurs-gate-ii-shadows-of-amn/3030-10637/"
        },
        {
            "api_detail_url": "http://www.giantbomb.com/api/game/3030-6795/",
            "id": 6795,
            "name": "Baldur's Gate II: Throne of Bhaal",
            "site_detail_url": "http://www.giantbomb.com/baldurs-gate-ii-throne-of-bhaal/3030-6795/"
        },
        {
            "api_detail_url": "http://www.giantbomb.com/api/game/3030-18741/",
            "id": 18741,
            "name": "Star Wars: Knights of the Old Republic",
            "site_detail_url": "http://www.giantbomb.com/star-wars-knights-of-the-old-republic/3030-18741/"
        },
        {
            "api_detail_url": "http://www.giantbomb.com/api/game/3030-8580/",
            "id": 8580,
            "name": "Jade Empire",
            "site_detail_url": "http://www.giantbomb.com/jade-empire/3030-8580/"
        },
        {
            "api_detail_url": "http://www.giantbomb.com/api/game/3030-21590/",
            "id": 21590,
            "name": "Mass Effect 2",
            "site_detail_url": "http://www.giantbomb.com/mass-effect-2/3030-21590/"
        },
        {
            "api_detail_url": "http://www.giantbomb.com/api/game/3030-16909/",
            "id": 16909,
            "name": "Mass Effect",
            "site_detail_url": "http://www.giantbomb.com/mass-effect/3030-16909/"
        }
    ],
    "gender": 1,
    "hometown": "Edmonton",
    "id": 29919,
    "name": "Drew Karpyshyn",
    "people": [
        {
            "api_detail_url": "http://www.giantbomb.com/api/person/3040-89829/",
            "id": 89829,
            "name": "Larry Hryb",
            "site_detail_url": "http://www.giantbomb.com/larry-hryb/3040-89829/"
        }
    ]
}