{
    "birth_date": null,
    "country": null,
    "death_date": null,
    "deck": null,
    "first_credited_game": {
        "api_detail_url": "http://www.giantbomb.com/api/game/3030-10637/",
        "id": 10637,
        "name": "Baldur's Gate II: Shadows of Amn"
    },
    "games": [
        {
            "api_detail_url": "http://www.giantbomb.com/api/game/3030-10637/",
            "id": 10637,
            "name": "Baldur's Gate II: Shadows of Amn",
            "site_detail_url": "http://www.giantbomb.com/baldurs-gate-ii-shadows-of-amn/3030-10637/"
        },
        {
            "api_detail_url": "http://www.giantbomb.com/api/game/3030-15473/",
            "id": 15473,
            "name": "Metroid Prime",
            "site_detail_url": "http://www.giantbomb.com/metroid-prime/3030-15473/"
        },
        {
            "api_detail_url": "http://www.giantbomb.com/api/game/3030-31732/",
            "id": 31732,
            "name": "Donkey Kong Country Returns",
            "site_detail_url": "http://www.giantbomb.com/donkey-kong-country-returns/3030-31732/"
        },
        {
            "api_detail_url": "http://www.giantbomb.com/api/game/3030-9953/",
            "id": 9953,
            "name": "Neverwinter Nights",
            "site_detail_url": "http://www.giantbomb.com/neverwinter-nights/3030-9953/"
        },
        {
            "api_detail_url": "http://www.giantbomb.com/api/game/3030-42932/",
            "id": 42932,
            "name": "Donkey Kong Country: Tropical Freeze",
            "site_detail_url": "http://www.giantbomb.com/donkey-kong-country-tropical-freeze/3030-42932/"
        },
        {
            "api_detail_url": "http://www.giantbomb.com/api/game/3030-31747/",
            "id": 31747,
            "name": "Mario Kart 7",
            "site_detail_url": "http://www.giantbomb.com/mario-kart-7/3030-31747/"
        }
    ],
    "gender": 1,
    "hometown": null,
    "id": 12780,
    "name": "Elben Schafers",
    "people": []
}