{
    "birth_date": null,
    "country": null,
    "death_date": null,
    "deck": null,
    "first_credited_game": {
        "api_detail_url": "http://www.giantbomb.com/api/game/3030-2614/",
        "id": 2614,
        "name": "The Dig"
    },
    "games": [
        {
            "api_detail_url": "http://www.giantbomb.com/api/game/3030-6959/",
            "id": 6959,
            "name": "God of War",
            "site_detail_url": "http://www.giantbomb.com/god-of-war/3030-6959/"
        },
        {
            "api_detail_url": "http://www.giantbomb.com/api/game/3030-2614/",
            "id": 2614,
            "name": "The Dig",
            "site_detail_url": "http://www.giantbomb.com/the-dig/3030-2614/"
        },
        {
            "api_detail_url": "http://www.giantbomb.com/api/game/3030-15483/",
            "id": 15483,
            "name": "Star Wars: X-Wing Vs. TIE Fighter",
            "site_detail_url": "http://www.giantbomb.com/star-wars-x-wing-vs-tie-fighter/3030-15483/"
        },
        {
            "api_detail_url": "http://www.giantbomb.com/api/game/3030-9603/",
            "id": 9603,
            "name": "Star Wars: Masters of Ter\u00e4s K\u00e4si",
            "site_detail_url": "http://www.giantbomb.com/star-wars-masters-of-teras-kasi/3030-9603/"
        },
        {
            "api_detail_url": "http://www.giantbomb.com/api/game/3030-5729/",
            "id": 5729,
            "name": "The Curse of Monkey Island",
            "site_detail_url": "http://www.giantbomb.com/the-curse-of-monkey-island/3030-5729/"
        },
        {
            "api_detail_url": "http://www.giantbomb.com/api/game/3030-13169/",
            "id": 13169,
            "name": "Ty the Tasmanian Tiger",
            "site_detail_url": "http://www.giantbomb.com/ty-the-tasmanian-tiger/3030-13169/"
        },
        {
            "api_detail_url": "http://www.giantbomb.com/api/game/3030-8985/",
            "id": 8985,
            "name": "Final Fantasy X-2",
            "site_detail_url": "http://www.giantbomb.com/final-fantasy-x-2/3030-8985/"
        },
        {
            "api_detail_url": "http://www.giantbomb.com/api/game/3030-6730/",
            "id": 6730,
            "name": "Painkiller",
            "site_detail_url": "http://www.giantbomb.com/painkiller/3030-6730/"
        },
        {
            "api_detail_url": "http://www.giantbomb.com/api/game/3030-20425/",
            "id": 20425,
            "name": "Painkiller: Battle Out of Hell",
            "site_detail_url": "http://www.giantbomb.com/painkiller-battle-out-of-hell/3030-20425/"
        },
        {
            "api_detail_url": "http://www.giantbomb.com/api/game/3030-981/",
            "id": 981,
            "name": "Forgotten Realms: Demon Stone",
            "site_detail_url": "http://www.giantbomb.com/forgotten-realms-demon-stone/3030-981/"
        },
        {
            "api_detail_url": "http://www.giantbomb.com/api/game/3030-14048/",
            "id": 14048,
            "name": "SOCOM 3: U.S. Navy SEALs",
            "site_detail_url": "http://www.giantbomb.com/socom-3-us-navy-seals/3030-14048/"
        },
        {
            "api_detail_url": "http://www.giantbomb.com/api/game/3030-6464/",
            "id": 6464,
            "name": "Samurai Western",
            "site_detail_url": "http://www.giantbomb.com/samurai-western/3030-6464/"
        },
        {
            "api_detail_url": "http://www.giantbomb.com/api/game/3030-2842/",
            "id": 2842,
            "name": "Haunting Ground",
            "site_detail_url": "http://www.giantbomb.com/haunting-ground/3030-2842/"
        },
        {
            "api_detail_url": "http://www.giantbomb.com/api/game/3030-4301/",
            "id": 4301,
            "name": "Area-51",
            "site_detail_url": "http://www.giantbomb.com/area-51/3030-4301/"
        },
        {
            "api_detail_url": "http://www.giantbomb.com/api/game/3030-17043/",
            "id": 17043,
            "name": "Agatha Christie: And Then There Were None",
            "site_detail_url": "http://www.giantbomb.com/agatha-christie-and-then-there-were-none/3030-17043/"
        },
        {
            "api_detail_url": "http://www.giantbomb.com/api/game/3030-3631/",
            "id": 3631,
            "name": "Tony Hawk's Downhill Jam",
            "site_detail_url": "http://www.giantbomb.com/tony-hawks-downhill-jam/3030-3631/"
        },
        {
            "api_detail_url": "http://www.giantbomb.com/api/game/3030-15502/",
            "id": 15502,
            "name": "Syphon Filter: Dark Mirror",
            "site_detail_url": "http://www.giantbomb.com/syphon-filter-dark-mirror/3030-15502/"
        },
        {
            "api_detail_url": "http://www.giantbomb.com/api/game/3030-922/",
            "id": 922,
            "name": "Final Fight: Streetwise",
            "site_detail_url": "http://www.giantbomb.com/final-fight-streetwise/3030-922/"
        },
        {
            "api_detail_url": "http://www.giantbomb.com/api/game/3030-8720/",
            "id": 8720,
            "name": "Dead Rising",
            "site_detail_url": "http://www.giantbomb.com/dead-rising/3030-8720/"
        },
        {
            "api_detail_url": "http://www.giantbomb.com/api/game/3030-7524/",
            "id": 7524,
            "name": "Call of Duty 3",
            "site_detail_url": "http://www.giantbomb.com/call-of-duty-3/3030-7524/"
        },
        {
            "api_detail_url": "http://www.giantbomb.com/api/game/3030-14550/",
            "id": 14550,
            "name": "Bleach: The Blade of Fate",
            "site_detail_url": "http://www.giantbomb.com/bleach-the-blade-of-fate/3030-14550/"
        },
        {
            "api_detail_url": "http://www.giantbomb.com/api/game/3030-22968/",
            "id": 22968,
            "name": "Splatterhouse",
            "site_detail_url": "http://www.giantbomb.com/splatterhouse/3030-22968/"
        },
        {
            "api_detail_url": "http://www.giantbomb.com/api/game/3030-39248/",
            "id": 39248,
            "name": "God of War Saga",
            "site_detail_url": "http://www.giantbomb.com/god-of-war-saga/3030-39248/"
        },
        {
            "api_detail_url": "http://www.giantbomb.com/api/game/3030-22420/",
            "id": 22420,
            "name": "Uncharted 2: Among Thieves",
            "site_detail_url": "http://www.giantbomb.com/uncharted-2-among-thieves/3030-22420/"
        },
        {
            "api_detail_url": "http://www.giantbomb.com/api/game/3030-2972/",
            "id": 2972,
            "name": "SOCOM: U.S. Navy SEALs - Fireteam Bravo",
            "site_detail_url": "http://www.giantbomb.com/socom-us-navy-seals-fireteam-bravo/3030-2972/"
        }
    ],
    "gender": 1,
    "hometown": null,
    "id": 149,
    "name": "Elliot Anders",
    "people": []
}