{
    "birth_date": null,
    "country": null,
    "death_date": null,
    "deck": null,
    "first_credited_game": {
        "api_detail_url": "http://www.giantbomb.com/api/game/3030-16073/",
        "id": 16073,
        "name": "Tom Clancy's Rainbow Six 3: Raven Shield"
    },
    "games": [
        {
            "api_detail_url": "http://www.giantbomb.com/api/game/3030-16073/",
            "id": 16073,
            "name": "Tom Clancy's Rainbow Six 3: Raven Shield",
            "site_detail_url": "http://www.giantbomb.com/tom-clancys-rainbow-six-3-raven-shield/3030-16073/"
        },
        {
            "api_detail_url": "http://www.giantbomb.com/api/game/3030-16909/",
            "id": 16909,
            "name": "Mass Effect",
            "site_detail_url": "http://www.giantbomb.com/mass-effect/3030-16909/"
        },
        {
            "api_detail_url": "http://www.giantbomb.com/api/game/3030-45744/",
            "id": 45744,
            "name": "Assassin's Creed Unity",
            "site_detail_url": "http://www.giantbomb.com/assassin-s-creed-unity/3030-45744/"
        },
        {
            "api_detail_url": "http://www.giantbomb.com/api/game/3030-23663/",
            "id": 23663,
            "name": "Platinum Sudoku",
            "site_detail_url": "http://www.giantbomb.com/platinum-sudoku/3030-23663/"
        },
        {
            "api_detail_url": "http://www.giantbomb.com/api/game/3030-46562/",
            "id": 46562,
            "name": "Tom Clancy's Rainbow Six: Siege",
            "site_detail_url": "http://www.giantbomb.com/tom-clancys-rainbow-six-siege/3030-46562/"
        }
    ],
    "gender": null,
    "hometown": null,
    "id": 45413,
    "name": "Eric Poulin",
    "people": []
}