{
    "birth_date": null,
    "country": null,
    "death_date": null,
    "deck": null,
    "first_credited_game": {
        "api_detail_url": "http://www.giantbomb.com/api/game/3030-9534/",
        "id": 9534,
        "name": "LEGO Loco"
    },
    "games": [
        {
            "api_detail_url": "http://www.giantbomb.com/api/game/3030-9534/",
            "id": 9534,
            "name": "LEGO Loco",
            "site_detail_url": "http://www.giantbomb.com/lego-loco/3030-9534/"
        },
        {
            "api_detail_url": "http://www.giantbomb.com/api/game/3030-8554/",
            "id": 8554,
            "name": "Lara Croft Tomb Raider: Legend",
            "site_detail_url": "http://www.giantbomb.com/lara-croft-tomb-raider-legend/3030-8554/"
        },
        {
            "api_detail_url": "http://www.giantbomb.com/api/game/3030-20694/",
            "id": 20694,
            "name": "Tomb Raider: Underworld",
            "site_detail_url": "http://www.giantbomb.com/tomb-raider-underworld/3030-20694/"
        },
        {
            "api_detail_url": "http://www.giantbomb.com/api/game/3030-3579/",
            "id": 3579,
            "name": "Dragon Quest VIII: Journey of the Cursed King",
            "site_detail_url": "http://www.giantbomb.com/dragon-quest-viii-journey-of-the-cursed-king/3030-3579/"
        },
        {
            "api_detail_url": "http://www.giantbomb.com/api/game/3030-22766/",
            "id": 22766,
            "name": "Harry Potter and the Half-Blood Prince",
            "site_detail_url": "http://www.giantbomb.com/harry-potter-and-the-half-blood-prince/3030-22766/"
        },
        {
            "api_detail_url": "http://www.giantbomb.com/api/game/3030-9641/",
            "id": 9641,
            "name": "Age of Conan: Hyborian Adventures",
            "site_detail_url": "http://www.giantbomb.com/age-of-conan-hyborian-adventures/3030-9641/"
        },
        {
            "api_detail_url": "http://www.giantbomb.com/api/game/3030-22605/",
            "id": 22605,
            "name": "Cursed Mountain",
            "site_detail_url": "http://www.giantbomb.com/cursed-mountain/3030-22605/"
        },
        {
            "api_detail_url": "http://www.giantbomb.com/api/game/3030-6383/",
            "id": 6383,
            "name": "007: Tomorrow Never Dies",
            "site_detail_url": "http://www.giantbomb.com/007-tomorrow-never-dies/3030-6383/"
        },
        {
            "api_detail_url": "http://www.giantbomb.com/api/game/3030-32208/",
            "id": 32208,
            "name": "Harry Potter and the Deathly Hallows: Part 2",
            "site_detail_url": "http://www.giantbomb.com/harry-potter-and-the-deathly-hallows-part-2/3030-32208/"
        },
        {
            "api_detail_url": "http://www.giantbomb.com/api/game/3030-14596/",
            "id": 14596,
            "name": "Wallace & Gromit: The Curse of the Were Rabbit",
            "site_detail_url": "http://www.giantbomb.com/wallace-gromit-the-curse-of-the-were-rabbit/3030-14596/"
        },
        {
            "api_detail_url": "http://www.giantbomb.com/api/game/3030-32697/",
            "id": 32697,
            "name": "Dark Souls",
            "site_detail_url": "http://www.giantbomb.com/dark-souls/3030-32697/"
        },
        {
            "api_detail_url": "http://www.giantbomb.com/api/game/3030-23704/",
            "id": 23704,
            "name": "Castlevania: Lords of Shadow",
            "site_detail_url": "http://www.giantbomb.com/castlevania-lords-of-shadow/3030-23704/"
        }
    ],
    "gender": 2,
    "hometown": null,
    "id": 64968,
    "name": "\u00c8ve Karpf",
    "people": []
}