{
    "birth_date": null,
    "country": null,
    "death_date": null,
    "deck": "The online producer for BioWare's Dragon Age franchise",
    "first_credited_game": {
        "api_detail_url": "http://www.giantbomb.com/api/game/3030-2219/",
        "id": 2219,
        "name": "Torino 2006"
    },
    "games": [
        {
            "api_detail_url": "http://www.giantbomb.com/api/game/3030-17111/",
            "id": 17111,
            "name": "Top Spin 2",
            "site_detail_url": "http://www.giantbomb.com/top-spin-2/3030-17111/"
        },
        {
            "api_detail_url": "http://www.giantbomb.com/api/game/3030-18275/",
            "id": 18275,
            "name": "Sid Meier's Railroads!",
            "site_detail_url": "http://www.giantbomb.com/sid-meiers-railroads/3030-18275/"
        },
        {
            "api_detail_url": "http://www.giantbomb.com/api/game/3030-2172/",
            "id": 2172,
            "name": "Fantastic Four: Rise of the Silver Surfer",
            "site_detail_url": "http://www.giantbomb.com/fantastic-four-rise-of-the-silver-surfer/3030-2172/"
        },
        {
            "api_detail_url": "http://www.giantbomb.com/api/game/3030-2219/",
            "id": 2219,
            "name": "Torino 2006",
            "site_detail_url": "http://www.giantbomb.com/torino-2006/3030-2219/"
        },
        {
            "api_detail_url": "http://www.giantbomb.com/api/game/3030-13341/",
            "id": 13341,
            "name": "Family Guy Video Game!",
            "site_detail_url": "http://www.giantbomb.com/family-guy-video-game/3030-13341/"
        },
        {
            "api_detail_url": "http://www.giantbomb.com/api/game/3030-11620/",
            "id": 11620,
            "name": "Dungeon Siege: Throne of Agony",
            "site_detail_url": "http://www.giantbomb.com/dungeon-siege-throne-of-agony/3030-11620/"
        }
    ],
    "gender": 1,
    "hometown": null,
    "id": 77223,
    "name": "Fernando Melo",
    "people": []
}