{
    "birth_date": null,
    "country": null,
    "death_date": null,
    "deck": "Frank Pape currently works at Microsoft Game Studios.",
    "first_credited_game": {
        "api_detail_url": "http://www.giantbomb.com/api/game/3030-15493/",
        "id": 15493,
        "name": "Blast Chamber"
    },
    "games": [
        {
            "api_detail_url": "http://www.giantbomb.com/api/game/3030-30021/",
            "id": 30021,
            "name": "Game Room",
            "site_detail_url": "http://www.giantbomb.com/game-room/3030-30021/"
        },
        {
            "api_detail_url": "http://www.giantbomb.com/api/game/3030-15493/",
            "id": 15493,
            "name": "Blast Chamber",
            "site_detail_url": "http://www.giantbomb.com/blast-chamber/3030-15493/"
        },
        {
            "api_detail_url": "http://www.giantbomb.com/api/game/3030-584/",
            "id": 584,
            "name": "Nightmare Creatures",
            "site_detail_url": "http://www.giantbomb.com/nightmare-creatures/3030-584/"
        },
        {
            "api_detail_url": "http://www.giantbomb.com/api/game/3030-11047/",
            "id": 11047,
            "name": "Kessen",
            "site_detail_url": "http://www.giantbomb.com/kessen/3030-11047/"
        },
        {
            "api_detail_url": "http://www.giantbomb.com/api/game/3030-12267/",
            "id": 12267,
            "name": "Championship Bass",
            "site_detail_url": "http://www.giantbomb.com/championship-bass/3030-12267/"
        },
        {
            "api_detail_url": "http://www.giantbomb.com/api/game/3030-16009/",
            "id": 16009,
            "name": "007: Racing",
            "site_detail_url": "http://www.giantbomb.com/007-racing/3030-16009/"
        },
        {
            "api_detail_url": "http://www.giantbomb.com/api/game/3030-13169/",
            "id": 13169,
            "name": "Ty the Tasmanian Tiger",
            "site_detail_url": "http://www.giantbomb.com/ty-the-tasmanian-tiger/3030-13169/"
        },
        {
            "api_detail_url": "http://www.giantbomb.com/api/game/3030-6102/",
            "id": 6102,
            "name": "Bionicle: Matoran Adventures",
            "site_detail_url": "http://www.giantbomb.com/bionicle-matoran-adventures/3030-6102/"
        },
        {
            "api_detail_url": "http://www.giantbomb.com/api/game/3030-12716/",
            "id": 12716,
            "name": "Battlefield 1942",
            "site_detail_url": "http://www.giantbomb.com/battlefield-1942/3030-12716/"
        },
        {
            "api_detail_url": "http://www.giantbomb.com/api/game/3030-6479/",
            "id": 6479,
            "name": "Freedom Force",
            "site_detail_url": "http://www.giantbomb.com/freedom-force/3030-6479/"
        },
        {
            "api_detail_url": "http://www.giantbomb.com/api/game/3030-5607/",
            "id": 5607,
            "name": "Project Gotham Racing 4",
            "site_detail_url": "http://www.giantbomb.com/project-gotham-racing-4/3030-5607/"
        },
        {
            "api_detail_url": "http://www.giantbomb.com/api/game/3030-12003/",
            "id": 12003,
            "name": "Viva Pi\u00f1ata: Party Animals",
            "site_detail_url": "http://www.giantbomb.com/viva-pinata-party-animals/3030-12003/"
        },
        {
            "api_detail_url": "http://www.giantbomb.com/api/game/3030-9137/",
            "id": 9137,
            "name": "Brothers in Arms: Road to Hill 30",
            "site_detail_url": "http://www.giantbomb.com/brothers-in-arms-road-to-hill-30/3030-9137/"
        },
        {
            "api_detail_url": "http://www.giantbomb.com/api/game/3030-8580/",
            "id": 8580,
            "name": "Jade Empire",
            "site_detail_url": "http://www.giantbomb.com/jade-empire/3030-8580/"
        },
        {
            "api_detail_url": "http://www.giantbomb.com/api/game/3030-17599/",
            "id": 17599,
            "name": "Forza Motorsport",
            "site_detail_url": "http://www.giantbomb.com/forza-motorsport/3030-17599/"
        },
        {
            "api_detail_url": "http://www.giantbomb.com/api/game/3030-15133/",
            "id": 15133,
            "name": "Phantom Dust",
            "site_detail_url": "http://www.giantbomb.com/phantom-dust/3030-15133/"
        },
        {
            "api_detail_url": "http://www.giantbomb.com/api/game/3030-4680/",
            "id": 4680,
            "name": "Zoo Tycoon 2",
            "site_detail_url": "http://www.giantbomb.com/zoo-tycoon-2/3030-4680/"
        },
        {
            "api_detail_url": "http://www.giantbomb.com/api/game/3030-41908/",
            "id": 41908,
            "name": "Ty the Tasmanian Tiger",
            "site_detail_url": "http://www.giantbomb.com/ty-the-tasmanian-tiger/3030-41908/"
        }
    ],
    "gender": 1,
    "hometown": null,
    "id": 36567,
    "name": "Frank Pape",
    "people": []
}