{
    "birth_date": null,
    "country": "USA",
    "death_date": null,
    "deck": "Fred Tatasciore is a voice actor well known for his ability to produce very guttural noises, voicing many monstrous characters across many games. Is otherwise most recognizable as Damon Baird from the Gears of War series.",
    "first_credited_game": {
        "api_detail_url": "http://www.giantbomb.com/api/game/3030-10126/",
        "id": 10126,
        "name": "X-Men: Next Dimension"
    },
    "games": [
        {
            "api_detail_url": "http://www.giantbomb.com/api/game/3030-20662/",
            "id": 20662,
            "name": "Gears of War 2",
            "site_detail_url": "http://www.giantbomb.com/gears-of-war-2/3030-20662/"
        },
        {
            "api_detail_url": "http://www.giantbomb.com/api/game/3030-9201/",
            "id": 9201,
            "name": "The Darkness",
            "site_detail_url": "http://www.giantbomb.com/the-darkness/3030-9201/"
        },
        {
            "api_detail_url": "http://www.giantbomb.com/api/game/3030-20669/",
            "id": 20669,
            "name": "Metal Gear Solid 4: Guns of the Patriots",
            "site_detail_url": "http://www.giantbomb.com/metal-gear-solid-4-guns-of-the-patriots/3030-20669/"
        },
        {
            "api_detail_url": "http://www.giantbomb.com/api/game/3030-20891/",
            "id": 20891,
            "name": "The Incredible Hulk",
            "site_detail_url": "http://www.giantbomb.com/the-incredible-hulk/3030-20891/"
        },
        {
            "api_detail_url": "http://www.giantbomb.com/api/game/3030-20640/",
            "id": 20640,
            "name": "Kung Fu Panda",
            "site_detail_url": "http://www.giantbomb.com/kung-fu-panda/3030-20640/"
        },
        {
            "api_detail_url": "http://www.giantbomb.com/api/game/3030-20878/",
            "id": 20878,
            "name": "Speed Racer: The Videogame",
            "site_detail_url": "http://www.giantbomb.com/speed-racer-the-videogame/3030-20878/"
        },
        {
            "api_detail_url": "http://www.giantbomb.com/api/game/3030-20530/",
            "id": 20530,
            "name": "Iron Man",
            "site_detail_url": "http://www.giantbomb.com/iron-man/3030-20530/"
        },
        {
            "api_detail_url": "http://www.giantbomb.com/api/game/3030-2719/",
            "id": 2719,
            "name": "Lost Odyssey",
            "site_detail_url": "http://www.giantbomb.com/lost-odyssey/3030-2719/"
        },
        {
            "api_detail_url": "http://www.giantbomb.com/api/game/3030-20592/",
            "id": 20592,
            "name": "God of War: Chains of Olympus",
            "site_detail_url": "http://www.giantbomb.com/god-of-war-chains-of-olympus/3030-20592/"
        },
        {
            "api_detail_url": "http://www.giantbomb.com/api/game/3030-5581/",
            "id": 5581,
            "name": "No More Heroes",
            "site_detail_url": "http://www.giantbomb.com/no-more-heroes/3030-5581/"
        },
        {
            "api_detail_url": "http://www.giantbomb.com/api/game/3030-9326/",
            "id": 9326,
            "name": "Universe at War: Earth Assault",
            "site_detail_url": "http://www.giantbomb.com/universe-at-war-earth-assault/3030-9326/"
        },
        {
            "api_detail_url": "http://www.giantbomb.com/api/game/3030-20258/",
            "id": 20258,
            "name": "Spider-Man: Friend or Foe",
            "site_detail_url": "http://www.giantbomb.com/spider-man-friend-or-foe/3030-20258/"
        },
        {
            "api_detail_url": "http://www.giantbomb.com/api/game/3030-16624/",
            "id": 16624,
            "name": "Transformers: The Game",
            "site_detail_url": "http://www.giantbomb.com/transformers-the-game/3030-16624/"
        },
        {
            "api_detail_url": "http://www.giantbomb.com/api/game/3030-10459/",
            "id": 10459,
            "name": "Disney's Pirates of the Caribbean: At World's End",
            "site_detail_url": "http://www.giantbomb.com/disneys-pirates-of-the-caribbean-at-worlds-end/3030-10459/"
        },
        {
            "api_detail_url": "http://www.giantbomb.com/api/game/3030-5614/",
            "id": 5614,
            "name": "Spider-Man 3",
            "site_detail_url": "http://www.giantbomb.com/spider-man-3/3030-5614/"
        },
        {
            "api_detail_url": "http://www.giantbomb.com/api/game/3030-11314/",
            "id": 11314,
            "name": "God of War II",
            "site_detail_url": "http://www.giantbomb.com/god-of-war-ii/3030-11314/"
        },
        {
            "api_detail_url": "http://www.giantbomb.com/api/game/3030-270/",
            "id": 270,
            "name": "Tom Clancy's Ghost Recon: Advanced Warfighter 2",
            "site_detail_url": "http://www.giantbomb.com/tom-clancys-ghost-recon-advanced-warfighter-2/3030-270/"
        },
        {
            "api_detail_url": "http://www.giantbomb.com/api/game/3030-10026/",
            "id": 10026,
            "name": "300: March to Glory",
            "site_detail_url": "http://www.giantbomb.com/300-march-to-glory/3030-10026/"
        },
        {
            "api_detail_url": "http://www.giantbomb.com/api/game/3030-707/",
            "id": 707,
            "name": "Virtua Fighter 5",
            "site_detail_url": "http://www.giantbomb.com/virtua-fighter-5/3030-707/"
        },
        {
            "api_detail_url": "http://www.giantbomb.com/api/game/3030-9185/",
            "id": 9185,
            "name": "Destroy All Humans! 2",
            "site_detail_url": "http://www.giantbomb.com/destroy-all-humans-2/3030-9185/"
        },
        {
            "api_detail_url": "http://www.giantbomb.com/api/game/3030-7753/",
            "id": 7753,
            "name": "Gothic 3",
            "site_detail_url": "http://www.giantbomb.com/gothic-3/3030-7753/"
        },
        {
            "api_detail_url": "http://www.giantbomb.com/api/game/3030-16327/",
            "id": 16327,
            "name": "Justice League Heroes",
            "site_detail_url": "http://www.giantbomb.com/justice-league-heroes/3030-16327/"
        },
        {
            "api_detail_url": "http://www.giantbomb.com/api/game/3030-18163/",
            "id": 18163,
            "name": "Just Cause",
            "site_detail_url": "http://www.giantbomb.com/just-cause/3030-18163/"
        },
        {
            "api_detail_url": "http://www.giantbomb.com/api/game/3030-5888/",
            "id": 5888,
            "name": "God Hand",
            "site_detail_url": "http://www.giantbomb.com/god-hand/3030-5888/"
        },
        {
            "api_detail_url": "http://www.giantbomb.com/api/game/3030-18930/",
            "id": 18930,
            "name": "Company of Heroes",
            "site_detail_url": "http://www.giantbomb.com/company-of-heroes/3030-18930/"
        },
        {
            "api_detail_url": "http://www.giantbomb.com/api/game/3030-8638/",
            "id": 8638,
            "name": "Titan Quest",
            "site_detail_url": "http://www.giantbomb.com/titan-quest/3030-8638/"
        },
        {
            "api_detail_url": "http://www.giantbomb.com/api/game/3030-7760/",
            "id": 7760,
            "name": "Night Watch",
            "site_detail_url": "http://www.giantbomb.com/night-watch/3030-7760/"
        },
        {
            "api_detail_url": "http://www.giantbomb.com/api/game/3030-8474/",
            "id": 8474,
            "name": "Guild Wars: Factions",
            "site_detail_url": "http://www.giantbomb.com/guild-wars-factions/3030-8474/"
        },
        {
            "api_detail_url": "http://www.giantbomb.com/api/game/3030-8873/",
            "id": 8873,
            "name": "GUN",
            "site_detail_url": "http://www.giantbomb.com/gun/3030-8873/"
        },
        {
            "api_detail_url": "http://www.giantbomb.com/api/game/3030-8763/",
            "id": 8763,
            "name": "Neverwinter Nights 2: Mask of the Betrayer",
            "site_detail_url": "http://www.giantbomb.com/neverwinter-nights-2-mask-of-the-betrayer/3030-8763/"
        },
        {
            "api_detail_url": "http://www.giantbomb.com/api/game/3030-16426/",
            "id": 16426,
            "name": "Vampire: The Masquerade - Bloodlines",
            "site_detail_url": "http://www.giantbomb.com/vampire-the-masquerade-bloodlines/3030-16426/"
        },
        {
            "api_detail_url": "http://www.giantbomb.com/api/game/3030-6959/",
            "id": 6959,
            "name": "God of War",
            "site_detail_url": "http://www.giantbomb.com/god-of-war/3030-6959/"
        },
        {
            "api_detail_url": "http://www.giantbomb.com/api/game/3030-10126/",
            "id": 10126,
            "name": "X-Men: Next Dimension",
            "site_detail_url": "http://www.giantbomb.com/x-men-next-dimension/3030-10126/"
        },
        {
            "api_detail_url": "http://www.giantbomb.com/api/game/3030-7940/",
            "id": 7940,
            "name": "Rogue Galaxy",
            "site_detail_url": "http://www.giantbomb.com/rogue-galaxy/3030-7940/"
        },
        {
            "api_detail_url": "http://www.giantbomb.com/api/game/3030-8580/",
            "id": 8580,
            "name": "Jade Empire",
            "site_detail_url": "http://www.giantbomb.com/jade-empire/3030-8580/"
        },
        {
            "api_detail_url": "http://www.giantbomb.com/api/game/3030-20971/",
            "id": 20971,
            "name": "Valkyria Chronicles",
            "site_detail_url": "http://www.giantbomb.com/valkyria-chronicles/3030-20971/"
        },
        {
            "api_detail_url": "http://www.giantbomb.com/api/game/3030-20690/",
            "id": 20690,
            "name": "Left 4 Dead",
            "site_detail_url": "http://www.giantbomb.com/left-4-dead/3030-20690/"
        },
        {
            "api_detail_url": "http://www.giantbomb.com/api/game/3030-23061/",
            "id": 23061,
            "name": "NARC",
            "site_detail_url": "http://www.giantbomb.com/narc/3030-23061/"
        },
        {
            "api_detail_url": "http://www.giantbomb.com/api/game/3030-1213/",
            "id": 1213,
            "name": "Baten Kaitos Origins",
            "site_detail_url": "http://www.giantbomb.com/baten-kaitos-origins/3030-1213/"
        },
        {
            "api_detail_url": "http://www.giantbomb.com/api/game/3030-3821/",
            "id": 3821,
            "name": "Happy Feet",
            "site_detail_url": "http://www.giantbomb.com/happy-feet/3030-3821/"
        },
        {
            "api_detail_url": "http://www.giantbomb.com/api/game/3030-7337/",
            "id": 7337,
            "name": "Van Helsing",
            "site_detail_url": "http://www.giantbomb.com/van-helsing/3030-7337/"
        },
        {
            "api_detail_url": "http://www.giantbomb.com/api/game/3030-2113/",
            "id": 2113,
            "name": "X2: Wolverine's Revenge",
            "site_detail_url": "http://www.giantbomb.com/x2-wolverines-revenge/3030-2113/"
        },
        {
            "api_detail_url": "http://www.giantbomb.com/api/game/3030-21237/",
            "id": 21237,
            "name": "Tales of Symphonia",
            "site_detail_url": "http://www.giantbomb.com/tales-of-symphonia/3030-21237/"
        },
        {
            "api_detail_url": "http://www.giantbomb.com/api/game/3030-13809/",
            "id": 13809,
            "name": "Rise to Honor",
            "site_detail_url": "http://www.giantbomb.com/rise-to-honor/3030-13809/"
        },
        {
            "api_detail_url": "http://www.giantbomb.com/api/game/3030-10442/",
            "id": 10442,
            "name": "Dr. Seuss' The Cat in the Hat",
            "site_detail_url": "http://www.giantbomb.com/dr-seuss-the-cat-in-the-hat/3030-10442/"
        },
        {
            "api_detail_url": "http://www.giantbomb.com/api/game/3030-751/",
            "id": 751,
            "name": "Terminator 3: War of the Machines",
            "site_detail_url": "http://www.giantbomb.com/terminator-3-war-of-the-machines/3030-751/"
        },
        {
            "api_detail_url": "http://www.giantbomb.com/api/game/3030-6580/",
            "id": 6580,
            "name": "Terminator 3: Rise of the Machines",
            "site_detail_url": "http://www.giantbomb.com/terminator-3-rise-of-the-machines/3030-6580/"
        },
        {
            "api_detail_url": "http://www.giantbomb.com/api/game/3030-12107/",
            "id": 12107,
            "name": "Baldur's Gate: Dark Alliance II",
            "site_detail_url": "http://www.giantbomb.com/baldurs-gate-dark-alliance-ii/3030-12107/"
        },
        {
            "api_detail_url": "http://www.giantbomb.com/api/game/3030-13217/",
            "id": 13217,
            "name": "Champions of Norrath",
            "site_detail_url": "http://www.giantbomb.com/champions-of-norrath/3030-13217/"
        },
        {
            "api_detail_url": "http://www.giantbomb.com/api/game/3030-8102/",
            "id": 8102,
            "name": "The Bard's Tale",
            "site_detail_url": "http://www.giantbomb.com/the-bards-tale/3030-8102/"
        },
        {
            "api_detail_url": "http://www.giantbomb.com/api/game/3030-2242/",
            "id": 2242,
            "name": "The Punisher",
            "site_detail_url": "http://www.giantbomb.com/the-punisher/3030-2242/"
        },
        {
            "api_detail_url": "http://www.giantbomb.com/api/game/3030-4966/",
            "id": 4966,
            "name": "Ratchet & Clank: Up Your Arsenal",
            "site_detail_url": "http://www.giantbomb.com/ratchet-clank-up-your-arsenal/3030-4966/"
        },
        {
            "api_detail_url": "http://www.giantbomb.com/api/game/3030-18547/",
            "id": 18547,
            "name": "EverQuest II",
            "site_detail_url": "http://www.giantbomb.com/everquest-ii/3030-18547/"
        },
        {
            "api_detail_url": "http://www.giantbomb.com/api/game/3030-18082/",
            "id": 18082,
            "name": "Metal Gear Solid 3: Snake Eater",
            "site_detail_url": "http://www.giantbomb.com/metal-gear-solid-3-snake-eater/3030-18082/"
        },
        {
            "api_detail_url": "http://www.giantbomb.com/api/game/3030-8112/",
            "id": 8112,
            "name": "Viewtiful Joe 2",
            "site_detail_url": "http://www.giantbomb.com/viewtiful-joe-2/3030-8112/"
        },
        {
            "api_detail_url": "http://www.giantbomb.com/api/game/3030-581/",
            "id": 581,
            "name": "SpongeBob SquarePants: The Movie",
            "site_detail_url": "http://www.giantbomb.com/spongebob-squarepants-the-movie/3030-581/"
        },
        {
            "api_detail_url": "http://www.giantbomb.com/api/game/3030-7701/",
            "id": 7701,
            "name": "The Lord of the Rings: The Battle for Middle-earth",
            "site_detail_url": "http://www.giantbomb.com/the-lord-of-the-rings-the-battle-for-middle-earth/3030-7701/"
        },
        {
            "api_detail_url": "http://www.giantbomb.com/api/game/3030-12780/",
            "id": 12780,
            "name": "Darkwatch",
            "site_detail_url": "http://www.giantbomb.com/darkwatch/3030-12780/"
        },
        {
            "api_detail_url": "http://www.giantbomb.com/api/game/3030-5358/",
            "id": 5358,
            "name": "Constantine",
            "site_detail_url": "http://www.giantbomb.com/constantine/3030-5358/"
        },
        {
            "api_detail_url": "http://www.giantbomb.com/api/game/3030-12611/",
            "id": 12611,
            "name": "Robots",
            "site_detail_url": "http://www.giantbomb.com/robots/3030-12611/"
        },
        {
            "api_detail_url": "http://www.giantbomb.com/api/game/3030-9259/",
            "id": 9259,
            "name": "Twisted Metal: Head-On",
            "site_detail_url": "http://www.giantbomb.com/twisted-metal-head-on/3030-9259/"
        },
        {
            "api_detail_url": "http://www.giantbomb.com/api/game/3030-3080/",
            "id": 3080,
            "name": "Rise of the Kasai",
            "site_detail_url": "http://www.giantbomb.com/rise-of-the-kasai/3030-3080/"
        },
        {
            "api_detail_url": "http://www.giantbomb.com/api/game/3030-7288/",
            "id": 7288,
            "name": "SWAT 4",
            "site_detail_url": "http://www.giantbomb.com/swat-4/3030-7288/"
        },
        {
            "api_detail_url": "http://www.giantbomb.com/api/game/3030-10661/",
            "id": 10661,
            "name": "Predator: Concrete Jungle",
            "site_detail_url": "http://www.giantbomb.com/predator-concrete-jungle/3030-10661/"
        },
        {
            "api_detail_url": "http://www.giantbomb.com/api/game/3030-5680/",
            "id": 5680,
            "name": "Madagascar",
            "site_detail_url": "http://www.giantbomb.com/madagascar/3030-5680/"
        },
        {
            "api_detail_url": "http://www.giantbomb.com/api/game/3030-34/",
            "id": 34,
            "name": "Batman Begins",
            "site_detail_url": "http://www.giantbomb.com/batman-begins/3030-34/"
        },
        {
            "api_detail_url": "http://www.giantbomb.com/api/game/3030-17543/",
            "id": 17543,
            "name": "Destroy All Humans!",
            "site_detail_url": "http://www.giantbomb.com/destroy-all-humans/3030-17543/"
        },
        {
            "api_detail_url": "http://www.giantbomb.com/api/game/3030-12835/",
            "id": 12835,
            "name": "Fantastic 4",
            "site_detail_url": "http://www.giantbomb.com/fantastic-4/3030-12835/"
        },
        {
            "api_detail_url": "http://www.giantbomb.com/api/game/3030-7048/",
            "id": 7048,
            "name": "Kingdom of Paradise",
            "site_detail_url": "http://www.giantbomb.com/kingdom-of-paradise/3030-7048/"
        },
        {
            "api_detail_url": "http://www.giantbomb.com/api/game/3030-4214/",
            "id": 4214,
            "name": "Naruto: Uzumaki Chronicles",
            "site_detail_url": "http://www.giantbomb.com/naruto-uzumaki-chronicles/3030-4214/"
        },
        {
            "api_detail_url": "http://www.giantbomb.com/api/game/3030-19865/",
            "id": 19865,
            "name": "The Incredible Hulk: Ultimate Destruction",
            "site_detail_url": "http://www.giantbomb.com/the-incredible-hulk-ultimate-destruction/3030-19865/"
        },
        {
            "api_detail_url": "http://www.giantbomb.com/api/game/3030-5731/",
            "id": 5731,
            "name": "Brave: The Search for Spirit Dancer",
            "site_detail_url": "http://www.giantbomb.com/brave-the-search-for-spirit-dancer/3030-5731/"
        },
        {
            "api_detail_url": "http://www.giantbomb.com/api/game/3030-1581/",
            "id": 1581,
            "name": "Tom Clancy's Rainbow Six: Lockdown",
            "site_detail_url": "http://www.giantbomb.com/tom-clancys-rainbow-six-lockdown/3030-1581/"
        },
        {
            "api_detail_url": "http://www.giantbomb.com/api/game/3030-1745/",
            "id": 1745,
            "name": "Scooby-Doo! Unmasked",
            "site_detail_url": "http://www.giantbomb.com/scooby-doo-unmasked/3030-1745/"
        },
        {
            "api_detail_url": "http://www.giantbomb.com/api/game/3030-17212/",
            "id": 17212,
            "name": "Evil Dead: Regeneration",
            "site_detail_url": "http://www.giantbomb.com/evil-dead-regeneration/3030-17212/"
        },
        {
            "api_detail_url": "http://www.giantbomb.com/api/game/3030-21520/",
            "id": 21520,
            "name": "Viewtiful Joe: Red Hot Rumble",
            "site_detail_url": "http://www.giantbomb.com/viewtiful-joe-red-hot-rumble/3030-21520/"
        },
        {
            "api_detail_url": "http://www.giantbomb.com/api/game/3030-18607/",
            "id": 18607,
            "name": "Dungeons & Dragons: Dragonshard",
            "site_detail_url": "http://www.giantbomb.com/dungeons-dragons-dragonshard/3030-18607/"
        },
        {
            "api_detail_url": "http://www.giantbomb.com/api/game/3030-2347/",
            "id": 2347,
            "name": "Call of Duty 2",
            "site_detail_url": "http://www.giantbomb.com/call-of-duty-2/3030-2347/"
        },
        {
            "api_detail_url": "http://www.giantbomb.com/api/game/3030-16711/",
            "id": 16711,
            "name": "Call of Duty 2: Big Red One",
            "site_detail_url": "http://www.giantbomb.com/call-of-duty-2-big-red-one/3030-16711/"
        },
        {
            "api_detail_url": "http://www.giantbomb.com/api/game/3030-12209/",
            "id": 12209,
            "name": "Spyro: A Hero's Tail",
            "site_detail_url": "http://www.giantbomb.com/spyro-a-heros-tail/3030-12209/"
        },
        {
            "api_detail_url": "http://www.giantbomb.com/api/game/3030-5554/",
            "id": 5554,
            "name": "The Matrix: Path of Neo",
            "site_detail_url": "http://www.giantbomb.com/the-matrix-path-of-neo/3030-5554/"
        },
        {
            "api_detail_url": "http://www.giantbomb.com/api/game/3030-1137/",
            "id": 1137,
            "name": "Neopets: The Darkest Faerie",
            "site_detail_url": "http://www.giantbomb.com/neopets-the-darkest-faerie/3030-1137/"
        },
        {
            "api_detail_url": "http://www.giantbomb.com/api/game/3030-7180/",
            "id": 7180,
            "name": "Yakuza",
            "site_detail_url": "http://www.giantbomb.com/yakuza/3030-7180/"
        },
        {
            "api_detail_url": "http://www.giantbomb.com/api/game/3030-23608/",
            "id": 23608,
            "name": "Zatch Bell! Mamodo Fury",
            "site_detail_url": "http://www.giantbomb.com/zatch-bell-mamodo-fury/3030-23608/"
        },
        {
            "api_detail_url": "http://www.giantbomb.com/api/game/3030-10267/",
            "id": 10267,
            "name": "Metal Gear Solid 3: Subsistence",
            "site_detail_url": "http://www.giantbomb.com/metal-gear-solid-3-subsistence/3030-10267/"
        },
        {
            "api_detail_url": "http://www.giantbomb.com/api/game/3030-21272/",
            "id": 21272,
            "name": "Scooby-Doo: Who's Watching Who?",
            "site_detail_url": "http://www.giantbomb.com/scooby-doo-whos-watching-who/3030-21272/"
        },
        {
            "api_detail_url": "http://www.giantbomb.com/api/game/3030-4867/",
            "id": 4867,
            "name": "The Lord of the Rings: The Battle for Middle-earth II",
            "site_detail_url": "http://www.giantbomb.com/the-lord-of-the-rings-the-battle-for-middle-earth-/3030-4867/"
        },
        {
            "api_detail_url": "http://www.giantbomb.com/api/game/3030-10040/",
            "id": 10040,
            "name": "N3: Ninety-Nine Nights",
            "site_detail_url": "http://www.giantbomb.com/n3-ninety-nine-nights/3030-10040/"
        },
        {
            "api_detail_url": "http://www.giantbomb.com/api/game/3030-7954/",
            "id": 7954,
            "name": "Over the Hedge",
            "site_detail_url": "http://www.giantbomb.com/over-the-hedge/3030-7954/"
        },
        {
            "api_detail_url": "http://www.giantbomb.com/api/game/3030-4913/",
            "id": 4913,
            "name": "Pirates of the Caribbean: The Legend of Jack Sparrow",
            "site_detail_url": "http://www.giantbomb.com/pirates-of-the-caribbean-the-legend-of-jack-sparro/3030-4913/"
        },
        {
            "api_detail_url": "http://www.giantbomb.com/api/game/3030-20593/",
            "id": 20593,
            "name": "Jeanne d'Arc",
            "site_detail_url": "http://www.giantbomb.com/jeanne-darc/3030-20593/"
        },
        {
            "api_detail_url": "http://www.giantbomb.com/api/game/3030-6447/",
            "id": 6447,
            "name": "The Lord of the Rings: The Battle for Middle-earth II - The Rise of the Witch-King",
            "site_detail_url": "http://www.giantbomb.com/the-lord-of-the-rings-the-battle-for-middle-earth-/3030-6447/"
        },
        {
            "api_detail_url": "http://www.giantbomb.com/api/game/3030-7447/",
            "id": 7447,
            "name": "Blue Dragon",
            "site_detail_url": "http://www.giantbomb.com/blue-dragon/3030-7447/"
        },
        {
            "api_detail_url": "http://www.giantbomb.com/api/game/3030-10988/",
            "id": 10988,
            "name": "Ghost Rider",
            "site_detail_url": "http://www.giantbomb.com/ghost-rider/3030-10988/"
        },
        {
            "api_detail_url": "http://www.giantbomb.com/api/game/3030-9387/",
            "id": 9387,
            "name": "Lair",
            "site_detail_url": "http://www.giantbomb.com/lair/3030-9387/"
        },
        {
            "api_detail_url": "http://www.giantbomb.com/api/game/3030-2172/",
            "id": 2172,
            "name": "Fantastic Four: Rise of the Silver Surfer",
            "site_detail_url": "http://www.giantbomb.com/fantastic-four-rise-of-the-silver-surfer/3030-2172/"
        },
        {
            "api_detail_url": "http://www.giantbomb.com/api/game/3030-8984/",
            "id": 8984,
            "name": "Ben 10: Protector of Earth",
            "site_detail_url": "http://www.giantbomb.com/ben-10-protector-of-earth/3030-8984/"
        },
        {
            "api_detail_url": "http://www.giantbomb.com/api/game/3030-20822/",
            "id": 20822,
            "name": "LEGO Batman: The Videogame",
            "site_detail_url": "http://www.giantbomb.com/lego-batman-the-videogame/3030-20822/"
        },
        {
            "api_detail_url": "http://www.giantbomb.com/api/game/3030-20908/",
            "id": 20908,
            "name": "The Legend of Spyro: Dawn of the Dragon",
            "site_detail_url": "http://www.giantbomb.com/the-legend-of-spyro-dawn-of-the-dragon/3030-20908/"
        },
        {
            "api_detail_url": "http://www.giantbomb.com/api/game/3030-4209/",
            "id": 4209,
            "name": "Prototype",
            "site_detail_url": "http://www.giantbomb.com/prototype/3030-4209/"
        },
        {
            "api_detail_url": "http://www.giantbomb.com/api/game/3030-21847/",
            "id": 21847,
            "name": "Watchmen: The End is Nigh",
            "site_detail_url": "http://www.giantbomb.com/watchmen-the-end-is-nigh/3030-21847/"
        },
        {
            "api_detail_url": "http://www.giantbomb.com/api/game/3030-20470/",
            "id": 20470,
            "name": "Bionic Commando",
            "site_detail_url": "http://www.giantbomb.com/bionic-commando/3030-20470/"
        },
        {
            "api_detail_url": "http://www.giantbomb.com/api/game/3030-20688/",
            "id": 20688,
            "name": "Ghostbusters: The Video Game",
            "site_detail_url": "http://www.giantbomb.com/ghostbusters-the-video-game/3030-20688/"
        },
        {
            "api_detail_url": "http://www.giantbomb.com/api/game/3030-21559/",
            "id": 21559,
            "name": "Marvel Ultimate Alliance 2",
            "site_detail_url": "http://www.giantbomb.com/marvel-ultimate-alliance-2/3030-21559/"
        },
        {
            "api_detail_url": "http://www.giantbomb.com/api/game/3030-21590/",
            "id": 21590,
            "name": "Mass Effect 2",
            "site_detail_url": "http://www.giantbomb.com/mass-effect-2/3030-21590/"
        },
        {
            "api_detail_url": "http://www.giantbomb.com/api/game/3030-24035/",
            "id": 24035,
            "name": "Halo 3: ODST",
            "site_detail_url": "http://www.giantbomb.com/halo-3-odst/3030-24035/"
        },
        {
            "api_detail_url": "http://www.giantbomb.com/api/game/3030-24079/",
            "id": 24079,
            "name": "StarCraft II: Legacy of the Void",
            "site_detail_url": "http://www.giantbomb.com/starcraft-ii-legacy-of-the-void/3030-24079/"
        },
        {
            "api_detail_url": "http://www.giantbomb.com/api/game/3030-26790/",
            "id": 26790,
            "name": "Crackdown 2",
            "site_detail_url": "http://www.giantbomb.com/crackdown-2/3030-26790/"
        },
        {
            "api_detail_url": "http://www.giantbomb.com/api/game/3030-29405/",
            "id": 29405,
            "name": "Transformers: War For Cybertron",
            "site_detail_url": "http://www.giantbomb.com/transformers-war-for-cybertron/3030-29405/"
        },
        {
            "api_detail_url": "http://www.giantbomb.com/api/game/3030-30399/",
            "id": 30399,
            "name": "Spider-Man: Shattered Dimensions",
            "site_detail_url": "http://www.giantbomb.com/spider-man-shattered-dimensions/3030-30399/"
        },
        {
            "api_detail_url": "http://www.giantbomb.com/api/game/3030-29284/",
            "id": 29284,
            "name": "Tron: Evolution",
            "site_detail_url": "http://www.giantbomb.com/tron-evolution/3030-29284/"
        },
        {
            "api_detail_url": "http://www.giantbomb.com/api/game/3030-29321/",
            "id": 29321,
            "name": "Prince of Persia: The Forgotten Sands",
            "site_detail_url": "http://www.giantbomb.com/prince-of-persia-the-forgotten-sands/3030-29321/"
        },
        {
            "api_detail_url": "http://www.giantbomb.com/api/game/3030-30615/",
            "id": 30615,
            "name": "Gears of War 3",
            "site_detail_url": "http://www.giantbomb.com/gears-of-war-3/3030-30615/"
        },
        {
            "api_detail_url": "http://www.giantbomb.com/api/game/3030-32853/",
            "id": 32853,
            "name": "X-Men: Destiny",
            "site_detail_url": "http://www.giantbomb.com/x-men-destiny/3030-32853/"
        },
        {
            "api_detail_url": "http://www.giantbomb.com/api/game/3030-34204/",
            "id": 34204,
            "name": "Transformers: Dark of the Moon",
            "site_detail_url": "http://www.giantbomb.com/transformers-dark-of-the-moon/3030-34204/"
        },
        {
            "api_detail_url": "http://www.giantbomb.com/api/game/3030-32156/",
            "id": 32156,
            "name": "Green Lantern: Rise of the Manhunters",
            "site_detail_url": "http://www.giantbomb.com/green-lantern-rise-of-the-manhunters/3030-32156/"
        },
        {
            "api_detail_url": "http://www.giantbomb.com/api/game/3030-34429/",
            "id": 34429,
            "name": "Cartoon Network: Punch Time Explosion",
            "site_detail_url": "http://www.giantbomb.com/cartoon-network-punch-time-explosion/3030-34429/"
        },
        {
            "api_detail_url": "http://www.giantbomb.com/api/game/3030-34990/",
            "id": 34990,
            "name": "Kung Fu Panda 2: The Video Game",
            "site_detail_url": "http://www.giantbomb.com/kung-fu-panda-2-the-video-game/3030-34990/"
        },
        {
            "api_detail_url": "http://www.giantbomb.com/api/game/3030-32362/",
            "id": 32362,
            "name": "Warhammer 40,000: Dawn of War II - Retribution",
            "site_detail_url": "http://www.giantbomb.com/warhammer-40000-dawn-of-war-ii-retribution/3030-32362/"
        },
        {
            "api_detail_url": "http://www.giantbomb.com/api/game/3030-31180/",
            "id": 31180,
            "name": "God of War: Ghost of Sparta",
            "site_detail_url": "http://www.giantbomb.com/god-of-war-ghost-of-sparta/3030-31180/"
        },
        {
            "api_detail_url": "http://www.giantbomb.com/api/game/3030-29903/",
            "id": 29903,
            "name": "Vanquish",
            "site_detail_url": "http://www.giantbomb.com/vanquish/3030-29903/"
        },
        {
            "api_detail_url": "http://www.giantbomb.com/api/game/3030-25933/",
            "id": 25933,
            "name": "Fallout: New Vegas",
            "site_detail_url": "http://www.giantbomb.com/fallout-new-vegas/3030-25933/"
        },
        {
            "api_detail_url": "http://www.giantbomb.com/api/game/3030-31139/",
            "id": 31139,
            "name": "Ben 10 Ultimate Alien: Cosmic Destruction",
            "site_detail_url": "http://www.giantbomb.com/ben-10-ultimate-alien-cosmic-destruction/3030-31139/"
        },
        {
            "api_detail_url": "http://www.giantbomb.com/api/game/3030-24421/",
            "id": 24421,
            "name": "Clash of the Titans",
            "site_detail_url": "http://www.giantbomb.com/clash-of-the-titans/3030-24421/"
        },
        {
            "api_detail_url": "http://www.giantbomb.com/api/game/3030-25286/",
            "id": 25286,
            "name": "Dead to Rights: Retribution",
            "site_detail_url": "http://www.giantbomb.com/dead-to-rights-retribution/3030-25286/"
        },
        {
            "api_detail_url": "http://www.giantbomb.com/api/game/3030-20461/",
            "id": 20461,
            "name": "God of War III",
            "site_detail_url": "http://www.giantbomb.com/god-of-war-iii/3030-20461/"
        },
        {
            "api_detail_url": "http://www.giantbomb.com/api/game/3030-28188/",
            "id": 28188,
            "name": "Warhammer 40,000: Dawn of War II: Chaos Rising",
            "site_detail_url": "http://www.giantbomb.com/warhammer-40000-dawn-of-war-ii-chaos-rising/3030-28188/"
        },
        {
            "api_detail_url": "http://www.giantbomb.com/api/game/3030-20827/",
            "id": 20827,
            "name": "BioShock 2",
            "site_detail_url": "http://www.giantbomb.com/bioshock-2/3030-20827/"
        },
        {
            "api_detail_url": "http://www.giantbomb.com/api/game/3030-25787/",
            "id": 25787,
            "name": "Resonance of Fate",
            "site_detail_url": "http://www.giantbomb.com/resonance-of-fate/3030-25787/"
        },
        {
            "api_detail_url": "http://www.giantbomb.com/api/game/3030-20991/",
            "id": 20991,
            "name": "Darksiders",
            "site_detail_url": "http://www.giantbomb.com/darksiders/3030-20991/"
        },
        {
            "api_detail_url": "http://www.giantbomb.com/api/game/3030-22968/",
            "id": 22968,
            "name": "Splatterhouse",
            "site_detail_url": "http://www.giantbomb.com/splatterhouse/3030-22968/"
        },
        {
            "api_detail_url": "http://www.giantbomb.com/api/game/3030-22928/",
            "id": 22928,
            "name": "Assassin's Creed II",
            "site_detail_url": "http://www.giantbomb.com/assassins-creed-ii/3030-22928/"
        },
        {
            "api_detail_url": "http://www.giantbomb.com/api/game/3030-21075/",
            "id": 21075,
            "name": "Disney's Bolt",
            "site_detail_url": "http://www.giantbomb.com/disneys-bolt/3030-21075/"
        },
        {
            "api_detail_url": "http://www.giantbomb.com/api/game/3030-25673/",
            "id": 25673,
            "name": "Ratchet & Clank Future: A Crack in Time",
            "site_detail_url": "http://www.giantbomb.com/ratchet-clank-future-a-crack-in-time/3030-25673/"
        },
        {
            "api_detail_url": "http://www.giantbomb.com/api/game/3030-26889/",
            "id": 26889,
            "name": "Undead Knights",
            "site_detail_url": "http://www.giantbomb.com/undead-knights/3030-26889/"
        },
        {
            "api_detail_url": "http://www.giantbomb.com/api/game/3030-25586/",
            "id": 25586,
            "name": "Ninja Gaiden Sigma 2",
            "site_detail_url": "http://www.giantbomb.com/ninja-gaiden-sigma-2/3030-25586/"
        },
        {
            "api_detail_url": "http://www.giantbomb.com/api/game/3030-25721/",
            "id": 25721,
            "name": "Cloudy With a Chance of Meatballs",
            "site_detail_url": "http://www.giantbomb.com/cloudy-with-a-chance-of-meatballs/3030-25721/"
        },
        {
            "api_detail_url": "http://www.giantbomb.com/api/game/3030-26706/",
            "id": 26706,
            "name": "Shadow Complex",
            "site_detail_url": "http://www.giantbomb.com/shadow-complex/3030-26706/"
        },
        {
            "api_detail_url": "http://www.giantbomb.com/api/game/3030-25238/",
            "id": 25238,
            "name": "Transformers: Revenge of the Fallen",
            "site_detail_url": "http://www.giantbomb.com/transformers-revenge-of-the-fallen/3030-25238/"
        },
        {
            "api_detail_url": "http://www.giantbomb.com/api/game/3030-24514/",
            "id": 24514,
            "name": "Terminator Salvation",
            "site_detail_url": "http://www.giantbomb.com/terminator-salvation/3030-24514/"
        },
        {
            "api_detail_url": "http://www.giantbomb.com/api/game/3030-24747/",
            "id": 24747,
            "name": "X-Men Origins: Wolverine",
            "site_detail_url": "http://www.giantbomb.com/x-men-origins-wolverine/3030-24747/"
        },
        {
            "api_detail_url": "http://www.giantbomb.com/api/game/3030-24362/",
            "id": 24362,
            "name": "Company of Heroes: Tales of Valor",
            "site_detail_url": "http://www.giantbomb.com/company-of-heroes-tales-of-valor/3030-24362/"
        },
        {
            "api_detail_url": "http://www.giantbomb.com/api/game/3030-24700/",
            "id": 24700,
            "name": "Monsters vs. Aliens",
            "site_detail_url": "http://www.giantbomb.com/monsters-vs-aliens/3030-24700/"
        },
        {
            "api_detail_url": "http://www.giantbomb.com/api/game/3030-23661/",
            "id": 23661,
            "name": "Ninja Blade",
            "site_detail_url": "http://www.giantbomb.com/ninja-blade/3030-23661/"
        },
        {
            "api_detail_url": "http://www.giantbomb.com/api/game/3030-21308/",
            "id": 21308,
            "name": "Aion: Ascension",
            "site_detail_url": "http://www.giantbomb.com/aion-ascension/3030-21308/"
        },
        {
            "api_detail_url": "http://www.giantbomb.com/api/game/3030-20739/",
            "id": 20739,
            "name": "Tom Clancy's EndWar",
            "site_detail_url": "http://www.giantbomb.com/tom-clancys-endwar/3030-20739/"
        },
        {
            "api_detail_url": "http://www.giantbomb.com/api/game/3030-20726/",
            "id": 20726,
            "name": "Quantum of Solace",
            "site_detail_url": "http://www.giantbomb.com/quantum-of-solace/3030-20726/"
        },
        {
            "api_detail_url": "http://www.giantbomb.com/api/game/3030-21365/",
            "id": 21365,
            "name": "Rise of the Argonauts",
            "site_detail_url": "http://www.giantbomb.com/rise-of-the-argonauts/3030-21365/"
        },
        {
            "api_detail_url": "http://www.giantbomb.com/api/game/3030-21115/",
            "id": 21115,
            "name": "Ratchet & Clank Future: Quest for Booty",
            "site_detail_url": "http://www.giantbomb.com/ratchet-clank-future-quest-for-booty/3030-21115/"
        },
        {
            "api_detail_url": "http://www.giantbomb.com/api/game/3030-1819/",
            "id": 1819,
            "name": "The Golden Compass",
            "site_detail_url": "http://www.giantbomb.com/the-golden-compass/3030-1819/"
        },
        {
            "api_detail_url": "http://www.giantbomb.com/api/game/3030-21210/",
            "id": 21210,
            "name": "Conan",
            "site_detail_url": "http://www.giantbomb.com/conan/3030-21210/"
        },
        {
            "api_detail_url": "http://www.giantbomb.com/api/game/3030-18110/",
            "id": 18110,
            "name": "Guild Wars: Eye of the North",
            "site_detail_url": "http://www.giantbomb.com/guild-wars-eye-of-the-north/3030-18110/"
        },
        {
            "api_detail_url": "http://www.giantbomb.com/api/game/3030-13453/",
            "id": 13453,
            "name": "Medieval II: Total War - Kingdoms",
            "site_detail_url": "http://www.giantbomb.com/medieval-ii-total-war-kingdoms/3030-13453/"
        },
        {
            "api_detail_url": "http://www.giantbomb.com/api/game/3030-20928/",
            "id": 20928,
            "name": "Golden Axe: Beast Rider",
            "site_detail_url": "http://www.giantbomb.com/golden-axe-beast-rider/3030-20928/"
        },
        {
            "api_detail_url": "http://www.giantbomb.com/api/game/3030-4634/",
            "id": 4634,
            "name": "Microsoft Flight Simulator X",
            "site_detail_url": "http://www.giantbomb.com/microsoft-flight-simulator-x/3030-4634/"
        },
        {
            "api_detail_url": "http://www.giantbomb.com/api/game/3030-9966/",
            "id": 9966,
            "name": "Scarface: The World is Yours",
            "site_detail_url": "http://www.giantbomb.com/scarface-the-world-is-yours/3030-9966/"
        },
        {
            "api_detail_url": "http://www.giantbomb.com/api/game/3030-205/",
            "id": 205,
            "name": "Pursuit Force",
            "site_detail_url": "http://www.giantbomb.com/pursuit-force/3030-205/"
        },
        {
            "api_detail_url": "http://www.giantbomb.com/api/game/3030-17494/",
            "id": 17494,
            "name": "Guild Wars",
            "site_detail_url": "http://www.giantbomb.com/guild-wars/3030-17494/"
        },
        {
            "api_detail_url": "http://www.giantbomb.com/api/game/3030-35938/",
            "id": 35938,
            "name": "Ultimate Marvel vs. Capcom 3",
            "site_detail_url": "http://www.giantbomb.com/ultimate-marvel-vs-capcom-3/3030-35938/"
        },
        {
            "api_detail_url": "http://www.giantbomb.com/api/game/3030-34622/",
            "id": 34622,
            "name": "Spider-Man: Edge of Time",
            "site_detail_url": "http://www.giantbomb.com/spider-man-edge-of-time/3030-34622/"
        },
        {
            "api_detail_url": "http://www.giantbomb.com/api/game/3030-32374/",
            "id": 32374,
            "name": "Might & Magic Heroes VI",
            "site_detail_url": "http://www.giantbomb.com/might-magic-heroes-vi/3030-32374/"
        },
        {
            "api_detail_url": "http://www.giantbomb.com/api/game/3030-20679/",
            "id": 20679,
            "name": "Saints Row 2",
            "site_detail_url": "http://www.giantbomb.com/saints-row-2/3030-20679/"
        },
        {
            "api_detail_url": "http://www.giantbomb.com/api/game/3030-30425/",
            "id": 30425,
            "name": "The Lord of the Rings: War in the North",
            "site_detail_url": "http://www.giantbomb.com/the-lord-of-the-rings-war-in-the-north/3030-30425/"
        },
        {
            "api_detail_url": "http://www.giantbomb.com/api/game/3030-30478/",
            "id": 30478,
            "name": "Breach",
            "site_detail_url": "http://www.giantbomb.com/breach/3030-30478/"
        },
        {
            "api_detail_url": "http://www.giantbomb.com/api/game/3030-30484/",
            "id": 30484,
            "name": "F.E.A.R. 3",
            "site_detail_url": "http://www.giantbomb.com/fear-3/3030-30484/"
        },
        {
            "api_detail_url": "http://www.giantbomb.com/api/game/3030-25726/",
            "id": 25726,
            "name": "Red Faction: Armageddon",
            "site_detail_url": "http://www.giantbomb.com/red-faction-armageddon/3030-25726/"
        },
        {
            "api_detail_url": "http://www.giantbomb.com/api/game/3030-32711/",
            "id": 32711,
            "name": "Rise of Nightmares",
            "site_detail_url": "http://www.giantbomb.com/rise-of-nightmares/3030-32711/"
        },
        {
            "api_detail_url": "http://www.giantbomb.com/api/game/3030-26423/",
            "id": 26423,
            "name": "Call of Duty: Black Ops",
            "site_detail_url": "http://www.giantbomb.com/call-of-duty-black-ops/3030-26423/"
        },
        {
            "api_detail_url": "http://www.giantbomb.com/api/game/3030-31702/",
            "id": 31702,
            "name": "Kinectimals",
            "site_detail_url": "http://www.giantbomb.com/kinectimals/3030-31702/"
        },
        {
            "api_detail_url": "http://www.giantbomb.com/api/game/3030-23974/",
            "id": 23974,
            "name": "Eat Lead: The Return of Matt Hazard",
            "site_detail_url": "http://www.giantbomb.com/eat-lead-the-return-of-matt-hazard/3030-23974/"
        },
        {
            "api_detail_url": "http://www.giantbomb.com/api/game/3030-25719/",
            "id": 25719,
            "name": "Scooby-Doo! First Frights",
            "site_detail_url": "http://www.giantbomb.com/scooby-doo-first-frights/3030-25719/"
        },
        {
            "api_detail_url": "http://www.giantbomb.com/api/game/3030-20660/",
            "id": 20660,
            "name": "Command & Conquer: Red Alert 3",
            "site_detail_url": "http://www.giantbomb.com/command-conquer-red-alert-3/3030-20660/"
        },
        {
            "api_detail_url": "http://www.giantbomb.com/api/game/3030-20465/",
            "id": 20465,
            "name": "Condemned 2: Bloodshot",
            "site_detail_url": "http://www.giantbomb.com/condemned-2-bloodshot/3030-20465/"
        },
        {
            "api_detail_url": "http://www.giantbomb.com/api/game/3030-20990/",
            "id": 20990,
            "name": "Line Rider 2: Unbound",
            "site_detail_url": "http://www.giantbomb.com/line-rider-2-unbound/3030-20990/"
        },
        {
            "api_detail_url": "http://www.giantbomb.com/api/game/3030-24325/",
            "id": 24325,
            "name": "Madagascar: Escape 2 Africa",
            "site_detail_url": "http://www.giantbomb.com/madagascar-escape-2-africa/3030-24325/"
        },
        {
            "api_detail_url": "http://www.giantbomb.com/api/game/3030-20699/",
            "id": 20699,
            "name": "Resistance 2",
            "site_detail_url": "http://www.giantbomb.com/resistance-2/3030-20699/"
        },
        {
            "api_detail_url": "http://www.giantbomb.com/api/game/3030-9825/",
            "id": 9825,
            "name": "The Spiderwick Chronicles",
            "site_detail_url": "http://www.giantbomb.com/the-spiderwick-chronicles/3030-9825/"
        },
        {
            "api_detail_url": "http://www.giantbomb.com/api/game/3030-22441/",
            "id": 22441,
            "name": "Avatar: The Last Airbender - The Burning Earth",
            "site_detail_url": "http://www.giantbomb.com/avatar-the-last-airbender-the-burning-earth/3030-22441/"
        },
        {
            "api_detail_url": "http://www.giantbomb.com/api/game/3030-2133/",
            "id": 2133,
            "name": "Call of Duty 4: Modern Warfare",
            "site_detail_url": "http://www.giantbomb.com/call-of-duty-4-modern-warfare/3030-2133/"
        },
        {
            "api_detail_url": "http://www.giantbomb.com/api/game/3030-16314/",
            "id": 16314,
            "name": "Heroes of Might and Magic V: Tribes of the East",
            "site_detail_url": "http://www.giantbomb.com/heroes-of-might-and-magic-v-tribes-of-the-east/3030-16314/"
        },
        {
            "api_detail_url": "http://www.giantbomb.com/api/game/3030-22289/",
            "id": 22289,
            "name": "Pursuit Force Extreme Justice",
            "site_detail_url": "http://www.giantbomb.com/pursuit-force-extreme-justice/3030-22289/"
        },
        {
            "api_detail_url": "http://www.giantbomb.com/api/game/3030-27027/",
            "id": 27027,
            "name": "Transformers Autobots/Decepticons",
            "site_detail_url": "http://www.giantbomb.com/transformers-autobotsdecepticons/3030-27027/"
        },
        {
            "api_detail_url": "http://www.giantbomb.com/api/game/3030-10955/",
            "id": 10955,
            "name": "Unreal Tournament 3",
            "site_detail_url": "http://www.giantbomb.com/unreal-tournament-3/3030-10955/"
        },
        {
            "api_detail_url": "http://www.giantbomb.com/api/game/3030-13341/",
            "id": 13341,
            "name": "Family Guy Video Game!",
            "site_detail_url": "http://www.giantbomb.com/family-guy-video-game/3030-13341/"
        },
        {
            "api_detail_url": "http://www.giantbomb.com/api/game/3030-8694/",
            "id": 8694,
            "name": "The Sopranos: Road to Respect",
            "site_detail_url": "http://www.giantbomb.com/the-sopranos-road-to-respect/3030-8694/"
        },
        {
            "api_detail_url": "http://www.giantbomb.com/api/game/3030-9393/",
            "id": 9393,
            "name": "Star Wars: Lethal Alliance",
            "site_detail_url": "http://www.giantbomb.com/star-wars-lethal-alliance/3030-9393/"
        },
        {
            "api_detail_url": "http://www.giantbomb.com/api/game/3030-3345/",
            "id": 3345,
            "name": "True Crime: New York City",
            "site_detail_url": "http://www.giantbomb.com/true-crime-new-york-city/3030-3345/"
        },
        {
            "api_detail_url": "http://www.giantbomb.com/api/game/3030-759/",
            "id": 759,
            "name": "The Incredibles",
            "site_detail_url": "http://www.giantbomb.com/the-incredibles/3030-759/"
        },
        {
            "api_detail_url": "http://www.giantbomb.com/api/game/3030-179/",
            "id": 179,
            "name": "Ghosthunter",
            "site_detail_url": "http://www.giantbomb.com/ghosthunter/3030-179/"
        },
        {
            "api_detail_url": "http://www.giantbomb.com/api/game/3030-26539/",
            "id": 26539,
            "name": "The Lord of the Rings: Aragorn's Quest",
            "site_detail_url": "http://www.giantbomb.com/the-lord-of-the-rings-aragorns-quest/3030-26539/"
        },
        {
            "api_detail_url": "http://www.giantbomb.com/api/game/3030-34129/",
            "id": 34129,
            "name": "Skylanders: Spyro's Adventure",
            "site_detail_url": "http://www.giantbomb.com/skylanders-spyros-adventure/3030-34129/"
        },
        {
            "api_detail_url": "http://www.giantbomb.com/api/game/3030-35541/",
            "id": 35541,
            "name": "Kinect Disneyland Adventures",
            "site_detail_url": "http://www.giantbomb.com/kinect-disneyland-adventures/3030-35541/"
        },
        {
            "api_detail_url": "http://www.giantbomb.com/api/game/3030-33883/",
            "id": 33883,
            "name": "Final Fantasy XIII-2",
            "site_detail_url": "http://www.giantbomb.com/final-fantasy-xiii-2/3030-33883/"
        },
        {
            "api_detail_url": "http://www.giantbomb.com/api/game/3030-31734/",
            "id": 31734,
            "name": "Kid Icarus: Uprising",
            "site_detail_url": "http://www.giantbomb.com/kid-icarus-uprising/3030-31734/"
        },
        {
            "api_detail_url": "http://www.giantbomb.com/api/game/3030-32887/",
            "id": 32887,
            "name": "Dota 2",
            "site_detail_url": "http://www.giantbomb.com/dota-2/3030-32887/"
        },
        {
            "api_detail_url": "http://www.giantbomb.com/api/game/3030-35965/",
            "id": 35965,
            "name": "Naruto Shippuden: Ultimate Ninja Impact",
            "site_detail_url": "http://www.giantbomb.com/naruto-shippuden-ultimate-ninja-impact/3030-35965/"
        },
        {
            "api_detail_url": "http://www.giantbomb.com/api/game/3030-35816/",
            "id": 35816,
            "name": "Naruto Shippuden: Ultimate Ninja Storm Generations",
            "site_detail_url": "http://www.giantbomb.com/naruto-shippuden-ultimate-ninja-storm-generations/3030-35816/"
        },
        {
            "api_detail_url": "http://www.giantbomb.com/api/game/3030-33345/",
            "id": 33345,
            "name": "Prototype 2",
            "site_detail_url": "http://www.giantbomb.com/prototype-2/3030-33345/"
        },
        {
            "api_detail_url": "http://www.giantbomb.com/api/game/3030-35242/",
            "id": 35242,
            "name": "Starhawk",
            "site_detail_url": "http://www.giantbomb.com/starhawk/3030-35242/"
        },
        {
            "api_detail_url": "http://www.giantbomb.com/api/game/3030-7353/",
            "id": 7353,
            "name": "Conker: Live & Reloaded",
            "site_detail_url": "http://www.giantbomb.com/conker-live-reloaded/3030-7353/"
        },
        {
            "api_detail_url": "http://www.giantbomb.com/api/game/3030-36989/",
            "id": 36989,
            "name": "The Last of Us",
            "site_detail_url": "http://www.giantbomb.com/the-last-of-us/3030-36989/"
        },
        {
            "api_detail_url": "http://www.giantbomb.com/api/game/3030-38481/",
            "id": 38481,
            "name": "Gears of War: Judgment",
            "site_detail_url": "http://www.giantbomb.com/gears-of-war-judgment/3030-38481/"
        },
        {
            "api_detail_url": "http://www.giantbomb.com/api/game/3030-35948/",
            "id": 35948,
            "name": "Lollipop Chainsaw",
            "site_detail_url": "http://www.giantbomb.com/lollipop-chainsaw/3030-35948/"
        },
        {
            "api_detail_url": "http://www.giantbomb.com/api/game/3030-36634/",
            "id": 36634,
            "name": "Transformers: Fall of Cybertron",
            "site_detail_url": "http://www.giantbomb.com/transformers-fall-of-cybertron/3030-36634/"
        },
        {
            "api_detail_url": "http://www.giantbomb.com/api/game/3030-36898/",
            "id": 36898,
            "name": "LEGO Batman 2: DC Super Heroes",
            "site_detail_url": "http://www.giantbomb.com/lego-batman-2-dc-super-heroes/3030-36898/"
        },
        {
            "api_detail_url": "http://www.giantbomb.com/api/game/3030-39248/",
            "id": 39248,
            "name": "God of War Saga",
            "site_detail_url": "http://www.giantbomb.com/god-of-war-saga/3030-39248/"
        },
        {
            "api_detail_url": "http://www.giantbomb.com/api/game/3030-29941/",
            "id": 29941,
            "name": "Darksiders II",
            "site_detail_url": "http://www.giantbomb.com/darksiders-ii/3030-29941/"
        },
        {
            "api_detail_url": "http://www.giantbomb.com/api/game/3030-38786/",
            "id": 38786,
            "name": "Naruto Shippuden: Ultimate Ninja Storm 3",
            "site_detail_url": "http://www.giantbomb.com/naruto-shippuden-ultimate-ninja-storm-3/3030-38786/"
        },
        {
            "api_detail_url": "http://www.giantbomb.com/api/game/3030-37273/",
            "id": 37273,
            "name": "Resident Evil 6",
            "site_detail_url": "http://www.giantbomb.com/resident-evil-6/3030-37273/"
        },
        {
            "api_detail_url": "http://www.giantbomb.com/api/game/3030-36031/",
            "id": 36031,
            "name": "Cabela's Survival: Shadows of Katmai",
            "site_detail_url": "http://www.giantbomb.com/cabelas-survival-shadows-of-katmai/3030-36031/"
        },
        {
            "api_detail_url": "http://www.giantbomb.com/api/game/3030-23907/",
            "id": 23907,
            "name": "Secret Service",
            "site_detail_url": "http://www.giantbomb.com/secret-service/3030-23907/"
        },
        {
            "api_detail_url": "http://www.giantbomb.com/api/game/3030-37417/",
            "id": 37417,
            "name": "Skylanders Giants",
            "site_detail_url": "http://www.giantbomb.com/skylanders-giants/3030-37417/"
        },
        {
            "api_detail_url": "http://www.giantbomb.com/api/game/3030-38039/",
            "id": 38039,
            "name": "Call of Duty: Black Ops II",
            "site_detail_url": "http://www.giantbomb.com/call-of-duty-black-ops-ii/3030-38039/"
        },
        {
            "api_detail_url": "http://www.giantbomb.com/api/game/3030-37009/",
            "id": 37009,
            "name": "Batman Arkham City Lockdown",
            "site_detail_url": "http://www.giantbomb.com/batman-arkham-city-lockdown/3030-37009/"
        },
        {
            "api_detail_url": "http://www.giantbomb.com/api/game/3030-35003/",
            "id": 35003,
            "name": "Marvel Heroes 2016",
            "site_detail_url": "http://www.giantbomb.com/marvel-heroes-2016/3030-35003/"
        },
        {
            "api_detail_url": "http://www.giantbomb.com/api/game/3030-38581/",
            "id": 38581,
            "name": "Transformers Prime: The Game",
            "site_detail_url": "http://www.giantbomb.com/transformers-prime-the-game/3030-38581/"
        },
        {
            "api_detail_url": "http://www.giantbomb.com/api/game/3030-38284/",
            "id": 38284,
            "name": "Marvel Avengers: Battle for Earth",
            "site_detail_url": "http://www.giantbomb.com/marvel-avengers-battle-for-earth/3030-38284/"
        },
        {
            "api_detail_url": "http://www.giantbomb.com/api/game/3030-35559/",
            "id": 35559,
            "name": "Sly Cooper: Thieves in Time",
            "site_detail_url": "http://www.giantbomb.com/sly-cooper-thieves-in-time/3030-35559/"
        },
        {
            "api_detail_url": "http://www.giantbomb.com/api/game/3030-38043/",
            "id": 38043,
            "name": "God of War: Ascension",
            "site_detail_url": "http://www.giantbomb.com/god-of-war-ascension/3030-38043/"
        },
        {
            "api_detail_url": "http://www.giantbomb.com/api/game/3030-30944/",
            "id": 30944,
            "name": "Marvel vs. Capcom 3: Fate of Two Worlds",
            "site_detail_url": "http://www.giantbomb.com/marvel-vs-capcom-3-fate-of-two-worlds/3030-30944/"
        },
        {
            "api_detail_url": "http://www.giantbomb.com/api/game/3030-38480/",
            "id": 38480,
            "name": "Injustice: Gods Among Us",
            "site_detail_url": "http://www.giantbomb.com/injustice-gods-among-us/3030-38480/"
        },
        {
            "api_detail_url": "http://www.giantbomb.com/api/game/3030-35545/",
            "id": 35545,
            "name": "Fuse",
            "site_detail_url": "http://www.giantbomb.com/fuse/3030-35545/"
        },
        {
            "api_detail_url": "http://www.giantbomb.com/api/game/3030-39010/",
            "id": 39010,
            "name": "Deadpool",
            "site_detail_url": "http://www.giantbomb.com/deadpool/3030-39010/"
        },
        {
            "api_detail_url": "http://www.giantbomb.com/api/game/3030-38553/",
            "id": 38553,
            "name": "The Wonderful 101",
            "site_detail_url": "http://www.giantbomb.com/the-wonderful-101/3030-38553/"
        },
        {
            "api_detail_url": "http://www.giantbomb.com/api/game/3030-43233/",
            "id": 43233,
            "name": "Teenage Mutant Ninja Turtles",
            "site_detail_url": "http://www.giantbomb.com/teenage-mutant-ninja-turtles/3030-43233/"
        },
        {
            "api_detail_url": "http://www.giantbomb.com/api/game/3030-42245/",
            "id": 42245,
            "name": "Batman: Arkham Origins",
            "site_detail_url": "http://www.giantbomb.com/batman-arkham-origins/3030-42245/"
        },
        {
            "api_detail_url": "http://www.giantbomb.com/api/game/3030-39883/",
            "id": 39883,
            "name": "Avengers Initiative",
            "site_detail_url": "http://www.giantbomb.com/avengers-initiative/3030-39883/"
        },
        {
            "api_detail_url": "http://www.giantbomb.com/api/game/3030-44217/",
            "id": 44217,
            "name": "The Amazing Spider-Man 2",
            "site_detail_url": "http://www.giantbomb.com/the-amazing-spiderman-2/3030-44217/"
        },
        {
            "api_detail_url": "http://www.giantbomb.com/api/game/3030-20984/",
            "id": 20984,
            "name": "Alpha Protocol",
            "site_detail_url": "http://www.giantbomb.com/alpha-protocol/3030-20984/"
        },
        {
            "api_detail_url": "http://www.giantbomb.com/api/game/3030-16909/",
            "id": 16909,
            "name": "Mass Effect",
            "site_detail_url": "http://www.giantbomb.com/mass-effect/3030-16909/"
        },
        {
            "api_detail_url": "http://www.giantbomb.com/api/game/3030-41090/",
            "id": 41090,
            "name": "LEGO Marvel Super Heroes",
            "site_detail_url": "http://www.giantbomb.com/lego-marvel-super-heroes/3030-41090/"
        },
        {
            "api_detail_url": "http://www.giantbomb.com/api/game/3030-36171/",
            "id": 36171,
            "name": "WildStar",
            "site_detail_url": "http://www.giantbomb.com/wildstar/3030-36171/"
        },
        {
            "api_detail_url": "http://www.giantbomb.com/api/game/3030-20674/",
            "id": 20674,
            "name": "StarCraft II: Wings of Liberty",
            "site_detail_url": "http://www.giantbomb.com/starcraft-ii-wings-of-liberty/3030-20674/"
        },
        {
            "api_detail_url": "http://www.giantbomb.com/api/game/3030-30813/",
            "id": 30813,
            "name": "The Bureau: XCOM Declassified",
            "site_detail_url": "http://www.giantbomb.com/the-bureau-xcom-declassified/3030-30813/"
        },
        {
            "api_detail_url": "http://www.giantbomb.com/api/game/3030-45435/",
            "id": 45435,
            "name": "Transformers: Rise of the Dark Spark",
            "site_detail_url": "http://www.giantbomb.com/transformers-rise-of-the-dark-spark/3030-45435/"
        },
        {
            "api_detail_url": "http://www.giantbomb.com/api/game/3030-42902/",
            "id": 42902,
            "name": "Dead Rising 3",
            "site_detail_url": "http://www.giantbomb.com/dead-rising-3/3030-42902/"
        },
        {
            "api_detail_url": "http://www.giantbomb.com/api/game/3030-46431/",
            "id": 46431,
            "name": "Battlefield Hardline",
            "site_detail_url": "http://www.giantbomb.com/battlefield-hardline/3030-46431/"
        },
        {
            "api_detail_url": "http://www.giantbomb.com/api/game/3030-36621/",
            "id": 36621,
            "name": "Infinity Blade II",
            "site_detail_url": "http://www.giantbomb.com/infinity-blade-ii/3030-36621/"
        },
        {
            "api_detail_url": "http://www.giantbomb.com/api/game/3030-42898/",
            "id": 42898,
            "name": "Sunset Overdrive",
            "site_detail_url": "http://www.giantbomb.com/sunset-overdrive/3030-42898/"
        },
        {
            "api_detail_url": "http://www.giantbomb.com/api/game/3030-46009/",
            "id": 46009,
            "name": "Disney Infinity: Marvel Super Heroes",
            "site_detail_url": "http://www.giantbomb.com/disney-infinity-marvel-super-heroes/3030-46009/"
        },
        {
            "api_detail_url": "http://www.giantbomb.com/api/game/3030-42065/",
            "id": 42065,
            "name": "Infinite Crisis",
            "site_detail_url": "http://www.giantbomb.com/infinite-crisis/3030-42065/"
        },
        {
            "api_detail_url": "http://www.giantbomb.com/api/game/3030-31714/",
            "id": 31714,
            "name": "Kinect Star Wars",
            "site_detail_url": "http://www.giantbomb.com/kinect-star-wars/3030-31714/"
        },
        {
            "api_detail_url": "http://www.giantbomb.com/api/game/3030-37449/",
            "id": 37449,
            "name": "Madagascar 3: The Video Game",
            "site_detail_url": "http://www.giantbomb.com/madagascar-3-the-video-game/3030-37449/"
        },
        {
            "api_detail_url": "http://www.giantbomb.com/api/game/3030-46430/",
            "id": 46430,
            "name": "Lego Batman 3: Beyond Gotham",
            "site_detail_url": "http://www.giantbomb.com/lego-batman-3-beyond-gotham/3030-46430/"
        },
        {
            "api_detail_url": "http://www.giantbomb.com/api/game/3030-43790/",
            "id": 43790,
            "name": "Mighty No. 9",
            "site_detail_url": "http://www.giantbomb.com/mighty-no-9/3030-43790/"
        },
        {
            "api_detail_url": "http://www.giantbomb.com/api/game/3030-46597/",
            "id": 46597,
            "name": "Code Name: S.T.E.A.M.",
            "site_detail_url": "http://www.giantbomb.com/code-name-s-t-e-a-m/3030-46597/"
        },
        {
            "api_detail_url": "http://www.giantbomb.com/api/game/3030-46447/",
            "id": 46447,
            "name": "Mortal Kombat X",
            "site_detail_url": "http://www.giantbomb.com/mortal-kombat-x/3030-46447/"
        },
        {
            "api_detail_url": "http://www.giantbomb.com/api/game/3030-49026/",
            "id": 49026,
            "name": "Mortal Kombat X Mobile",
            "site_detail_url": "http://www.giantbomb.com/mortal-kombat-x-mobile/3030-49026/"
        },
        {
            "api_detail_url": "http://www.giantbomb.com/api/game/3030-45577/",
            "id": 45577,
            "name": "Batman: Arkham Knight",
            "site_detail_url": "http://www.giantbomb.com/batman-arkham-knight/3030-45577/"
        },
        {
            "api_detail_url": "http://www.giantbomb.com/api/game/3030-40912/",
            "id": 40912,
            "name": "Disney Infinity",
            "site_detail_url": "http://www.giantbomb.com/disney-infinity/3030-40912/"
        },
        {
            "api_detail_url": "http://www.giantbomb.com/api/game/3030-47753/",
            "id": 47753,
            "name": "Disney Infinity 3.0 Edition",
            "site_detail_url": "http://www.giantbomb.com/disney-infinity-3-0-edition/3030-47753/"
        },
        {
            "api_detail_url": "http://www.giantbomb.com/api/game/3030-49595/",
            "id": 49595,
            "name": "Kung Fu Panda: Showdown of Legendary Legends the Video Game",
            "site_detail_url": "http://www.giantbomb.com/kung-fu-panda-showdown-of-legendary-legends-the-vi/3030-49595/"
        },
        {
            "api_detail_url": "http://www.giantbomb.com/api/game/3030-51845/",
            "id": 51845,
            "name": "Teenage Mutant Ninja Turtles: Battle Match",
            "site_detail_url": "http://www.giantbomb.com/teenage-mutant-ninja-turtles-battle-match/3030-51845/"
        },
        {
            "api_detail_url": "http://www.giantbomb.com/api/game/3030-20667/",
            "id": 20667,
            "name": "Flushed Away",
            "site_detail_url": "http://www.giantbomb.com/flushed-away/3030-20667/"
        },
        {
            "api_detail_url": "http://www.giantbomb.com/api/game/3030-52233/",
            "id": 52233,
            "name": "Teenage Mutant Ninja Turtles: Portal Power",
            "site_detail_url": "http://www.giantbomb.com/teenage-mutant-ninja-turtles-portal-power/3030-52233/"
        }
    ],
    "gender": 1,
    "hometown": "New York, New York",
    "id": 63568,
    "name": "Fred Tatasciore",
    "people": [
        {
            "api_detail_url": "http://www.giantbomb.com/api/person/3040-86436/",
            "id": 86436,
            "name": "Zach Hanks",
            "site_detail_url": "http://www.giantbomb.com/zach-hanks/3040-86436/"
        }
    ]
}