{
    "birth_date": "2966-03-14",
    "country": "USA",
    "death_date": null,
    "deck": null,
    "first_credited_game": {
        "api_detail_url": "http://www.giantbomb.com/api/game/3030-6994/",
        "id": 6994,
        "name": "Blinky's Scary School"
    },
    "games": [
        {
            "api_detail_url": "http://www.giantbomb.com/api/game/3030-2528/",
            "id": 2528,
            "name": "Britney's Dance Beat",
            "site_detail_url": "http://www.giantbomb.com/britneys-dance-beat/3030-2528/"
        },
        {
            "api_detail_url": "http://www.giantbomb.com/api/game/3030-6994/",
            "id": 6994,
            "name": "Blinky's Scary School",
            "site_detail_url": "http://www.giantbomb.com/blinkys-scary-school/3030-6994/"
        },
        {
            "api_detail_url": "http://www.giantbomb.com/api/game/3030-20599/",
            "id": 20599,
            "name": "inFamous",
            "site_detail_url": "http://www.giantbomb.com/infamous/3030-20599/"
        },
        {
            "api_detail_url": "http://www.giantbomb.com/api/game/3030-11479/",
            "id": 11479,
            "name": "Star Trek: Starfleet Command III",
            "site_detail_url": "http://www.giantbomb.com/star-trek-starfleet-command-iii/3030-11479/"
        },
        {
            "api_detail_url": "http://www.giantbomb.com/api/game/3030-7043/",
            "id": 7043,
            "name": "Evil Dead: A Fistful of Boomstick",
            "site_detail_url": "http://www.giantbomb.com/evil-dead-a-fistful-of-boomstick/3030-7043/"
        },
        {
            "api_detail_url": "http://www.giantbomb.com/api/game/3030-7180/",
            "id": 7180,
            "name": "Yakuza",
            "site_detail_url": "http://www.giantbomb.com/yakuza/3030-7180/"
        },
        {
            "api_detail_url": "http://www.giantbomb.com/api/game/3030-20984/",
            "id": 20984,
            "name": "Alpha Protocol",
            "site_detail_url": "http://www.giantbomb.com/alpha-protocol/3030-20984/"
        },
        {
            "api_detail_url": "http://www.giantbomb.com/api/game/3030-27112/",
            "id": 27112,
            "name": "Prison Break: The Conspiracy",
            "site_detail_url": "http://www.giantbomb.com/prison-break-the-conspiracy/3030-27112/"
        },
        {
            "api_detail_url": "http://www.giantbomb.com/api/game/3030-16909/",
            "id": 16909,
            "name": "Mass Effect",
            "site_detail_url": "http://www.giantbomb.com/mass-effect/3030-16909/"
        },
        {
            "api_detail_url": "http://www.giantbomb.com/api/game/3030-20674/",
            "id": 20674,
            "name": "StarCraft II: Wings of Liberty",
            "site_detail_url": "http://www.giantbomb.com/starcraft-ii-wings-of-liberty/3030-20674/"
        }
    ],
    "gender": 1,
    "hometown": "Atlanta, GA",
    "id": 74177,
    "name": "Gary Anthony Williams",
    "people": []
}