{
    "birth_date": "1944-05-14",
    "country": "United States",
    "death_date": null,
    "deck": "George Lucas is a famous sci-fi director , producer, and writer . He is also the chairman of both Lucasfilm and LucasArts. ",
    "first_credited_game": {
        "api_detail_url": "http://www.giantbomb.com/api/game/3030-29838/",
        "id": 29838,
        "name": "Star Wars"
    },
    "games": [
        {
            "api_detail_url": "http://www.giantbomb.com/api/game/3030-4231/",
            "id": 4231,
            "name": "Star Wars: Rogue Squadron II: Rogue Leader",
            "site_detail_url": "http://www.giantbomb.com/star-wars-rogue-squadron-ii-rogue-leader/3030-4231/"
        },
        {
            "api_detail_url": "http://www.giantbomb.com/api/game/3030-18741/",
            "id": 18741,
            "name": "Star Wars: Knights of the Old Republic",
            "site_detail_url": "http://www.giantbomb.com/star-wars-knights-of-the-old-republic/3030-18741/"
        },
        {
            "api_detail_url": "http://www.giantbomb.com/api/game/3030-8852/",
            "id": 8852,
            "name": "Star Wars: Knights of the Old Republic II - The Sith Lords",
            "site_detail_url": "http://www.giantbomb.com/star-wars-knights-of-the-old-republic-ii-the-sith-/3030-8852/"
        },
        {
            "api_detail_url": "http://www.giantbomb.com/api/game/3030-14523/",
            "id": 14523,
            "name": "Star Wars: Jedi Knight II - Jedi Outcast",
            "site_detail_url": "http://www.giantbomb.com/star-wars-jedi-knight-ii-jedi-outcast/3030-14523/"
        },
        {
            "api_detail_url": "http://www.giantbomb.com/api/game/3030-12139/",
            "id": 12139,
            "name": "Star Wars: Shadows of the Empire",
            "site_detail_url": "http://www.giantbomb.com/star-wars-shadows-of-the-empire/3030-12139/"
        },
        {
            "api_detail_url": "http://www.giantbomb.com/api/game/3030-7418/",
            "id": 7418,
            "name": "Star Wars: Jedi Knight - Dark Forces II",
            "site_detail_url": "http://www.giantbomb.com/star-wars-jedi-knight-dark-forces-ii/3030-7418/"
        },
        {
            "api_detail_url": "http://www.giantbomb.com/api/game/3030-2726/",
            "id": 2726,
            "name": "Star Wars: Episode I - Jedi Power Battles",
            "site_detail_url": "http://www.giantbomb.com/star-wars-episode-i-jedi-power-battles/3030-2726/"
        },
        {
            "api_detail_url": "http://www.giantbomb.com/api/game/3030-20215/",
            "id": 20215,
            "name": "Star Wars: Galactic Battlegrounds - Clone Campaigns",
            "site_detail_url": "http://www.giantbomb.com/star-wars-galactic-battlegrounds-clone-campaigns/3030-20215/"
        },
        {
            "api_detail_url": "http://www.giantbomb.com/api/game/3030-9200/",
            "id": 9200,
            "name": "Star Wars: Episode III - Revenge of the Sith",
            "site_detail_url": "http://www.giantbomb.com/star-wars-episode-iii-revenge-of-the-sith/3030-9200/"
        },
        {
            "api_detail_url": "http://www.giantbomb.com/api/game/3030-15481/",
            "id": 15481,
            "name": "Star Wars: Battlefront",
            "site_detail_url": "http://www.giantbomb.com/star-wars-battlefront/3030-15481/"
        },
        {
            "api_detail_url": "http://www.giantbomb.com/api/game/3030-19947/",
            "id": 19947,
            "name": "Star Wars: Return of the Jedi - Death Star Battle",
            "site_detail_url": "http://www.giantbomb.com/star-wars-return-of-the-jedi-death-star-battle/3030-19947/"
        },
        {
            "api_detail_url": "http://www.giantbomb.com/api/game/3030-18901/",
            "id": 18901,
            "name": "Star Wars: Galactic Battlegrounds",
            "site_detail_url": "http://www.giantbomb.com/star-wars-galactic-battlegrounds/3030-18901/"
        },
        {
            "api_detail_url": "http://www.giantbomb.com/api/game/3030-841/",
            "id": 841,
            "name": "Rescue on Fractalus!",
            "site_detail_url": "http://www.giantbomb.com/rescue-on-fractalus/3030-841/"
        },
        {
            "api_detail_url": "http://www.giantbomb.com/api/game/3030-17906/",
            "id": 17906,
            "name": "Koronis Rift",
            "site_detail_url": "http://www.giantbomb.com/koronis-rift/3030-17906/"
        },
        {
            "api_detail_url": "http://www.giantbomb.com/api/game/3030-2037/",
            "id": 2037,
            "name": "Maniac Mansion",
            "site_detail_url": "http://www.giantbomb.com/maniac-mansion/3030-2037/"
        },
        {
            "api_detail_url": "http://www.giantbomb.com/api/game/3030-10238/",
            "id": 10238,
            "name": "PHM Pegasus",
            "site_detail_url": "http://www.giantbomb.com/phm-pegasus/3030-10238/"
        },
        {
            "api_detail_url": "http://www.giantbomb.com/api/game/3030-17569/",
            "id": 17569,
            "name": "Habitat",
            "site_detail_url": "http://www.giantbomb.com/habitat/3030-17569/"
        },
        {
            "api_detail_url": "http://www.giantbomb.com/api/game/3030-6728/",
            "id": 6728,
            "name": "Zak McKracken and the Alien Mindbenders",
            "site_detail_url": "http://www.giantbomb.com/zak-mckracken-and-the-alien-mindbenders/3030-6728/"
        },
        {
            "api_detail_url": "http://www.giantbomb.com/api/game/3030-18322/",
            "id": 18322,
            "name": "Battlehawks 1942",
            "site_detail_url": "http://www.giantbomb.com/battlehawks-1942/3030-18322/"
        },
        {
            "api_detail_url": "http://www.giantbomb.com/api/game/3030-16397/",
            "id": 16397,
            "name": "Their Finest Hour: The Battle of Britain",
            "site_detail_url": "http://www.giantbomb.com/their-finest-hour-the-battle-of-britain/3030-16397/"
        },
        {
            "api_detail_url": "http://www.giantbomb.com/api/game/3030-2779/",
            "id": 2779,
            "name": "Pipe Dream",
            "site_detail_url": "http://www.giantbomb.com/pipe-dream/3030-2779/"
        },
        {
            "api_detail_url": "http://www.giantbomb.com/api/game/3030-17284/",
            "id": 17284,
            "name": "The Kristal",
            "site_detail_url": "http://www.giantbomb.com/the-kristal/3030-17284/"
        },
        {
            "api_detail_url": "http://www.giantbomb.com/api/game/3030-13870/",
            "id": 13870,
            "name": "Secret Weapons of the Luftwaffe",
            "site_detail_url": "http://www.giantbomb.com/secret-weapons-of-the-luftwaffe/3030-13870/"
        },
        {
            "api_detail_url": "http://www.giantbomb.com/api/game/3030-10927/",
            "id": 10927,
            "name": "Loom",
            "site_detail_url": "http://www.giantbomb.com/loom/3030-10927/"
        },
        {
            "api_detail_url": "http://www.giantbomb.com/api/game/3030-8627/",
            "id": 8627,
            "name": "Super Star Wars: The Empire Strikes Back",
            "site_detail_url": "http://www.giantbomb.com/super-star-wars-the-empire-strikes-back/3030-8627/"
        },
        {
            "api_detail_url": "http://www.giantbomb.com/api/game/3030-6039/",
            "id": 6039,
            "name": "P-80 Shooting Star Tour Of Duty",
            "site_detail_url": "http://www.giantbomb.com/p-80-shooting-star-tour-of-duty/3030-6039/"
        },
        {
            "api_detail_url": "http://www.giantbomb.com/api/game/3030-11389/",
            "id": 11389,
            "name": "Indiana Jones and The Fate of Atlantis: The Action Game",
            "site_detail_url": "http://www.giantbomb.com/indiana-jones-and-the-fate-of-atlantis-the-action-/3030-11389/"
        },
        {
            "api_detail_url": "http://www.giantbomb.com/api/game/3030-3633/",
            "id": 3633,
            "name": "Indiana Jones and the Fate of Atlantis",
            "site_detail_url": "http://www.giantbomb.com/indiana-jones-and-the-fate-of-atlantis/3030-3633/"
        },
        {
            "api_detail_url": "http://www.giantbomb.com/api/game/3030-12058/",
            "id": 12058,
            "name": "Star Wars: Rebel Assault",
            "site_detail_url": "http://www.giantbomb.com/star-wars-rebel-assault/3030-12058/"
        },
        {
            "api_detail_url": "http://www.giantbomb.com/api/game/3030-8517/",
            "id": 8517,
            "name": "Star Wars Chess",
            "site_detail_url": "http://www.giantbomb.com/star-wars-chess/3030-8517/"
        },
        {
            "api_detail_url": "http://www.giantbomb.com/api/game/3030-4372/",
            "id": 4372,
            "name": "Maniac Mansion: Day of the Tentacle",
            "site_detail_url": "http://www.giantbomb.com/maniac-mansion-day-of-the-tentacle/3030-4372/"
        },
        {
            "api_detail_url": "http://www.giantbomb.com/api/game/3030-4692/",
            "id": 4692,
            "name": "Super Star Wars: Return of the Jedi",
            "site_detail_url": "http://www.giantbomb.com/super-star-wars-return-of-the-jedi/3030-4692/"
        },
        {
            "api_detail_url": "http://www.giantbomb.com/api/game/3030-19727/",
            "id": 19727,
            "name": "Star Wars: TIE Fighter",
            "site_detail_url": "http://www.giantbomb.com/star-wars-tie-fighter/3030-19727/"
        },
        {
            "api_detail_url": "http://www.giantbomb.com/api/game/3030-6329/",
            "id": 6329,
            "name": "Indiana Jones' Greatest Adventures",
            "site_detail_url": "http://www.giantbomb.com/indiana-jones-greatest-adventures/3030-6329/"
        },
        {
            "api_detail_url": "http://www.giantbomb.com/api/game/3030-7637/",
            "id": 7637,
            "name": "Star Wars: Rebel Assault II - The Hidden Empire",
            "site_detail_url": "http://www.giantbomb.com/star-wars-rebel-assault-ii-the-hidden-empire/3030-7637/"
        },
        {
            "api_detail_url": "http://www.giantbomb.com/api/game/3030-21174/",
            "id": 21174,
            "name": "Full Throttle",
            "site_detail_url": "http://www.giantbomb.com/full-throttle/3030-21174/"
        },
        {
            "api_detail_url": "http://www.giantbomb.com/api/game/3030-2614/",
            "id": 2614,
            "name": "The Dig",
            "site_detail_url": "http://www.giantbomb.com/the-dig/3030-2614/"
        },
        {
            "api_detail_url": "http://www.giantbomb.com/api/game/3030-14764/",
            "id": 14764,
            "name": "Big Sky Trooper",
            "site_detail_url": "http://www.giantbomb.com/big-sky-trooper/3030-14764/"
        },
        {
            "api_detail_url": "http://www.giantbomb.com/api/game/3030-19288/",
            "id": 19288,
            "name": "Mortimer and the Riddles of the Medallion",
            "site_detail_url": "http://www.giantbomb.com/mortimer-and-the-riddles-of-the-medallion/3030-19288/"
        },
        {
            "api_detail_url": "http://www.giantbomb.com/api/game/3030-13547/",
            "id": 13547,
            "name": "Indiana Jones and His Desktop Adventures",
            "site_detail_url": "http://www.giantbomb.com/indiana-jones-and-his-desktop-adventures/3030-13547/"
        },
        {
            "api_detail_url": "http://www.giantbomb.com/api/game/3030-2466/",
            "id": 2466,
            "name": "Afterlife",
            "site_detail_url": "http://www.giantbomb.com/afterlife/3030-2466/"
        },
        {
            "api_detail_url": "http://www.giantbomb.com/api/game/3030-13349/",
            "id": 13349,
            "name": "Star Wars: Yoda Stories",
            "site_detail_url": "http://www.giantbomb.com/star-wars-yoda-stories/3030-13349/"
        },
        {
            "api_detail_url": "http://www.giantbomb.com/api/game/3030-15483/",
            "id": 15483,
            "name": "Star Wars: X-Wing Vs. TIE Fighter",
            "site_detail_url": "http://www.giantbomb.com/star-wars-x-wing-vs-tie-fighter/3030-15483/"
        },
        {
            "api_detail_url": "http://www.giantbomb.com/api/game/3030-3138/",
            "id": 3138,
            "name": "Star Wars: X-Wing Vs. TIE Fighter - Balance of Power Campaigns",
            "site_detail_url": "http://www.giantbomb.com/star-wars-x-wing-vs-tie-fighter-balance-of-power-c/3030-3138/"
        },
        {
            "api_detail_url": "http://www.giantbomb.com/api/game/3030-12812/",
            "id": 12812,
            "name": "Star Wars: Monopoly",
            "site_detail_url": "http://www.giantbomb.com/star-wars-monopoly/3030-12812/"
        },
        {
            "api_detail_url": "http://www.giantbomb.com/api/game/3030-9603/",
            "id": 9603,
            "name": "Star Wars: Masters of Ter\u00e4s K\u00e4si",
            "site_detail_url": "http://www.giantbomb.com/star-wars-masters-of-teras-kasi/3030-9603/"
        },
        {
            "api_detail_url": "http://www.giantbomb.com/api/game/3030-1673/",
            "id": 1673,
            "name": "Outlaws",
            "site_detail_url": "http://www.giantbomb.com/outlaws/3030-1673/"
        },
        {
            "api_detail_url": "http://www.giantbomb.com/api/game/3030-5729/",
            "id": 5729,
            "name": "The Curse of Monkey Island",
            "site_detail_url": "http://www.giantbomb.com/the-curse-of-monkey-island/3030-5729/"
        },
        {
            "api_detail_url": "http://www.giantbomb.com/api/game/3030-8987/",
            "id": 8987,
            "name": "Herc's Adventures",
            "site_detail_url": "http://www.giantbomb.com/hercs-adventures/3030-8987/"
        },
        {
            "api_detail_url": "http://www.giantbomb.com/api/game/3030-4011/",
            "id": 4011,
            "name": "Star Wars: Rogue Squadron",
            "site_detail_url": "http://www.giantbomb.com/star-wars-rogue-squadron/3030-4011/"
        },
        {
            "api_detail_url": "http://www.giantbomb.com/api/game/3030-6064/",
            "id": 6064,
            "name": "Star Wars: DroidWorks",
            "site_detail_url": "http://www.giantbomb.com/star-wars-droidworks/3030-6064/"
        },
        {
            "api_detail_url": "http://www.giantbomb.com/api/game/3030-16288/",
            "id": 16288,
            "name": "Star Wars: Jedi Knight - Mysteries of the Sith",
            "site_detail_url": "http://www.giantbomb.com/star-wars-jedi-knight-mysteries-of-the-sith/3030-16288/"
        },
        {
            "api_detail_url": "http://www.giantbomb.com/api/game/3030-13062/",
            "id": 13062,
            "name": "StarCraft",
            "site_detail_url": "http://www.giantbomb.com/starcraft/3030-13062/"
        },
        {
            "api_detail_url": "http://www.giantbomb.com/api/game/3030-642/",
            "id": 642,
            "name": "The Elder Scrolls Adventures: Redguard",
            "site_detail_url": "http://www.giantbomb.com/the-elder-scrolls-adventures-redguard/3030-642/"
        },
        {
            "api_detail_url": "http://www.giantbomb.com/api/game/3030-433/",
            "id": 433,
            "name": "Star Wars: X-Wing Alliance",
            "site_detail_url": "http://www.giantbomb.com/star-wars-x-wing-alliance/3030-433/"
        },
        {
            "api_detail_url": "http://www.giantbomb.com/api/game/3030-14541/",
            "id": 14541,
            "name": "Star Wars: Episode I - The Phantom Menace",
            "site_detail_url": "http://www.giantbomb.com/star-wars-episode-i-the-phantom-menace/3030-14541/"
        },
        {
            "api_detail_url": "http://www.giantbomb.com/api/game/3030-12722/",
            "id": 12722,
            "name": "Star Wars: Episode I - The Gungan Frontier",
            "site_detail_url": "http://www.giantbomb.com/star-wars-episode-i-the-gungan-frontier/3030-12722/"
        },
        {
            "api_detail_url": "http://www.giantbomb.com/api/game/3030-13526/",
            "id": 13526,
            "name": "Star Wars: Episode I - Racer",
            "site_detail_url": "http://www.giantbomb.com/star-wars-episode-i-racer/3030-13526/"
        },
        {
            "api_detail_url": "http://www.giantbomb.com/api/game/3030-7284/",
            "id": 7284,
            "name": "Indiana Jones and the Infernal Machine",
            "site_detail_url": "http://www.giantbomb.com/indiana-jones-and-the-infernal-machine/3030-7284/"
        },
        {
            "api_detail_url": "http://www.giantbomb.com/api/game/3030-11590/",
            "id": 11590,
            "name": "Homeworld",
            "site_detail_url": "http://www.giantbomb.com/homeworld/3030-11590/"
        },
        {
            "api_detail_url": "http://www.giantbomb.com/api/game/3030-9058/",
            "id": 9058,
            "name": "Escape from Monkey Island",
            "site_detail_url": "http://www.giantbomb.com/escape-from-monkey-island/3030-9058/"
        },
        {
            "api_detail_url": "http://www.giantbomb.com/api/game/3030-13998/",
            "id": 13998,
            "name": "Star Wars: Starfighter",
            "site_detail_url": "http://www.giantbomb.com/star-wars-starfighter/3030-13998/"
        },
        {
            "api_detail_url": "http://www.giantbomb.com/api/game/3030-17353/",
            "id": 17353,
            "name": "Star Wars: Force Commander",
            "site_detail_url": "http://www.giantbomb.com/star-wars-force-commander/3030-17353/"
        },
        {
            "api_detail_url": "http://www.giantbomb.com/api/game/3030-8114/",
            "id": 8114,
            "name": "Star Wars: Episode I - Battle for Naboo",
            "site_detail_url": "http://www.giantbomb.com/star-wars-episode-i-battle-for-naboo/3030-8114/"
        },
        {
            "api_detail_url": "http://www.giantbomb.com/api/game/3030-19304/",
            "id": 19304,
            "name": "Star Wars: Demolition",
            "site_detail_url": "http://www.giantbomb.com/star-wars-demolition/3030-19304/"
        },
        {
            "api_detail_url": "http://www.giantbomb.com/api/game/3030-7311/",
            "id": 7311,
            "name": "Star Wars: Obi-Wan",
            "site_detail_url": "http://www.giantbomb.com/star-wars-obi-wan/3030-7311/"
        },
        {
            "api_detail_url": "http://www.giantbomb.com/api/game/3030-2201/",
            "id": 2201,
            "name": "Star Wars: The New Droid Army",
            "site_detail_url": "http://www.giantbomb.com/star-wars-the-new-droid-army/3030-2201/"
        },
        {
            "api_detail_url": "http://www.giantbomb.com/api/game/3030-11683/",
            "id": 11683,
            "name": "Star Wars: The Clone Wars",
            "site_detail_url": "http://www.giantbomb.com/star-wars-the-clone-wars/3030-11683/"
        },
        {
            "api_detail_url": "http://www.giantbomb.com/api/game/3030-7746/",
            "id": 7746,
            "name": "Star Wars: Racer Revenge",
            "site_detail_url": "http://www.giantbomb.com/star-wars-racer-revenge/3030-7746/"
        },
        {
            "api_detail_url": "http://www.giantbomb.com/api/game/3030-17571/",
            "id": 17571,
            "name": "Star Wars: Bounty Hunter",
            "site_detail_url": "http://www.giantbomb.com/star-wars-bounty-hunter/3030-17571/"
        },
        {
            "api_detail_url": "http://www.giantbomb.com/api/game/3030-4108/",
            "id": 4108,
            "name": "Star Wars: Rogue Squadron III - Rebel Strike",
            "site_detail_url": "http://www.giantbomb.com/star-wars-rogue-squadron-iii-rebel-strike/3030-4108/"
        },
        {
            "api_detail_url": "http://www.giantbomb.com/api/game/3030-9437/",
            "id": 9437,
            "name": "Star Wars: Galaxies - An Empire Divided",
            "site_detail_url": "http://www.giantbomb.com/star-wars-galaxies-an-empire-divided/3030-9437/"
        },
        {
            "api_detail_url": "http://www.giantbomb.com/api/game/3030-13088/",
            "id": 13088,
            "name": "RTX: Red Rock",
            "site_detail_url": "http://www.giantbomb.com/rtx-red-rock/3030-13088/"
        },
        {
            "api_detail_url": "http://www.giantbomb.com/api/game/3030-11171/",
            "id": 11171,
            "name": "Secret Weapons Over Normandy",
            "site_detail_url": "http://www.giantbomb.com/secret-weapons-over-normandy/3030-11171/"
        },
        {
            "api_detail_url": "http://www.giantbomb.com/api/game/3030-5151/",
            "id": 5151,
            "name": "Indiana Jones and the Emperor's Tomb",
            "site_detail_url": "http://www.giantbomb.com/indiana-jones-and-the-emperors-tomb/3030-5151/"
        },
        {
            "api_detail_url": "http://www.giantbomb.com/api/game/3030-6707/",
            "id": 6707,
            "name": "Gladius",
            "site_detail_url": "http://www.giantbomb.com/gladius/3030-6707/"
        },
        {
            "api_detail_url": "http://www.giantbomb.com/api/game/3030-19627/",
            "id": 19627,
            "name": "Armed and Dangerous",
            "site_detail_url": "http://www.giantbomb.com/armed-and-dangerous/3030-19627/"
        },
        {
            "api_detail_url": "http://www.giantbomb.com/api/game/3030-5208/",
            "id": 5208,
            "name": "Wrath Unleashed",
            "site_detail_url": "http://www.giantbomb.com/wrath-unleashed/3030-5208/"
        },
        {
            "api_detail_url": "http://www.giantbomb.com/api/game/3030-7262/",
            "id": 7262,
            "name": "Star Wars Trilogy: Apprentice of the Force",
            "site_detail_url": "http://www.giantbomb.com/star-wars-trilogy-apprentice-of-the-force/3030-7262/"
        },
        {
            "api_detail_url": "http://www.giantbomb.com/api/game/3030-1339/",
            "id": 1339,
            "name": "Star Wars: Republic Commando",
            "site_detail_url": "http://www.giantbomb.com/star-wars-republic-commando/3030-1339/"
        },
        {
            "api_detail_url": "http://www.giantbomb.com/api/game/3030-7318/",
            "id": 7318,
            "name": "Star Wars: Galaxies - Episode III Rage of the Wookiees",
            "site_detail_url": "http://www.giantbomb.com/star-wars-galaxies-episode-iii-rage-of-the-wookiee/3030-7318/"
        },
        {
            "api_detail_url": "http://www.giantbomb.com/api/game/3030-7633/",
            "id": 7633,
            "name": "Mercenaries: Playground of Destruction",
            "site_detail_url": "http://www.giantbomb.com/mercenaries-playground-of-destruction/3030-7633/"
        },
        {
            "api_detail_url": "http://www.giantbomb.com/api/game/3030-251/",
            "id": 251,
            "name": "LEGO Star Wars: The Video Game",
            "site_detail_url": "http://www.giantbomb.com/lego-star-wars-the-video-game/3030-251/"
        },
        {
            "api_detail_url": "http://www.giantbomb.com/api/game/3030-18956/",
            "id": 18956,
            "name": "Thrillville",
            "site_detail_url": "http://www.giantbomb.com/thrillville/3030-18956/"
        },
        {
            "api_detail_url": "http://www.giantbomb.com/api/game/3030-9393/",
            "id": 9393,
            "name": "Star Wars: Lethal Alliance",
            "site_detail_url": "http://www.giantbomb.com/star-wars-lethal-alliance/3030-9393/"
        },
        {
            "api_detail_url": "http://www.giantbomb.com/api/game/3030-4614/",
            "id": 4614,
            "name": "Star Wars: Empire at War",
            "site_detail_url": "http://www.giantbomb.com/star-wars-empire-at-war/3030-4614/"
        },
        {
            "api_detail_url": "http://www.giantbomb.com/api/game/3030-9197/",
            "id": 9197,
            "name": "Star Wars: Empire at War - Forces of Corruption",
            "site_detail_url": "http://www.giantbomb.com/star-wars-empire-at-war-forces-of-corruption/3030-9197/"
        },
        {
            "api_detail_url": "http://www.giantbomb.com/api/game/3030-9631/",
            "id": 9631,
            "name": "LEGO Star Wars II: The Original Trilogy",
            "site_detail_url": "http://www.giantbomb.com/lego-star-wars-ii-the-original-trilogy/3030-9631/"
        },
        {
            "api_detail_url": "http://www.giantbomb.com/api/game/3030-14748/",
            "id": 14748,
            "name": "Indiana Jones and The Last Crusade: The Graphic Adventure",
            "site_detail_url": "http://www.giantbomb.com/indiana-jones-and-the-last-crusade-the-graphic-adv/3030-14748/"
        },
        {
            "api_detail_url": "http://www.giantbomb.com/api/game/3030-29838/",
            "id": 29838,
            "name": "Star Wars",
            "site_detail_url": "http://www.giantbomb.com/star-wars/3030-29838/"
        },
        {
            "api_detail_url": "http://www.giantbomb.com/api/game/3030-20626/",
            "id": 20626,
            "name": "Star Wars: The Force Unleashed",
            "site_detail_url": "http://www.giantbomb.com/star-wars-the-force-unleashed/3030-20626/"
        },
        {
            "api_detail_url": "http://www.giantbomb.com/api/game/3030-11852/",
            "id": 11852,
            "name": "Sam & Max Hit the Road",
            "site_detail_url": "http://www.giantbomb.com/sam-max-hit-the-road/3030-11852/"
        },
        {
            "api_detail_url": "http://www.giantbomb.com/api/game/3030-7094/",
            "id": 7094,
            "name": "Star Wars: Battlefront II",
            "site_detail_url": "http://www.giantbomb.com/star-wars-battlefront-ii/3030-7094/"
        }
    ],
    "gender": 1,
    "hometown": "Modesto, California",
    "id": 2292,
    "name": "George Lucas",
    "people": [
        {
            "api_detail_url": "http://www.giantbomb.com/api/person/3040-3637/",
            "id": 3637,
            "name": "Gene Roddenberry",
            "site_detail_url": "http://www.giantbomb.com/gene-roddenberry/3040-3637/"
        },
        {
            "api_detail_url": "http://www.giantbomb.com/api/person/3040-47777/",
            "id": 47777,
            "name": "J. R. R. Tolkien",
            "site_detail_url": "http://www.giantbomb.com/j-r-r-tolkien/3040-47777/"
        }
    ]
}