{
    "birth_date": null,
    "country": null,
    "death_date": null,
    "deck": null,
    "first_credited_game": {
        "api_detail_url": "http://www.giantbomb.com/api/game/3030-7392/",
        "id": 7392,
        "name": "Baldur's Gate: Tales of the Sword Coast"
    },
    "games": [
        {
            "api_detail_url": "http://www.giantbomb.com/api/game/3030-10637/",
            "id": 10637,
            "name": "Baldur's Gate II: Shadows of Amn",
            "site_detail_url": "http://www.giantbomb.com/baldurs-gate-ii-shadows-of-amn/3030-10637/"
        },
        {
            "api_detail_url": "http://www.giantbomb.com/api/game/3030-7392/",
            "id": 7392,
            "name": "Baldur's Gate: Tales of the Sword Coast",
            "site_detail_url": "http://www.giantbomb.com/baldurs-gate-tales-of-the-sword-coast/3030-7392/"
        },
        {
            "api_detail_url": "http://www.giantbomb.com/api/game/3030-11906/",
            "id": 11906,
            "name": "Wizardry 8",
            "site_detail_url": "http://www.giantbomb.com/wizardry-8/3030-11906/"
        }
    ],
    "gender": null,
    "hometown": null,
    "id": 12773,
    "name": "Gilles Beauparlant",
    "people": []
}