{
    "birth_date": null,
    "country": null,
    "death_date": null,
    "deck": null,
    "first_credited_game": {
        "api_detail_url": "http://www.giantbomb.com/api/game/3030-8430/",
        "id": 8430,
        "name": "Pajama Sam: No Need to Hide When It\u2019s Dark Outside"
    },
    "games": [
        {
            "api_detail_url": "http://www.giantbomb.com/api/game/3030-6959/",
            "id": 6959,
            "name": "God of War",
            "site_detail_url": "http://www.giantbomb.com/god-of-war/3030-6959/"
        },
        {
            "api_detail_url": "http://www.giantbomb.com/api/game/3030-7462/",
            "id": 7462,
            "name": "Bouncers",
            "site_detail_url": "http://www.giantbomb.com/bouncers/3030-7462/"
        },
        {
            "api_detail_url": "http://www.giantbomb.com/api/game/3030-8430/",
            "id": 8430,
            "name": "Pajama Sam: No Need to Hide When It\u2019s Dark Outside",
            "site_detail_url": "http://www.giantbomb.com/pajama-sam-no-need-to-hide-when-its-dark-outside/3030-8430/"
        },
        {
            "api_detail_url": "http://www.giantbomb.com/api/game/3030-6735/",
            "id": 6735,
            "name": "Sacrifice",
            "site_detail_url": "http://www.giantbomb.com/sacrifice/3030-6735/"
        },
        {
            "api_detail_url": "http://www.giantbomb.com/api/game/3030-15382/",
            "id": 15382,
            "name": "Putt-Putt's One-Stop Fun Shop",
            "site_detail_url": "http://www.giantbomb.com/putt-putts-one-stop-fun-shop/3030-15382/"
        },
        {
            "api_detail_url": "http://www.giantbomb.com/api/game/3030-10431/",
            "id": 10431,
            "name": "Putt-Putt Joins the Circus",
            "site_detail_url": "http://www.giantbomb.com/putt-putt-joins-the-circus/3030-10431/"
        },
        {
            "api_detail_url": "http://www.giantbomb.com/api/game/3030-15196/",
            "id": 15196,
            "name": "Huggly Saves the Turtles: Thinking Adventures",
            "site_detail_url": "http://www.giantbomb.com/huggly-saves-the-turtles-thinking-adventures/3030-15196/"
        },
        {
            "api_detail_url": "http://www.giantbomb.com/api/game/3030-13629/",
            "id": 13629,
            "name": "Giants: Citizen Kabuto",
            "site_detail_url": "http://www.giantbomb.com/giants-citizen-kabuto/3030-13629/"
        },
        {
            "api_detail_url": "http://www.giantbomb.com/api/game/3030-16245/",
            "id": 16245,
            "name": "Clifford the Big Red Dog: Thinking Adventures",
            "site_detail_url": "http://www.giantbomb.com/clifford-the-big-red-dog-thinking-adventures/3030-16245/"
        },
        {
            "api_detail_url": "http://www.giantbomb.com/api/game/3030-13128/",
            "id": 13128,
            "name": "Clifford the Big Red Dog: Reading",
            "site_detail_url": "http://www.giantbomb.com/clifford-the-big-red-dog-reading/3030-13128/"
        },
        {
            "api_detail_url": "http://www.giantbomb.com/api/game/3030-3153/",
            "id": 3153,
            "name": "Icewind Dale: Heart of Winter",
            "site_detail_url": "http://www.giantbomb.com/icewind-dale-heart-of-winter/3030-3153/"
        },
        {
            "api_detail_url": "http://www.giantbomb.com/api/game/3030-1049/",
            "id": 1049,
            "name": "SOCOM II: U.S. Navy SEALs",
            "site_detail_url": "http://www.giantbomb.com/socom-ii-us-navy-seals/3030-1049/"
        },
        {
            "api_detail_url": "http://www.giantbomb.com/api/game/3030-16428/",
            "id": 16428,
            "name": "Clifford the Big Red Dog: Phonics",
            "site_detail_url": "http://www.giantbomb.com/clifford-the-big-red-dog-phonics/3030-16428/"
        },
        {
            "api_detail_url": "http://www.giantbomb.com/api/game/3030-13809/",
            "id": 13809,
            "name": "Rise to Honor",
            "site_detail_url": "http://www.giantbomb.com/rise-to-honor/3030-13809/"
        },
        {
            "api_detail_url": "http://www.giantbomb.com/api/game/3030-6730/",
            "id": 6730,
            "name": "Painkiller",
            "site_detail_url": "http://www.giantbomb.com/painkiller/3030-6730/"
        },
        {
            "api_detail_url": "http://www.giantbomb.com/api/game/3030-20425/",
            "id": 20425,
            "name": "Painkiller: Battle Out of Hell",
            "site_detail_url": "http://www.giantbomb.com/painkiller-battle-out-of-hell/3030-20425/"
        },
        {
            "api_detail_url": "http://www.giantbomb.com/api/game/3030-8580/",
            "id": 8580,
            "name": "Jade Empire",
            "site_detail_url": "http://www.giantbomb.com/jade-empire/3030-8580/"
        },
        {
            "api_detail_url": "http://www.giantbomb.com/api/game/3030-2842/",
            "id": 2842,
            "name": "Haunting Ground",
            "site_detail_url": "http://www.giantbomb.com/haunting-ground/3030-2842/"
        },
        {
            "api_detail_url": "http://www.giantbomb.com/api/game/3030-15502/",
            "id": 15502,
            "name": "Syphon Filter: Dark Mirror",
            "site_detail_url": "http://www.giantbomb.com/syphon-filter-dark-mirror/3030-15502/"
        },
        {
            "api_detail_url": "http://www.giantbomb.com/api/game/3030-39248/",
            "id": 39248,
            "name": "God of War Saga",
            "site_detail_url": "http://www.giantbomb.com/god-of-war-saga/3030-39248/"
        },
        {
            "api_detail_url": "http://www.giantbomb.com/api/game/3030-16909/",
            "id": 16909,
            "name": "Mass Effect",
            "site_detail_url": "http://www.giantbomb.com/mass-effect/3030-16909/"
        }
    ],
    "gender": 2,
    "hometown": null,
    "id": 12873,
    "name": "Ginny McSwain",
    "people": [
        {
            "api_detail_url": "http://www.giantbomb.com/api/person/3040-86436/",
            "id": 86436,
            "name": "Zach Hanks",
            "site_detail_url": "http://www.giantbomb.com/zach-hanks/3040-86436/"
        }
    ]
}