{
    "birth_date": "1952-03-02",
    "country": "United States",
    "death_date": null,
    "deck": "Gordon Walton is an executive producer and video game developer with over 33 years of experience in the game industry.",
    "first_credited_game": {
        "api_detail_url": "http://www.giantbomb.com/api/game/3030-988/",
        "id": 988,
        "name": "Jeopardy!"
    },
    "games": [
        {
            "api_detail_url": "http://www.giantbomb.com/api/game/3030-25503/",
            "id": 25503,
            "name": "Wheel of Fortune Deluxe Edition",
            "site_detail_url": "http://www.giantbomb.com/wheel-of-fortune-deluxe-edition/3030-25503/"
        },
        {
            "api_detail_url": "http://www.giantbomb.com/api/game/3030-12846/",
            "id": 12846,
            "name": "Dungeon of Death",
            "site_detail_url": "http://www.giantbomb.com/dungeon-of-death/3030-12846/"
        },
        {
            "api_detail_url": "http://www.giantbomb.com/api/game/3030-14609/",
            "id": 14609,
            "name": "Sub Battle Simulator",
            "site_detail_url": "http://www.giantbomb.com/sub-battle-simulator/3030-14609/"
        },
        {
            "api_detail_url": "http://www.giantbomb.com/api/game/3030-19095/",
            "id": 19095,
            "name": "PT-109",
            "site_detail_url": "http://www.giantbomb.com/pt-109/3030-19095/"
        },
        {
            "api_detail_url": "http://www.giantbomb.com/api/game/3030-988/",
            "id": 988,
            "name": "Jeopardy!",
            "site_detail_url": "http://www.giantbomb.com/jeopardy/3030-988/"
        },
        {
            "api_detail_url": "http://www.giantbomb.com/api/game/3030-15482/",
            "id": 15482,
            "name": "Empire Deluxe",
            "site_detail_url": "http://www.giantbomb.com/empire-deluxe/3030-15482/"
        },
        {
            "api_detail_url": "http://www.giantbomb.com/api/game/3030-14606/",
            "id": 14606,
            "name": "Harpoon Classic",
            "site_detail_url": "http://www.giantbomb.com/harpoon-classic/3030-14606/"
        },
        {
            "api_detail_url": "http://www.giantbomb.com/api/game/3030-11095/",
            "id": 11095,
            "name": "Harpoon Classic '97",
            "site_detail_url": "http://www.giantbomb.com/harpoon-classic-97/3030-11095/"
        },
        {
            "api_detail_url": "http://www.giantbomb.com/api/game/3030-11091/",
            "id": 11091,
            "name": "Air Warrior II",
            "site_detail_url": "http://www.giantbomb.com/air-warrior-ii/3030-11091/"
        },
        {
            "api_detail_url": "http://www.giantbomb.com/api/game/3030-7248/",
            "id": 7248,
            "name": "Air Warrior III",
            "site_detail_url": "http://www.giantbomb.com/air-warrior-iii/3030-7248/"
        },
        {
            "api_detail_url": "http://www.giantbomb.com/api/game/3030-2694/",
            "id": 2694,
            "name": "Ultima IX: Ascension",
            "site_detail_url": "http://www.giantbomb.com/ultima-ix-ascension/3030-2694/"
        },
        {
            "api_detail_url": "http://www.giantbomb.com/api/game/3030-17219/",
            "id": 17219,
            "name": "Ultima Online: Renaissance",
            "site_detail_url": "http://www.giantbomb.com/ultima-online-renaissance/3030-17219/"
        },
        {
            "api_detail_url": "http://www.giantbomb.com/api/game/3030-5557/",
            "id": 5557,
            "name": "Ultima Online: Third Dawn",
            "site_detail_url": "http://www.giantbomb.com/ultima-online-third-dawn/3030-5557/"
        },
        {
            "api_detail_url": "http://www.giantbomb.com/api/game/3030-10699/",
            "id": 10699,
            "name": "The Sims: Online",
            "site_detail_url": "http://www.giantbomb.com/the-sims-online/3030-10699/"
        },
        {
            "api_detail_url": "http://www.giantbomb.com/api/game/3030-17463/",
            "id": 17463,
            "name": "The Sims",
            "site_detail_url": "http://www.giantbomb.com/the-sims/3030-17463/"
        },
        {
            "api_detail_url": "http://www.giantbomb.com/api/game/3030-9681/",
            "id": 9681,
            "name": "Star Wars: Galaxies - Jump to Light Speed",
            "site_detail_url": "http://www.giantbomb.com/star-wars-galaxies-jump-to-light-speed/3030-9681/"
        },
        {
            "api_detail_url": "http://www.giantbomb.com/api/game/3030-388/",
            "id": 388,
            "name": "Syndicate: American Revolt",
            "site_detail_url": "http://www.giantbomb.com/syndicate-american-revolt/3030-388/"
        },
        {
            "api_detail_url": "http://www.giantbomb.com/api/game/3030-40079/",
            "id": 40079,
            "name": "Jeopardy! Deluxe Edition",
            "site_detail_url": "http://www.giantbomb.com/jeopardy-deluxe-edition/3030-40079/"
        }
    ],
    "gender": 1,
    "hometown": "Houston, Texas",
    "id": 6054,
    "name": "Gordon Walton",
    "people": []
}