{
    "birth_date": "1968-03-21",
    "country": "England",
    "death_date": null,
    "deck": "Known English actor from various blockbuster movies and the popular show '24'. Greg is also a prolific voice actor and has provided his talents for a number of video games.",
    "first_credited_game": {
        "api_detail_url": "http://www.giantbomb.com/api/game/3030-17450/",
        "id": 17450,
        "name": "Lionheart"
    },
    "games": [
        {
            "api_detail_url": "http://www.giantbomb.com/api/game/3030-20694/",
            "id": 20694,
            "name": "Tomb Raider: Underworld",
            "site_detail_url": "http://www.giantbomb.com/tomb-raider-underworld/3030-20694/"
        },
        {
            "api_detail_url": "http://www.giantbomb.com/api/game/3030-2133/",
            "id": 2133,
            "name": "Call of Duty 4: Modern Warfare",
            "site_detail_url": "http://www.giantbomb.com/call-of-duty-4-modern-warfare/3030-2133/"
        },
        {
            "api_detail_url": "http://www.giantbomb.com/api/game/3030-15212/",
            "id": 15212,
            "name": "Ratchet & Clank Future: Tools of Destruction",
            "site_detail_url": "http://www.giantbomb.com/ratchet-clank-future-tools-of-destruction/3030-15212/"
        },
        {
            "api_detail_url": "http://www.giantbomb.com/api/game/3030-10459/",
            "id": 10459,
            "name": "Disney's Pirates of the Caribbean: At World's End",
            "site_detail_url": "http://www.giantbomb.com/disneys-pirates-of-the-caribbean-at-worlds-end/3030-10459/"
        },
        {
            "api_detail_url": "http://www.giantbomb.com/api/game/3030-11314/",
            "id": 11314,
            "name": "God of War II",
            "site_detail_url": "http://www.giantbomb.com/god-of-war-ii/3030-11314/"
        },
        {
            "api_detail_url": "http://www.giantbomb.com/api/game/3030-1901/",
            "id": 1901,
            "name": "Supreme Commander",
            "site_detail_url": "http://www.giantbomb.com/supreme-commander/3030-1901/"
        },
        {
            "api_detail_url": "http://www.giantbomb.com/api/game/3030-6447/",
            "id": 6447,
            "name": "The Lord of the Rings: The Battle for Middle-earth II - The Rise of the Witch-King",
            "site_detail_url": "http://www.giantbomb.com/the-lord-of-the-rings-the-battle-for-middle-earth-/3030-6447/"
        },
        {
            "api_detail_url": "http://www.giantbomb.com/api/game/3030-5910/",
            "id": 5910,
            "name": "SOCOM: U.S. Navy SEALs - Fireteam Bravo 2",
            "site_detail_url": "http://www.giantbomb.com/socom-us-navy-seals-fireteam-bravo-2/3030-5910/"
        },
        {
            "api_detail_url": "http://www.giantbomb.com/api/game/3030-8246/",
            "id": 8246,
            "name": "Interstate '82",
            "site_detail_url": "http://www.giantbomb.com/interstate-82/3030-8246/"
        },
        {
            "api_detail_url": "http://www.giantbomb.com/api/game/3030-17568/",
            "id": 17568,
            "name": "Star Trek: Hidden Evil",
            "site_detail_url": "http://www.giantbomb.com/star-trek-hidden-evil/3030-17568/"
        },
        {
            "api_detail_url": "http://www.giantbomb.com/api/game/3030-5584/",
            "id": 5584,
            "name": "StarLancer",
            "site_detail_url": "http://www.giantbomb.com/starlancer/3030-5584/"
        },
        {
            "api_detail_url": "http://www.giantbomb.com/api/game/3030-1715/",
            "id": 1715,
            "name": "Star Trek: Invasion",
            "site_detail_url": "http://www.giantbomb.com/star-trek-invasion/3030-1715/"
        },
        {
            "api_detail_url": "http://www.giantbomb.com/api/game/3030-4505/",
            "id": 4505,
            "name": "Vampire: The Masquerade - Redemption",
            "site_detail_url": "http://www.giantbomb.com/vampire-the-masquerade-redemption/3030-4505/"
        },
        {
            "api_detail_url": "http://www.giantbomb.com/api/game/3030-19474/",
            "id": 19474,
            "name": "Disney's Tarzan Untamed",
            "site_detail_url": "http://www.giantbomb.com/disneys-tarzan-untamed/3030-19474/"
        },
        {
            "api_detail_url": "http://www.giantbomb.com/api/game/3030-7597/",
            "id": 7597,
            "name": "Disney's Treasure Planet",
            "site_detail_url": "http://www.giantbomb.com/disneys-treasure-planet/3030-7597/"
        },
        {
            "api_detail_url": "http://www.giantbomb.com/api/game/3030-12203/",
            "id": 12203,
            "name": "Red Faction II",
            "site_detail_url": "http://www.giantbomb.com/red-faction-ii/3030-12203/"
        },
        {
            "api_detail_url": "http://www.giantbomb.com/api/game/3030-18522/",
            "id": 18522,
            "name": "Onimusha: Blade Warriors",
            "site_detail_url": "http://www.giantbomb.com/onimusha-blade-warriors/3030-18522/"
        },
        {
            "api_detail_url": "http://www.giantbomb.com/api/game/3030-17450/",
            "id": 17450,
            "name": "Lionheart",
            "site_detail_url": "http://www.giantbomb.com/lionheart/3030-17450/"
        },
        {
            "api_detail_url": "http://www.giantbomb.com/api/game/3030-6759/",
            "id": 6759,
            "name": "Disney's Extreme Skate Adventure",
            "site_detail_url": "http://www.giantbomb.com/disneys-extreme-skate-adventure/3030-6759/"
        },
        {
            "api_detail_url": "http://www.giantbomb.com/api/game/3030-19621/",
            "id": 19621,
            "name": "Ys: The Ark of Napishtim",
            "site_detail_url": "http://www.giantbomb.com/ys-the-ark-of-napishtim/3030-19621/"
        },
        {
            "api_detail_url": "http://www.giantbomb.com/api/game/3030-10588/",
            "id": 10588,
            "name": "Robin Hood: Defender of the Crown",
            "site_detail_url": "http://www.giantbomb.com/robin-hood-defender-of-the-crown/3030-10588/"
        },
        {
            "api_detail_url": "http://www.giantbomb.com/api/game/3030-1629/",
            "id": 1629,
            "name": "Call of Duty",
            "site_detail_url": "http://www.giantbomb.com/call-of-duty/3030-1629/"
        },
        {
            "api_detail_url": "http://www.giantbomb.com/api/game/3030-1049/",
            "id": 1049,
            "name": "SOCOM II: U.S. Navy SEALs",
            "site_detail_url": "http://www.giantbomb.com/socom-ii-us-navy-seals/3030-1049/"
        },
        {
            "api_detail_url": "http://www.giantbomb.com/api/game/3030-16752/",
            "id": 16752,
            "name": "Medal of Honor: Rising Sun",
            "site_detail_url": "http://www.giantbomb.com/medal-of-honor-rising-sun/3030-16752/"
        },
        {
            "api_detail_url": "http://www.giantbomb.com/api/game/3030-159/",
            "id": 159,
            "name": "Ty the Tasmanian Tiger 2: Bush Rescue",
            "site_detail_url": "http://www.giantbomb.com/ty-the-tasmanian-tiger-2-bush-rescue/3030-159/"
        },
        {
            "api_detail_url": "http://www.giantbomb.com/api/game/3030-13217/",
            "id": 13217,
            "name": "Champions of Norrath",
            "site_detail_url": "http://www.giantbomb.com/champions-of-norrath/3030-13217/"
        },
        {
            "api_detail_url": "http://www.giantbomb.com/api/game/3030-12633/",
            "id": 12633,
            "name": "Call of Duty: United Offensive",
            "site_detail_url": "http://www.giantbomb.com/call-of-duty-united-offensive/3030-12633/"
        },
        {
            "api_detail_url": "http://www.giantbomb.com/api/game/3030-7932/",
            "id": 7932,
            "name": "DreamWorks' Shark Tale",
            "site_detail_url": "http://www.giantbomb.com/dreamworks-shark-tale/3030-7932/"
        },
        {
            "api_detail_url": "http://www.giantbomb.com/api/game/3030-13087/",
            "id": 13087,
            "name": "X-Men: Legends",
            "site_detail_url": "http://www.giantbomb.com/x-men-legends/3030-13087/"
        },
        {
            "api_detail_url": "http://www.giantbomb.com/api/game/3030-8102/",
            "id": 8102,
            "name": "The Bard's Tale",
            "site_detail_url": "http://www.giantbomb.com/the-bards-tale/3030-8102/"
        },
        {
            "api_detail_url": "http://www.giantbomb.com/api/game/3030-12934/",
            "id": 12934,
            "name": "Tom Clancy's Ghost Recon 2 - 2007: First Contact",
            "site_detail_url": "http://www.giantbomb.com/tom-clancys-ghost-recon-2-2007-first-contact/3030-12934/"
        },
        {
            "api_detail_url": "http://www.giantbomb.com/api/game/3030-14123/",
            "id": 14123,
            "name": "GoldenEye: Rogue Agent",
            "site_detail_url": "http://www.giantbomb.com/goldeneye-rogue-agent/3030-14123/"
        },
        {
            "api_detail_url": "http://www.giantbomb.com/api/game/3030-16426/",
            "id": 16426,
            "name": "Vampire: The Masquerade - Bloodlines",
            "site_detail_url": "http://www.giantbomb.com/vampire-the-masquerade-bloodlines/3030-16426/"
        },
        {
            "api_detail_url": "http://www.giantbomb.com/api/game/3030-8852/",
            "id": 8852,
            "name": "Star Wars: Knights of the Old Republic II - The Sith Lords",
            "site_detail_url": "http://www.giantbomb.com/star-wars-knights-of-the-old-republic-ii-the-sith-/3030-8852/"
        },
        {
            "api_detail_url": "http://www.giantbomb.com/api/game/3030-7701/",
            "id": 7701,
            "name": "The Lord of the Rings: The Battle for Middle-earth",
            "site_detail_url": "http://www.giantbomb.com/the-lord-of-the-rings-the-battle-for-middle-earth/3030-7701/"
        },
        {
            "api_detail_url": "http://www.giantbomb.com/api/game/3030-5704/",
            "id": 5704,
            "name": "Shadow of Rome",
            "site_detail_url": "http://www.giantbomb.com/shadow-of-rome/3030-5704/"
        },
        {
            "api_detail_url": "http://www.giantbomb.com/api/game/3030-2842/",
            "id": 2842,
            "name": "Haunting Ground",
            "site_detail_url": "http://www.giantbomb.com/haunting-ground/3030-2842/"
        },
        {
            "api_detail_url": "http://www.giantbomb.com/api/game/3030-10228/",
            "id": 10228,
            "name": "Medal of Honor: European Assault",
            "site_detail_url": "http://www.giantbomb.com/medal-of-honor-european-assault/3030-10228/"
        },
        {
            "api_detail_url": "http://www.giantbomb.com/api/game/3030-7940/",
            "id": 7940,
            "name": "Rogue Galaxy",
            "site_detail_url": "http://www.giantbomb.com/rogue-galaxy/3030-7940/"
        },
        {
            "api_detail_url": "http://www.giantbomb.com/api/game/3030-1895/",
            "id": 1895,
            "name": "Bratz: Rock Angelz",
            "site_detail_url": "http://www.giantbomb.com/bratz-rock-angelz/3030-1895/"
        },
        {
            "api_detail_url": "http://www.giantbomb.com/api/game/3030-14048/",
            "id": 14048,
            "name": "SOCOM 3: U.S. Navy SEALs",
            "site_detail_url": "http://www.giantbomb.com/socom-3-us-navy-seals/3030-14048/"
        },
        {
            "api_detail_url": "http://www.giantbomb.com/api/game/3030-2894/",
            "id": 2894,
            "name": "Teen Titans",
            "site_detail_url": "http://www.giantbomb.com/teen-titans/3030-2894/"
        },
        {
            "api_detail_url": "http://www.giantbomb.com/api/game/3030-1534/",
            "id": 1534,
            "name": "The Incredibles: Rise of the Underminer",
            "site_detail_url": "http://www.giantbomb.com/the-incredibles-rise-of-the-underminer/3030-1534/"
        },
        {
            "api_detail_url": "http://www.giantbomb.com/api/game/3030-19188/",
            "id": 19188,
            "name": "Ty the Tasmanian Tiger 3: Night of the Quinkan",
            "site_detail_url": "http://www.giantbomb.com/ty-the-tasmanian-tiger-3-night-of-the-quinkan/3030-19188/"
        },
        {
            "api_detail_url": "http://www.giantbomb.com/api/game/3030-17043/",
            "id": 17043,
            "name": "Agatha Christie: And Then There Were None",
            "site_detail_url": "http://www.giantbomb.com/agatha-christie-and-then-there-were-none/3030-17043/"
        },
        {
            "api_detail_url": "http://www.giantbomb.com/api/game/3030-5571/",
            "id": 5571,
            "name": "Dirge of Cerberus: Final Fantasy VII",
            "site_detail_url": "http://www.giantbomb.com/dirge-of-cerberus-final-fantasy-vii/3030-5571/"
        },
        {
            "api_detail_url": "http://www.giantbomb.com/api/game/3030-4867/",
            "id": 4867,
            "name": "The Lord of the Rings: The Battle for Middle-earth II",
            "site_detail_url": "http://www.giantbomb.com/the-lord-of-the-rings-the-battle-for-middle-earth-/3030-4867/"
        },
        {
            "api_detail_url": "http://www.giantbomb.com/api/game/3030-8554/",
            "id": 8554,
            "name": "Lara Croft Tomb Raider: Legend",
            "site_detail_url": "http://www.giantbomb.com/lara-croft-tomb-raider-legend/3030-8554/"
        },
        {
            "api_detail_url": "http://www.giantbomb.com/api/game/3030-8388/",
            "id": 8388,
            "name": "The Da Vinci Code",
            "site_detail_url": "http://www.giantbomb.com/the-da-vinci-code/3030-8388/"
        },
        {
            "api_detail_url": "http://www.giantbomb.com/api/game/3030-13169/",
            "id": 13169,
            "name": "Ty the Tasmanian Tiger",
            "site_detail_url": "http://www.giantbomb.com/ty-the-tasmanian-tiger/3030-13169/"
        },
        {
            "api_detail_url": "http://www.giantbomb.com/api/game/3030-20660/",
            "id": 20660,
            "name": "Command & Conquer: Red Alert 3",
            "site_detail_url": "http://www.giantbomb.com/command-conquer-red-alert-3/3030-20660/"
        },
        {
            "api_detail_url": "http://www.giantbomb.com/api/game/3030-4522/",
            "id": 4522,
            "name": "Medal of Honor: Allied Assault",
            "site_detail_url": "http://www.giantbomb.com/medal-of-honor-allied-assault/3030-4522/"
        },
        {
            "api_detail_url": "http://www.giantbomb.com/api/game/3030-10796/",
            "id": 10796,
            "name": "EverQuest",
            "site_detail_url": "http://www.giantbomb.com/everquest/3030-10796/"
        },
        {
            "api_detail_url": "http://www.giantbomb.com/api/game/3030-25034/",
            "id": 25034,
            "name": "Command & Conquer Red Alert 3: Uprising",
            "site_detail_url": "http://www.giantbomb.com/command-conquer-red-alert-3-uprising/3030-25034/"
        },
        {
            "api_detail_url": "http://www.giantbomb.com/api/game/3030-18547/",
            "id": 18547,
            "name": "EverQuest II",
            "site_detail_url": "http://www.giantbomb.com/everquest-ii/3030-18547/"
        },
        {
            "api_detail_url": "http://www.giantbomb.com/api/game/3030-29675/",
            "id": 29675,
            "name": "Dragon Age: Origins - Awakening",
            "site_detail_url": "http://www.giantbomb.com/dragon-age-origins-awakening/3030-29675/"
        },
        {
            "api_detail_url": "http://www.giantbomb.com/api/game/3030-20461/",
            "id": 20461,
            "name": "God of War III",
            "site_detail_url": "http://www.giantbomb.com/god-of-war-iii/3030-20461/"
        },
        {
            "api_detail_url": "http://www.giantbomb.com/api/game/3030-24421/",
            "id": 24421,
            "name": "Clash of the Titans",
            "site_detail_url": "http://www.giantbomb.com/clash-of-the-titans/3030-24421/"
        },
        {
            "api_detail_url": "http://www.giantbomb.com/api/game/3030-20699/",
            "id": 20699,
            "name": "Resistance 2",
            "site_detail_url": "http://www.giantbomb.com/resistance-2/3030-20699/"
        },
        {
            "api_detail_url": "http://www.giantbomb.com/api/game/3030-3855/",
            "id": 3855,
            "name": "Disney's Treasure Planet: Battle at Procyon",
            "site_detail_url": "http://www.giantbomb.com/disneys-treasure-planet-battle-at-procyon/3030-3855/"
        },
        {
            "api_detail_url": "http://www.giantbomb.com/api/game/3030-7757/",
            "id": 7757,
            "name": "Lionheart: Legacy of the Crusader",
            "site_detail_url": "http://www.giantbomb.com/lionheart-legacy-of-the-crusader/3030-7757/"
        },
        {
            "api_detail_url": "http://www.giantbomb.com/api/game/3030-4913/",
            "id": 4913,
            "name": "Pirates of the Caribbean: The Legend of Jack Sparrow",
            "site_detail_url": "http://www.giantbomb.com/pirates-of-the-caribbean-the-legend-of-jack-sparro/3030-4913/"
        },
        {
            "api_detail_url": "http://www.giantbomb.com/api/game/3030-7158/",
            "id": 7158,
            "name": "Cars",
            "site_detail_url": "http://www.giantbomb.com/cars/3030-7158/"
        },
        {
            "api_detail_url": "http://www.giantbomb.com/api/game/3030-12533/",
            "id": 12533,
            "name": "Pirates of the Caribbean: At World's End",
            "site_detail_url": "http://www.giantbomb.com/pirates-of-the-caribbean-at-worlds-end/3030-12533/"
        },
        {
            "api_detail_url": "http://www.giantbomb.com/api/game/3030-20879/",
            "id": 20879,
            "name": "Chronicles of Narnia: Prince Caspian",
            "site_detail_url": "http://www.giantbomb.com/chronicles-of-narnia-prince-caspian/3030-20879/"
        },
        {
            "api_detail_url": "http://www.giantbomb.com/api/game/3030-25673/",
            "id": 25673,
            "name": "Ratchet & Clank Future: A Crack in Time",
            "site_detail_url": "http://www.giantbomb.com/ratchet-clank-future-a-crack-in-time/3030-25673/"
        },
        {
            "api_detail_url": "http://www.giantbomb.com/api/game/3030-27664/",
            "id": 27664,
            "name": "Call of Duty: Modern Warfare: Mobilized",
            "site_detail_url": "http://www.giantbomb.com/call-of-duty-modern-warfare-mobilized/3030-27664/"
        },
        {
            "api_detail_url": "http://www.giantbomb.com/api/game/3030-30105/",
            "id": 30105,
            "name": "Batman: The Brave and the Bold: The Videogame",
            "site_detail_url": "http://www.giantbomb.com/batman-the-brave-and-the-bold-the-videogame/3030-30105/"
        },
        {
            "api_detail_url": "http://www.giantbomb.com/api/game/3030-27562/",
            "id": 27562,
            "name": "Disney Epic Mickey",
            "site_detail_url": "http://www.giantbomb.com/disney-epic-mickey/3030-27562/"
        },
        {
            "api_detail_url": "http://www.giantbomb.com/api/game/3030-34172/",
            "id": 34172,
            "name": "Cars 2: The Video Game",
            "site_detail_url": "http://www.giantbomb.com/cars-2-the-video-game/3030-34172/"
        },
        {
            "api_detail_url": "http://www.giantbomb.com/api/game/3030-15682/",
            "id": 15682,
            "name": "Barbie: Race and Ride",
            "site_detail_url": "http://www.giantbomb.com/barbie-race-and-ride/3030-15682/"
        },
        {
            "api_detail_url": "http://www.giantbomb.com/api/game/3030-39248/",
            "id": 39248,
            "name": "God of War Saga",
            "site_detail_url": "http://www.giantbomb.com/god-of-war-saga/3030-39248/"
        },
        {
            "api_detail_url": "http://www.giantbomb.com/api/game/3030-29941/",
            "id": 29941,
            "name": "Darksiders II",
            "site_detail_url": "http://www.giantbomb.com/darksiders-ii/3030-29941/"
        },
        {
            "api_detail_url": "http://www.giantbomb.com/api/game/3030-35938/",
            "id": 35938,
            "name": "Ultimate Marvel vs. Capcom 3",
            "site_detail_url": "http://www.giantbomb.com/ultimate-marvel-vs-capcom-3/3030-35938/"
        },
        {
            "api_detail_url": "http://www.giantbomb.com/api/game/3030-37417/",
            "id": 37417,
            "name": "Skylanders Giants",
            "site_detail_url": "http://www.giantbomb.com/skylanders-giants/3030-37417/"
        },
        {
            "api_detail_url": "http://www.giantbomb.com/api/game/3030-25636/",
            "id": 25636,
            "name": "Call of Duty 4: Modern Warfare",
            "site_detail_url": "http://www.giantbomb.com/call-of-duty-4-modern-warfare/3030-25636/"
        },
        {
            "api_detail_url": "http://www.giantbomb.com/api/game/3030-32317/",
            "id": 32317,
            "name": "BioShock Infinite",
            "site_detail_url": "http://www.giantbomb.com/bioshock-infinite/3030-32317/"
        },
        {
            "api_detail_url": "http://www.giantbomb.com/api/game/3030-36884/",
            "id": 36884,
            "name": "Saints Row IV",
            "site_detail_url": "http://www.giantbomb.com/saints-row-iv/3030-36884/"
        },
        {
            "api_detail_url": "http://www.giantbomb.com/api/game/3030-35398/",
            "id": 35398,
            "name": "Dragon Age: Inquisition",
            "site_detail_url": "http://www.giantbomb.com/dragon-age-inquisition/3030-35398/"
        },
        {
            "api_detail_url": "http://www.giantbomb.com/api/game/3030-32684/",
            "id": 32684,
            "name": "Shadows of the Damned",
            "site_detail_url": "http://www.giantbomb.com/shadows-of-the-damned/3030-32684/"
        },
        {
            "api_detail_url": "http://www.giantbomb.com/api/game/3030-42842/",
            "id": 42842,
            "name": "Disney Fantasia: Music Evolved",
            "site_detail_url": "http://www.giantbomb.com/disney-fantasia-music-evolved/3030-42842/"
        },
        {
            "api_detail_url": "http://www.giantbomb.com/api/game/3030-26180/",
            "id": 26180,
            "name": "Motocross Maniacs Advance",
            "site_detail_url": "http://www.giantbomb.com/motocross-maniacs-advance/3030-26180/"
        },
        {
            "api_detail_url": "http://www.giantbomb.com/api/game/3030-40912/",
            "id": 40912,
            "name": "Disney Infinity",
            "site_detail_url": "http://www.giantbomb.com/disney-infinity/3030-40912/"
        },
        {
            "api_detail_url": "http://www.giantbomb.com/api/game/3030-23552/",
            "id": 23552,
            "name": "Frogger: Helmet Chaos",
            "site_detail_url": "http://www.giantbomb.com/frogger-helmet-chaos/3030-23552/"
        }
    ],
    "gender": 1,
    "hometown": null,
    "id": 22865,
    "name": "Greg Ellis",
    "people": [
        {
            "api_detail_url": "http://www.giantbomb.com/api/person/3040-86436/",
            "id": 86436,
            "name": "Zach Hanks",
            "site_detail_url": "http://www.giantbomb.com/zach-hanks/3040-86436/"
        }
    ]
}