{
    "birth_date": null,
    "country": "Canada",
    "death_date": null,
    "deck": "Dr. Greg Zeschuk is the President and former Co-Executive Producer at BioWare.",
    "first_credited_game": {
        "api_detail_url": "http://www.giantbomb.com/api/game/3030-7531/",
        "id": 7531,
        "name": "Shattered Steel"
    },
    "games": [
        {
            "api_detail_url": "http://www.giantbomb.com/api/game/3030-7531/",
            "id": 7531,
            "name": "Shattered Steel",
            "site_detail_url": "http://www.giantbomb.com/shattered-steel/3030-7531/"
        },
        {
            "api_detail_url": "http://www.giantbomb.com/api/game/3030-8580/",
            "id": 8580,
            "name": "Jade Empire",
            "site_detail_url": "http://www.giantbomb.com/jade-empire/3030-8580/"
        },
        {
            "api_detail_url": "http://www.giantbomb.com/api/game/3030-18741/",
            "id": 18741,
            "name": "Star Wars: Knights of the Old Republic",
            "site_detail_url": "http://www.giantbomb.com/star-wars-knights-of-the-old-republic/3030-18741/"
        },
        {
            "api_detail_url": "http://www.giantbomb.com/api/game/3030-1531/",
            "id": 1531,
            "name": "MDK 2",
            "site_detail_url": "http://www.giantbomb.com/mdk-2/3030-1531/"
        },
        {
            "api_detail_url": "http://www.giantbomb.com/api/game/3030-10637/",
            "id": 10637,
            "name": "Baldur's Gate II: Shadows of Amn",
            "site_detail_url": "http://www.giantbomb.com/baldurs-gate-ii-shadows-of-amn/3030-10637/"
        },
        {
            "api_detail_url": "http://www.giantbomb.com/api/game/3030-7392/",
            "id": 7392,
            "name": "Baldur's Gate: Tales of the Sword Coast",
            "site_detail_url": "http://www.giantbomb.com/baldurs-gate-tales-of-the-sword-coast/3030-7392/"
        },
        {
            "api_detail_url": "http://www.giantbomb.com/api/game/3030-6795/",
            "id": 6795,
            "name": "Baldur's Gate II: Throne of Bhaal",
            "site_detail_url": "http://www.giantbomb.com/baldurs-gate-ii-throne-of-bhaal/3030-6795/"
        },
        {
            "api_detail_url": "http://www.giantbomb.com/api/game/3030-9953/",
            "id": 9953,
            "name": "Neverwinter Nights",
            "site_detail_url": "http://www.giantbomb.com/neverwinter-nights/3030-9953/"
        },
        {
            "api_detail_url": "http://www.giantbomb.com/api/game/3030-16534/",
            "id": 16534,
            "name": "Neverwinter Nights: Shadows of Undrentide",
            "site_detail_url": "http://www.giantbomb.com/neverwinter-nights-shadows-of-undrentide/3030-16534/"
        },
        {
            "api_detail_url": "http://www.giantbomb.com/api/game/3030-4452/",
            "id": 4452,
            "name": "Neverwinter Nights: Hordes of the Underdark",
            "site_detail_url": "http://www.giantbomb.com/neverwinter-nights-hordes-of-the-underdark/3030-4452/"
        },
        {
            "api_detail_url": "http://www.giantbomb.com/api/game/3030-8852/",
            "id": 8852,
            "name": "Star Wars: Knights of the Old Republic II - The Sith Lords",
            "site_detail_url": "http://www.giantbomb.com/star-wars-knights-of-the-old-republic-ii-the-sith-/3030-8852/"
        },
        {
            "api_detail_url": "http://www.giantbomb.com/api/game/3030-9061/",
            "id": 9061,
            "name": "Neverwinter Nights 2",
            "site_detail_url": "http://www.giantbomb.com/neverwinter-nights-2/3030-9061/"
        },
        {
            "api_detail_url": "http://www.giantbomb.com/api/game/3030-20641/",
            "id": 20641,
            "name": "Sonic Chronicles: The Dark Brotherhood",
            "site_detail_url": "http://www.giantbomb.com/sonic-chronicles-the-dark-brotherhood/3030-20641/"
        },
        {
            "api_detail_url": "http://www.giantbomb.com/api/game/3030-21590/",
            "id": 21590,
            "name": "Mass Effect 2",
            "site_detail_url": "http://www.giantbomb.com/mass-effect-2/3030-21590/"
        },
        {
            "api_detail_url": "http://www.giantbomb.com/api/game/3030-36149/",
            "id": 36149,
            "name": "Warhammer Online: Wrath of Heroes",
            "site_detail_url": "http://www.giantbomb.com/warhammer-online-wrath-of-heroes/3030-36149/"
        },
        {
            "api_detail_url": "http://www.giantbomb.com/api/game/3030-16909/",
            "id": 16909,
            "name": "Mass Effect",
            "site_detail_url": "http://www.giantbomb.com/mass-effect/3030-16909/"
        }
    ],
    "gender": 1,
    "hometown": null,
    "id": 12808,
    "name": "Greg Zeschuk",
    "people": [
        {
            "api_detail_url": "http://www.giantbomb.com/api/person/3040-12762/",
            "id": 12762,
            "name": "Ray Muzyka",
            "site_detail_url": "http://www.giantbomb.com/ray-muzyka/3040-12762/"
        }
    ]
}