{
    "birth_date": "1972-08-12",
    "country": "United States",
    "death_date": null,
    "deck": "Grey DeLisle is a comedian and singer, who has lent her voice in numerous video games.",
    "first_credited_game": {
        "api_detail_url": "http://www.giantbomb.com/api/game/3030-17450/",
        "id": 17450,
        "name": "Lionheart"
    },
    "games": [
        {
            "api_detail_url": "http://www.giantbomb.com/api/game/3030-4231/",
            "id": 4231,
            "name": "Star Wars: Rogue Squadron II: Rogue Leader",
            "site_detail_url": "http://www.giantbomb.com/star-wars-rogue-squadron-ii-rogue-leader/3030-4231/"
        },
        {
            "api_detail_url": "http://www.giantbomb.com/api/game/3030-6346/",
            "id": 6346,
            "name": "Fallout Tactics: Brotherhood of Steel",
            "site_detail_url": "http://www.giantbomb.com/fallout-tactics-brotherhood-of-steel/3030-6346/"
        },
        {
            "api_detail_url": "http://www.giantbomb.com/api/game/3030-1341/",
            "id": 1341,
            "name": "Fallout: Brotherhood of Steel",
            "site_detail_url": "http://www.giantbomb.com/fallout-brotherhood-of-steel/3030-1341/"
        },
        {
            "api_detail_url": "http://www.giantbomb.com/api/game/3030-9339/",
            "id": 9339,
            "name": "Y2K: The Game",
            "site_detail_url": "http://www.giantbomb.com/y2k-the-game/3030-9339/"
        },
        {
            "api_detail_url": "http://www.giantbomb.com/api/game/3030-14541/",
            "id": 14541,
            "name": "Star Wars: Episode I - The Phantom Menace",
            "site_detail_url": "http://www.giantbomb.com/star-wars-episode-i-the-phantom-menace/3030-14541/"
        },
        {
            "api_detail_url": "http://www.giantbomb.com/api/game/3030-7284/",
            "id": 7284,
            "name": "Indiana Jones and the Infernal Machine",
            "site_detail_url": "http://www.giantbomb.com/indiana-jones-and-the-infernal-machine/3030-7284/"
        },
        {
            "api_detail_url": "http://www.giantbomb.com/api/game/3030-10637/",
            "id": 10637,
            "name": "Baldur's Gate II: Shadows of Amn",
            "site_detail_url": "http://www.giantbomb.com/baldurs-gate-ii-shadows-of-amn/3030-10637/"
        },
        {
            "api_detail_url": "http://www.giantbomb.com/api/game/3030-17353/",
            "id": 17353,
            "name": "Star Wars: Force Commander",
            "site_detail_url": "http://www.giantbomb.com/star-wars-force-commander/3030-17353/"
        },
        {
            "api_detail_url": "http://www.giantbomb.com/api/game/3030-2726/",
            "id": 2726,
            "name": "Star Wars: Episode I - Jedi Power Battles",
            "site_detail_url": "http://www.giantbomb.com/star-wars-episode-i-jedi-power-battles/3030-2726/"
        },
        {
            "api_detail_url": "http://www.giantbomb.com/api/game/3030-13601/",
            "id": 13601,
            "name": "Invictus: In the Shadow of Olympus",
            "site_detail_url": "http://www.giantbomb.com/invictus-in-the-shadow-of-olympus/3030-13601/"
        },
        {
            "api_detail_url": "http://www.giantbomb.com/api/game/3030-16156/",
            "id": 16156,
            "name": "Dark Reign 2",
            "site_detail_url": "http://www.giantbomb.com/dark-reign-2/3030-16156/"
        },
        {
            "api_detail_url": "http://www.giantbomb.com/api/game/3030-9058/",
            "id": 9058,
            "name": "Escape from Monkey Island",
            "site_detail_url": "http://www.giantbomb.com/escape-from-monkey-island/3030-9058/"
        },
        {
            "api_detail_url": "http://www.giantbomb.com/api/game/3030-6735/",
            "id": 6735,
            "name": "Sacrifice",
            "site_detail_url": "http://www.giantbomb.com/sacrifice/3030-6735/"
        },
        {
            "api_detail_url": "http://www.giantbomb.com/api/game/3030-19304/",
            "id": 19304,
            "name": "Star Wars: Demolition",
            "site_detail_url": "http://www.giantbomb.com/star-wars-demolition/3030-19304/"
        },
        {
            "api_detail_url": "http://www.giantbomb.com/api/game/3030-13629/",
            "id": 13629,
            "name": "Giants: Citizen Kabuto",
            "site_detail_url": "http://www.giantbomb.com/giants-citizen-kabuto/3030-13629/"
        },
        {
            "api_detail_url": "http://www.giantbomb.com/api/game/3030-3551/",
            "id": 3551,
            "name": "Star Trek: Starfleet Command Volume II - Empires at War",
            "site_detail_url": "http://www.giantbomb.com/star-trek-starfleet-command-volume-ii-empires-at-w/3030-3551/"
        },
        {
            "api_detail_url": "http://www.giantbomb.com/api/game/3030-1714/",
            "id": 1714,
            "name": "Throne of Darkness",
            "site_detail_url": "http://www.giantbomb.com/throne-of-darkness/3030-1714/"
        },
        {
            "api_detail_url": "http://www.giantbomb.com/api/game/3030-7311/",
            "id": 7311,
            "name": "Star Wars: Obi-Wan",
            "site_detail_url": "http://www.giantbomb.com/star-wars-obi-wan/3030-7311/"
        },
        {
            "api_detail_url": "http://www.giantbomb.com/api/game/3030-18901/",
            "id": 18901,
            "name": "Star Wars: Galactic Battlegrounds",
            "site_detail_url": "http://www.giantbomb.com/star-wars-galactic-battlegrounds/3030-18901/"
        },
        {
            "api_detail_url": "http://www.giantbomb.com/api/game/3030-13998/",
            "id": 13998,
            "name": "Star Wars: Starfighter",
            "site_detail_url": "http://www.giantbomb.com/star-wars-starfighter/3030-13998/"
        },
        {
            "api_detail_url": "http://www.giantbomb.com/api/game/3030-6795/",
            "id": 6795,
            "name": "Baldur's Gate II: Throne of Bhaal",
            "site_detail_url": "http://www.giantbomb.com/baldurs-gate-ii-throne-of-bhaal/3030-6795/"
        },
        {
            "api_detail_url": "http://www.giantbomb.com/api/game/3030-21275/",
            "id": 21275,
            "name": "Scooby-Doo and the Cyber Chase",
            "site_detail_url": "http://www.giantbomb.com/scooby-doo-and-the-cyber-chase/3030-21275/"
        },
        {
            "api_detail_url": "http://www.giantbomb.com/api/game/3030-13091/",
            "id": 13091,
            "name": "Baldur's Gate: Dark Alliance",
            "site_detail_url": "http://www.giantbomb.com/baldurs-gate-dark-alliance/3030-13091/"
        },
        {
            "api_detail_url": "http://www.giantbomb.com/api/game/3030-4017/",
            "id": 4017,
            "name": "Star Wars: Jedi Starfighter",
            "site_detail_url": "http://www.giantbomb.com/star-wars-jedi-starfighter/3030-4017/"
        },
        {
            "api_detail_url": "http://www.giantbomb.com/api/game/3030-15114/",
            "id": 15114,
            "name": "Scooby-Doo!: Night of 100 Frights",
            "site_detail_url": "http://www.giantbomb.com/scooby-doo-night-of-100-frights/3030-15114/"
        },
        {
            "api_detail_url": "http://www.giantbomb.com/api/game/3030-8890/",
            "id": 8890,
            "name": "Icewind Dale II",
            "site_detail_url": "http://www.giantbomb.com/icewind-dale-ii/3030-8890/"
        },
        {
            "api_detail_url": "http://www.giantbomb.com/api/game/3030-11683/",
            "id": 11683,
            "name": "Star Wars: The Clone Wars",
            "site_detail_url": "http://www.giantbomb.com/star-wars-the-clone-wars/3030-11683/"
        },
        {
            "api_detail_url": "http://www.giantbomb.com/api/game/3030-17571/",
            "id": 17571,
            "name": "Star Wars: Bounty Hunter",
            "site_detail_url": "http://www.giantbomb.com/star-wars-bounty-hunter/3030-17571/"
        },
        {
            "api_detail_url": "http://www.giantbomb.com/api/game/3030-8985/",
            "id": 8985,
            "name": "Final Fantasy X-2",
            "site_detail_url": "http://www.giantbomb.com/final-fantasy-x-2/3030-8985/"
        },
        {
            "api_detail_url": "http://www.giantbomb.com/api/game/3030-4247/",
            "id": 4247,
            "name": "Arc the Lad: Twilight of the Spirits",
            "site_detail_url": "http://www.giantbomb.com/arc-the-lad-twilight-of-the-spirits/3030-4247/"
        },
        {
            "api_detail_url": "http://www.giantbomb.com/api/game/3030-17450/",
            "id": 17450,
            "name": "Lionheart",
            "site_detail_url": "http://www.giantbomb.com/lionheart/3030-17450/"
        },
        {
            "api_detail_url": "http://www.giantbomb.com/api/game/3030-18741/",
            "id": 18741,
            "name": "Star Wars: Knights of the Old Republic",
            "site_detail_url": "http://www.giantbomb.com/star-wars-knights-of-the-old-republic/3030-18741/"
        },
        {
            "api_detail_url": "http://www.giantbomb.com/api/game/3030-6707/",
            "id": 6707,
            "name": "Gladius",
            "site_detail_url": "http://www.giantbomb.com/gladius/3030-6707/"
        },
        {
            "api_detail_url": "http://www.giantbomb.com/api/game/3030-914/",
            "id": 914,
            "name": "Hunter: The Reckoning - Wayward",
            "site_detail_url": "http://www.giantbomb.com/hunter-the-reckoning-wayward/3030-914/"
        },
        {
            "api_detail_url": "http://www.giantbomb.com/api/game/3030-16922/",
            "id": 16922,
            "name": "Star Wars: Jedi Knight - Jedi Academy",
            "site_detail_url": "http://www.giantbomb.com/star-wars-jedi-knight-jedi-academy/3030-16922/"
        },
        {
            "api_detail_url": "http://www.giantbomb.com/api/game/3030-8652/",
            "id": 8652,
            "name": "Hunter: The Reckoning - Redeemer",
            "site_detail_url": "http://www.giantbomb.com/hunter-the-reckoning-redeemer/3030-8652/"
        },
        {
            "api_detail_url": "http://www.giantbomb.com/api/game/3030-11153/",
            "id": 11153,
            "name": "True Crime: Streets of LA",
            "site_detail_url": "http://www.giantbomb.com/true-crime-streets-of-la/3030-11153/"
        },
        {
            "api_detail_url": "http://www.giantbomb.com/api/game/3030-21268/",
            "id": 21268,
            "name": "The Hobbit",
            "site_detail_url": "http://www.giantbomb.com/the-hobbit/3030-21268/"
        },
        {
            "api_detail_url": "http://www.giantbomb.com/api/game/3030-9057/",
            "id": 9057,
            "name": "Fairly OddParents: Breakin' Da Rules",
            "site_detail_url": "http://www.giantbomb.com/fairly-oddparents-breakin-da-rules/3030-9057/"
        },
        {
            "api_detail_url": "http://www.giantbomb.com/api/game/3030-12107/",
            "id": 12107,
            "name": "Baldur's Gate: Dark Alliance II",
            "site_detail_url": "http://www.giantbomb.com/baldurs-gate-dark-alliance-ii/3030-12107/"
        },
        {
            "api_detail_url": "http://www.giantbomb.com/api/game/3030-13217/",
            "id": 13217,
            "name": "Champions of Norrath",
            "site_detail_url": "http://www.giantbomb.com/champions-of-norrath/3030-13217/"
        },
        {
            "api_detail_url": "http://www.giantbomb.com/api/game/3030-21273/",
            "id": 21273,
            "name": "Scooby-Doo: Mystery Mayhem",
            "site_detail_url": "http://www.giantbomb.com/scooby-doo-mystery-mayhem/3030-21273/"
        },
        {
            "api_detail_url": "http://www.giantbomb.com/api/game/3030-21265/",
            "id": 21265,
            "name": "The Fairly OddParents: Shadow Showdown",
            "site_detail_url": "http://www.giantbomb.com/the-fairly-oddparents-shadow-showdown/3030-21265/"
        },
        {
            "api_detail_url": "http://www.giantbomb.com/api/game/3030-13087/",
            "id": 13087,
            "name": "X-Men: Legends",
            "site_detail_url": "http://www.giantbomb.com/x-men-legends/3030-13087/"
        },
        {
            "api_detail_url": "http://www.giantbomb.com/api/game/3030-16426/",
            "id": 16426,
            "name": "Vampire: The Masquerade - Bloodlines",
            "site_detail_url": "http://www.giantbomb.com/vampire-the-masquerade-bloodlines/3030-16426/"
        },
        {
            "api_detail_url": "http://www.giantbomb.com/api/game/3030-8852/",
            "id": 8852,
            "name": "Star Wars: Knights of the Old Republic II - The Sith Lords",
            "site_detail_url": "http://www.giantbomb.com/star-wars-knights-of-the-old-republic-ii-the-sith-/3030-8852/"
        },
        {
            "api_detail_url": "http://www.giantbomb.com/api/game/3030-3156/",
            "id": 3156,
            "name": "Champions: Return to Arms",
            "site_detail_url": "http://www.giantbomb.com/champions-return-to-arms/3030-3156/"
        },
        {
            "api_detail_url": "http://www.giantbomb.com/api/game/3030-12611/",
            "id": 12611,
            "name": "Robots",
            "site_detail_url": "http://www.giantbomb.com/robots/3030-12611/"
        },
        {
            "api_detail_url": "http://www.giantbomb.com/api/game/3030-7754/",
            "id": 7754,
            "name": "Doom 3: Resurrection of Evil",
            "site_detail_url": "http://www.giantbomb.com/doom-3-resurrection-of-evil/3030-7754/"
        },
        {
            "api_detail_url": "http://www.giantbomb.com/api/game/3030-12835/",
            "id": 12835,
            "name": "Fantastic 4",
            "site_detail_url": "http://www.giantbomb.com/fantastic-4/3030-12835/"
        },
        {
            "api_detail_url": "http://www.giantbomb.com/api/game/3030-1745/",
            "id": 1745,
            "name": "Scooby-Doo! Unmasked",
            "site_detail_url": "http://www.giantbomb.com/scooby-doo-unmasked/3030-1745/"
        },
        {
            "api_detail_url": "http://www.giantbomb.com/api/game/3030-7676/",
            "id": 7676,
            "name": "X-Men: Legends II - Rise of Apocalypse",
            "site_detail_url": "http://www.giantbomb.com/x-men-legends-ii-rise-of-apocalypse/3030-7676/"
        },
        {
            "api_detail_url": "http://www.giantbomb.com/api/game/3030-1999/",
            "id": 1999,
            "name": "Ice Age 2: The Meltdown",
            "site_detail_url": "http://www.giantbomb.com/ice-age-2-the-meltdown/3030-1999/"
        },
        {
            "api_detail_url": "http://www.giantbomb.com/api/game/3030-232/",
            "id": 232,
            "name": "X-Men: The Official Game",
            "site_detail_url": "http://www.giantbomb.com/x-men-the-official-game/3030-232/"
        },
        {
            "api_detail_url": "http://www.giantbomb.com/api/game/3030-18163/",
            "id": 18163,
            "name": "Just Cause",
            "site_detail_url": "http://www.giantbomb.com/just-cause/3030-18163/"
        },
        {
            "api_detail_url": "http://www.giantbomb.com/api/game/3030-21263/",
            "id": 21263,
            "name": "The Grim Adventures of Billy & Mandy",
            "site_detail_url": "http://www.giantbomb.com/the-grim-adventures-of-billy-mandy/3030-21263/"
        },
        {
            "api_detail_url": "http://www.giantbomb.com/api/game/3030-10846/",
            "id": 10846,
            "name": "Avatar: The Last Airbender",
            "site_detail_url": "http://www.giantbomb.com/avatar-the-last-airbender/3030-10846/"
        },
        {
            "api_detail_url": "http://www.giantbomb.com/api/game/3030-3821/",
            "id": 3821,
            "name": "Happy Feet",
            "site_detail_url": "http://www.giantbomb.com/happy-feet/3030-3821/"
        },
        {
            "api_detail_url": "http://www.giantbomb.com/api/game/3030-2522/",
            "id": 2522,
            "name": "Xiaolin Showdown",
            "site_detail_url": "http://www.giantbomb.com/xiaolin-showdown/3030-2522/"
        },
        {
            "api_detail_url": "http://www.giantbomb.com/api/game/3030-8201/",
            "id": 8201,
            "name": "Lara Croft Tomb Raider: Anniversary",
            "site_detail_url": "http://www.giantbomb.com/lara-croft-tomb-raider-anniversary/3030-8201/"
        },
        {
            "api_detail_url": "http://www.giantbomb.com/api/game/3030-7670/",
            "id": 7670,
            "name": "Crash of the Titans",
            "site_detail_url": "http://www.giantbomb.com/crash-of-the-titans/3030-7670/"
        },
        {
            "api_detail_url": "http://www.giantbomb.com/api/game/3030-9326/",
            "id": 9326,
            "name": "Universe at War: Earth Assault",
            "site_detail_url": "http://www.giantbomb.com/universe-at-war-earth-assault/3030-9326/"
        },
        {
            "api_detail_url": "http://www.giantbomb.com/api/game/3030-20878/",
            "id": 20878,
            "name": "Speed Racer: The Videogame",
            "site_detail_url": "http://www.giantbomb.com/speed-racer-the-videogame/3030-20878/"
        },
        {
            "api_detail_url": "http://www.giantbomb.com/api/game/3030-20553/",
            "id": 20553,
            "name": "Ninja Gaiden II",
            "site_detail_url": "http://www.giantbomb.com/ninja-gaiden-ii/3030-20553/"
        },
        {
            "api_detail_url": "http://www.giantbomb.com/api/game/3030-20694/",
            "id": 20694,
            "name": "Tomb Raider: Underworld",
            "site_detail_url": "http://www.giantbomb.com/tomb-raider-underworld/3030-20694/"
        },
        {
            "api_detail_url": "http://www.giantbomb.com/api/game/3030-20971/",
            "id": 20971,
            "name": "Valkyria Chronicles",
            "site_detail_url": "http://www.giantbomb.com/valkyria-chronicles/3030-20971/"
        },
        {
            "api_detail_url": "http://www.giantbomb.com/api/game/3030-20817/",
            "id": 20817,
            "name": "Crash: Mind Over Mutant",
            "site_detail_url": "http://www.giantbomb.com/crash-mind-over-mutant/3030-20817/"
        },
        {
            "api_detail_url": "http://www.giantbomb.com/api/game/3030-21590/",
            "id": 21590,
            "name": "Mass Effect 2",
            "site_detail_url": "http://www.giantbomb.com/mass-effect-2/3030-21590/"
        },
        {
            "api_detail_url": "http://www.giantbomb.com/api/game/3030-26817/",
            "id": 26817,
            "name": "Metal Gear Solid: Peace Walker",
            "site_detail_url": "http://www.giantbomb.com/metal-gear-solid-peace-walker/3030-26817/"
        },
        {
            "api_detail_url": "http://www.giantbomb.com/api/game/3030-25586/",
            "id": 25586,
            "name": "Ninja Gaiden Sigma 2",
            "site_detail_url": "http://www.giantbomb.com/ninja-gaiden-sigma-2/3030-25586/"
        },
        {
            "api_detail_url": "http://www.giantbomb.com/api/game/3030-21037/",
            "id": 21037,
            "name": "Avatar - The Last Airbender: Into the Inferno",
            "site_detail_url": "http://www.giantbomb.com/avatar-the-last-airbender-into-the-inferno/3030-21037/"
        },
        {
            "api_detail_url": "http://www.giantbomb.com/api/game/3030-22441/",
            "id": 22441,
            "name": "Avatar: The Last Airbender - The Burning Earth",
            "site_detail_url": "http://www.giantbomb.com/avatar-the-last-airbender-the-burning-earth/3030-22441/"
        },
        {
            "api_detail_url": "http://www.giantbomb.com/api/game/3030-36048/",
            "id": 36048,
            "name": "Nicktoons MLB",
            "site_detail_url": "http://www.giantbomb.com/nicktoons-mlb/3030-36048/"
        },
        {
            "api_detail_url": "http://www.giantbomb.com/api/game/3030-32156/",
            "id": 32156,
            "name": "Green Lantern: Rise of the Manhunters",
            "site_detail_url": "http://www.giantbomb.com/green-lantern-rise-of-the-manhunters/3030-32156/"
        },
        {
            "api_detail_url": "http://www.giantbomb.com/api/game/3030-34429/",
            "id": 34429,
            "name": "Cartoon Network: Punch Time Explosion",
            "site_detail_url": "http://www.giantbomb.com/cartoon-network-punch-time-explosion/3030-34429/"
        },
        {
            "api_detail_url": "http://www.giantbomb.com/api/game/3030-32196/",
            "id": 32196,
            "name": "Marvel Super Hero Squad: The Infinity Gauntlet",
            "site_detail_url": "http://www.giantbomb.com/marvel-super-hero-squad-the-infinity-gauntlet/3030-32196/"
        },
        {
            "api_detail_url": "http://www.giantbomb.com/api/game/3030-30105/",
            "id": 30105,
            "name": "Batman: The Brave and the Bold: The Videogame",
            "site_detail_url": "http://www.giantbomb.com/batman-the-brave-and-the-bold-the-videogame/3030-30105/"
        },
        {
            "api_detail_url": "http://www.giantbomb.com/api/game/3030-24421/",
            "id": 24421,
            "name": "Clash of the Titans",
            "site_detail_url": "http://www.giantbomb.com/clash-of-the-titans/3030-24421/"
        },
        {
            "api_detail_url": "http://www.giantbomb.com/api/game/3030-29675/",
            "id": 29675,
            "name": "Dragon Age: Origins - Awakening",
            "site_detail_url": "http://www.giantbomb.com/dragon-age-origins-awakening/3030-29675/"
        },
        {
            "api_detail_url": "http://www.giantbomb.com/api/game/3030-26649/",
            "id": 26649,
            "name": "Marvel Super Hero Squad",
            "site_detail_url": "http://www.giantbomb.com/marvel-super-hero-squad/3030-26649/"
        },
        {
            "api_detail_url": "http://www.giantbomb.com/api/game/3030-20700/",
            "id": 20700,
            "name": "Br\u00fctal Legend",
            "site_detail_url": "http://www.giantbomb.com/brutal-legend/3030-20700/"
        },
        {
            "api_detail_url": "http://www.giantbomb.com/api/game/3030-25305/",
            "id": 25305,
            "name": "G.I. Joe: The Rise of Cobra",
            "site_detail_url": "http://www.giantbomb.com/gi-joe-the-rise-of-cobra/3030-25305/"
        },
        {
            "api_detail_url": "http://www.giantbomb.com/api/game/3030-24309/",
            "id": 24309,
            "name": "Dynasty Warriors: Strikeforce",
            "site_detail_url": "http://www.giantbomb.com/dynasty-warriors-strikeforce/3030-24309/"
        },
        {
            "api_detail_url": "http://www.giantbomb.com/api/game/3030-21094/",
            "id": 21094,
            "name": "Star Ocean: The Last Hope",
            "site_detail_url": "http://www.giantbomb.com/star-ocean-the-last-hope/3030-21094/"
        },
        {
            "api_detail_url": "http://www.giantbomb.com/api/game/3030-24766/",
            "id": 24766,
            "name": "Cartoon Network Universe: FusionFall",
            "site_detail_url": "http://www.giantbomb.com/cartoon-network-universe-fusionfall/3030-24766/"
        },
        {
            "api_detail_url": "http://www.giantbomb.com/api/game/3030-21023/",
            "id": 21023,
            "name": "Star Wars: The Clone Wars - Lightsaber Duels",
            "site_detail_url": "http://www.giantbomb.com/star-wars-the-clone-wars-lightsaber-duels/3030-21023/"
        },
        {
            "api_detail_url": "http://www.giantbomb.com/api/game/3030-21365/",
            "id": 21365,
            "name": "Rise of the Argonauts",
            "site_detail_url": "http://www.giantbomb.com/rise-of-the-argonauts/3030-21365/"
        },
        {
            "api_detail_url": "http://www.giantbomb.com/api/game/3030-20822/",
            "id": 20822,
            "name": "LEGO Batman: The Videogame",
            "site_detail_url": "http://www.giantbomb.com/lego-batman-the-videogame/3030-20822/"
        },
        {
            "api_detail_url": "http://www.giantbomb.com/api/game/3030-26610/",
            "id": 26610,
            "name": "El Tigre: The Adventures of Manny Rivera",
            "site_detail_url": "http://www.giantbomb.com/el-tigre-the-adventures-of-manny-rivera/3030-26610/"
        },
        {
            "api_detail_url": "http://www.giantbomb.com/api/game/3030-22611/",
            "id": 22611,
            "name": "Nicktoons: Attack of the Toybots",
            "site_detail_url": "http://www.giantbomb.com/nicktoons-attack-of-the-toybots/3030-22611/"
        },
        {
            "api_detail_url": "http://www.giantbomb.com/api/game/3030-32167/",
            "id": 32167,
            "name": "Nicktoons: Battle for Volcano Island",
            "site_detail_url": "http://www.giantbomb.com/nicktoons-battle-for-volcano-island/3030-32167/"
        },
        {
            "api_detail_url": "http://www.giantbomb.com/api/game/3030-7757/",
            "id": 7757,
            "name": "Lionheart: Legacy of the Crusader",
            "site_detail_url": "http://www.giantbomb.com/lionheart-legacy-of-the-crusader/3030-7757/"
        },
        {
            "api_detail_url": "http://www.giantbomb.com/api/game/3030-9953/",
            "id": 9953,
            "name": "Neverwinter Nights",
            "site_detail_url": "http://www.giantbomb.com/neverwinter-nights/3030-9953/"
        },
        {
            "api_detail_url": "http://www.giantbomb.com/api/game/3030-36635/",
            "id": 36635,
            "name": "Marvel Super Hero Squad: Comic Combat",
            "site_detail_url": "http://www.giantbomb.com/marvel-super-hero-squad-comic-combat/3030-36635/"
        },
        {
            "api_detail_url": "http://www.giantbomb.com/api/game/3030-31852/",
            "id": 31852,
            "name": "Marvel Super Hero Squad Online",
            "site_detail_url": "http://www.giantbomb.com/marvel-super-hero-squad-online/3030-31852/"
        },
        {
            "api_detail_url": "http://www.giantbomb.com/api/game/3030-34706/",
            "id": 34706,
            "name": "Phineas and Ferb: Across the 2nd Dimension",
            "site_detail_url": "http://www.giantbomb.com/phineas-and-ferb-across-the-2nd-dimension/3030-34706/"
        },
        {
            "api_detail_url": "http://www.giantbomb.com/api/game/3030-31375/",
            "id": 31375,
            "name": "Knights Contract",
            "site_detail_url": "http://www.giantbomb.com/knights-contract/3030-31375/"
        },
        {
            "api_detail_url": "http://www.giantbomb.com/api/game/3030-29372/",
            "id": 29372,
            "name": "Disney Fairies: Tinker Bell and the Lost Treasure",
            "site_detail_url": "http://www.giantbomb.com/disney-fairies-tinker-bell-and-the-lost-treasure/3030-29372/"
        },
        {
            "api_detail_url": "http://www.giantbomb.com/api/game/3030-25719/",
            "id": 25719,
            "name": "Scooby-Doo! First Frights",
            "site_detail_url": "http://www.giantbomb.com/scooby-doo-first-frights/3030-25719/"
        },
        {
            "api_detail_url": "http://www.giantbomb.com/api/game/3030-17636/",
            "id": 17636,
            "name": "Codename: Kids Next Door - Operation: V.I.D.E.O.G.A.M.E.",
            "site_detail_url": "http://www.giantbomb.com/codename-kids-next-door-operation-videogame/3030-17636/"
        },
        {
            "api_detail_url": "http://www.giantbomb.com/api/game/3030-203/",
            "id": 203,
            "name": "The Adventures of Jimmy Neutron: Boy Genius - Attack of the Twonkies",
            "site_detail_url": "http://www.giantbomb.com/the-adventures-of-jimmy-neutron-boy-genius-attack-/3030-203/"
        },
        {
            "api_detail_url": "http://www.giantbomb.com/api/game/3030-7668/",
            "id": 7668,
            "name": "Barbie Beauty Boutique",
            "site_detail_url": "http://www.giantbomb.com/barbie-beauty-boutique/3030-7668/"
        },
        {
            "api_detail_url": "http://www.giantbomb.com/api/game/3030-16428/",
            "id": 16428,
            "name": "Clifford the Big Red Dog: Phonics",
            "site_detail_url": "http://www.giantbomb.com/clifford-the-big-red-dog-phonics/3030-16428/"
        },
        {
            "api_detail_url": "http://www.giantbomb.com/api/game/3030-10534/",
            "id": 10534,
            "name": "Scooby-Doo: Case File #1: The Glowing Bug Man",
            "site_detail_url": "http://www.giantbomb.com/scooby-doo-case-file-1-the-glowing-bug-man/3030-10534/"
        },
        {
            "api_detail_url": "http://www.giantbomb.com/api/game/3030-20215/",
            "id": 20215,
            "name": "Star Wars: Galactic Battlegrounds - Clone Campaigns",
            "site_detail_url": "http://www.giantbomb.com/star-wars-galactic-battlegrounds-clone-campaigns/3030-20215/"
        },
        {
            "api_detail_url": "http://www.giantbomb.com/api/game/3030-1711/",
            "id": 1711,
            "name": "Barbie Beach Vacation",
            "site_detail_url": "http://www.giantbomb.com/barbie-beach-vacation/3030-1711/"
        },
        {
            "api_detail_url": "http://www.giantbomb.com/api/game/3030-27778/",
            "id": 27778,
            "name": "Scooby-Doo: Phantom of the Knight",
            "site_detail_url": "http://www.giantbomb.com/scooby-doo-phantom-of-the-knight/3030-27778/"
        },
        {
            "api_detail_url": "http://www.giantbomb.com/api/game/3030-3494/",
            "id": 3494,
            "name": "Secret Agent Barbie",
            "site_detail_url": "http://www.giantbomb.com/secret-agent-barbie/3030-3494/"
        },
        {
            "api_detail_url": "http://www.giantbomb.com/api/game/3030-13128/",
            "id": 13128,
            "name": "Clifford the Big Red Dog: Reading",
            "site_detail_url": "http://www.giantbomb.com/clifford-the-big-red-dog-reading/3030-13128/"
        },
        {
            "api_detail_url": "http://www.giantbomb.com/api/game/3030-16245/",
            "id": 16245,
            "name": "Clifford the Big Red Dog: Thinking Adventures",
            "site_detail_url": "http://www.giantbomb.com/clifford-the-big-red-dog-thinking-adventures/3030-16245/"
        },
        {
            "api_detail_url": "http://www.giantbomb.com/api/game/3030-27775/",
            "id": 27775,
            "name": "Scooby-Doo: Showdown in Ghost Town",
            "site_detail_url": "http://www.giantbomb.com/scooby-doo-showdown-in-ghost-town/3030-27775/"
        },
        {
            "api_detail_url": "http://www.giantbomb.com/api/game/3030-11511/",
            "id": 11511,
            "name": "Barbie: Super Sports",
            "site_detail_url": "http://www.giantbomb.com/barbie-super-sports/3030-11511/"
        },
        {
            "api_detail_url": "http://www.giantbomb.com/api/game/3030-38390/",
            "id": 38390,
            "name": "The Cave",
            "site_detail_url": "http://www.giantbomb.com/the-cave/3030-38390/"
        },
        {
            "api_detail_url": "http://www.giantbomb.com/api/game/3030-38480/",
            "id": 38480,
            "name": "Injustice: Gods Among Us",
            "site_detail_url": "http://www.giantbomb.com/injustice-gods-among-us/3030-38480/"
        },
        {
            "api_detail_url": "http://www.giantbomb.com/api/game/3030-41476/",
            "id": 41476,
            "name": "Bentley\u2019s Hackpack",
            "site_detail_url": "http://www.giantbomb.com/bentleys-hackpack/3030-41476/"
        },
        {
            "api_detail_url": "http://www.giantbomb.com/api/game/3030-35559/",
            "id": 35559,
            "name": "Sly Cooper: Thieves in Time",
            "site_detail_url": "http://www.giantbomb.com/sly-cooper-thieves-in-time/3030-35559/"
        },
        {
            "api_detail_url": "http://www.giantbomb.com/api/game/3030-42241/",
            "id": 42241,
            "name": "Far Cry 3: Blood Dragon",
            "site_detail_url": "http://www.giantbomb.com/far-cry-3-blood-dragon/3030-42241/"
        },
        {
            "api_detail_url": "http://www.giantbomb.com/api/game/3030-37448/",
            "id": 37448,
            "name": "Broken Age",
            "site_detail_url": "http://www.giantbomb.com/broken-age/3030-37448/"
        },
        {
            "api_detail_url": "http://www.giantbomb.com/api/game/3030-42245/",
            "id": 42245,
            "name": "Batman: Arkham Origins",
            "site_detail_url": "http://www.giantbomb.com/batman-arkham-origins/3030-42245/"
        },
        {
            "api_detail_url": "http://www.giantbomb.com/api/game/3030-20626/",
            "id": 20626,
            "name": "Star Wars: The Force Unleashed",
            "site_detail_url": "http://www.giantbomb.com/star-wars-the-force-unleashed/3030-20626/"
        },
        {
            "api_detail_url": "http://www.giantbomb.com/api/game/3030-16909/",
            "id": 16909,
            "name": "Mass Effect",
            "site_detail_url": "http://www.giantbomb.com/mass-effect/3030-16909/"
        },
        {
            "api_detail_url": "http://www.giantbomb.com/api/game/3030-47264/",
            "id": 47264,
            "name": "Nickelodeon Toon Twister 3D",
            "site_detail_url": "http://www.giantbomb.com/nickelodeon-toon-twister-3d/3030-47264/"
        },
        {
            "api_detail_url": "http://www.giantbomb.com/api/game/3030-20674/",
            "id": 20674,
            "name": "StarCraft II: Wings of Liberty",
            "site_detail_url": "http://www.giantbomb.com/starcraft-ii-wings-of-liberty/3030-20674/"
        },
        {
            "api_detail_url": "http://www.giantbomb.com/api/game/3030-46064/",
            "id": 46064,
            "name": "Scooby-Doo! & Looney Tunes: Cartoon Universe Adventure",
            "site_detail_url": "http://www.giantbomb.com/scoobydoo-looney-tunes-cartoon-universe-adventure/3030-46064/"
        },
        {
            "api_detail_url": "http://www.giantbomb.com/api/game/3030-42065/",
            "id": 42065,
            "name": "Infinite Crisis",
            "site_detail_url": "http://www.giantbomb.com/infinite-crisis/3030-42065/"
        },
        {
            "api_detail_url": "http://www.giantbomb.com/api/game/3030-46597/",
            "id": 46597,
            "name": "Code Name: S.T.E.A.M.",
            "site_detail_url": "http://www.giantbomb.com/code-name-s-t-e-a-m/3030-46597/"
        },
        {
            "api_detail_url": "http://www.giantbomb.com/api/game/3030-43649/",
            "id": 43649,
            "name": "Diablo III: Reaper of Souls",
            "site_detail_url": "http://www.giantbomb.com/diablo-iii-reaper-of-souls/3030-43649/"
        },
        {
            "api_detail_url": "http://www.giantbomb.com/api/game/3030-49026/",
            "id": 49026,
            "name": "Mortal Kombat X Mobile",
            "site_detail_url": "http://www.giantbomb.com/mortal-kombat-x-mobile/3030-49026/"
        },
        {
            "api_detail_url": "http://www.giantbomb.com/api/game/3030-45577/",
            "id": 45577,
            "name": "Batman: Arkham Knight",
            "site_detail_url": "http://www.giantbomb.com/batman-arkham-knight/3030-45577/"
        },
        {
            "api_detail_url": "http://www.giantbomb.com/api/game/3030-38140/",
            "id": 38140,
            "name": "PlayStation All-Stars Battle Royale",
            "site_detail_url": "http://www.giantbomb.com/playstation-all-stars-battle-royale/3030-38140/"
        },
        {
            "api_detail_url": "http://www.giantbomb.com/api/game/3030-42746/",
            "id": 42746,
            "name": "Adventure Time: Explore the Dungeon Because I DON\u2019T KNOW!",
            "site_detail_url": "http://www.giantbomb.com/adventure-time-explore-the-dungeon-because-i-don-t/3030-42746/"
        },
        {
            "api_detail_url": "http://www.giantbomb.com/api/game/3030-49396/",
            "id": 49396,
            "name": "LEGO Dimensions",
            "site_detail_url": "http://www.giantbomb.com/lego-dimensions/3030-49396/"
        }
    ],
    "gender": 2,
    "hometown": null,
    "id": 10654,
    "name": "Grey DeLisle",
    "people": [
        {
            "api_detail_url": "http://www.giantbomb.com/api/person/3040-86436/",
            "id": 86436,
            "name": "Zach Hanks",
            "site_detail_url": "http://www.giantbomb.com/zach-hanks/3040-86436/"
        },
        {
            "api_detail_url": "http://www.giantbomb.com/api/person/3040-97860/",
            "id": 97860,
            "name": "Janice Kawaye",
            "site_detail_url": "http://www.giantbomb.com/janice-kawaye/3040-97860/"
        },
        {
            "api_detail_url": "http://www.giantbomb.com/api/person/3040-68871/",
            "id": 68871,
            "name": "Keone Young",
            "site_detail_url": "http://www.giantbomb.com/keone-young/3040-68871/"
        },
        {
            "api_detail_url": "http://www.giantbomb.com/api/person/3040-4269/",
            "id": 4269,
            "name": "Jennifer Hale",
            "site_detail_url": "http://www.giantbomb.com/jennifer-hale/3040-4269/"
        },
        {
            "api_detail_url": "http://www.giantbomb.com/api/person/3040-89594/",
            "id": 89594,
            "name": "Phil LaMarr",
            "site_detail_url": "http://www.giantbomb.com/phil-lamarr/3040-89594/"
        },
        {
            "api_detail_url": "http://www.giantbomb.com/api/person/3040-22863/",
            "id": 22863,
            "name": "Tara Strong",
            "site_detail_url": "http://www.giantbomb.com/tara-strong/3040-22863/"
        }
    ]
}