{
    "birth_date": null,
    "country": null,
    "death_date": null,
    "deck": null,
    "first_credited_game": {
        "api_detail_url": "http://www.giantbomb.com/api/game/3030-609/",
        "id": 609,
        "name": "Rayman 2: The Great Escape"
    },
    "games": [
        {
            "api_detail_url": "http://www.giantbomb.com/api/game/3030-8580/",
            "id": 8580,
            "name": "Jade Empire",
            "site_detail_url": "http://www.giantbomb.com/jade-empire/3030-8580/"
        },
        {
            "api_detail_url": "http://www.giantbomb.com/api/game/3030-12807/",
            "id": 12807,
            "name": "Chariots of War",
            "site_detail_url": "http://www.giantbomb.com/chariots-of-war/3030-12807/"
        },
        {
            "api_detail_url": "http://www.giantbomb.com/api/game/3030-19052/",
            "id": 19052,
            "name": "Disciples II: Rise of the Elves",
            "site_detail_url": "http://www.giantbomb.com/disciples-ii-rise-of-the-elves/3030-19052/"
        },
        {
            "api_detail_url": "http://www.giantbomb.com/api/game/3030-15444/",
            "id": 15444,
            "name": "Chrome",
            "site_detail_url": "http://www.giantbomb.com/chrome/3030-15444/"
        },
        {
            "api_detail_url": "http://www.giantbomb.com/api/game/3030-16326/",
            "id": 16326,
            "name": "Europa Universalis: Crown of the North",
            "site_detail_url": "http://www.giantbomb.com/europa-universalis-crown-of-the-north/3030-16326/"
        },
        {
            "api_detail_url": "http://www.giantbomb.com/api/game/3030-4769/",
            "id": 4769,
            "name": "Legion",
            "site_detail_url": "http://www.giantbomb.com/legion/3030-4769/"
        },
        {
            "api_detail_url": "http://www.giantbomb.com/api/game/3030-4726/",
            "id": 4726,
            "name": "Microsoft Train Simulator: German Railroads Volume One: The Seventies - Along the Bigge Lake",
            "site_detail_url": "http://www.giantbomb.com/microsoft-train-simulator-german-railroads-volume-/3030-4726/"
        },
        {
            "api_detail_url": "http://www.giantbomb.com/api/game/3030-19992/",
            "id": 19992,
            "name": "Microsoft Train Simulator: German Railroads Volume Two: Fast Railcars on the Runway",
            "site_detail_url": "http://www.giantbomb.com/microsoft-train-simulator-german-railroads-volume-/3030-19992/"
        },
        {
            "api_detail_url": "http://www.giantbomb.com/api/game/3030-9001/",
            "id": 9001,
            "name": "Microsoft Train Simulator: Heidi-Express",
            "site_detail_url": "http://www.giantbomb.com/microsoft-train-simulator-heidi-express/3030-9001/"
        },
        {
            "api_detail_url": "http://www.giantbomb.com/api/game/3030-17941/",
            "id": 17941,
            "name": "Mistmare",
            "site_detail_url": "http://www.giantbomb.com/mistmare/3030-17941/"
        },
        {
            "api_detail_url": "http://www.giantbomb.com/api/game/3030-10107/",
            "id": 10107,
            "name": "New World Order",
            "site_detail_url": "http://www.giantbomb.com/new-world-order/3030-10107/"
        },
        {
            "api_detail_url": "http://www.giantbomb.com/api/game/3030-38755/",
            "id": 38755,
            "name": "Platoon",
            "site_detail_url": "http://www.giantbomb.com/platoon/3030-38755/"
        },
        {
            "api_detail_url": "http://www.giantbomb.com/api/game/3030-6594/",
            "id": 6594,
            "name": "Robin Hood: The Legend of Sherwood",
            "site_detail_url": "http://www.giantbomb.com/robin-hood-the-legend-of-sherwood/3030-6594/"
        },
        {
            "api_detail_url": "http://www.giantbomb.com/api/game/3030-609/",
            "id": 609,
            "name": "Rayman 2: The Great Escape",
            "site_detail_url": "http://www.giantbomb.com/rayman-2-the-great-escape/3030-609/"
        },
        {
            "api_detail_url": "http://www.giantbomb.com/api/game/3030-8398/",
            "id": 8398,
            "name": "Crime Cities",
            "site_detail_url": "http://www.giantbomb.com/crime-cities/3030-8398/"
        },
        {
            "api_detail_url": "http://www.giantbomb.com/api/game/3030-16909/",
            "id": 16909,
            "name": "Mass Effect",
            "site_detail_url": "http://www.giantbomb.com/mass-effect/3030-16909/"
        }
    ],
    "gender": 1,
    "hometown": null,
    "id": 27978,
    "name": "Guillaume Bourbonni\u00e8re",
    "people": []
}