{
    "birth_date": null,
    "country": null,
    "death_date": null,
    "deck": null,
    "first_credited_game": {
        "api_detail_url": "http://www.giantbomb.com/api/game/3030-5550/",
        "id": 5550,
        "name": "Command & Conquer: Yuri's Revenge"
    },
    "games": [
        {
            "api_detail_url": "http://www.giantbomb.com/api/game/3030-8580/",
            "id": 8580,
            "name": "Jade Empire",
            "site_detail_url": "http://www.giantbomb.com/jade-empire/3030-8580/"
        },
        {
            "api_detail_url": "http://www.giantbomb.com/api/game/3030-5550/",
            "id": 5550,
            "name": "Command & Conquer: Yuri's Revenge",
            "site_detail_url": "http://www.giantbomb.com/command-conquer-yuris-revenge/3030-5550/"
        }
    ],
    "gender": 1,
    "hometown": null,
    "id": 65500,
    "name": "Gustavo Rex",
    "people": []
}