{
    "birth_date": null,
    "country": null,
    "death_date": null,
    "deck": "Producer and writer for LucasArts 1997 - 2010. Blackman was the creative director for 2K's Mafia III release also.",
    "first_credited_game": {
        "api_detail_url": "http://www.giantbomb.com/api/game/3030-14541/",
        "id": 14541,
        "name": "Star Wars: Episode I - The Phantom Menace"
    },
    "games": [
        {
            "api_detail_url": "http://www.giantbomb.com/api/game/3030-4231/",
            "id": 4231,
            "name": "Star Wars: Rogue Squadron II: Rogue Leader",
            "site_detail_url": "http://www.giantbomb.com/star-wars-rogue-squadron-ii-rogue-leader/3030-4231/"
        },
        {
            "api_detail_url": "http://www.giantbomb.com/api/game/3030-9437/",
            "id": 9437,
            "name": "Star Wars: Galaxies - An Empire Divided",
            "site_detail_url": "http://www.giantbomb.com/star-wars-galaxies-an-empire-divided/3030-9437/"
        },
        {
            "api_detail_url": "http://www.giantbomb.com/api/game/3030-8114/",
            "id": 8114,
            "name": "Star Wars: Episode I - Battle for Naboo",
            "site_detail_url": "http://www.giantbomb.com/star-wars-episode-i-battle-for-naboo/3030-8114/"
        },
        {
            "api_detail_url": "http://www.giantbomb.com/api/game/3030-19304/",
            "id": 19304,
            "name": "Star Wars: Demolition",
            "site_detail_url": "http://www.giantbomb.com/star-wars-demolition/3030-19304/"
        },
        {
            "api_detail_url": "http://www.giantbomb.com/api/game/3030-14541/",
            "id": 14541,
            "name": "Star Wars: Episode I - The Phantom Menace",
            "site_detail_url": "http://www.giantbomb.com/star-wars-episode-i-the-phantom-menace/3030-14541/"
        },
        {
            "api_detail_url": "http://www.giantbomb.com/api/game/3030-20678/",
            "id": 20678,
            "name": "Soulcalibur IV",
            "site_detail_url": "http://www.giantbomb.com/soulcalibur-iv/3030-20678/"
        },
        {
            "api_detail_url": "http://www.giantbomb.com/api/game/3030-18741/",
            "id": 18741,
            "name": "Star Wars: Knights of the Old Republic",
            "site_detail_url": "http://www.giantbomb.com/star-wars-knights-of-the-old-republic/3030-18741/"
        },
        {
            "api_detail_url": "http://www.giantbomb.com/api/game/3030-17353/",
            "id": 17353,
            "name": "Star Wars: Force Commander",
            "site_detail_url": "http://www.giantbomb.com/star-wars-force-commander/3030-17353/"
        },
        {
            "api_detail_url": "http://www.giantbomb.com/api/game/3030-20626/",
            "id": 20626,
            "name": "Star Wars: The Force Unleashed",
            "site_detail_url": "http://www.giantbomb.com/star-wars-the-force-unleashed/3030-20626/"
        },
        {
            "api_detail_url": "http://www.giantbomb.com/api/game/3030-50449/",
            "id": 50449,
            "name": "Mafia III",
            "site_detail_url": "http://www.giantbomb.com/mafia-iii/3030-50449/"
        }
    ],
    "gender": 1,
    "hometown": null,
    "id": 37814,
    "name": "Haden Blackman",
    "people": []
}