{
    "birth_date": "1934-10-30",
    "country": "England",
    "death_date": "2005-10-02",
    "deck": null,
    "first_credited_game": {
        "api_detail_url": "http://www.giantbomb.com/api/game/3030-11357/",
        "id": 11357,
        "name": "Quest for Glory IV: Shadows of Darkness"
    },
    "games": [
        {
            "api_detail_url": "http://www.giantbomb.com/api/game/3030-11357/",
            "id": 11357,
            "name": "Quest for Glory IV: Shadows of Darkness",
            "site_detail_url": "http://www.giantbomb.com/quest-for-glory-iv-shadows-of-darkness/3030-11357/"
        },
        {
            "api_detail_url": "http://www.giantbomb.com/api/game/3030-21174/",
            "id": 21174,
            "name": "Full Throttle",
            "site_detail_url": "http://www.giantbomb.com/full-throttle/3030-21174/"
        },
        {
            "api_detail_url": "http://www.giantbomb.com/api/game/3030-3030/",
            "id": 3030,
            "name": "Warriors of Might and Magic",
            "site_detail_url": "http://www.giantbomb.com/warriors-of-might-and-magic/3030-3030/"
        },
        {
            "api_detail_url": "http://www.giantbomb.com/api/game/3030-18901/",
            "id": 18901,
            "name": "Star Wars: Galactic Battlegrounds",
            "site_detail_url": "http://www.giantbomb.com/star-wars-galactic-battlegrounds/3030-18901/"
        },
        {
            "api_detail_url": "http://www.giantbomb.com/api/game/3030-5550/",
            "id": 5550,
            "name": "Command & Conquer: Yuri's Revenge",
            "site_detail_url": "http://www.giantbomb.com/command-conquer-yuris-revenge/3030-5550/"
        },
        {
            "api_detail_url": "http://www.giantbomb.com/api/game/3030-19932/",
            "id": 19932,
            "name": "Emperor: Battle for Dune",
            "site_detail_url": "http://www.giantbomb.com/emperor-battle-for-dune/3030-19932/"
        },
        {
            "api_detail_url": "http://www.giantbomb.com/api/game/3030-5731/",
            "id": 5731,
            "name": "Brave: The Search for Spirit Dancer",
            "site_detail_url": "http://www.giantbomb.com/brave-the-search-for-spirit-dancer/3030-5731/"
        }
    ],
    "gender": 1,
    "hometown": "London",
    "id": 4265,
    "name": "Hamilton Camp",
    "people": []
}