{
    "birth_date": null,
    "country": null,
    "death_date": null,
    "deck": null,
    "first_credited_game": {
        "api_detail_url": "http://www.giantbomb.com/api/game/3030-16878/",
        "id": 16878,
        "name": "Das Stundenglas"
    },
    "games": [
        {
            "api_detail_url": "http://www.giantbomb.com/api/game/3030-16878/",
            "id": 16878,
            "name": "Das Stundenglas",
            "site_detail_url": "http://www.giantbomb.com/das-stundenglas/3030-16878/"
        },
        {
            "api_detail_url": "http://www.giantbomb.com/api/game/3030-17912/",
            "id": 17912,
            "name": "Die Kathedrale",
            "site_detail_url": "http://www.giantbomb.com/die-kathedrale/3030-17912/"
        },
        {
            "api_detail_url": "http://www.giantbomb.com/api/game/3030-10945/",
            "id": 10945,
            "name": "Hexuma: Das Auge des Kal",
            "site_detail_url": "http://www.giantbomb.com/hexuma-das-auge-des-kal/3030-10945/"
        },
        {
            "api_detail_url": "http://www.giantbomb.com/api/game/3030-15887/",
            "id": 15887,
            "name": "Football Limited",
            "site_detail_url": "http://www.giantbomb.com/football-limited/3030-15887/"
        },
        {
            "api_detail_url": "http://www.giantbomb.com/api/game/3030-20168/",
            "id": 20168,
            "name": "Die H\u00f6hlenwelt Saga: Der Leuchtende Kristall",
            "site_detail_url": "http://www.giantbomb.com/die-hohlenwelt-saga-der-leuchtende-kristall/3030-20168/"
        },
        {
            "api_detail_url": "http://www.giantbomb.com/api/game/3030-18010/",
            "id": 18010,
            "name": "Seven Kingdoms",
            "site_detail_url": "http://www.giantbomb.com/seven-kingdoms/3030-18010/"
        },
        {
            "api_detail_url": "http://www.giantbomb.com/api/game/3030-13528/",
            "id": 13528,
            "name": "Links LS 1998 Edition",
            "site_detail_url": "http://www.giantbomb.com/links-ls-1998-edition/3030-13528/"
        },
        {
            "api_detail_url": "http://www.giantbomb.com/api/game/3030-7684/",
            "id": 7684,
            "name": "Herrscher der Meere",
            "site_detail_url": "http://www.giantbomb.com/herrscher-der-meere/3030-7684/"
        },
        {
            "api_detail_url": "http://www.giantbomb.com/api/game/3030-6009/",
            "id": 6009,
            "name": "The Great Battles of Alexander",
            "site_detail_url": "http://www.giantbomb.com/the-great-battles-of-alexander/3030-6009/"
        },
        {
            "api_detail_url": "http://www.giantbomb.com/api/game/3030-9620/",
            "id": 9620,
            "name": "Flight Unlimited II",
            "site_detail_url": "http://www.giantbomb.com/flight-unlimited-ii/3030-9620/"
        },
        {
            "api_detail_url": "http://www.giantbomb.com/api/game/3030-3001/",
            "id": 3001,
            "name": "WarBirds",
            "site_detail_url": "http://www.giantbomb.com/warbirds/3030-3001/"
        },
        {
            "api_detail_url": "http://www.giantbomb.com/api/game/3030-18937/",
            "id": 18937,
            "name": "Vangers",
            "site_detail_url": "http://www.giantbomb.com/vangers/3030-18937/"
        },
        {
            "api_detail_url": "http://www.giantbomb.com/api/game/3030-2230/",
            "id": 2230,
            "name": "Spearhead",
            "site_detail_url": "http://www.giantbomb.com/spearhead/3030-2230/"
        },
        {
            "api_detail_url": "http://www.giantbomb.com/api/game/3030-6793/",
            "id": 6793,
            "name": "Seven Kingdoms: Ancient Adversaries",
            "site_detail_url": "http://www.giantbomb.com/seven-kingdoms-ancient-adversaries/3030-6793/"
        },
        {
            "api_detail_url": "http://www.giantbomb.com/api/game/3030-18485/",
            "id": 18485,
            "name": "Liberation Day",
            "site_detail_url": "http://www.giantbomb.com/liberation-day/3030-18485/"
        },
        {
            "api_detail_url": "http://www.giantbomb.com/api/game/3030-11921/",
            "id": 11921,
            "name": "iPanzer '44",
            "site_detail_url": "http://www.giantbomb.com/ipanzer-44/3030-11921/"
        },
        {
            "api_detail_url": "http://www.giantbomb.com/api/game/3030-18735/",
            "id": 18735,
            "name": "Fast Food Tycoon 2",
            "site_detail_url": "http://www.giantbomb.com/fast-food-tycoon-2/3030-18735/"
        },
        {
            "api_detail_url": "http://www.giantbomb.com/api/game/3030-10637/",
            "id": 10637,
            "name": "Baldur's Gate II: Shadows of Amn",
            "site_detail_url": "http://www.giantbomb.com/baldurs-gate-ii-shadows-of-amn/3030-10637/"
        },
        {
            "api_detail_url": "http://www.giantbomb.com/api/game/3030-2899/",
            "id": 2899,
            "name": "Jagged Alliance 2: Unfinished Business",
            "site_detail_url": "http://www.giantbomb.com/jagged-alliance-2-unfinished-business/3030-2899/"
        }
    ],
    "gender": 1,
    "hometown": null,
    "id": 47563,
    "name": "Harald Evers",
    "people": []
}