{
    "birth_date": null,
    "country": null,
    "death_date": null,
    "deck": null,
    "first_credited_game": {
        "api_detail_url": "http://www.giantbomb.com/api/game/3030-6346/",
        "id": 6346,
        "name": "Fallout Tactics: Brotherhood of Steel"
    },
    "games": [
        {
            "api_detail_url": "http://www.giantbomb.com/api/game/3030-6346/",
            "id": 6346,
            "name": "Fallout Tactics: Brotherhood of Steel",
            "site_detail_url": "http://www.giantbomb.com/fallout-tactics-brotherhood-of-steel/3030-6346/"
        },
        {
            "api_detail_url": "http://www.giantbomb.com/api/game/3030-18901/",
            "id": 18901,
            "name": "Star Wars: Galactic Battlegrounds",
            "site_detail_url": "http://www.giantbomb.com/star-wars-galactic-battlegrounds/3030-18901/"
        },
        {
            "api_detail_url": "http://www.giantbomb.com/api/game/3030-5550/",
            "id": 5550,
            "name": "Command & Conquer: Yuri's Revenge",
            "site_detail_url": "http://www.giantbomb.com/command-conquer-yuris-revenge/3030-5550/"
        }
    ],
    "gender": 2,
    "hometown": null,
    "id": 10662,
    "name": "Heidi Shannon",
    "people": []
}