{
    "birth_date": null,
    "country": null,
    "death_date": null,
    "deck": "Jack Wall is an American video game composer. He has been credited in over 30 games including Mass Effect, Mass Effect 2, Jade Empire, as well as the Splinter Cell and Myst series. He founded Video Games Live with Tommy Tallarico.",
    "first_credited_game": {
        "api_detail_url": "http://www.giantbomb.com/api/game/3030-10423/",
        "id": 10423,
        "name": "Flying Saucer"
    },
    "games": [
        {
            "api_detail_url": "http://www.giantbomb.com/api/game/3030-8580/",
            "id": 8580,
            "name": "Jade Empire",
            "site_detail_url": "http://www.giantbomb.com/jade-empire/3030-8580/"
        },
        {
            "api_detail_url": "http://www.giantbomb.com/api/game/3030-7863/",
            "id": 7863,
            "name": "Myst IV: Revelation",
            "site_detail_url": "http://www.giantbomb.com/myst-iv-revelation/3030-7863/"
        },
        {
            "api_detail_url": "http://www.giantbomb.com/api/game/3030-3080/",
            "id": 3080,
            "name": "Rise of the Kasai",
            "site_detail_url": "http://www.giantbomb.com/rise-of-the-kasai/3030-3080/"
        },
        {
            "api_detail_url": "http://www.giantbomb.com/api/game/3030-15549/",
            "id": 15549,
            "name": "Tom Clancy's Splinter Cell: Pandora Tomorrow",
            "site_detail_url": "http://www.giantbomb.com/tom-clancys-splinter-cell-pandora-tomorrow/3030-15549/"
        },
        {
            "api_detail_url": "http://www.giantbomb.com/api/game/3030-5208/",
            "id": 5208,
            "name": "Wrath Unleashed",
            "site_detail_url": "http://www.giantbomb.com/wrath-unleashed/3030-5208/"
        },
        {
            "api_detail_url": "http://www.giantbomb.com/api/game/3030-18742/",
            "id": 18742,
            "name": "Myst III: Exile",
            "site_detail_url": "http://www.giantbomb.com/myst-iii-exile/3030-18742/"
        },
        {
            "api_detail_url": "http://www.giantbomb.com/api/game/3030-17350/",
            "id": 17350,
            "name": "Unreal II: The Awakening",
            "site_detail_url": "http://www.giantbomb.com/unreal-ii-the-awakening/3030-17350/"
        },
        {
            "api_detail_url": "http://www.giantbomb.com/api/game/3030-2077/",
            "id": 2077,
            "name": "The Mark of Kri",
            "site_detail_url": "http://www.giantbomb.com/the-mark-of-kri/3030-2077/"
        },
        {
            "api_detail_url": "http://www.giantbomb.com/api/game/3030-18970/",
            "id": 18970,
            "name": "Animorphs",
            "site_detail_url": "http://www.giantbomb.com/animorphs/3030-18970/"
        },
        {
            "api_detail_url": "http://www.giantbomb.com/api/game/3030-8445/",
            "id": 8445,
            "name": "Disney's Extremely Goofy Skateboarding",
            "site_detail_url": "http://www.giantbomb.com/disneys-extremely-goofy-skateboarding/3030-8445/"
        },
        {
            "api_detail_url": "http://www.giantbomb.com/api/game/3030-3494/",
            "id": 3494,
            "name": "Secret Agent Barbie",
            "site_detail_url": "http://www.giantbomb.com/secret-agent-barbie/3030-3494/"
        },
        {
            "api_detail_url": "http://www.giantbomb.com/api/game/3030-1345/",
            "id": 1345,
            "name": "Vigilance",
            "site_detail_url": "http://www.giantbomb.com/vigilance/3030-1345/"
        },
        {
            "api_detail_url": "http://www.giantbomb.com/api/game/3030-10423/",
            "id": 10423,
            "name": "Flying Saucer",
            "site_detail_url": "http://www.giantbomb.com/flying-saucer/3030-10423/"
        },
        {
            "api_detail_url": "http://www.giantbomb.com/api/game/3030-5961/",
            "id": 5961,
            "name": "Tom Clancy's Splinter Cell",
            "site_detail_url": "http://www.giantbomb.com/tom-clancys-splinter-cell/3030-5961/"
        },
        {
            "api_detail_url": "http://www.giantbomb.com/api/game/3030-21590/",
            "id": 21590,
            "name": "Mass Effect 2",
            "site_detail_url": "http://www.giantbomb.com/mass-effect-2/3030-21590/"
        },
        {
            "api_detail_url": "http://www.giantbomb.com/api/game/3030-37937/",
            "id": 37937,
            "name": "Lost Planet 3",
            "site_detail_url": "http://www.giantbomb.com/lost-planet-3/3030-37937/"
        },
        {
            "api_detail_url": "http://www.giantbomb.com/api/game/3030-12185/",
            "id": 12185,
            "name": "Ultimate Ride",
            "site_detail_url": "http://www.giantbomb.com/ultimate-ride/3030-12185/"
        },
        {
            "api_detail_url": "http://www.giantbomb.com/api/game/3030-38039/",
            "id": 38039,
            "name": "Call of Duty: Black Ops II",
            "site_detail_url": "http://www.giantbomb.com/call-of-duty-black-ops-ii/3030-38039/"
        },
        {
            "api_detail_url": "http://www.giantbomb.com/api/game/3030-16909/",
            "id": 16909,
            "name": "Mass Effect",
            "site_detail_url": "http://www.giantbomb.com/mass-effect/3030-16909/"
        }
    ],
    "gender": 1,
    "hometown": null,
    "id": 38094,
    "name": "Jack Wall",
    "people": [
        {
            "api_detail_url": "http://www.giantbomb.com/api/person/3040-6460/",
            "id": 6460,
            "name": "Tommy Tallarico",
            "site_detail_url": "http://www.giantbomb.com/tommy-tallarico/3040-6460/"
        }
    ]
}