{
    "birth_date": "1954-12-14",
    "country": "USA",
    "death_date": null,
    "deck": "James Horan is an Amercian actor/voice actor whose career started in 1981.",
    "first_credited_game": {
        "api_detail_url": "http://www.giantbomb.com/api/game/3030-1080/",
        "id": 1080,
        "name": "Star Trek: Starfleet Command"
    },
    "games": [
        {
            "api_detail_url": "http://www.giantbomb.com/api/game/3030-8474/",
            "id": 8474,
            "name": "Guild Wars: Factions",
            "site_detail_url": "http://www.giantbomb.com/guild-wars-factions/3030-8474/"
        },
        {
            "api_detail_url": "http://www.giantbomb.com/api/game/3030-10637/",
            "id": 10637,
            "name": "Baldur's Gate II: Shadows of Amn",
            "site_detail_url": "http://www.giantbomb.com/baldurs-gate-ii-shadows-of-amn/3030-10637/"
        },
        {
            "api_detail_url": "http://www.giantbomb.com/api/game/3030-13347/",
            "id": 13347,
            "name": "Anne McCaffrey's Freedom: First Resistance",
            "site_detail_url": "http://www.giantbomb.com/anne-mccaffreys-freedom-first-resistance/3030-13347/"
        },
        {
            "api_detail_url": "http://www.giantbomb.com/api/game/3030-18901/",
            "id": 18901,
            "name": "Star Wars: Galactic Battlegrounds",
            "site_detail_url": "http://www.giantbomb.com/star-wars-galactic-battlegrounds/3030-18901/"
        },
        {
            "api_detail_url": "http://www.giantbomb.com/api/game/3030-8732/",
            "id": 8732,
            "name": "Tom Clancy's Ghost Recon",
            "site_detail_url": "http://www.giantbomb.com/tom-clancys-ghost-recon/3030-8732/"
        },
        {
            "api_detail_url": "http://www.giantbomb.com/api/game/3030-16589/",
            "id": 16589,
            "name": "The Mummy Returns",
            "site_detail_url": "http://www.giantbomb.com/the-mummy-returns/3030-16589/"
        },
        {
            "api_detail_url": "http://www.giantbomb.com/api/game/3030-4157/",
            "id": 4157,
            "name": "The Lord of the Rings: The Fellowship of the Ring",
            "site_detail_url": "http://www.giantbomb.com/the-lord-of-the-rings-the-fellowship-of-the-ring/3030-4157/"
        },
        {
            "api_detail_url": "http://www.giantbomb.com/api/game/3030-7522/",
            "id": 7522,
            "name": "La Pucelle: Tactics",
            "site_detail_url": "http://www.giantbomb.com/la-pucelle-tactics/3030-7522/"
        },
        {
            "api_detail_url": "http://www.giantbomb.com/api/game/3030-1703/",
            "id": 1703,
            "name": "New Legends",
            "site_detail_url": "http://www.giantbomb.com/new-legends/3030-1703/"
        },
        {
            "api_detail_url": "http://www.giantbomb.com/api/game/3030-2146/",
            "id": 2146,
            "name": "The Sum of All Fears",
            "site_detail_url": "http://www.giantbomb.com/the-sum-of-all-fears/3030-2146/"
        },
        {
            "api_detail_url": "http://www.giantbomb.com/api/game/3030-10636/",
            "id": 10636,
            "name": "Summoner 2",
            "site_detail_url": "http://www.giantbomb.com/summoner-2/3030-10636/"
        },
        {
            "api_detail_url": "http://www.giantbomb.com/api/game/3030-12203/",
            "id": 12203,
            "name": "Red Faction II",
            "site_detail_url": "http://www.giantbomb.com/red-faction-ii/3030-12203/"
        },
        {
            "api_detail_url": "http://www.giantbomb.com/api/game/3030-1080/",
            "id": 1080,
            "name": "Star Trek: Starfleet Command",
            "site_detail_url": "http://www.giantbomb.com/star-trek-starfleet-command/3030-1080/"
        },
        {
            "api_detail_url": "http://www.giantbomb.com/api/game/3030-18522/",
            "id": 18522,
            "name": "Onimusha: Blade Warriors",
            "site_detail_url": "http://www.giantbomb.com/onimusha-blade-warriors/3030-18522/"
        },
        {
            "api_detail_url": "http://www.giantbomb.com/api/game/3030-4576/",
            "id": 4576,
            "name": "Battlestar Galactica",
            "site_detail_url": "http://www.giantbomb.com/battlestar-galactica/3030-4576/"
        },
        {
            "api_detail_url": "http://www.giantbomb.com/api/game/3030-5565/",
            "id": 5565,
            "name": "Freelancer",
            "site_detail_url": "http://www.giantbomb.com/freelancer/3030-5565/"
        },
        {
            "api_detail_url": "http://www.giantbomb.com/api/game/3030-4247/",
            "id": 4247,
            "name": "Arc the Lad: Twilight of the Spirits",
            "site_detail_url": "http://www.giantbomb.com/arc-the-lad-twilight-of-the-spirits/3030-4247/"
        },
        {
            "api_detail_url": "http://www.giantbomb.com/api/game/3030-18741/",
            "id": 18741,
            "name": "Star Wars: Knights of the Old Republic",
            "site_detail_url": "http://www.giantbomb.com/star-wars-knights-of-the-old-republic/3030-18741/"
        },
        {
            "api_detail_url": "http://www.giantbomb.com/api/game/3030-6759/",
            "id": 6759,
            "name": "Disney's Extreme Skate Adventure",
            "site_detail_url": "http://www.giantbomb.com/disneys-extreme-skate-adventure/3030-6759/"
        },
        {
            "api_detail_url": "http://www.giantbomb.com/api/game/3030-13809/",
            "id": 13809,
            "name": "Rise to Honor",
            "site_detail_url": "http://www.giantbomb.com/rise-to-honor/3030-13809/"
        },
        {
            "api_detail_url": "http://www.giantbomb.com/api/game/3030-1049/",
            "id": 1049,
            "name": "SOCOM II: U.S. Navy SEALs",
            "site_detail_url": "http://www.giantbomb.com/socom-ii-us-navy-seals/3030-1049/"
        },
        {
            "api_detail_url": "http://www.giantbomb.com/api/game/3030-4618/",
            "id": 4618,
            "name": "Ratchet & Clank: Going Commando",
            "site_detail_url": "http://www.giantbomb.com/ratchet-clank-going-commando/3030-4618/"
        },
        {
            "api_detail_url": "http://www.giantbomb.com/api/game/3030-21268/",
            "id": 21268,
            "name": "The Hobbit",
            "site_detail_url": "http://www.giantbomb.com/the-hobbit/3030-21268/"
        },
        {
            "api_detail_url": "http://www.giantbomb.com/api/game/3030-13217/",
            "id": 13217,
            "name": "Champions of Norrath",
            "site_detail_url": "http://www.giantbomb.com/champions-of-norrath/3030-13217/"
        },
        {
            "api_detail_url": "http://www.giantbomb.com/api/game/3030-11186/",
            "id": 11186,
            "name": "Gungrave: Overdose",
            "site_detail_url": "http://www.giantbomb.com/gungrave-overdose/3030-11186/"
        },
        {
            "api_detail_url": "http://www.giantbomb.com/api/game/3030-15172/",
            "id": 15172,
            "name": "Shellshock: Nam '67",
            "site_detail_url": "http://www.giantbomb.com/shellshock-nam-67/3030-15172/"
        },
        {
            "api_detail_url": "http://www.giantbomb.com/api/game/3030-2242/",
            "id": 2242,
            "name": "The Punisher",
            "site_detail_url": "http://www.giantbomb.com/the-punisher/3030-2242/"
        },
        {
            "api_detail_url": "http://www.giantbomb.com/api/game/3030-4966/",
            "id": 4966,
            "name": "Ratchet & Clank: Up Your Arsenal",
            "site_detail_url": "http://www.giantbomb.com/ratchet-clank-up-your-arsenal/3030-4966/"
        },
        {
            "api_detail_url": "http://www.giantbomb.com/api/game/3030-18547/",
            "id": 18547,
            "name": "EverQuest II",
            "site_detail_url": "http://www.giantbomb.com/everquest-ii/3030-18547/"
        },
        {
            "api_detail_url": "http://www.giantbomb.com/api/game/3030-8852/",
            "id": 8852,
            "name": "Star Wars: Knights of the Old Republic II - The Sith Lords",
            "site_detail_url": "http://www.giantbomb.com/star-wars-knights-of-the-old-republic-ii-the-sith-/3030-8852/"
        },
        {
            "api_detail_url": "http://www.giantbomb.com/api/game/3030-6464/",
            "id": 6464,
            "name": "Samurai Western",
            "site_detail_url": "http://www.giantbomb.com/samurai-western/3030-6464/"
        },
        {
            "api_detail_url": "http://www.giantbomb.com/api/game/3030-18347/",
            "id": 18347,
            "name": "Killer7",
            "site_detail_url": "http://www.giantbomb.com/killer7/3030-18347/"
        },
        {
            "api_detail_url": "http://www.giantbomb.com/api/game/3030-14048/",
            "id": 14048,
            "name": "SOCOM 3: U.S. Navy SEALs",
            "site_detail_url": "http://www.giantbomb.com/socom-3-us-navy-seals/3030-14048/"
        },
        {
            "api_detail_url": "http://www.giantbomb.com/api/game/3030-2972/",
            "id": 2972,
            "name": "SOCOM: U.S. Navy SEALs - Fireteam Bravo",
            "site_detail_url": "http://www.giantbomb.com/socom-us-navy-seals-fireteam-bravo/3030-2972/"
        },
        {
            "api_detail_url": "http://www.giantbomb.com/api/game/3030-5554/",
            "id": 5554,
            "name": "The Matrix: Path of Neo",
            "site_detail_url": "http://www.giantbomb.com/the-matrix-path-of-neo/3030-5554/"
        },
        {
            "api_detail_url": "http://www.giantbomb.com/api/game/3030-1137/",
            "id": 1137,
            "name": "Neopets: The Darkest Faerie",
            "site_detail_url": "http://www.giantbomb.com/neopets-the-darkest-faerie/3030-1137/"
        },
        {
            "api_detail_url": "http://www.giantbomb.com/api/game/3030-7180/",
            "id": 7180,
            "name": "Yakuza",
            "site_detail_url": "http://www.giantbomb.com/yakuza/3030-7180/"
        },
        {
            "api_detail_url": "http://www.giantbomb.com/api/game/3030-4763/",
            "id": 4763,
            "name": "Kingdom Hearts II",
            "site_detail_url": "http://www.giantbomb.com/kingdom-hearts-ii/3030-4763/"
        },
        {
            "api_detail_url": "http://www.giantbomb.com/api/game/3030-4867/",
            "id": 4867,
            "name": "The Lord of the Rings: The Battle for Middle-earth II",
            "site_detail_url": "http://www.giantbomb.com/the-lord-of-the-rings-the-battle-for-middle-earth-/3030-4867/"
        },
        {
            "api_detail_url": "http://www.giantbomb.com/api/game/3030-15502/",
            "id": 15502,
            "name": "Syphon Filter: Dark Mirror",
            "site_detail_url": "http://www.giantbomb.com/syphon-filter-dark-mirror/3030-15502/"
        },
        {
            "api_detail_url": "http://www.giantbomb.com/api/game/3030-18930/",
            "id": 18930,
            "name": "Company of Heroes",
            "site_detail_url": "http://www.giantbomb.com/company-of-heroes/3030-18930/"
        },
        {
            "api_detail_url": "http://www.giantbomb.com/api/game/3030-10040/",
            "id": 10040,
            "name": "N3: Ninety-Nine Nights",
            "site_detail_url": "http://www.giantbomb.com/n3-ninety-nine-nights/3030-10040/"
        },
        {
            "api_detail_url": "http://www.giantbomb.com/api/game/3030-10846/",
            "id": 10846,
            "name": "Avatar: The Last Airbender",
            "site_detail_url": "http://www.giantbomb.com/avatar-the-last-airbender/3030-10846/"
        },
        {
            "api_detail_url": "http://www.giantbomb.com/api/game/3030-5910/",
            "id": 5910,
            "name": "SOCOM: U.S. Navy SEALs - Fireteam Bravo 2",
            "site_detail_url": "http://www.giantbomb.com/socom-us-navy-seals-fireteam-bravo-2/3030-5910/"
        },
        {
            "api_detail_url": "http://www.giantbomb.com/api/game/3030-6447/",
            "id": 6447,
            "name": "The Lord of the Rings: The Battle for Middle-earth II - The Rise of the Witch-King",
            "site_detail_url": "http://www.giantbomb.com/the-lord-of-the-rings-the-battle-for-middle-earth-/3030-6447/"
        },
        {
            "api_detail_url": "http://www.giantbomb.com/api/game/3030-13762/",
            "id": 13762,
            "name": "Titan Quest: Immortal Throne",
            "site_detail_url": "http://www.giantbomb.com/titan-quest-immortal-throne/3030-13762/"
        },
        {
            "api_detail_url": "http://www.giantbomb.com/api/game/3030-9326/",
            "id": 9326,
            "name": "Universe at War: Earth Assault",
            "site_detail_url": "http://www.giantbomb.com/universe-at-war-earth-assault/3030-9326/"
        },
        {
            "api_detail_url": "http://www.giantbomb.com/api/game/3030-5581/",
            "id": 5581,
            "name": "No More Heroes",
            "site_detail_url": "http://www.giantbomb.com/no-more-heroes/3030-5581/"
        },
        {
            "api_detail_url": "http://www.giantbomb.com/api/game/3030-20820/",
            "id": 20820,
            "name": "Destroy All Humans! Path of the Furon",
            "site_detail_url": "http://www.giantbomb.com/destroy-all-humans-path-of-the-furon/3030-20820/"
        },
        {
            "api_detail_url": "http://www.giantbomb.com/api/game/3030-20121/",
            "id": 20121,
            "name": "Star Trek: Klingon Academy",
            "site_detail_url": "http://www.giantbomb.com/star-trek-klingon-academy/3030-20121/"
        },
        {
            "api_detail_url": "http://www.giantbomb.com/api/game/3030-23134/",
            "id": 23134,
            "name": "Battlestar Galactica",
            "site_detail_url": "http://www.giantbomb.com/battlestar-galactica/3030-23134/"
        },
        {
            "api_detail_url": "http://www.giantbomb.com/api/game/3030-10461/",
            "id": 10461,
            "name": "Clive Barker's Jericho",
            "site_detail_url": "http://www.giantbomb.com/clive-barkers-jericho/3030-10461/"
        },
        {
            "api_detail_url": "http://www.giantbomb.com/api/game/3030-24700/",
            "id": 24700,
            "name": "Monsters vs. Aliens",
            "site_detail_url": "http://www.giantbomb.com/monsters-vs-aliens/3030-24700/"
        },
        {
            "api_detail_url": "http://www.giantbomb.com/api/game/3030-20739/",
            "id": 20739,
            "name": "Tom Clancy's EndWar",
            "site_detail_url": "http://www.giantbomb.com/tom-clancys-endwar/3030-20739/"
        },
        {
            "api_detail_url": "http://www.giantbomb.com/api/game/3030-21175/",
            "id": 21175,
            "name": "Warhammer 40,000: Dawn of War II",
            "site_detail_url": "http://www.giantbomb.com/warhammer-40000-dawn-of-war-ii/3030-21175/"
        },
        {
            "api_detail_url": "http://www.giantbomb.com/api/game/3030-21365/",
            "id": 21365,
            "name": "Rise of the Argonauts",
            "site_detail_url": "http://www.giantbomb.com/rise-of-the-argonauts/3030-21365/"
        },
        {
            "api_detail_url": "http://www.giantbomb.com/api/game/3030-21302/",
            "id": 21302,
            "name": "S.T.A.L.K.E.R.: Clear Sky",
            "site_detail_url": "http://www.giantbomb.com/stalker-clear-sky/3030-21302/"
        },
        {
            "api_detail_url": "http://www.giantbomb.com/api/game/3030-1819/",
            "id": 1819,
            "name": "The Golden Compass",
            "site_detail_url": "http://www.giantbomb.com/the-golden-compass/3030-1819/"
        },
        {
            "api_detail_url": "http://www.giantbomb.com/api/game/3030-13453/",
            "id": 13453,
            "name": "Medieval II: Total War - Kingdoms",
            "site_detail_url": "http://www.giantbomb.com/medieval-ii-total-war-kingdoms/3030-13453/"
        },
        {
            "api_detail_url": "http://www.giantbomb.com/api/game/3030-4634/",
            "id": 4634,
            "name": "Microsoft Flight Simulator X",
            "site_detail_url": "http://www.giantbomb.com/microsoft-flight-simulator-x/3030-4634/"
        },
        {
            "api_detail_url": "http://www.giantbomb.com/api/game/3030-3156/",
            "id": 3156,
            "name": "Champions: Return to Arms",
            "site_detail_url": "http://www.giantbomb.com/champions-return-to-arms/3030-3156/"
        },
        {
            "api_detail_url": "http://www.giantbomb.com/api/game/3030-7337/",
            "id": 7337,
            "name": "Van Helsing",
            "site_detail_url": "http://www.giantbomb.com/van-helsing/3030-7337/"
        },
        {
            "api_detail_url": "http://www.giantbomb.com/api/game/3030-7757/",
            "id": 7757,
            "name": "Lionheart: Legacy of the Crusader",
            "site_detail_url": "http://www.giantbomb.com/lionheart-legacy-of-the-crusader/3030-7757/"
        },
        {
            "api_detail_url": "http://www.giantbomb.com/api/game/3030-14055/",
            "id": 14055,
            "name": "Disney's PK: Out of the Shadows",
            "site_detail_url": "http://www.giantbomb.com/disneys-pk-out-of-the-shadows/3030-14055/"
        },
        {
            "api_detail_url": "http://www.giantbomb.com/api/game/3030-11479/",
            "id": 11479,
            "name": "Star Trek: Starfleet Command III",
            "site_detail_url": "http://www.giantbomb.com/star-trek-starfleet-command-iii/3030-11479/"
        },
        {
            "api_detail_url": "http://www.giantbomb.com/api/game/3030-11796/",
            "id": 11796,
            "name": "Star Trek: Armada II",
            "site_detail_url": "http://www.giantbomb.com/star-trek-armada-ii/3030-11796/"
        },
        {
            "api_detail_url": "http://www.giantbomb.com/api/game/3030-7651/",
            "id": 7651,
            "name": "Timeline",
            "site_detail_url": "http://www.giantbomb.com/timeline/3030-7651/"
        },
        {
            "api_detail_url": "http://www.giantbomb.com/api/game/3030-21827/",
            "id": 21827,
            "name": "SOCOM: U.S. Navy SEALs - Combined Assault",
            "site_detail_url": "http://www.giantbomb.com/socom-us-navy-seals-combined-assault/3030-21827/"
        },
        {
            "api_detail_url": "http://www.giantbomb.com/api/game/3030-10007/",
            "id": 10007,
            "name": "Dark Cloud 2",
            "site_detail_url": "http://www.giantbomb.com/dark-cloud-2/3030-10007/"
        },
        {
            "api_detail_url": "http://www.giantbomb.com/api/game/3030-21616/",
            "id": 21616,
            "name": "The Saboteur",
            "site_detail_url": "http://www.giantbomb.com/the-saboteur/3030-21616/"
        },
        {
            "api_detail_url": "http://www.giantbomb.com/api/game/3030-25933/",
            "id": 25933,
            "name": "Fallout: New Vegas",
            "site_detail_url": "http://www.giantbomb.com/fallout-new-vegas/3030-25933/"
        },
        {
            "api_detail_url": "http://www.giantbomb.com/api/game/3030-32362/",
            "id": 32362,
            "name": "Warhammer 40,000: Dawn of War II - Retribution",
            "site_detail_url": "http://www.giantbomb.com/warhammer-40000-dawn-of-war-ii-retribution/3030-32362/"
        },
        {
            "api_detail_url": "http://www.giantbomb.com/api/game/3030-32297/",
            "id": 32297,
            "name": "Ace Combat Assault Horizon",
            "site_detail_url": "http://www.giantbomb.com/ace-combat-assault-horizon/3030-32297/"
        },
        {
            "api_detail_url": "http://www.giantbomb.com/api/game/3030-27130/",
            "id": 27130,
            "name": "Command & Conquer 4:  Tiberian Twilight",
            "site_detail_url": "http://www.giantbomb.com/command-conquer-4-tiberian-twilight/3030-27130/"
        },
        {
            "api_detail_url": "http://www.giantbomb.com/api/game/3030-30484/",
            "id": 30484,
            "name": "F.E.A.R. 3",
            "site_detail_url": "http://www.giantbomb.com/fear-3/3030-30484/"
        },
        {
            "api_detail_url": "http://www.giantbomb.com/api/game/3030-33851/",
            "id": 33851,
            "name": "Jurassic Park",
            "site_detail_url": "http://www.giantbomb.com/jurassic-park/3030-33851/"
        },
        {
            "api_detail_url": "http://www.giantbomb.com/api/game/3030-38542/",
            "id": 38542,
            "name": "Call of Duty: Black Ops Declassified",
            "site_detail_url": "http://www.giantbomb.com/call-of-duty-black-ops-declassified/3030-38542/"
        },
        {
            "api_detail_url": "http://www.giantbomb.com/api/game/3030-37715/",
            "id": 37715,
            "name": "Ratchet & Clank Collection",
            "site_detail_url": "http://www.giantbomb.com/ratchet-clank-collection/3030-37715/"
        },
        {
            "api_detail_url": "http://www.giantbomb.com/api/game/3030-40796/",
            "id": 40796,
            "name": "Metal Gear Solid V: The Phantom Pain",
            "site_detail_url": "http://www.giantbomb.com/metal-gear-solid-v-the-phantom-pain/3030-40796/"
        },
        {
            "api_detail_url": "http://www.giantbomb.com/api/game/3030-39575/",
            "id": 39575,
            "name": "Metal Gear Solid V: Ground Zeroes",
            "site_detail_url": "http://www.giantbomb.com/metal-gear-solid-v-ground-zeroes/3030-39575/"
        },
        {
            "api_detail_url": "http://www.giantbomb.com/api/game/3030-45577/",
            "id": 45577,
            "name": "Batman: Arkham Knight",
            "site_detail_url": "http://www.giantbomb.com/batman-arkham-knight/3030-45577/"
        }
    ],
    "gender": 1,
    "hometown": "Louisville",
    "id": 29971,
    "name": "James Horan",
    "people": [
        {
            "api_detail_url": "http://www.giantbomb.com/api/person/3040-86436/",
            "id": 86436,
            "name": "Zach Hanks",
            "site_detail_url": "http://www.giantbomb.com/zach-hanks/3040-86436/"
        }
    ]
}