{
    "birth_date": null,
    "country": null,
    "death_date": null,
    "deck": null,
    "first_credited_game": {
        "api_detail_url": "http://www.giantbomb.com/api/game/3030-6330/",
        "id": 6330,
        "name": "Championship Surfer"
    },
    "games": [
        {
            "api_detail_url": "http://www.giantbomb.com/api/game/3030-6330/",
            "id": 6330,
            "name": "Championship Surfer",
            "site_detail_url": "http://www.giantbomb.com/championship-surfer/3030-6330/"
        },
        {
            "api_detail_url": "http://www.giantbomb.com/api/game/3030-2059/",
            "id": 2059,
            "name": "Dungeon Siege",
            "site_detail_url": "http://www.giantbomb.com/dungeon-siege/3030-2059/"
        },
        {
            "api_detail_url": "http://www.giantbomb.com/api/game/3030-8483/",
            "id": 8483,
            "name": "The Sims: Makin' Magic",
            "site_detail_url": "http://www.giantbomb.com/the-sims-makin-magic/3030-8483/"
        },
        {
            "api_detail_url": "http://www.giantbomb.com/api/game/3030-14043/",
            "id": 14043,
            "name": "The Sims: Bustin' Out",
            "site_detail_url": "http://www.giantbomb.com/the-sims-bustin-out/3030-14043/"
        },
        {
            "api_detail_url": "http://www.giantbomb.com/api/game/3030-14865/",
            "id": 14865,
            "name": "SimCity 4: Rush Hour",
            "site_detail_url": "http://www.giantbomb.com/simcity-4-rush-hour/3030-14865/"
        },
        {
            "api_detail_url": "http://www.giantbomb.com/api/game/3030-1828/",
            "id": 1828,
            "name": "NHL 2004",
            "site_detail_url": "http://www.giantbomb.com/nhl-2004/3030-1828/"
        },
        {
            "api_detail_url": "http://www.giantbomb.com/api/game/3030-18428/",
            "id": 18428,
            "name": "NASCAR Thunder 2004",
            "site_detail_url": "http://www.giantbomb.com/nascar-thunder-2004/3030-18428/"
        },
        {
            "api_detail_url": "http://www.giantbomb.com/api/game/3030-16752/",
            "id": 16752,
            "name": "Medal of Honor: Rising Sun",
            "site_detail_url": "http://www.giantbomb.com/medal-of-honor-rising-sun/3030-16752/"
        },
        {
            "api_detail_url": "http://www.giantbomb.com/api/game/3030-14482/",
            "id": 14482,
            "name": "Medal of Honor: Allied Assault - Breakthrough",
            "site_detail_url": "http://www.giantbomb.com/medal-of-honor-allied-assault-breakthrough/3030-14482/"
        },
        {
            "api_detail_url": "http://www.giantbomb.com/api/game/3030-9343/",
            "id": 9343,
            "name": "Harry Potter: Quidditch World Cup",
            "site_detail_url": "http://www.giantbomb.com/harry-potter-quidditch-world-cup/3030-9343/"
        },
        {
            "api_detail_url": "http://www.giantbomb.com/api/game/3030-577/",
            "id": 577,
            "name": "Harry Potter and the Philosopher's Stone",
            "site_detail_url": "http://www.giantbomb.com/harry-potter-and-the-philosophers-stone/3030-577/"
        },
        {
            "api_detail_url": "http://www.giantbomb.com/api/game/3030-10853/",
            "id": 10853,
            "name": "Freedom Fighters",
            "site_detail_url": "http://www.giantbomb.com/freedom-fighters/3030-10853/"
        },
        {
            "api_detail_url": "http://www.giantbomb.com/api/game/3030-17982/",
            "id": 17982,
            "name": "Command & Conquer: Generals - Zero Hour",
            "site_detail_url": "http://www.giantbomb.com/command-conquer-generals-zero-hour/3030-17982/"
        },
        {
            "api_detail_url": "http://www.giantbomb.com/api/game/3030-5274/",
            "id": 5274,
            "name": "Battlefield 1942: Secret Weapons of WWII",
            "site_detail_url": "http://www.giantbomb.com/battlefield-1942-secret-weapons-of-wwii/3030-5274/"
        },
        {
            "api_detail_url": "http://www.giantbomb.com/api/game/3030-1842/",
            "id": 1842,
            "name": "The Urbz: Sims in the City",
            "site_detail_url": "http://www.giantbomb.com/the-urbz-sims-in-the-city/3030-1842/"
        },
        {
            "api_detail_url": "http://www.giantbomb.com/api/game/3030-12080/",
            "id": 12080,
            "name": "Tiger Woods PGA Tour 2004",
            "site_detail_url": "http://www.giantbomb.com/tiger-woods-pga-tour-2004/3030-12080/"
        },
        {
            "api_detail_url": "http://www.giantbomb.com/api/game/3030-2473/",
            "id": 2473,
            "name": "The Sims 2",
            "site_detail_url": "http://www.giantbomb.com/the-sims-2/3030-2473/"
        },
        {
            "api_detail_url": "http://www.giantbomb.com/api/game/3030-6923/",
            "id": 6923,
            "name": "NHL 2005",
            "site_detail_url": "http://www.giantbomb.com/nhl-2005/3030-6923/"
        },
        {
            "api_detail_url": "http://www.giantbomb.com/api/game/3030-1869/",
            "id": 1869,
            "name": "Medal of Honor: Pacific Assault",
            "site_detail_url": "http://www.giantbomb.com/medal-of-honor-pacific-assault/3030-1869/"
        },
        {
            "api_detail_url": "http://www.giantbomb.com/api/game/3030-7701/",
            "id": 7701,
            "name": "The Lord of the Rings: The Battle for Middle-earth",
            "site_detail_url": "http://www.giantbomb.com/the-lord-of-the-rings-the-battle-for-middle-earth/3030-7701/"
        },
        {
            "api_detail_url": "http://www.giantbomb.com/api/game/3030-3792/",
            "id": 3792,
            "name": "Harry Potter and the Prisoner of Azkaban",
            "site_detail_url": "http://www.giantbomb.com/harry-potter-and-the-prisoner-of-azkaban/3030-3792/"
        },
        {
            "api_detail_url": "http://www.giantbomb.com/api/game/3030-9850/",
            "id": 9850,
            "name": "The Sims 2: Nightlife",
            "site_detail_url": "http://www.giantbomb.com/the-sims-2-nightlife/3030-9850/"
        },
        {
            "api_detail_url": "http://www.giantbomb.com/api/game/3030-21431/",
            "id": 21431,
            "name": "Oddworld: Stranger's Wrath",
            "site_detail_url": "http://www.giantbomb.com/oddworld-strangers-wrath/3030-21431/"
        },
        {
            "api_detail_url": "http://www.giantbomb.com/api/game/3030-14685/",
            "id": 14685,
            "name": "Fight Night Round 2",
            "site_detail_url": "http://www.giantbomb.com/fight-night-round-2/3030-14685/"
        },
        {
            "api_detail_url": "http://www.giantbomb.com/api/game/3030-12474/",
            "id": 12474,
            "name": "Black & White 2",
            "site_detail_url": "http://www.giantbomb.com/black-white-2/3030-12474/"
        },
        {
            "api_detail_url": "http://www.giantbomb.com/api/game/3030-16866/",
            "id": 16866,
            "name": "Battlefield 2",
            "site_detail_url": "http://www.giantbomb.com/battlefield-2/3030-16866/"
        },
        {
            "api_detail_url": "http://www.giantbomb.com/api/game/3030-13029/",
            "id": 13029,
            "name": "Battlefield 2: Special Forces",
            "site_detail_url": "http://www.giantbomb.com/battlefield-2-special-forces/3030-13029/"
        },
        {
            "api_detail_url": "http://www.giantbomb.com/api/game/3030-3556/",
            "id": 3556,
            "name": "The Sims 2: Pets",
            "site_detail_url": "http://www.giantbomb.com/the-sims-2-pets/3030-3556/"
        },
        {
            "api_detail_url": "http://www.giantbomb.com/api/game/3030-8681/",
            "id": 8681,
            "name": "The Sims 2: Open for Business",
            "site_detail_url": "http://www.giantbomb.com/the-sims-2-open-for-business/3030-8681/"
        },
        {
            "api_detail_url": "http://www.giantbomb.com/api/game/3030-738/",
            "id": 738,
            "name": "Black & White 2: Battle of the Gods",
            "site_detail_url": "http://www.giantbomb.com/black-white-2-battle-of-the-gods/3030-738/"
        },
        {
            "api_detail_url": "http://www.giantbomb.com/api/game/3030-21646/",
            "id": 21646,
            "name": "Battlefield 2: Modern Combat",
            "site_detail_url": "http://www.giantbomb.com/battlefield-2-modern-combat/3030-21646/"
        },
        {
            "api_detail_url": "http://www.giantbomb.com/api/game/3030-17828/",
            "id": 17828,
            "name": "Battlefield 2142",
            "site_detail_url": "http://www.giantbomb.com/battlefield-2142/3030-17828/"
        },
        {
            "api_detail_url": "http://www.giantbomb.com/api/game/3030-15426/",
            "id": 15426,
            "name": "The Sims: Life Stories",
            "site_detail_url": "http://www.giantbomb.com/the-sims-life-stories/3030-15426/"
        },
        {
            "api_detail_url": "http://www.giantbomb.com/api/game/3030-1628/",
            "id": 1628,
            "name": "SimCity Societies",
            "site_detail_url": "http://www.giantbomb.com/simcity-societies/3030-1628/"
        },
        {
            "api_detail_url": "http://www.giantbomb.com/api/game/3030-7682/",
            "id": 7682,
            "name": "MySims",
            "site_detail_url": "http://www.giantbomb.com/mysims/3030-7682/"
        },
        {
            "api_detail_url": "http://www.giantbomb.com/api/game/3030-9989/",
            "id": 9989,
            "name": "Hellgate: London",
            "site_detail_url": "http://www.giantbomb.com/hellgate-london/3030-9989/"
        },
        {
            "api_detail_url": "http://www.giantbomb.com/api/game/3030-12053/",
            "id": 12053,
            "name": "Harry Potter and the Order of the Phoenix",
            "site_detail_url": "http://www.giantbomb.com/harry-potter-and-the-order-of-the-phoenix/3030-12053/"
        },
        {
            "api_detail_url": "http://www.giantbomb.com/api/game/3030-8459/",
            "id": 8459,
            "name": "Burnout Dominator",
            "site_detail_url": "http://www.giantbomb.com/burnout-dominator/3030-8459/"
        },
        {
            "api_detail_url": "http://www.giantbomb.com/api/game/3030-7076/",
            "id": 7076,
            "name": "Battlefield 2142: Booster Pack - Northern Strike",
            "site_detail_url": "http://www.giantbomb.com/battlefield-2142-booster-pack-northern-strike/3030-7076/"
        },
        {
            "api_detail_url": "http://www.giantbomb.com/api/game/3030-10203/",
            "id": 10203,
            "name": "The Sims: Castaway Stories",
            "site_detail_url": "http://www.giantbomb.com/the-sims-castaway-stories/3030-10203/"
        },
        {
            "api_detail_url": "http://www.giantbomb.com/api/game/3030-17673/",
            "id": 17673,
            "name": "The Sims: Carnival - SnapCity",
            "site_detail_url": "http://www.giantbomb.com/the-sims-carnival-snapcity/3030-17673/"
        },
        {
            "api_detail_url": "http://www.giantbomb.com/api/game/3030-20494/",
            "id": 20494,
            "name": "Command & Conquer 3: Kane's Wrath",
            "site_detail_url": "http://www.giantbomb.com/command-conquer-3-kanes-wrath/3030-20494/"
        },
        {
            "api_detail_url": "http://www.giantbomb.com/api/game/3030-20466/",
            "id": 20466,
            "name": "Boom Blox",
            "site_detail_url": "http://www.giantbomb.com/boom-blox/3030-20466/"
        },
        {
            "api_detail_url": "http://www.giantbomb.com/api/game/3030-20479/",
            "id": 20479,
            "name": "Army of Two",
            "site_detail_url": "http://www.giantbomb.com/army-of-two/3030-20479/"
        },
        {
            "api_detail_url": "http://www.giantbomb.com/api/game/3030-27130/",
            "id": 27130,
            "name": "Command & Conquer 4:  Tiberian Twilight",
            "site_detail_url": "http://www.giantbomb.com/command-conquer-4-tiberian-twilight/3030-27130/"
        },
        {
            "api_detail_url": "http://www.giantbomb.com/api/game/3030-20697/",
            "id": 20697,
            "name": "Mercenaries 2: World in Flames",
            "site_detail_url": "http://www.giantbomb.com/mercenaries-2-world-in-flames/3030-20697/"
        },
        {
            "api_detail_url": "http://www.giantbomb.com/api/game/3030-33722/",
            "id": 33722,
            "name": "The Sims Carnival: Bumper Blast",
            "site_detail_url": "http://www.giantbomb.com/the-sims-carnival-bumper-blast/3030-33722/"
        },
        {
            "api_detail_url": "http://www.giantbomb.com/api/game/3030-6311/",
            "id": 6311,
            "name": "Guitar Hero",
            "site_detail_url": "http://www.giantbomb.com/guitar-hero/3030-6311/"
        }
    ],
    "gender": 1,
    "hometown": null,
    "id": 31788,
    "name": "Jason Collins",
    "people": []
}