{
    "birth_date": null,
    "country": null,
    "death_date": null,
    "deck": null,
    "first_credited_game": {
        "api_detail_url": "http://www.giantbomb.com/api/game/3030-12463/",
        "id": 12463,
        "name": "Head-On Soccer"
    },
    "games": [
        {
            "api_detail_url": "http://www.giantbomb.com/api/game/3030-11178/",
            "id": 11178,
            "name": "RollerCoaster Tycoon 2",
            "site_detail_url": "http://www.giantbomb.com/rollercoaster-tycoon-2/3030-11178/"
        },
        {
            "api_detail_url": "http://www.giantbomb.com/api/game/3030-5625/",
            "id": 5625,
            "name": "RollerCoaster Tycoon 3",
            "site_detail_url": "http://www.giantbomb.com/rollercoaster-tycoon-3/3030-5625/"
        },
        {
            "api_detail_url": "http://www.giantbomb.com/api/game/3030-10555/",
            "id": 10555,
            "name": "Retro Atari Classics",
            "site_detail_url": "http://www.giantbomb.com/retro-atari-classics/3030-10555/"
        },
        {
            "api_detail_url": "http://www.giantbomb.com/api/game/3030-13817/",
            "id": 13817,
            "name": "Alone in the Dark: The New Nightmare",
            "site_detail_url": "http://www.giantbomb.com/alone-in-the-dark-the-new-nightmare/3030-13817/"
        },
        {
            "api_detail_url": "http://www.giantbomb.com/api/game/3030-18221/",
            "id": 18221,
            "name": "Looney Tunes Racing",
            "site_detail_url": "http://www.giantbomb.com/looney-tunes-racing/3030-18221/"
        },
        {
            "api_detail_url": "http://www.giantbomb.com/api/game/3030-3765/",
            "id": 3765,
            "name": "Fight for Life",
            "site_detail_url": "http://www.giantbomb.com/fight-for-life/3030-3765/"
        },
        {
            "api_detail_url": "http://www.giantbomb.com/api/game/3030-21810/",
            "id": 21810,
            "name": "Star Trek Online",
            "site_detail_url": "http://www.giantbomb.com/star-trek-online/3030-21810/"
        },
        {
            "api_detail_url": "http://www.giantbomb.com/api/game/3030-21508/",
            "id": 21508,
            "name": "Champions Online",
            "site_detail_url": "http://www.giantbomb.com/champions-online/3030-21508/"
        },
        {
            "api_detail_url": "http://www.giantbomb.com/api/game/3030-20688/",
            "id": 20688,
            "name": "Ghostbusters: The Video Game",
            "site_detail_url": "http://www.giantbomb.com/ghostbusters-the-video-game/3030-20688/"
        },
        {
            "api_detail_url": "http://www.giantbomb.com/api/game/3030-22006/",
            "id": 22006,
            "name": "Dragon Ball: Origins",
            "site_detail_url": "http://www.giantbomb.com/dragon-ball-origins/3030-22006/"
        },
        {
            "api_detail_url": "http://www.giantbomb.com/api/game/3030-25734/",
            "id": 25734,
            "name": "Jenga World Tour",
            "site_detail_url": "http://www.giantbomb.com/jenga-world-tour/3030-25734/"
        },
        {
            "api_detail_url": "http://www.giantbomb.com/api/game/3030-11806/",
            "id": 11806,
            "name": "Silverfall",
            "site_detail_url": "http://www.giantbomb.com/silverfall/3030-11806/"
        },
        {
            "api_detail_url": "http://www.giantbomb.com/api/game/3030-10243/",
            "id": 10243,
            "name": "Backyard Basketball 2007",
            "site_detail_url": "http://www.giantbomb.com/backyard-basketball-2007/3030-10243/"
        },
        {
            "api_detail_url": "http://www.giantbomb.com/api/game/3030-25761/",
            "id": 25761,
            "name": "BattleZone",
            "site_detail_url": "http://www.giantbomb.com/battlezone/3030-25761/"
        },
        {
            "api_detail_url": "http://www.giantbomb.com/api/game/3030-17604/",
            "id": 17604,
            "name": "Driver: Parallel Lines",
            "site_detail_url": "http://www.giantbomb.com/driver-parallel-lines/3030-17604/"
        },
        {
            "api_detail_url": "http://www.giantbomb.com/api/game/3030-10219/",
            "id": 10219,
            "name": "Duel Masters Shadow of the Code",
            "site_detail_url": "http://www.giantbomb.com/duel-masters-shadow-of-the-code/3030-10219/"
        },
        {
            "api_detail_url": "http://www.giantbomb.com/api/game/3030-18607/",
            "id": 18607,
            "name": "Dungeons & Dragons: Dragonshard",
            "site_detail_url": "http://www.giantbomb.com/dungeons-dragons-dragonshard/3030-18607/"
        },
        {
            "api_detail_url": "http://www.giantbomb.com/api/game/3030-2494/",
            "id": 2494,
            "name": "Indigo Prophecy",
            "site_detail_url": "http://www.giantbomb.com/indigo-prophecy/3030-2494/"
        },
        {
            "api_detail_url": "http://www.giantbomb.com/api/game/3030-1001/",
            "id": 1001,
            "name": "RollerCoaster Tycoon 3: Soaked!",
            "site_detail_url": "http://www.giantbomb.com/rollercoaster-tycoon-3-soaked/3030-1001/"
        },
        {
            "api_detail_url": "http://www.giantbomb.com/api/game/3030-7032/",
            "id": 7032,
            "name": "Backyard Skateboarding",
            "site_detail_url": "http://www.giantbomb.com/backyard-skateboarding/3030-7032/"
        },
        {
            "api_detail_url": "http://www.giantbomb.com/api/game/3030-10999/",
            "id": 10999,
            "name": "Chris Sawyer's Locomotion",
            "site_detail_url": "http://www.giantbomb.com/chris-sawyers-locomotion/3030-10999/"
        },
        {
            "api_detail_url": "http://www.giantbomb.com/api/game/3030-2911/",
            "id": 2911,
            "name": "Dragon Ball Z: Supersonic Warriors",
            "site_detail_url": "http://www.giantbomb.com/dragon-ball-z-supersonic-warriors/3030-2911/"
        },
        {
            "api_detail_url": "http://www.giantbomb.com/api/game/3030-13159/",
            "id": 13159,
            "name": "Duel Masters Kaijudo Showdown",
            "site_detail_url": "http://www.giantbomb.com/duel-masters-kaijudo-showdown/3030-13159/"
        },
        {
            "api_detail_url": "http://www.giantbomb.com/api/game/3030-8153/",
            "id": 8153,
            "name": "Godzilla: Save the Earth",
            "site_detail_url": "http://www.giantbomb.com/godzilla-save-the-earth/3030-8153/"
        },
        {
            "api_detail_url": "http://www.giantbomb.com/api/game/3030-10151/",
            "id": 10151,
            "name": "Shadow Ops: Red Mercury",
            "site_detail_url": "http://www.giantbomb.com/shadow-ops-red-mercury/3030-10151/"
        },
        {
            "api_detail_url": "http://www.giantbomb.com/api/game/3030-2989/",
            "id": 2989,
            "name": "Trivial Pursuit: Unhinged",
            "site_detail_url": "http://www.giantbomb.com/trivial-pursuit-unhinged/3030-2989/"
        },
        {
            "api_detail_url": "http://www.giantbomb.com/api/game/3030-13286/",
            "id": 13286,
            "name": "Unreal Tournament 2004",
            "site_detail_url": "http://www.giantbomb.com/unreal-tournament-2004/3030-13286/"
        },
        {
            "api_detail_url": "http://www.giantbomb.com/api/game/3030-14163/",
            "id": 14163,
            "name": "YuYu Hakusho Tournament Tactics",
            "site_detail_url": "http://www.giantbomb.com/yuyu-hakusho-tournament-tactics/3030-14163/"
        },
        {
            "api_detail_url": "http://www.giantbomb.com/api/game/3030-20064/",
            "id": 20064,
            "name": "Atari: 80 Classic Games in One",
            "site_detail_url": "http://www.giantbomb.com/atari-80-classic-games-in-one/3030-20064/"
        },
        {
            "api_detail_url": "http://www.giantbomb.com/api/game/3030-1242/",
            "id": 1242,
            "name": "Deer Hunter 2004",
            "site_detail_url": "http://www.giantbomb.com/deer-hunter-2004/3030-1242/"
        },
        {
            "api_detail_url": "http://www.giantbomb.com/api/game/3030-25676/",
            "id": 25676,
            "name": "Dragon Ball Z: Taiketsu",
            "site_detail_url": "http://www.giantbomb.com/dragon-ball-z-taiketsu/3030-25676/"
        },
        {
            "api_detail_url": "http://www.giantbomb.com/api/game/3030-7570/",
            "id": 7570,
            "name": "Enter the Matrix",
            "site_detail_url": "http://www.giantbomb.com/enter-the-matrix/3030-7570/"
        },
        {
            "api_detail_url": "http://www.giantbomb.com/api/game/3030-13869/",
            "id": 13869,
            "name": "Istaria: Chronicles of the Gifted",
            "site_detail_url": "http://www.giantbomb.com/istaria-chronicles-of-the-gifted/3030-13869/"
        },
        {
            "api_detail_url": "http://www.giantbomb.com/api/game/3030-9953/",
            "id": 9953,
            "name": "Neverwinter Nights",
            "site_detail_url": "http://www.giantbomb.com/neverwinter-nights/3030-9953/"
        },
        {
            "api_detail_url": "http://www.giantbomb.com/api/game/3030-20287/",
            "id": 20287,
            "name": "KnightShift",
            "site_detail_url": "http://www.giantbomb.com/knightshift/3030-20287/"
        },
        {
            "api_detail_url": "http://www.giantbomb.com/api/game/3030-2415/",
            "id": 2415,
            "name": "RollerCoaster Tycoon 2: Time Twister",
            "site_detail_url": "http://www.giantbomb.com/rollercoaster-tycoon-2-time-twister/3030-2415/"
        },
        {
            "api_detail_url": "http://www.giantbomb.com/api/game/3030-3242/",
            "id": 3242,
            "name": "Sid Meier's Civilization III: Conquests",
            "site_detail_url": "http://www.giantbomb.com/sid-meiers-civilization-iii-conquests/3030-3242/"
        },
        {
            "api_detail_url": "http://www.giantbomb.com/api/game/3030-11474/",
            "id": 11474,
            "name": "The Temple of Elemental Evil: A Classic Greyhawk Adventure",
            "site_detail_url": "http://www.giantbomb.com/the-temple-of-elemental-evil-a-classic-greyhawk-ad/3030-11474/"
        },
        {
            "api_detail_url": "http://www.giantbomb.com/api/game/3030-6580/",
            "id": 6580,
            "name": "Terminator 3: Rise of the Machines",
            "site_detail_url": "http://www.giantbomb.com/terminator-3-rise-of-the-machines/3030-6580/"
        },
        {
            "api_detail_url": "http://www.giantbomb.com/api/game/3030-17350/",
            "id": 17350,
            "name": "Unreal II: The Awakening",
            "site_detail_url": "http://www.giantbomb.com/unreal-ii-the-awakening/3030-17350/"
        },
        {
            "api_detail_url": "http://www.giantbomb.com/api/game/3030-17490/",
            "id": 17490,
            "name": "Atari Anniversary Advance",
            "site_detail_url": "http://www.giantbomb.com/atari-anniversary-advance/3030-17490/"
        },
        {
            "api_detail_url": "http://www.giantbomb.com/api/game/3030-3887/",
            "id": 3887,
            "name": "Dora the Explorer: Lost City Adventure",
            "site_detail_url": "http://www.giantbomb.com/dora-the-explorer-lost-city-adventure/3030-3887/"
        },
        {
            "api_detail_url": "http://www.giantbomb.com/api/game/3030-1804/",
            "id": 1804,
            "name": "Gothic II",
            "site_detail_url": "http://www.giantbomb.com/gothic-ii/3030-1804/"
        },
        {
            "api_detail_url": "http://www.giantbomb.com/api/game/3030-3710/",
            "id": 3710,
            "name": "Pac-Man All-Stars",
            "site_detail_url": "http://www.giantbomb.com/pac-man-all-stars/3030-3710/"
        },
        {
            "api_detail_url": "http://www.giantbomb.com/api/game/3030-8266/",
            "id": 8266,
            "name": "Tactical Ops: Assault on Terror",
            "site_detail_url": "http://www.giantbomb.com/tactical-ops-assault-on-terror/3030-8266/"
        },
        {
            "api_detail_url": "http://www.giantbomb.com/api/game/3030-18828/",
            "id": 18828,
            "name": "Unreal Tournament 2003",
            "site_detail_url": "http://www.giantbomb.com/unreal-tournament-2003/3030-18828/"
        },
        {
            "api_detail_url": "http://www.giantbomb.com/api/game/3030-18488/",
            "id": 18488,
            "name": "Backyard Soccer",
            "site_detail_url": "http://www.giantbomb.com/backyard-soccer/3030-18488/"
        },
        {
            "api_detail_url": "http://www.giantbomb.com/api/game/3030-21739/",
            "id": 21739,
            "name": "Looney Tunes: Sheep Raider",
            "site_detail_url": "http://www.giantbomb.com/looney-tunes-sheep-raider/3030-21739/"
        },
        {
            "api_detail_url": "http://www.giantbomb.com/api/game/3030-13707/",
            "id": 13707,
            "name": "MXrider",
            "site_detail_url": "http://www.giantbomb.com/mxrider/3030-13707/"
        },
        {
            "api_detail_url": "http://www.giantbomb.com/api/game/3030-5446/",
            "id": 5446,
            "name": "Bugs Bunny & Taz: Time Busters",
            "site_detail_url": "http://www.giantbomb.com/bugs-bunny-taz-time-busters/3030-5446/"
        },
        {
            "api_detail_url": "http://www.giantbomb.com/api/game/3030-14658/",
            "id": 14658,
            "name": "Sega Smash Pack 2",
            "site_detail_url": "http://www.giantbomb.com/sega-smash-pack-2/3030-14658/"
        },
        {
            "api_detail_url": "http://www.giantbomb.com/api/game/3030-706/",
            "id": 706,
            "name": "Test Drive 2001",
            "site_detail_url": "http://www.giantbomb.com/test-drive-2001/3030-706/"
        },
        {
            "api_detail_url": "http://www.giantbomb.com/api/game/3030-13576/",
            "id": 13576,
            "name": "Demolition Racer",
            "site_detail_url": "http://www.giantbomb.com/demolition-racer/3030-13576/"
        },
        {
            "api_detail_url": "http://www.giantbomb.com/api/game/3030-16270/",
            "id": 16270,
            "name": "Slave Zero",
            "site_detail_url": "http://www.giantbomb.com/slave-zero/3030-16270/"
        },
        {
            "api_detail_url": "http://www.giantbomb.com/api/game/3030-6628/",
            "id": 6628,
            "name": "Test Drive 6",
            "site_detail_url": "http://www.giantbomb.com/test-drive-6/3030-6628/"
        },
        {
            "api_detail_url": "http://www.giantbomb.com/api/game/3030-9109/",
            "id": 9109,
            "name": "Test Drive: Off-Road 3",
            "site_detail_url": "http://www.giantbomb.com/test-drive-off-road-3/3030-9109/"
        },
        {
            "api_detail_url": "http://www.giantbomb.com/api/game/3030-12546/",
            "id": 12546,
            "name": "Big Air",
            "site_detail_url": "http://www.giantbomb.com/big-air/3030-12546/"
        },
        {
            "api_detail_url": "http://www.giantbomb.com/api/game/3030-18795/",
            "id": 18795,
            "name": "Deadlock II: Shrine Wars",
            "site_detail_url": "http://www.giantbomb.com/deadlock-ii-shrine-wars/3030-18795/"
        },
        {
            "api_detail_url": "http://www.giantbomb.com/api/game/3030-12594/",
            "id": 12594,
            "name": "HardBall 6",
            "site_detail_url": "http://www.giantbomb.com/hardball-6/3030-12594/"
        },
        {
            "api_detail_url": "http://www.giantbomb.com/api/game/3030-10089/",
            "id": 10089,
            "name": "Jack Nicklaus 5",
            "site_detail_url": "http://www.giantbomb.com/jack-nicklaus-5/3030-10089/"
        },
        {
            "api_detail_url": "http://www.giantbomb.com/api/game/3030-13819/",
            "id": 13819,
            "name": "Test Drive 5",
            "site_detail_url": "http://www.giantbomb.com/test-drive-5/3030-13819/"
        },
        {
            "api_detail_url": "http://www.giantbomb.com/api/game/3030-19066/",
            "id": 19066,
            "name": "Test Drive: Off-Road 2",
            "site_detail_url": "http://www.giantbomb.com/test-drive-off-road-2/3030-19066/"
        },
        {
            "api_detail_url": "http://www.giantbomb.com/api/game/3030-13751/",
            "id": 13751,
            "name": "Test Drive 4",
            "site_detail_url": "http://www.giantbomb.com/test-drive-4/3030-13751/"
        },
        {
            "api_detail_url": "http://www.giantbomb.com/api/game/3030-14898/",
            "id": 14898,
            "name": "Defender 2000",
            "site_detail_url": "http://www.giantbomb.com/defender-2000/3030-14898/"
        },
        {
            "api_detail_url": "http://www.giantbomb.com/api/game/3030-13186/",
            "id": 13186,
            "name": "Mr. Bones",
            "site_detail_url": "http://www.giantbomb.com/mr-bones/3030-13186/"
        },
        {
            "api_detail_url": "http://www.giantbomb.com/api/game/3030-10554/",
            "id": 10554,
            "name": "Spider",
            "site_detail_url": "http://www.giantbomb.com/spider/3030-10554/"
        },
        {
            "api_detail_url": "http://www.giantbomb.com/api/game/3030-10991/",
            "id": 10991,
            "name": "Vectorman 2",
            "site_detail_url": "http://www.giantbomb.com/vectorman-2/3030-10991/"
        },
        {
            "api_detail_url": "http://www.giantbomb.com/api/game/3030-17291/",
            "id": 17291,
            "name": "Atari Karts",
            "site_detail_url": "http://www.giantbomb.com/atari-karts/3030-17291/"
        },
        {
            "api_detail_url": "http://www.giantbomb.com/api/game/3030-2710/",
            "id": 2710,
            "name": "Baldies",
            "site_detail_url": "http://www.giantbomb.com/baldies/3030-2710/"
        },
        {
            "api_detail_url": "http://www.giantbomb.com/api/game/3030-12463/",
            "id": 12463,
            "name": "Head-On Soccer",
            "site_detail_url": "http://www.giantbomb.com/head-on-soccer/3030-12463/"
        },
        {
            "api_detail_url": "http://www.giantbomb.com/api/game/3030-7131/",
            "id": 7131,
            "name": "Marc Ecko's Getting Up: Contents Under Pressure",
            "site_detail_url": "http://www.giantbomb.com/marc-eckos-getting-up-contents-under-pressure/3030-7131/"
        }
    ],
    "gender": 1,
    "hometown": null,
    "id": 21291,
    "name": "Jason Cordero",
    "people": []
}