{
    "birth_date": null,
    "country": null,
    "death_date": null,
    "deck": "Jay Watamaniuk is a community manager currently working for Bioware. He has worked on Mass Effect 2.",
    "first_credited_game": {
        "api_detail_url": "http://www.giantbomb.com/api/game/3030-21590/",
        "id": 21590,
        "name": "Mass Effect 2"
    },
    "games": [
        {
            "api_detail_url": "http://www.giantbomb.com/api/game/3030-21590/",
            "id": 21590,
            "name": "Mass Effect 2",
            "site_detail_url": "http://www.giantbomb.com/mass-effect-2/3030-21590/"
        }
    ],
    "gender": 1,
    "hometown": null,
    "id": 74629,
    "name": "Jay Watamaniuk",
    "people": []
}