{
    "birth_date": "1954-08-23",
    "country": "Canada",
    "death_date": null,
    "deck": "Actress who has contributed to a fair number of games over the years, including some standout titles such as \"Psychonauts\" and \"Mass Effect\". ",
    "first_credited_game": {
        "api_detail_url": "http://www.giantbomb.com/api/game/3030-5242/",
        "id": 5242,
        "name": "Icewind Dale"
    },
    "games": [
        {
            "api_detail_url": "http://www.giantbomb.com/api/game/3030-2906/",
            "id": 2906,
            "name": "Psychonauts",
            "site_detail_url": "http://www.giantbomb.com/psychonauts/3030-2906/"
        },
        {
            "api_detail_url": "http://www.giantbomb.com/api/game/3030-8420/",
            "id": 8420,
            "name": "Spyro: Enter the Dragonfly",
            "site_detail_url": "http://www.giantbomb.com/spyro-enter-the-dragonfly/3030-8420/"
        },
        {
            "api_detail_url": "http://www.giantbomb.com/api/game/3030-689/",
            "id": 689,
            "name": "Jak X: Combat Racing",
            "site_detail_url": "http://www.giantbomb.com/jak-x-combat-racing/3030-689/"
        },
        {
            "api_detail_url": "http://www.giantbomb.com/api/game/3030-7676/",
            "id": 7676,
            "name": "X-Men: Legends II - Rise of Apocalypse",
            "site_detail_url": "http://www.giantbomb.com/x-men-legends-ii-rise-of-apocalypse/3030-7676/"
        },
        {
            "api_detail_url": "http://www.giantbomb.com/api/game/3030-14123/",
            "id": 14123,
            "name": "GoldenEye: Rogue Agent",
            "site_detail_url": "http://www.giantbomb.com/goldeneye-rogue-agent/3030-14123/"
        },
        {
            "api_detail_url": "http://www.giantbomb.com/api/game/3030-12934/",
            "id": 12934,
            "name": "Tom Clancy's Ghost Recon 2 - 2007: First Contact",
            "site_detail_url": "http://www.giantbomb.com/tom-clancys-ghost-recon-2-2007-first-contact/3030-12934/"
        },
        {
            "api_detail_url": "http://www.giantbomb.com/api/game/3030-18547/",
            "id": 18547,
            "name": "EverQuest II",
            "site_detail_url": "http://www.giantbomb.com/everquest-ii/3030-18547/"
        },
        {
            "api_detail_url": "http://www.giantbomb.com/api/game/3030-13087/",
            "id": 13087,
            "name": "X-Men: Legends",
            "site_detail_url": "http://www.giantbomb.com/x-men-legends/3030-13087/"
        },
        {
            "api_detail_url": "http://www.giantbomb.com/api/game/3030-17982/",
            "id": 17982,
            "name": "Command & Conquer: Generals - Zero Hour",
            "site_detail_url": "http://www.giantbomb.com/command-conquer-generals-zero-hour/3030-17982/"
        },
        {
            "api_detail_url": "http://www.giantbomb.com/api/game/3030-3032/",
            "id": 3032,
            "name": "Dead to Rights",
            "site_detail_url": "http://www.giantbomb.com/dead-to-rights/3030-3032/"
        },
        {
            "api_detail_url": "http://www.giantbomb.com/api/game/3030-5242/",
            "id": 5242,
            "name": "Icewind Dale",
            "site_detail_url": "http://www.giantbomb.com/icewind-dale/3030-5242/"
        },
        {
            "api_detail_url": "http://www.giantbomb.com/api/game/3030-10007/",
            "id": 10007,
            "name": "Dark Cloud 2",
            "site_detail_url": "http://www.giantbomb.com/dark-cloud-2/3030-10007/"
        },
        {
            "api_detail_url": "http://www.giantbomb.com/api/game/3030-21590/",
            "id": 21590,
            "name": "Mass Effect 2",
            "site_detail_url": "http://www.giantbomb.com/mass-effect-2/3030-21590/"
        },
        {
            "api_detail_url": "http://www.giantbomb.com/api/game/3030-16909/",
            "id": 16909,
            "name": "Mass Effect",
            "site_detail_url": "http://www.giantbomb.com/mass-effect/3030-16909/"
        },
        {
            "api_detail_url": "http://www.giantbomb.com/api/game/3030-30813/",
            "id": 30813,
            "name": "The Bureau: XCOM Declassified",
            "site_detail_url": "http://www.giantbomb.com/the-bureau-xcom-declassified/3030-30813/"
        }
    ],
    "gender": 2,
    "hometown": "Montreal",
    "id": 25528,
    "name": "Jeannie Elias",
    "people": []
}