{
    "birth_date": null,
    "country": null,
    "death_date": null,
    "deck": null,
    "first_credited_game": {
        "api_detail_url": "http://www.giantbomb.com/api/game/3030-977/",
        "id": 977,
        "name": "Pong: The Next Level"
    },
    "games": [
        {
            "api_detail_url": "http://www.giantbomb.com/api/game/3030-21590/",
            "id": 21590,
            "name": "Mass Effect 2",
            "site_detail_url": "http://www.giantbomb.com/mass-effect-2/3030-21590/"
        },
        {
            "api_detail_url": "http://www.giantbomb.com/api/game/3030-977/",
            "id": 977,
            "name": "Pong: The Next Level",
            "site_detail_url": "http://www.giantbomb.com/pong-the-next-level/3030-977/"
        }
    ],
    "gender": null,
    "hometown": null,
    "id": 33774,
    "name": "Jenny McKearney",
    "people": []
}