{
    "birth_date": "1946-06-19",
    "country": "United States",
    "death_date": null,
    "deck": null,
    "first_credited_game": {
        "api_detail_url": "http://www.giantbomb.com/api/game/3030-11734/",
        "id": 11734,
        "name": "Leisure Suit Larry: Love for Sail!"
    },
    "games": [
        {
            "api_detail_url": "http://www.giantbomb.com/api/game/3030-9201/",
            "id": 9201,
            "name": "The Darkness",
            "site_detail_url": "http://www.giantbomb.com/the-darkness/3030-9201/"
        },
        {
            "api_detail_url": "http://www.giantbomb.com/api/game/3030-8763/",
            "id": 8763,
            "name": "Neverwinter Nights 2: Mask of the Betrayer",
            "site_detail_url": "http://www.giantbomb.com/neverwinter-nights-2-mask-of-the-betrayer/3030-8763/"
        },
        {
            "api_detail_url": "http://www.giantbomb.com/api/game/3030-11734/",
            "id": 11734,
            "name": "Leisure Suit Larry: Love for Sail!",
            "site_detail_url": "http://www.giantbomb.com/leisure-suit-larry-love-for-sail/3030-11734/"
        },
        {
            "api_detail_url": "http://www.giantbomb.com/api/game/3030-9949/",
            "id": 9949,
            "name": "King's Quest: Mask of Eternity",
            "site_detail_url": "http://www.giantbomb.com/kings-quest-mask-of-eternity/3030-9949/"
        },
        {
            "api_detail_url": "http://www.giantbomb.com/api/game/3030-7392/",
            "id": 7392,
            "name": "Baldur's Gate: Tales of the Sword Coast",
            "site_detail_url": "http://www.giantbomb.com/baldurs-gate-tales-of-the-sword-coast/3030-7392/"
        },
        {
            "api_detail_url": "http://www.giantbomb.com/api/game/3030-15384/",
            "id": 15384,
            "name": "Ground Control: Dark Conspiracy",
            "site_detail_url": "http://www.giantbomb.com/ground-control-dark-conspiracy/3030-15384/"
        },
        {
            "api_detail_url": "http://www.giantbomb.com/api/game/3030-15936/",
            "id": 15936,
            "name": "Lords of EverQuest",
            "site_detail_url": "http://www.giantbomb.com/lords-of-everquest/3030-15936/"
        },
        {
            "api_detail_url": "http://www.giantbomb.com/api/game/3030-12118/",
            "id": 12118,
            "name": "Astro Boy",
            "site_detail_url": "http://www.giantbomb.com/astro-boy/3030-12118/"
        },
        {
            "api_detail_url": "http://www.giantbomb.com/api/game/3030-10040/",
            "id": 10040,
            "name": "N3: Ninety-Nine Nights",
            "site_detail_url": "http://www.giantbomb.com/n3-ninety-nine-nights/3030-10040/"
        },
        {
            "api_detail_url": "http://www.giantbomb.com/api/game/3030-47854/",
            "id": 47854,
            "name": "Final Fantasy Type-0 HD",
            "site_detail_url": "http://www.giantbomb.com/final-fantasy-type0-hd/3030-47854/"
        }
    ],
    "gender": 2,
    "hometown": "Pittsburgh, Pennsylvania",
    "id": 12883,
    "name": "Jennifer Darling",
    "people": []
}