{
    "birth_date": null,
    "country": null,
    "death_date": null,
    "deck": null,
    "first_credited_game": {
        "api_detail_url": "http://www.giantbomb.com/api/game/3030-5559/",
        "id": 5559,
        "name": "Fallout 2"
    },
    "games": [
        {
            "api_detail_url": "http://www.giantbomb.com/api/game/3030-5559/",
            "id": 5559,
            "name": "Fallout 2",
            "site_detail_url": "http://www.giantbomb.com/fallout-2/3030-5559/"
        },
        {
            "api_detail_url": "http://www.giantbomb.com/api/game/3030-2903/",
            "id": 2903,
            "name": "Descent 3",
            "site_detail_url": "http://www.giantbomb.com/descent-3/3030-2903/"
        }
    ],
    "gender": 1,
    "hometown": null,
    "id": 12810,
    "name": "Jeremy Seely",
    "people": []
}