{
    "birth_date": null,
    "country": null,
    "death_date": null,
    "deck": null,
    "first_credited_game": {
        "api_detail_url": "http://www.giantbomb.com/api/game/3030-17483/",
        "id": 17483,
        "name": "Out of This World"
    },
    "games": [
        {
            "api_detail_url": "http://www.giantbomb.com/api/game/3030-11704/",
            "id": 11704,
            "name": "Fallout",
            "site_detail_url": "http://www.giantbomb.com/fallout/3030-11704/"
        },
        {
            "api_detail_url": "http://www.giantbomb.com/api/game/3030-16717/",
            "id": 16717,
            "name": "Boogerman: A Pick and Flick Adventure",
            "site_detail_url": "http://www.giantbomb.com/boogerman-a-pick-and-flick-adventure/3030-16717/"
        },
        {
            "api_detail_url": "http://www.giantbomb.com/api/game/3030-5429/",
            "id": 5429,
            "name": "The Lost Vikings",
            "site_detail_url": "http://www.giantbomb.com/the-lost-vikings/3030-5429/"
        },
        {
            "api_detail_url": "http://www.giantbomb.com/api/game/3030-14912/",
            "id": 14912,
            "name": "WWE Road to WrestleMania X8",
            "site_detail_url": "http://www.giantbomb.com/wwe-road-to-wrestlemania-x8/3030-14912/"
        },
        {
            "api_detail_url": "http://www.giantbomb.com/api/game/3030-17483/",
            "id": 17483,
            "name": "Out of This World",
            "site_detail_url": "http://www.giantbomb.com/out-of-this-world/3030-17483/"
        },
        {
            "api_detail_url": "http://www.giantbomb.com/api/game/3030-7486/",
            "id": 7486,
            "name": "Star Trek: Judgment Rites",
            "site_detail_url": "http://www.giantbomb.com/star-trek-judgment-rites/3030-7486/"
        },
        {
            "api_detail_url": "http://www.giantbomb.com/api/game/3030-10819/",
            "id": 10819,
            "name": "Buzz Aldrin's Race into Space",
            "site_detail_url": "http://www.giantbomb.com/buzz-aldrins-race-into-space/3030-10819/"
        },
        {
            "api_detail_url": "http://www.giantbomb.com/api/game/3030-17785/",
            "id": 17785,
            "name": "Heart of the Alien: Out of this World Parts I and II",
            "site_detail_url": "http://www.giantbomb.com/heart-of-the-alien-out-of-this-world-parts-i-and-i/3030-17785/"
        },
        {
            "api_detail_url": "http://www.giantbomb.com/api/game/3030-2606/",
            "id": 2606,
            "name": "Whiplash",
            "site_detail_url": "http://www.giantbomb.com/whiplash/3030-2606/"
        },
        {
            "api_detail_url": "http://www.giantbomb.com/api/game/3030-6783/",
            "id": 6783,
            "name": "Virtual Pool",
            "site_detail_url": "http://www.giantbomb.com/virtual-pool/3030-6783/"
        },
        {
            "api_detail_url": "http://www.giantbomb.com/api/game/3030-15864/",
            "id": 15864,
            "name": "Stonekeep",
            "site_detail_url": "http://www.giantbomb.com/stonekeep/3030-15864/"
        },
        {
            "api_detail_url": "http://www.giantbomb.com/api/game/3030-14515/",
            "id": 14515,
            "name": "Kingdom: The Far Reaches",
            "site_detail_url": "http://www.giantbomb.com/kingdom-the-far-reaches/3030-14515/"
        },
        {
            "api_detail_url": "http://www.giantbomb.com/api/game/3030-17383/",
            "id": 17383,
            "name": "Star Trek: Starfleet Academy",
            "site_detail_url": "http://www.giantbomb.com/star-trek-starfleet-academy/3030-17383/"
        },
        {
            "api_detail_url": "http://www.giantbomb.com/api/game/3030-2717/",
            "id": 2717,
            "name": "Frankenstein: Through the Eyes of the Monster",
            "site_detail_url": "http://www.giantbomb.com/frankenstein-through-the-eyes-of-the-monster/3030-2717/"
        },
        {
            "api_detail_url": "http://www.giantbomb.com/api/game/3030-1066/",
            "id": 1066,
            "name": "Flashback: The Quest for Identity",
            "site_detail_url": "http://www.giantbomb.com/flashback-the-quest-for-identity/3030-1066/"
        },
        {
            "api_detail_url": "http://www.giantbomb.com/api/game/3030-15771/",
            "id": 15771,
            "name": "Dungeon Master II: The Legend of Skullkeep",
            "site_detail_url": "http://www.giantbomb.com/dungeon-master-ii-the-legend-of-skullkeep/3030-15771/"
        },
        {
            "api_detail_url": "http://www.giantbomb.com/api/game/3030-17071/",
            "id": 17071,
            "name": "Descent",
            "site_detail_url": "http://www.giantbomb.com/descent/3030-17071/"
        },
        {
            "api_detail_url": "http://www.giantbomb.com/api/game/3030-12817/",
            "id": 12817,
            "name": "Descent: Levels of the World",
            "site_detail_url": "http://www.giantbomb.com/descent-levels-of-the-world/3030-12817/"
        },
        {
            "api_detail_url": "http://www.giantbomb.com/api/game/3030-4549/",
            "id": 4549,
            "name": "BlackThorne",
            "site_detail_url": "http://www.giantbomb.com/blackthorne/3030-4549/"
        },
        {
            "api_detail_url": "http://www.giantbomb.com/api/game/3030-13488/",
            "id": 13488,
            "name": "Alone in the Dark 2",
            "site_detail_url": "http://www.giantbomb.com/alone-in-the-dark-2/3030-13488/"
        },
        {
            "api_detail_url": "http://www.giantbomb.com/api/game/3030-15467/",
            "id": 15467,
            "name": "Solitaire Deluxe",
            "site_detail_url": "http://www.giantbomb.com/solitaire-deluxe/3030-15467/"
        },
        {
            "api_detail_url": "http://www.giantbomb.com/api/game/3030-9257/",
            "id": 9257,
            "name": "Mummy: Tomb of the Pharaoh",
            "site_detail_url": "http://www.giantbomb.com/mummy-tomb-of-the-pharaoh/3030-9257/"
        },
        {
            "api_detail_url": "http://www.giantbomb.com/api/game/3030-5507/",
            "id": 5507,
            "name": "Descent II",
            "site_detail_url": "http://www.giantbomb.com/descent-ii/3030-5507/"
        },
        {
            "api_detail_url": "http://www.giantbomb.com/api/game/3030-18074/",
            "id": 18074,
            "name": "Cyberia",
            "site_detail_url": "http://www.giantbomb.com/cyberia/3030-18074/"
        },
        {
            "api_detail_url": "http://www.giantbomb.com/api/game/3030-19390/",
            "id": 19390,
            "name": "Conquest of the New World",
            "site_detail_url": "http://www.giantbomb.com/conquest-of-the-new-world/3030-19390/"
        },
        {
            "api_detail_url": "http://www.giantbomb.com/api/game/3030-14860/",
            "id": 14860,
            "name": "Casper",
            "site_detail_url": "http://www.giantbomb.com/casper/3030-14860/"
        },
        {
            "api_detail_url": "http://www.giantbomb.com/api/game/3030-2385/",
            "id": 2385,
            "name": "Blood & Magic",
            "site_detail_url": "http://www.giantbomb.com/blood-magic/3030-2385/"
        },
        {
            "api_detail_url": "http://www.giantbomb.com/api/game/3030-4134/",
            "id": 4134,
            "name": "Norse by Norse West: The Return of the Lost Vikings",
            "site_detail_url": "http://www.giantbomb.com/norse-by-norse-west-the-return-of-the-lost-vikings/3030-4134/"
        },
        {
            "api_detail_url": "http://www.giantbomb.com/api/game/3030-5559/",
            "id": 5559,
            "name": "Fallout 2",
            "site_detail_url": "http://www.giantbomb.com/fallout-2/3030-5559/"
        },
        {
            "api_detail_url": "http://www.giantbomb.com/api/game/3030-9339/",
            "id": 9339,
            "name": "Y2K: The Game",
            "site_detail_url": "http://www.giantbomb.com/y2k-the-game/3030-9339/"
        },
        {
            "api_detail_url": "http://www.giantbomb.com/api/game/3030-1759/",
            "id": 1759,
            "name": "Tanktics",
            "site_detail_url": "http://www.giantbomb.com/tanktics/3030-1759/"
        },
        {
            "api_detail_url": "http://www.giantbomb.com/api/game/3030-9176/",
            "id": 9176,
            "name": "R/C Stunt Copter",
            "site_detail_url": "http://www.giantbomb.com/rc-stunt-copter/3030-9176/"
        },
        {
            "api_detail_url": "http://www.giantbomb.com/api/game/3030-2235/",
            "id": 2235,
            "name": "Planescape: Torment",
            "site_detail_url": "http://www.giantbomb.com/planescape-torment/3030-2235/"
        },
        {
            "api_detail_url": "http://www.giantbomb.com/api/game/3030-14985/",
            "id": 14985,
            "name": "Mortyr (2093 - 1944)",
            "site_detail_url": "http://www.giantbomb.com/mortyr-2093-1944/3030-14985/"
        },
        {
            "api_detail_url": "http://www.giantbomb.com/api/game/3030-8858/",
            "id": 8858,
            "name": "Kingpin: Life of Crime",
            "site_detail_url": "http://www.giantbomb.com/kingpin-life-of-crime/3030-8858/"
        },
        {
            "api_detail_url": "http://www.giantbomb.com/api/game/3030-13865/",
            "id": 13865,
            "name": "Descent 3: Mercenary",
            "site_detail_url": "http://www.giantbomb.com/descent-3-mercenary/3030-13865/"
        },
        {
            "api_detail_url": "http://www.giantbomb.com/api/game/3030-19848/",
            "id": 19848,
            "name": "Summoner",
            "site_detail_url": "http://www.giantbomb.com/summoner/3030-19848/"
        },
        {
            "api_detail_url": "http://www.giantbomb.com/api/game/3030-20121/",
            "id": 20121,
            "name": "Star Trek: Klingon Academy",
            "site_detail_url": "http://www.giantbomb.com/star-trek-klingon-academy/3030-20121/"
        },
        {
            "api_detail_url": "http://www.giantbomb.com/api/game/3030-16698/",
            "id": 16698,
            "name": "Renegade Racers",
            "site_detail_url": "http://www.giantbomb.com/renegade-racers/3030-16698/"
        },
        {
            "api_detail_url": "http://www.giantbomb.com/api/game/3030-18189/",
            "id": 18189,
            "name": "Messiah",
            "site_detail_url": "http://www.giantbomb.com/messiah/3030-18189/"
        },
        {
            "api_detail_url": "http://www.giantbomb.com/api/game/3030-1531/",
            "id": 1531,
            "name": "MDK 2",
            "site_detail_url": "http://www.giantbomb.com/mdk-2/3030-1531/"
        },
        {
            "api_detail_url": "http://www.giantbomb.com/api/game/3030-13601/",
            "id": 13601,
            "name": "Invictus: In the Shadow of Olympus",
            "site_detail_url": "http://www.giantbomb.com/invictus-in-the-shadow-of-olympus/3030-13601/"
        },
        {
            "api_detail_url": "http://www.giantbomb.com/api/game/3030-5242/",
            "id": 5242,
            "name": "Icewind Dale",
            "site_detail_url": "http://www.giantbomb.com/icewind-dale/3030-5242/"
        },
        {
            "api_detail_url": "http://www.giantbomb.com/api/game/3030-11045/",
            "id": 11045,
            "name": "Evolva",
            "site_detail_url": "http://www.giantbomb.com/evolva/3030-11045/"
        },
        {
            "api_detail_url": "http://www.giantbomb.com/api/game/3030-14365/",
            "id": 14365,
            "name": "Evil Dead: Hail to the King",
            "site_detail_url": "http://www.giantbomb.com/evil-dead-hail-to-the-king/3030-14365/"
        },
        {
            "api_detail_url": "http://www.giantbomb.com/api/game/3030-18394/",
            "id": 18394,
            "name": "Carmageddon",
            "site_detail_url": "http://www.giantbomb.com/carmageddon/3030-18394/"
        },
        {
            "api_detail_url": "http://www.giantbomb.com/api/game/3030-15717/",
            "id": 15717,
            "name": "Buffy the Vampire Slayer",
            "site_detail_url": "http://www.giantbomb.com/buffy-the-vampire-slayer/3030-15717/"
        },
        {
            "api_detail_url": "http://www.giantbomb.com/api/game/3030-1696/",
            "id": 1696,
            "name": "WWF SmackDown! Just Bring It",
            "site_detail_url": "http://www.giantbomb.com/wwf-smackdown-just-bring-it/3030-1696/"
        },
        {
            "api_detail_url": "http://www.giantbomb.com/api/game/3030-14116/",
            "id": 14116,
            "name": "Tetris Worlds",
            "site_detail_url": "http://www.giantbomb.com/tetris-worlds/3030-14116/"
        },
        {
            "api_detail_url": "http://www.giantbomb.com/api/game/3030-2726/",
            "id": 2726,
            "name": "Star Wars: Episode I - Jedi Power Battles",
            "site_detail_url": "http://www.giantbomb.com/star-wars-episode-i-jedi-power-battles/3030-2726/"
        },
        {
            "api_detail_url": "http://www.giantbomb.com/api/game/3030-18726/",
            "id": 18726,
            "name": "SpongeBob SquarePants: SuperSponge",
            "site_detail_url": "http://www.giantbomb.com/spongebob-squarepants-supersponge/3030-18726/"
        },
        {
            "api_detail_url": "http://www.giantbomb.com/api/game/3030-4052/",
            "id": 4052,
            "name": "SpongeBob Squarepants: Legend of the Lost Spatula",
            "site_detail_url": "http://www.giantbomb.com/spongebob-squarepants-legend-of-the-lost-spatula/3030-4052/"
        },
        {
            "api_detail_url": "http://www.giantbomb.com/api/game/3030-1012/",
            "id": 1012,
            "name": "Scooby-Doo! Classic Creep Capers",
            "site_detail_url": "http://www.giantbomb.com/scooby-doo-classic-creep-capers/3030-1012/"
        },
        {
            "api_detail_url": "http://www.giantbomb.com/api/game/3030-15466/",
            "id": 15466,
            "name": "Red Faction",
            "site_detail_url": "http://www.giantbomb.com/red-faction/3030-15466/"
        },
        {
            "api_detail_url": "http://www.giantbomb.com/api/game/3030-14594/",
            "id": 14594,
            "name": "MX 2002 featuring Ricky Carmichael",
            "site_detail_url": "http://www.giantbomb.com/mx-2002-featuring-ricky-carmichael/3030-14594/"
        },
        {
            "api_detail_url": "http://www.giantbomb.com/api/game/3030-10297/",
            "id": 10297,
            "name": "Jimmy Neutron: Boy Genius",
            "site_detail_url": "http://www.giantbomb.com/jimmy-neutron-boy-genius/3030-10297/"
        },
        {
            "api_detail_url": "http://www.giantbomb.com/api/game/3030-7284/",
            "id": 7284,
            "name": "Indiana Jones and the Infernal Machine",
            "site_detail_url": "http://www.giantbomb.com/indiana-jones-and-the-infernal-machine/3030-7284/"
        },
        {
            "api_detail_url": "http://www.giantbomb.com/api/game/3030-7582/",
            "id": 7582,
            "name": "Hot Wheels: Extreme Racing",
            "site_detail_url": "http://www.giantbomb.com/hot-wheels-extreme-racing/3030-7582/"
        },
        {
            "api_detail_url": "http://www.giantbomb.com/api/game/3030-20497/",
            "id": 20497,
            "name": "Dark Sector",
            "site_detail_url": "http://www.giantbomb.com/dark-sector/3030-20497/"
        },
        {
            "api_detail_url": "http://www.giantbomb.com/api/game/3030-15114/",
            "id": 15114,
            "name": "Scooby-Doo!: Night of 100 Frights",
            "site_detail_url": "http://www.giantbomb.com/scooby-doo-night-of-100-frights/3030-15114/"
        },
        {
            "api_detail_url": "http://www.giantbomb.com/api/game/3030-27310/",
            "id": 27310,
            "name": "Action Man: Search for Base X",
            "site_detail_url": "http://www.giantbomb.com/action-man-search-for-base-x/3030-27310/"
        },
        {
            "api_detail_url": "http://www.giantbomb.com/api/game/3030-20480/",
            "id": 20480,
            "name": "Bangai-O Spirits",
            "site_detail_url": "http://www.giantbomb.com/bangai-o-spirits/3030-20480/"
        },
        {
            "api_detail_url": "http://www.giantbomb.com/api/game/3030-21275/",
            "id": 21275,
            "name": "Scooby-Doo and the Cyber Chase",
            "site_detail_url": "http://www.giantbomb.com/scooby-doo-and-the-cyber-chase/3030-21275/"
        },
        {
            "api_detail_url": "http://www.giantbomb.com/api/game/3030-39870/",
            "id": 39870,
            "name": "Top Hand Rodeo Tour",
            "site_detail_url": "http://www.giantbomb.com/top-hand-rodeo-tour/3030-39870/"
        },
        {
            "api_detail_url": "http://www.giantbomb.com/api/game/3030-39647/",
            "id": 39647,
            "name": "5 In One Fun Pak",
            "site_detail_url": "http://www.giantbomb.com/5-in-one-fun-pak/3030-39647/"
        },
        {
            "api_detail_url": "http://www.giantbomb.com/api/game/3030-26495/",
            "id": 26495,
            "name": "Adiboo and the Energy Thieves",
            "site_detail_url": "http://www.giantbomb.com/adiboo-and-the-energy-thieves/3030-26495/"
        },
        {
            "api_detail_url": "http://www.giantbomb.com/api/game/3030-12194/",
            "id": 12194,
            "name": "GT Advance 2: Rally Racing",
            "site_detail_url": "http://www.giantbomb.com/gt-advance-2-rally-racing/3030-12194/"
        },
        {
            "api_detail_url": "http://www.giantbomb.com/api/game/3030-20667/",
            "id": 20667,
            "name": "Flushed Away",
            "site_detail_url": "http://www.giantbomb.com/flushed-away/3030-20667/"
        },
        {
            "api_detail_url": "http://www.giantbomb.com/api/game/3030-39038/",
            "id": 39038,
            "name": "Buffy the Vampire Slayer",
            "site_detail_url": "http://www.giantbomb.com/buffy-the-vampire-slayer/3030-39038/"
        },
        {
            "api_detail_url": "http://www.giantbomb.com/api/game/3030-10673/",
            "id": 10673,
            "name": "PQ: Practical Intelligence Quotient",
            "site_detail_url": "http://www.giantbomb.com/pq-practical-intelligence-quotient/3030-10673/"
        }
    ],
    "gender": 1,
    "hometown": null,
    "id": 10920,
    "name": "Jeremy S. Barnes",
    "people": []
}