{
    "birth_date": null,
    "country": null,
    "death_date": null,
    "deck": null,
    "first_credited_game": {
        "api_detail_url": "http://www.giantbomb.com/api/game/3030-17071/",
        "id": 17071,
        "name": "Descent"
    },
    "games": [
        {
            "api_detail_url": "http://www.giantbomb.com/api/game/3030-2168/",
            "id": 2168,
            "name": "Viva Pi\u00f1ata",
            "site_detail_url": "http://www.giantbomb.com/viva-pinata/3030-2168/"
        },
        {
            "api_detail_url": "http://www.giantbomb.com/api/game/3030-19228/",
            "id": 19228,
            "name": "Kameo: Elements of Power",
            "site_detail_url": "http://www.giantbomb.com/kameo-elements-of-power/3030-19228/"
        },
        {
            "api_detail_url": "http://www.giantbomb.com/api/game/3030-1484/",
            "id": 1484,
            "name": "Grabbed by the Ghoulies",
            "site_detail_url": "http://www.giantbomb.com/grabbed-by-the-ghoulies/3030-1484/"
        },
        {
            "api_detail_url": "http://www.giantbomb.com/api/game/3030-13381/",
            "id": 13381,
            "name": "Redneck Rampage",
            "site_detail_url": "http://www.giantbomb.com/redneck-rampage/3030-13381/"
        },
        {
            "api_detail_url": "http://www.giantbomb.com/api/game/3030-16508/",
            "id": 16508,
            "name": "Half-Life: Opposing Force",
            "site_detail_url": "http://www.giantbomb.com/half-life-opposing-force/3030-16508/"
        },
        {
            "api_detail_url": "http://www.giantbomb.com/api/game/3030-17071/",
            "id": 17071,
            "name": "Descent",
            "site_detail_url": "http://www.giantbomb.com/descent/3030-17071/"
        },
        {
            "api_detail_url": "http://www.giantbomb.com/api/game/3030-7531/",
            "id": 7531,
            "name": "Shattered Steel",
            "site_detail_url": "http://www.giantbomb.com/shattered-steel/3030-7531/"
        },
        {
            "api_detail_url": "http://www.giantbomb.com/api/game/3030-9021/",
            "id": 9021,
            "name": "Sandwarriors",
            "site_detail_url": "http://www.giantbomb.com/sandwarriors/3030-9021/"
        },
        {
            "api_detail_url": "http://www.giantbomb.com/api/game/3030-5921/",
            "id": 5921,
            "name": "M.A.X.: Mechanized Assault and Exploration",
            "site_detail_url": "http://www.giantbomb.com/max-mechanized-assault-and-exploration/3030-5921/"
        },
        {
            "api_detail_url": "http://www.giantbomb.com/api/game/3030-19390/",
            "id": 19390,
            "name": "Conquest of the New World",
            "site_detail_url": "http://www.giantbomb.com/conquest-of-the-new-world/3030-19390/"
        },
        {
            "api_detail_url": "http://www.giantbomb.com/api/game/3030-6042/",
            "id": 6042,
            "name": "Realms of the Haunting",
            "site_detail_url": "http://www.giantbomb.com/realms-of-the-haunting/3030-6042/"
        },
        {
            "api_detail_url": "http://www.giantbomb.com/api/game/3030-3681/",
            "id": 3681,
            "name": "Lords of Magic",
            "site_detail_url": "http://www.giantbomb.com/lords-of-magic/3030-3681/"
        },
        {
            "api_detail_url": "http://www.giantbomb.com/api/game/3030-9620/",
            "id": 9620,
            "name": "Flight Unlimited II",
            "site_detail_url": "http://www.giantbomb.com/flight-unlimited-ii/3030-9620/"
        },
        {
            "api_detail_url": "http://www.giantbomb.com/api/game/3030-11106/",
            "id": 11106,
            "name": "Raymond E. Feist's Return to Krondor",
            "site_detail_url": "http://www.giantbomb.com/raymond-e-feists-return-to-krondor/3030-11106/"
        },
        {
            "api_detail_url": "http://www.giantbomb.com/api/game/3030-16251/",
            "id": 16251,
            "name": "Leisure Suit Larry's Casino",
            "site_detail_url": "http://www.giantbomb.com/leisure-suit-larrys-casino/3030-16251/"
        },
        {
            "api_detail_url": "http://www.giantbomb.com/api/game/3030-9949/",
            "id": 9949,
            "name": "King's Quest: Mask of Eternity",
            "site_detail_url": "http://www.giantbomb.com/kings-quest-mask-of-eternity/3030-9949/"
        },
        {
            "api_detail_url": "http://www.giantbomb.com/api/game/3030-12727/",
            "id": 12727,
            "name": "SWAT 3: Close Quarters Battle",
            "site_detail_url": "http://www.giantbomb.com/swat-3-close-quarters-battle/3030-12727/"
        },
        {
            "api_detail_url": "http://www.giantbomb.com/api/game/3030-11590/",
            "id": 11590,
            "name": "Homeworld",
            "site_detail_url": "http://www.giantbomb.com/homeworld/3030-11590/"
        },
        {
            "api_detail_url": "http://www.giantbomb.com/api/game/3030-2845/",
            "id": 2845,
            "name": "Gabriel Knight 3: Blood of the Sacred, Blood of the Damned",
            "site_detail_url": "http://www.giantbomb.com/gabriel-knight-3-blood-of-the-sacred-blood-of-the-/3030-2845/"
        },
        {
            "api_detail_url": "http://www.giantbomb.com/api/game/3030-14029/",
            "id": 14029,
            "name": "Homeworld: Cataclysm",
            "site_detail_url": "http://www.giantbomb.com/homeworld-cataclysm/3030-14029/"
        },
        {
            "api_detail_url": "http://www.giantbomb.com/api/game/3030-3861/",
            "id": 3861,
            "name": "Gunman Chronicles",
            "site_detail_url": "http://www.giantbomb.com/gunman-chronicles/3030-3861/"
        },
        {
            "api_detail_url": "http://www.giantbomb.com/api/game/3030-12651/",
            "id": 12651,
            "name": "Ground Control",
            "site_detail_url": "http://www.giantbomb.com/ground-control/3030-12651/"
        },
        {
            "api_detail_url": "http://www.giantbomb.com/api/game/3030-15384/",
            "id": 15384,
            "name": "Ground Control: Dark Conspiracy",
            "site_detail_url": "http://www.giantbomb.com/ground-control-dark-conspiracy/3030-15384/"
        },
        {
            "api_detail_url": "http://www.giantbomb.com/api/game/3030-2832/",
            "id": 2832,
            "name": "Tribes 2",
            "site_detail_url": "http://www.giantbomb.com/tribes-2/3030-2832/"
        },
        {
            "api_detail_url": "http://www.giantbomb.com/api/game/3030-1714/",
            "id": 1714,
            "name": "Throne of Darkness",
            "site_detail_url": "http://www.giantbomb.com/throne-of-darkness/3030-1714/"
        },
        {
            "api_detail_url": "http://www.giantbomb.com/api/game/3030-7814/",
            "id": 7814,
            "name": "Half-Life: Blue Shift",
            "site_detail_url": "http://www.giantbomb.com/half-life-blue-shift/3030-7814/"
        },
        {
            "api_detail_url": "http://www.giantbomb.com/api/game/3030-2673/",
            "id": 2673,
            "name": "Arcanum: Of Steamworks & Magick Obscura",
            "site_detail_url": "http://www.giantbomb.com/arcanum-of-steamworks-magick-obscura/3030-2673/"
        },
        {
            "api_detail_url": "http://www.giantbomb.com/api/game/3030-17778/",
            "id": 17778,
            "name": "Impossible Creatures",
            "site_detail_url": "http://www.giantbomb.com/impossible-creatures/3030-17778/"
        },
        {
            "api_detail_url": "http://www.giantbomb.com/api/game/3030-12911/",
            "id": 12911,
            "name": "Crimson Skies: High Road to Revenge",
            "site_detail_url": "http://www.giantbomb.com/crimson-skies-high-road-to-revenge/3030-12911/"
        },
        {
            "api_detail_url": "http://www.giantbomb.com/api/game/3030-3009/",
            "id": 3009,
            "name": "Immortal Cities: Children of the Nile",
            "site_detail_url": "http://www.giantbomb.com/immortal-cities-children-of-the-nile/3030-3009/"
        },
        {
            "api_detail_url": "http://www.giantbomb.com/api/game/3030-7353/",
            "id": 7353,
            "name": "Conker: Live & Reloaded",
            "site_detail_url": "http://www.giantbomb.com/conker-live-reloaded/3030-7353/"
        },
        {
            "api_detail_url": "http://www.giantbomb.com/api/game/3030-9137/",
            "id": 9137,
            "name": "Brothers in Arms: Road to Hill 30",
            "site_detail_url": "http://www.giantbomb.com/brothers-in-arms-road-to-hill-30/3030-9137/"
        },
        {
            "api_detail_url": "http://www.giantbomb.com/api/game/3030-20586/",
            "id": 20586,
            "name": "Banjo-Kazooie: Nuts & Bolts",
            "site_detail_url": "http://www.giantbomb.com/banjo-kazooie-nuts-bolts/3030-20586/"
        },
        {
            "api_detail_url": "http://www.giantbomb.com/api/game/3030-5934/",
            "id": 5934,
            "name": "Jetpac Refuelled",
            "site_detail_url": "http://www.giantbomb.com/jetpac-refuelled/3030-5934/"
        }
    ],
    "gender": 1,
    "hometown": null,
    "id": 4553,
    "name": "Jim Veevaert",
    "people": []
}