{
    "birth_date": null,
    "country": null,
    "death_date": null,
    "deck": null,
    "first_credited_game": {
        "api_detail_url": "http://www.giantbomb.com/api/game/3030-8580/",
        "id": 8580,
        "name": "Jade Empire"
    },
    "games": [
        {
            "api_detail_url": "http://www.giantbomb.com/api/game/3030-8580/",
            "id": 8580,
            "name": "Jade Empire",
            "site_detail_url": "http://www.giantbomb.com/jade-empire/3030-8580/"
        },
        {
            "api_detail_url": "http://www.giantbomb.com/api/game/3030-36765/",
            "id": 36765,
            "name": "Grand Theft Auto V",
            "site_detail_url": "http://www.giantbomb.com/grand-theft-auto-v/3030-36765/"
        }
    ],
    "gender": 1,
    "hometown": null,
    "id": 63749,
    "name": "Jim Jagger",
    "people": [
        {
            "api_detail_url": "http://www.giantbomb.com/api/person/3040-11364/",
            "id": 11364,
            "name": "Mark L. Scott",
            "site_detail_url": "http://www.giantbomb.com/mark-l-scott/3040-11364/"
        }
    ]
}