{
    "birth_date": null,
    "country": null,
    "death_date": null,
    "deck": null,
    "first_credited_game": {
        "api_detail_url": "http://www.giantbomb.com/api/game/3030-19944/",
        "id": 19944,
        "name": "Disney's Aladdin"
    },
    "games": [
        {
            "api_detail_url": "http://www.giantbomb.com/api/game/3030-8580/",
            "id": 8580,
            "name": "Jade Empire",
            "site_detail_url": "http://www.giantbomb.com/jade-empire/3030-8580/"
        },
        {
            "api_detail_url": "http://www.giantbomb.com/api/game/3030-19944/",
            "id": 19944,
            "name": "Disney's Aladdin",
            "site_detail_url": "http://www.giantbomb.com/disneys-aladdin/3030-19944/"
        },
        {
            "api_detail_url": "http://www.giantbomb.com/api/game/3030-9953/",
            "id": 9953,
            "name": "Neverwinter Nights",
            "site_detail_url": "http://www.giantbomb.com/neverwinter-nights/3030-9953/"
        }
    ],
    "gender": 1,
    "hometown": null,
    "id": 4984,
    "name": "John Santos",
    "people": []
}