{
    "birth_date": null,
    "country": null,
    "death_date": null,
    "deck": "Schappert is the Chief Operating Officer (COO) at Zynga. He is also the former COO of Electronic Arts in 2009 and is also the former corporate Vice President in Microsoft in 2007. Prior to working at Microsoft, Schappert found Tiburon Entertainment in 1994, which was acquired by Electronic Arts in 1998 and became its vice president.",
    "first_credited_game": {
        "api_detail_url": "http://www.giantbomb.com/api/game/3030-1/",
        "id": 1,
        "name": "Desert Strike: Return to the Gulf"
    },
    "games": [
        {
            "api_detail_url": "http://www.giantbomb.com/api/game/3030-489/",
            "id": 489,
            "name": "ClayFighter",
            "site_detail_url": "http://www.giantbomb.com/clayfighter/3030-489/"
        },
        {
            "api_detail_url": "http://www.giantbomb.com/api/game/3030-4857/",
            "id": 4857,
            "name": "Medal of Honor: Frontline",
            "site_detail_url": "http://www.giantbomb.com/medal-of-honor-frontline/3030-4857/"
        },
        {
            "api_detail_url": "http://www.giantbomb.com/api/game/3030-13996/",
            "id": 13996,
            "name": "Madden NFL 99",
            "site_detail_url": "http://www.giantbomb.com/madden-nfl-99/3030-13996/"
        },
        {
            "api_detail_url": "http://www.giantbomb.com/api/game/3030-7106/",
            "id": 7106,
            "name": "Madden NFL '94",
            "site_detail_url": "http://www.giantbomb.com/madden-nfl-94/3030-7106/"
        },
        {
            "api_detail_url": "http://www.giantbomb.com/api/game/3030-7715/",
            "id": 7715,
            "name": "Madden NFL '95",
            "site_detail_url": "http://www.giantbomb.com/madden-nfl-95/3030-7715/"
        },
        {
            "api_detail_url": "http://www.giantbomb.com/api/game/3030-6279/",
            "id": 6279,
            "name": "Madden NFL 97",
            "site_detail_url": "http://www.giantbomb.com/madden-nfl-97/3030-6279/"
        },
        {
            "api_detail_url": "http://www.giantbomb.com/api/game/3030-21590/",
            "id": 21590,
            "name": "Mass Effect 2",
            "site_detail_url": "http://www.giantbomb.com/mass-effect-2/3030-21590/"
        },
        {
            "api_detail_url": "http://www.giantbomb.com/api/game/3030-1/",
            "id": 1,
            "name": "Desert Strike: Return to the Gulf",
            "site_detail_url": "http://www.giantbomb.com/desert-strike-return-to-the-gulf/3030-1/"
        },
        {
            "api_detail_url": "http://www.giantbomb.com/api/game/3030-27133/",
            "id": 27133,
            "name": "Bill Walsh College Football",
            "site_detail_url": "http://www.giantbomb.com/bill-walsh-college-football/3030-27133/"
        },
        {
            "api_detail_url": "http://www.giantbomb.com/api/game/3030-18520/",
            "id": 18520,
            "name": "NHL 2002",
            "site_detail_url": "http://www.giantbomb.com/nhl-2002/3030-18520/"
        },
        {
            "api_detail_url": "http://www.giantbomb.com/api/game/3030-12172/",
            "id": 12172,
            "name": "NASCAR Thunder 2003",
            "site_detail_url": "http://www.giantbomb.com/nascar-thunder-2003/3030-12172/"
        },
        {
            "api_detail_url": "http://www.giantbomb.com/api/game/3030-12418/",
            "id": 12418,
            "name": "SSX on Tour",
            "site_detail_url": "http://www.giantbomb.com/ssx-on-tour/3030-12418/"
        },
        {
            "api_detail_url": "http://www.giantbomb.com/api/game/3030-17551/",
            "id": 17551,
            "name": "Command & Conquer 3: Tiberium Wars",
            "site_detail_url": "http://www.giantbomb.com/command-conquer-3-tiberium-wars/3030-17551/"
        },
        {
            "api_detail_url": "http://www.giantbomb.com/api/game/3030-7706/",
            "id": 7706,
            "name": "NHL 96",
            "site_detail_url": "http://www.giantbomb.com/nhl-96/3030-7706/"
        },
        {
            "api_detail_url": "http://www.giantbomb.com/api/game/3030-11731/",
            "id": 11731,
            "name": "Nuclear Strike",
            "site_detail_url": "http://www.giantbomb.com/nuclear-strike/3030-11731/"
        },
        {
            "api_detail_url": "http://www.giantbomb.com/api/game/3030-14685/",
            "id": 14685,
            "name": "Fight Night Round 2",
            "site_detail_url": "http://www.giantbomb.com/fight-night-round-2/3030-14685/"
        },
        {
            "api_detail_url": "http://www.giantbomb.com/api/game/3030-2886/",
            "id": 2886,
            "name": "WeaponLord",
            "site_detail_url": "http://www.giantbomb.com/weaponlord/3030-2886/"
        },
        {
            "api_detail_url": "http://www.giantbomb.com/api/game/3030-6530/",
            "id": 6530,
            "name": "007: Everything or Nothing",
            "site_detail_url": "http://www.giantbomb.com/007-everything-or-nothing/3030-6530/"
        },
        {
            "api_detail_url": "http://www.giantbomb.com/api/game/3030-15987/",
            "id": 15987,
            "name": "Madden NFL 2003",
            "site_detail_url": "http://www.giantbomb.com/madden-nfl-2003/3030-15987/"
        },
        {
            "api_detail_url": "http://www.giantbomb.com/api/game/3030-10845/",
            "id": 10845,
            "name": "Madden NFL 2002",
            "site_detail_url": "http://www.giantbomb.com/madden-nfl-2002/3030-10845/"
        },
        {
            "api_detail_url": "http://www.giantbomb.com/api/game/3030-8822/",
            "id": 8822,
            "name": "Madden NFL 2001",
            "site_detail_url": "http://www.giantbomb.com/madden-nfl-2001/3030-8822/"
        },
        {
            "api_detail_url": "http://www.giantbomb.com/api/game/3030-12373/",
            "id": 12373,
            "name": "Madden NFL 2000",
            "site_detail_url": "http://www.giantbomb.com/madden-nfl-2000/3030-12373/"
        },
        {
            "api_detail_url": "http://www.giantbomb.com/api/game/3030-4894/",
            "id": 4894,
            "name": "Taz-Mania",
            "site_detail_url": "http://www.giantbomb.com/taz-mania/3030-4894/"
        },
        {
            "api_detail_url": "http://www.giantbomb.com/api/game/3030-34929/",
            "id": 34929,
            "name": "CityVille",
            "site_detail_url": "http://www.giantbomb.com/cityville/3030-34929/"
        },
        {
            "api_detail_url": "http://www.giantbomb.com/api/game/3030-31048/",
            "id": 31048,
            "name": "FarmVille",
            "site_detail_url": "http://www.giantbomb.com/farmville/3030-31048/"
        },
        {
            "api_detail_url": "http://www.giantbomb.com/api/game/3030-28151/",
            "id": 28151,
            "name": "Words With Friends",
            "site_detail_url": "http://www.giantbomb.com/words-with-friends/3030-28151/"
        },
        {
            "api_detail_url": "http://www.giantbomb.com/api/game/3030-12254/",
            "id": 12254,
            "name": "Need for Speed Underground",
            "site_detail_url": "http://www.giantbomb.com/need-for-speed-underground/3030-12254/"
        }
    ],
    "gender": 1,
    "hometown": null,
    "id": 6824,
    "name": "John Schappert",
    "people": []
}