{
    "birth_date": null,
    "country": null,
    "death_date": null,
    "deck": null,
    "first_credited_game": {
        "api_detail_url": "http://www.giantbomb.com/api/game/3030-9953/",
        "id": 9953,
        "name": "Neverwinter Nights"
    },
    "games": [
        {
            "api_detail_url": "http://www.giantbomb.com/api/game/3030-9953/",
            "id": 9953,
            "name": "Neverwinter Nights",
            "site_detail_url": "http://www.giantbomb.com/neverwinter-nights/3030-9953/"
        }
    ],
    "gender": null,
    "hometown": null,
    "id": 4683,
    "name": "John Henke",
    "people": []
}