{
    "birth_date": null,
    "country": null,
    "death_date": null,
    "deck": null,
    "first_credited_game": {
        "api_detail_url": "http://www.giantbomb.com/api/game/3030-7286/",
        "id": 7286,
        "name": "Shanghai II: Dragon's Eye"
    },
    "games": [
        {
            "api_detail_url": "http://www.giantbomb.com/api/game/3030-24515/",
            "id": 24515,
            "name": "Ultimate Air Combat",
            "site_detail_url": "http://www.giantbomb.com/ultimate-air-combat/3030-24515/"
        },
        {
            "api_detail_url": "http://www.giantbomb.com/api/game/3030-996/",
            "id": 996,
            "name": "Star Trek: The Next Generation - Echoes from the Past",
            "site_detail_url": "http://www.giantbomb.com/star-trek-the-next-generation-echoes-from-the-past/3030-996/"
        },
        {
            "api_detail_url": "http://www.giantbomb.com/api/game/3030-2243/",
            "id": 2243,
            "name": "Road Rash 3-D",
            "site_detail_url": "http://www.giantbomb.com/road-rash-3-d/3030-2243/"
        },
        {
            "api_detail_url": "http://www.giantbomb.com/api/game/3030-7286/",
            "id": 7286,
            "name": "Shanghai II: Dragon's Eye",
            "site_detail_url": "http://www.giantbomb.com/shanghai-ii-dragons-eye/3030-7286/"
        },
        {
            "api_detail_url": "http://www.giantbomb.com/api/game/3030-7157/",
            "id": 7157,
            "name": "Defenders of Dynatron City",
            "site_detail_url": "http://www.giantbomb.com/defenders-of-dynatron-city/3030-7157/"
        },
        {
            "api_detail_url": "http://www.giantbomb.com/api/game/3030-14981/",
            "id": 14981,
            "name": "Star Trek: Generations",
            "site_detail_url": "http://www.giantbomb.com/star-trek-generations/3030-14981/"
        },
        {
            "api_detail_url": "http://www.giantbomb.com/api/game/3030-3259/",
            "id": 3259,
            "name": "NCAA Football 99",
            "site_detail_url": "http://www.giantbomb.com/ncaa-football-99/3030-3259/"
        },
        {
            "api_detail_url": "http://www.giantbomb.com/api/game/3030-11172/",
            "id": 11172,
            "name": "March Madness '98",
            "site_detail_url": "http://www.giantbomb.com/march-madness-98/3030-11172/"
        },
        {
            "api_detail_url": "http://www.giantbomb.com/api/game/3030-11765/",
            "id": 11765,
            "name": "Star Trek: The Next Generation - Birth of the Federation",
            "site_detail_url": "http://www.giantbomb.com/star-trek-the-next-generation-birth-of-the-federat/3030-11765/"
        },
        {
            "api_detail_url": "http://www.giantbomb.com/api/game/3030-12373/",
            "id": 12373,
            "name": "Madden NFL 2000",
            "site_detail_url": "http://www.giantbomb.com/madden-nfl-2000/3030-12373/"
        },
        {
            "api_detail_url": "http://www.giantbomb.com/api/game/3030-1336/",
            "id": 1336,
            "name": "Cyber Tiger",
            "site_detail_url": "http://www.giantbomb.com/cyber-tiger/3030-1336/"
        },
        {
            "api_detail_url": "http://www.giantbomb.com/api/game/3030-2573/",
            "id": 2573,
            "name": "Tiger Woods PGA Tour 2001",
            "site_detail_url": "http://www.giantbomb.com/tiger-woods-pga-tour-2001/3030-2573/"
        },
        {
            "api_detail_url": "http://www.giantbomb.com/api/game/3030-5493/",
            "id": 5493,
            "name": "Tiger Woods PGA Tour 2000",
            "site_detail_url": "http://www.giantbomb.com/tiger-woods-pga-tour-2000/3030-5493/"
        },
        {
            "api_detail_url": "http://www.giantbomb.com/api/game/3030-1943/",
            "id": 1943,
            "name": "Tiger Woods PGA Tour 2002",
            "site_detail_url": "http://www.giantbomb.com/tiger-woods-pga-tour-2002/3030-1943/"
        },
        {
            "api_detail_url": "http://www.giantbomb.com/api/game/3030-6647/",
            "id": 6647,
            "name": "007: Nightfire",
            "site_detail_url": "http://www.giantbomb.com/007-nightfire/3030-6647/"
        },
        {
            "api_detail_url": "http://www.giantbomb.com/api/game/3030-13125/",
            "id": 13125,
            "name": "Aliens Versus Predator: Extinction",
            "site_detail_url": "http://www.giantbomb.com/aliens-versus-predator-extinction/3030-13125/"
        },
        {
            "api_detail_url": "http://www.giantbomb.com/api/game/3030-16586/",
            "id": 16586,
            "name": "Battlefield Vietnam",
            "site_detail_url": "http://www.giantbomb.com/battlefield-vietnam/3030-16586/"
        },
        {
            "api_detail_url": "http://www.giantbomb.com/api/game/3030-13029/",
            "id": 13029,
            "name": "Battlefield 2: Special Forces",
            "site_detail_url": "http://www.giantbomb.com/battlefield-2-special-forces/3030-13029/"
        },
        {
            "api_detail_url": "http://www.giantbomb.com/api/game/3030-21646/",
            "id": 21646,
            "name": "Battlefield 2: Modern Combat",
            "site_detail_url": "http://www.giantbomb.com/battlefield-2-modern-combat/3030-21646/"
        },
        {
            "api_detail_url": "http://www.giantbomb.com/api/game/3030-16866/",
            "id": 16866,
            "name": "Battlefield 2",
            "site_detail_url": "http://www.giantbomb.com/battlefield-2/3030-16866/"
        },
        {
            "api_detail_url": "http://www.giantbomb.com/api/game/3030-9989/",
            "id": 9989,
            "name": "Hellgate: London",
            "site_detail_url": "http://www.giantbomb.com/hellgate-london/3030-9989/"
        },
        {
            "api_detail_url": "http://www.giantbomb.com/api/game/3030-11757/",
            "id": 11757,
            "name": "Crysis",
            "site_detail_url": "http://www.giantbomb.com/crysis/3030-11757/"
        },
        {
            "api_detail_url": "http://www.giantbomb.com/api/game/3030-9860/",
            "id": 9860,
            "name": "Rock Band",
            "site_detail_url": "http://www.giantbomb.com/rock-band/3030-9860/"
        },
        {
            "api_detail_url": "http://www.giantbomb.com/api/game/3030-20700/",
            "id": 20700,
            "name": "Br\u00fctal Legend",
            "site_detail_url": "http://www.giantbomb.com/brutal-legend/3030-20700/"
        },
        {
            "api_detail_url": "http://www.giantbomb.com/api/game/3030-25637/",
            "id": 25637,
            "name": "Shank",
            "site_detail_url": "http://www.giantbomb.com/shank/3030-25637/"
        },
        {
            "api_detail_url": "http://www.giantbomb.com/api/game/3030-21733/",
            "id": 21733,
            "name": "DeathSpank",
            "site_detail_url": "http://www.giantbomb.com/deathspank/3030-21733/"
        }
    ],
    "gender": 1,
    "hometown": null,
    "id": 26665,
    "name": "John Vifian",
    "people": [
        {
            "api_detail_url": "http://www.giantbomb.com/api/person/3040-5399/",
            "id": 5399,
            "name": "Carter Lipscomb",
            "site_detail_url": "http://www.giantbomb.com/carter-lipscomb/3040-5399/"
        }
    ]
}