{
    "birth_date": null,
    "country": null,
    "death_date": null,
    "deck": null,
    "first_credited_game": {
        "api_detail_url": "http://www.giantbomb.com/api/game/3030-1446/",
        "id": 1446,
        "name": "Lemmings"
    },
    "games": [
        {
            "api_detail_url": "http://www.giantbomb.com/api/game/3030-5550/",
            "id": 5550,
            "name": "Command & Conquer: Yuri's Revenge",
            "site_detail_url": "http://www.giantbomb.com/command-conquer-yuris-revenge/3030-5550/"
        },
        {
            "api_detail_url": "http://www.giantbomb.com/api/game/3030-21184/",
            "id": 21184,
            "name": "Fat Princess",
            "site_detail_url": "http://www.giantbomb.com/fat-princess/3030-21184/"
        },
        {
            "api_detail_url": "http://www.giantbomb.com/api/game/3030-975/",
            "id": 975,
            "name": "Killing Time",
            "site_detail_url": "http://www.giantbomb.com/killing-time/3030-975/"
        },
        {
            "api_detail_url": "http://www.giantbomb.com/api/game/3030-19563/",
            "id": 19563,
            "name": "Sports Car GT",
            "site_detail_url": "http://www.giantbomb.com/sports-car-gt/3030-19563/"
        },
        {
            "api_detail_url": "http://www.giantbomb.com/api/game/3030-9661/",
            "id": 9661,
            "name": "Recoil",
            "site_detail_url": "http://www.giantbomb.com/recoil/3030-9661/"
        },
        {
            "api_detail_url": "http://www.giantbomb.com/api/game/3030-18072/",
            "id": 18072,
            "name": "Command & Conquer: Red Alert 2",
            "site_detail_url": "http://www.giantbomb.com/command-conquer-red-alert-2/3030-18072/"
        },
        {
            "api_detail_url": "http://www.giantbomb.com/api/game/3030-19932/",
            "id": 19932,
            "name": "Emperor: Battle for Dune",
            "site_detail_url": "http://www.giantbomb.com/emperor-battle-for-dune/3030-19932/"
        },
        {
            "api_detail_url": "http://www.giantbomb.com/api/game/3030-18444/",
            "id": 18444,
            "name": "Godzilla: Domination",
            "site_detail_url": "http://www.giantbomb.com/godzilla-domination/3030-18444/"
        },
        {
            "api_detail_url": "http://www.giantbomb.com/api/game/3030-751/",
            "id": 751,
            "name": "Terminator 3: War of the Machines",
            "site_detail_url": "http://www.giantbomb.com/terminator-3-war-of-the-machines/3030-751/"
        },
        {
            "api_detail_url": "http://www.giantbomb.com/api/game/3030-6580/",
            "id": 6580,
            "name": "Terminator 3: Rise of the Machines",
            "site_detail_url": "http://www.giantbomb.com/terminator-3-rise-of-the-machines/3030-6580/"
        },
        {
            "api_detail_url": "http://www.giantbomb.com/api/game/3030-5400/",
            "id": 5400,
            "name": "Superman: Countdown to Apokolips",
            "site_detail_url": "http://www.giantbomb.com/superman-countdown-to-apokolips/3030-5400/"
        },
        {
            "api_detail_url": "http://www.giantbomb.com/api/game/3030-16534/",
            "id": 16534,
            "name": "Neverwinter Nights: Shadows of Undrentide",
            "site_detail_url": "http://www.giantbomb.com/neverwinter-nights-shadows-of-undrentide/3030-16534/"
        },
        {
            "api_detail_url": "http://www.giantbomb.com/api/game/3030-4452/",
            "id": 4452,
            "name": "Neverwinter Nights: Hordes of the Underdark",
            "site_detail_url": "http://www.giantbomb.com/neverwinter-nights-hordes-of-the-underdark/3030-4452/"
        },
        {
            "api_detail_url": "http://www.giantbomb.com/api/game/3030-9953/",
            "id": 9953,
            "name": "Neverwinter Nights",
            "site_detail_url": "http://www.giantbomb.com/neverwinter-nights/3030-9953/"
        },
        {
            "api_detail_url": "http://www.giantbomb.com/api/game/3030-2806/",
            "id": 2806,
            "name": "Godzilla: Destroy All Monsters Melee",
            "site_detail_url": "http://www.giantbomb.com/godzilla-destroy-all-monsters-melee/3030-2806/"
        },
        {
            "api_detail_url": "http://www.giantbomb.com/api/game/3030-981/",
            "id": 981,
            "name": "Forgotten Realms: Demon Stone",
            "site_detail_url": "http://www.giantbomb.com/forgotten-realms-demon-stone/3030-981/"
        },
        {
            "api_detail_url": "http://www.giantbomb.com/api/game/3030-1137/",
            "id": 1137,
            "name": "Neopets: The Darkest Faerie",
            "site_detail_url": "http://www.giantbomb.com/neopets-the-darkest-faerie/3030-1137/"
        },
        {
            "api_detail_url": "http://www.giantbomb.com/api/game/3030-17890/",
            "id": 17890,
            "name": "Tourist Trophy: The Real Riding Simulator",
            "site_detail_url": "http://www.giantbomb.com/tourist-trophy-the-real-riding-simulator/3030-17890/"
        },
        {
            "api_detail_url": "http://www.giantbomb.com/api/game/3030-18607/",
            "id": 18607,
            "name": "Dungeons & Dragons: Dragonshard",
            "site_detail_url": "http://www.giantbomb.com/dungeons-dragons-dragonshard/3030-18607/"
        },
        {
            "api_detail_url": "http://www.giantbomb.com/api/game/3030-9061/",
            "id": 9061,
            "name": "Neverwinter Nights 2",
            "site_detail_url": "http://www.giantbomb.com/neverwinter-nights-2/3030-9061/"
        },
        {
            "api_detail_url": "http://www.giantbomb.com/api/game/3030-1446/",
            "id": 1446,
            "name": "Lemmings",
            "site_detail_url": "http://www.giantbomb.com/lemmings/3030-1446/"
        },
        {
            "api_detail_url": "http://www.giantbomb.com/api/game/3030-5556/",
            "id": 5556,
            "name": "Killzone: Liberation",
            "site_detail_url": "http://www.giantbomb.com/killzone-liberation/3030-5556/"
        },
        {
            "api_detail_url": "http://www.giantbomb.com/api/game/3030-4114/",
            "id": 4114,
            "name": "Desperados 2: Cooper's Revenge",
            "site_detail_url": "http://www.giantbomb.com/desperados-2-coopers-revenge/3030-4114/"
        },
        {
            "api_detail_url": "http://www.giantbomb.com/api/game/3030-7940/",
            "id": 7940,
            "name": "Rogue Galaxy",
            "site_detail_url": "http://www.giantbomb.com/rogue-galaxy/3030-7940/"
        },
        {
            "api_detail_url": "http://www.giantbomb.com/api/game/3030-3958/",
            "id": 3958,
            "name": "Nox",
            "site_detail_url": "http://www.giantbomb.com/nox/3030-3958/"
        },
        {
            "api_detail_url": "http://www.giantbomb.com/api/game/3030-20461/",
            "id": 20461,
            "name": "God of War III",
            "site_detail_url": "http://www.giantbomb.com/god-of-war-iii/3030-20461/"
        },
        {
            "api_detail_url": "http://www.giantbomb.com/api/game/3030-39248/",
            "id": 39248,
            "name": "God of War Saga",
            "site_detail_url": "http://www.giantbomb.com/god-of-war-saga/3030-39248/"
        }
    ],
    "gender": 1,
    "hometown": null,
    "id": 23003,
    "name": "John Hight",
    "people": []
}