{
    "birth_date": null,
    "country": null,
    "death_date": null,
    "deck": null,
    "first_credited_game": {
        "api_detail_url": "http://www.giantbomb.com/api/game/3030-14746/",
        "id": 14746,
        "name": "Animaniacs: Ten Pin Alley"
    },
    "games": [
        {
            "api_detail_url": "http://www.giantbomb.com/api/game/3030-6346/",
            "id": 6346,
            "name": "Fallout Tactics: Brotherhood of Steel",
            "site_detail_url": "http://www.giantbomb.com/fallout-tactics-brotherhood-of-steel/3030-6346/"
        },
        {
            "api_detail_url": "http://www.giantbomb.com/api/game/3030-1341/",
            "id": 1341,
            "name": "Fallout: Brotherhood of Steel",
            "site_detail_url": "http://www.giantbomb.com/fallout-brotherhood-of-steel/3030-1341/"
        },
        {
            "api_detail_url": "http://www.giantbomb.com/api/game/3030-18547/",
            "id": 18547,
            "name": "EverQuest II",
            "site_detail_url": "http://www.giantbomb.com/everquest-ii/3030-18547/"
        },
        {
            "api_detail_url": "http://www.giantbomb.com/api/game/3030-9339/",
            "id": 9339,
            "name": "Y2K: The Game",
            "site_detail_url": "http://www.giantbomb.com/y2k-the-game/3030-9339/"
        },
        {
            "api_detail_url": "http://www.giantbomb.com/api/game/3030-9058/",
            "id": 9058,
            "name": "Escape from Monkey Island",
            "site_detail_url": "http://www.giantbomb.com/escape-from-monkey-island/3030-9058/"
        },
        {
            "api_detail_url": "http://www.giantbomb.com/api/game/3030-10637/",
            "id": 10637,
            "name": "Baldur's Gate II: Shadows of Amn",
            "site_detail_url": "http://www.giantbomb.com/baldurs-gate-ii-shadows-of-amn/3030-10637/"
        },
        {
            "api_detail_url": "http://www.giantbomb.com/api/game/3030-19319/",
            "id": 19319,
            "name": "Star Trek: Starfleet Command: Orion Pirates",
            "site_detail_url": "http://www.giantbomb.com/star-trek-starfleet-command-orion-pirates/3030-19319/"
        },
        {
            "api_detail_url": "http://www.giantbomb.com/api/game/3030-7757/",
            "id": 7757,
            "name": "Lionheart: Legacy of the Crusader",
            "site_detail_url": "http://www.giantbomb.com/lionheart-legacy-of-the-crusader/3030-7757/"
        },
        {
            "api_detail_url": "http://www.giantbomb.com/api/game/3030-19627/",
            "id": 19627,
            "name": "Armed and Dangerous",
            "site_detail_url": "http://www.giantbomb.com/armed-and-dangerous/3030-19627/"
        },
        {
            "api_detail_url": "http://www.giantbomb.com/api/game/3030-12611/",
            "id": 12611,
            "name": "Robots",
            "site_detail_url": "http://www.giantbomb.com/robots/3030-12611/"
        },
        {
            "api_detail_url": "http://www.giantbomb.com/api/game/3030-2347/",
            "id": 2347,
            "name": "Call of Duty 2",
            "site_detail_url": "http://www.giantbomb.com/call-of-duty-2/3030-2347/"
        },
        {
            "api_detail_url": "http://www.giantbomb.com/api/game/3030-8694/",
            "id": 8694,
            "name": "The Sopranos: Road to Respect",
            "site_detail_url": "http://www.giantbomb.com/the-sopranos-road-to-respect/3030-8694/"
        },
        {
            "api_detail_url": "http://www.giantbomb.com/api/game/3030-20739/",
            "id": 20739,
            "name": "Tom Clancy's EndWar",
            "site_detail_url": "http://www.giantbomb.com/tom-clancys-endwar/3030-20739/"
        },
        {
            "api_detail_url": "http://www.giantbomb.com/api/game/3030-23346/",
            "id": 23346,
            "name": "The Godfather II",
            "site_detail_url": "http://www.giantbomb.com/the-godfather-ii/3030-23346/"
        },
        {
            "api_detail_url": "http://www.giantbomb.com/api/game/3030-32243/",
            "id": 32243,
            "name": "Operation Flashpoint: Red River",
            "site_detail_url": "http://www.giantbomb.com/operation-flashpoint-red-river/3030-32243/"
        },
        {
            "api_detail_url": "http://www.giantbomb.com/api/game/3030-14746/",
            "id": 14746,
            "name": "Animaniacs: Ten Pin Alley",
            "site_detail_url": "http://www.giantbomb.com/animaniacs-ten-pin-alley/3030-14746/"
        }
    ],
    "gender": 1,
    "hometown": null,
    "id": 12885,
    "name": "John Mariano",
    "people": []
}