{
    "birth_date": null,
    "country": "United States",
    "death_date": null,
    "deck": "John Riccitiello was the Chief Executive Officer of Electronic Arts, Inc until his resignation on March 18th 2013",
    "first_credited_game": {
        "api_detail_url": "http://www.giantbomb.com/api/game/3030-6026/",
        "id": 6026,
        "name": "Medal of Honor: Airborne"
    },
    "games": [
        {
            "api_detail_url": "http://www.giantbomb.com/api/game/3030-6026/",
            "id": 6026,
            "name": "Medal of Honor: Airborne",
            "site_detail_url": "http://www.giantbomb.com/medal-of-honor-airborne/3030-6026/"
        },
        {
            "api_detail_url": "http://www.giantbomb.com/api/game/3030-20466/",
            "id": 20466,
            "name": "Boom Blox",
            "site_detail_url": "http://www.giantbomb.com/boom-blox/3030-20466/"
        },
        {
            "api_detail_url": "http://www.giantbomb.com/api/game/3030-20965/",
            "id": 20965,
            "name": "The Lord of the Rings: Conquest",
            "site_detail_url": "http://www.giantbomb.com/the-lord-of-the-rings-conquest/3030-20965/"
        },
        {
            "api_detail_url": "http://www.giantbomb.com/api/game/3030-20800/",
            "id": 20800,
            "name": "Dead Space",
            "site_detail_url": "http://www.giantbomb.com/dead-space/3030-20800/"
        },
        {
            "api_detail_url": "http://www.giantbomb.com/api/game/3030-23346/",
            "id": 23346,
            "name": "The Godfather II",
            "site_detail_url": "http://www.giantbomb.com/the-godfather-ii/3030-23346/"
        },
        {
            "api_detail_url": "http://www.giantbomb.com/api/game/3030-21590/",
            "id": 21590,
            "name": "Mass Effect 2",
            "site_detail_url": "http://www.giantbomb.com/mass-effect-2/3030-21590/"
        },
        {
            "api_detail_url": "http://www.giantbomb.com/api/game/3030-25371/",
            "id": 25371,
            "name": "Alice: Madness Returns",
            "site_detail_url": "http://www.giantbomb.com/alice-madness-returns/3030-25371/"
        },
        {
            "api_detail_url": "http://www.giantbomb.com/api/game/3030-25444/",
            "id": 25444,
            "name": "Dead Space 2",
            "site_detail_url": "http://www.giantbomb.com/dead-space-2/3030-25444/"
        },
        {
            "api_detail_url": "http://www.giantbomb.com/api/game/3030-32208/",
            "id": 32208,
            "name": "Harry Potter and the Deathly Hallows: Part 2",
            "site_detail_url": "http://www.giantbomb.com/harry-potter-and-the-deathly-hallows-part-2/3030-32208/"
        },
        {
            "api_detail_url": "http://www.giantbomb.com/api/game/3030-25565/",
            "id": 25565,
            "name": "Army of Two: The 40th Day",
            "site_detail_url": "http://www.giantbomb.com/army-of-two-the-40th-day/3030-25565/"
        },
        {
            "api_detail_url": "http://www.giantbomb.com/api/game/3030-24827/",
            "id": 24827,
            "name": "Dante's Inferno",
            "site_detail_url": "http://www.giantbomb.com/dantes-inferno/3030-24827/"
        },
        {
            "api_detail_url": "http://www.giantbomb.com/api/game/3030-29675/",
            "id": 29675,
            "name": "Dragon Age: Origins - Awakening",
            "site_detail_url": "http://www.giantbomb.com/dragon-age-origins-awakening/3030-29675/"
        },
        {
            "api_detail_url": "http://www.giantbomb.com/api/game/3030-29336/",
            "id": 29336,
            "name": "Medal of Honor",
            "site_detail_url": "http://www.giantbomb.com/medal-of-honor/3030-29336/"
        },
        {
            "api_detail_url": "http://www.giantbomb.com/api/game/3030-25193/",
            "id": 25193,
            "name": "Boom Blox Bash Party",
            "site_detail_url": "http://www.giantbomb.com/boom-blox-bash-party/3030-25193/"
        },
        {
            "api_detail_url": "http://www.giantbomb.com/api/game/3030-20700/",
            "id": 20700,
            "name": "Br\u00fctal Legend",
            "site_detail_url": "http://www.giantbomb.com/brutal-legend/3030-20700/"
        },
        {
            "api_detail_url": "http://www.giantbomb.com/api/game/3030-27377/",
            "id": 27377,
            "name": "Command & Conquer Red Alert 3: Commander's Challenge",
            "site_detail_url": "http://www.giantbomb.com/command-conquer-red-alert-3-commanders-challenge/3030-27377/"
        },
        {
            "api_detail_url": "http://www.giantbomb.com/api/game/3030-20660/",
            "id": 20660,
            "name": "Command & Conquer: Red Alert 3",
            "site_detail_url": "http://www.giantbomb.com/command-conquer-red-alert-3/3030-20660/"
        },
        {
            "api_detail_url": "http://www.giantbomb.com/api/game/3030-25034/",
            "id": 25034,
            "name": "Command & Conquer Red Alert 3: Uprising",
            "site_detail_url": "http://www.giantbomb.com/command-conquer-red-alert-3-uprising/3030-25034/"
        },
        {
            "api_detail_url": "http://www.giantbomb.com/api/game/3030-25358/",
            "id": 25358,
            "name": "Dead Space Extraction",
            "site_detail_url": "http://www.giantbomb.com/dead-space-extraction/3030-25358/"
        },
        {
            "api_detail_url": "http://www.giantbomb.com/api/game/3030-25305/",
            "id": 25305,
            "name": "G.I. Joe: The Rise of Cobra",
            "site_detail_url": "http://www.giantbomb.com/gi-joe-the-rise-of-cobra/3030-25305/"
        },
        {
            "api_detail_url": "http://www.giantbomb.com/api/game/3030-22766/",
            "id": 22766,
            "name": "Harry Potter and the Half-Blood Prince",
            "site_detail_url": "http://www.giantbomb.com/harry-potter-and-the-half-blood-prince/3030-22766/"
        },
        {
            "api_detail_url": "http://www.giantbomb.com/api/game/3030-23282/",
            "id": 23282,
            "name": "Henry Hatsworth in the Puzzling Adventure",
            "site_detail_url": "http://www.giantbomb.com/henry-hatsworth-in-the-puzzling-adventure/3030-23282/"
        },
        {
            "api_detail_url": "http://www.giantbomb.com/api/game/3030-21616/",
            "id": 21616,
            "name": "The Saboteur",
            "site_detail_url": "http://www.giantbomb.com/the-saboteur/3030-21616/"
        },
        {
            "api_detail_url": "http://www.giantbomb.com/api/game/3030-36149/",
            "id": 36149,
            "name": "Warhammer Online: Wrath of Heroes",
            "site_detail_url": "http://www.giantbomb.com/warhammer-online-wrath-of-heroes/3030-36149/"
        }
    ],
    "gender": 1,
    "hometown": null,
    "id": 65707,
    "name": "John Riccitiello",
    "people": []
}