{
    "birth_date": null,
    "country": null,
    "death_date": null,
    "deck": null,
    "first_credited_game": {
        "api_detail_url": "http://www.giantbomb.com/api/game/3030-6721/",
        "id": 6721,
        "name": "Civilization II: Fantastic Worlds"
    },
    "games": [
        {
            "api_detail_url": "http://www.giantbomb.com/api/game/3030-10637/",
            "id": 10637,
            "name": "Baldur's Gate II: Shadows of Amn",
            "site_detail_url": "http://www.giantbomb.com/baldurs-gate-ii-shadows-of-amn/3030-10637/"
        },
        {
            "api_detail_url": "http://www.giantbomb.com/api/game/3030-6721/",
            "id": 6721,
            "name": "Civilization II: Fantastic Worlds",
            "site_detail_url": "http://www.giantbomb.com/civilization-ii-fantastic-worlds/3030-6721/"
        },
        {
            "api_detail_url": "http://www.giantbomb.com/api/game/3030-9953/",
            "id": 9953,
            "name": "Neverwinter Nights",
            "site_detail_url": "http://www.giantbomb.com/neverwinter-nights/3030-9953/"
        }
    ],
    "gender": null,
    "hometown": null,
    "id": 12782,
    "name": "John Samuel Gallagher",
    "people": []
}