{
    "birth_date": "1932-02-08",
    "country": "USA",
    "death_date": null,
    "deck": "John Williams is one of the most accomplished, known, and financially successful composers in US history.",
    "first_credited_game": {
        "api_detail_url": "http://www.giantbomb.com/api/game/3030-14748/",
        "id": 14748,
        "name": "Indiana Jones and The Last Crusade: The Graphic Adventure"
    },
    "games": [
        {
            "api_detail_url": "http://www.giantbomb.com/api/game/3030-14523/",
            "id": 14523,
            "name": "Star Wars: Jedi Knight II - Jedi Outcast",
            "site_detail_url": "http://www.giantbomb.com/star-wars-jedi-knight-ii-jedi-outcast/3030-14523/"
        },
        {
            "api_detail_url": "http://www.giantbomb.com/api/game/3030-14748/",
            "id": 14748,
            "name": "Indiana Jones and The Last Crusade: The Graphic Adventure",
            "site_detail_url": "http://www.giantbomb.com/indiana-jones-and-the-last-crusade-the-graphic-adv/3030-14748/"
        },
        {
            "api_detail_url": "http://www.giantbomb.com/api/game/3030-3633/",
            "id": 3633,
            "name": "Indiana Jones and the Fate of Atlantis",
            "site_detail_url": "http://www.giantbomb.com/indiana-jones-and-the-fate-of-atlantis/3030-3633/"
        },
        {
            "api_detail_url": "http://www.giantbomb.com/api/game/3030-4534/",
            "id": 4534,
            "name": "Hook",
            "site_detail_url": "http://www.giantbomb.com/hook/3030-4534/"
        },
        {
            "api_detail_url": "http://www.giantbomb.com/api/game/3030-18387/",
            "id": 18387,
            "name": "Star Wars: X-Wing - Imperial Pursuit",
            "site_detail_url": "http://www.giantbomb.com/star-wars-x-wing-imperial-pursuit/3030-18387/"
        },
        {
            "api_detail_url": "http://www.giantbomb.com/api/game/3030-16050/",
            "id": 16050,
            "name": "Star Wars: X-Wing - B-Wing",
            "site_detail_url": "http://www.giantbomb.com/star-wars-x-wing-b-wing/3030-16050/"
        },
        {
            "api_detail_url": "http://www.giantbomb.com/api/game/3030-12058/",
            "id": 12058,
            "name": "Star Wars: Rebel Assault",
            "site_detail_url": "http://www.giantbomb.com/star-wars-rebel-assault/3030-12058/"
        },
        {
            "api_detail_url": "http://www.giantbomb.com/api/game/3030-8517/",
            "id": 8517,
            "name": "Star Wars Chess",
            "site_detail_url": "http://www.giantbomb.com/star-wars-chess/3030-8517/"
        },
        {
            "api_detail_url": "http://www.giantbomb.com/api/game/3030-19727/",
            "id": 19727,
            "name": "Star Wars: TIE Fighter",
            "site_detail_url": "http://www.giantbomb.com/star-wars-tie-fighter/3030-19727/"
        },
        {
            "api_detail_url": "http://www.giantbomb.com/api/game/3030-7637/",
            "id": 7637,
            "name": "Star Wars: Rebel Assault II - The Hidden Empire",
            "site_detail_url": "http://www.giantbomb.com/star-wars-rebel-assault-ii-the-hidden-empire/3030-7637/"
        },
        {
            "api_detail_url": "http://www.giantbomb.com/api/game/3030-12139/",
            "id": 12139,
            "name": "Star Wars: Shadows of the Empire",
            "site_detail_url": "http://www.giantbomb.com/star-wars-shadows-of-the-empire/3030-12139/"
        },
        {
            "api_detail_url": "http://www.giantbomb.com/api/game/3030-13547/",
            "id": 13547,
            "name": "Indiana Jones and His Desktop Adventures",
            "site_detail_url": "http://www.giantbomb.com/indiana-jones-and-his-desktop-adventures/3030-13547/"
        },
        {
            "api_detail_url": "http://www.giantbomb.com/api/game/3030-13349/",
            "id": 13349,
            "name": "Star Wars: Yoda Stories",
            "site_detail_url": "http://www.giantbomb.com/star-wars-yoda-stories/3030-13349/"
        },
        {
            "api_detail_url": "http://www.giantbomb.com/api/game/3030-15483/",
            "id": 15483,
            "name": "Star Wars: X-Wing Vs. TIE Fighter",
            "site_detail_url": "http://www.giantbomb.com/star-wars-x-wing-vs-tie-fighter/3030-15483/"
        },
        {
            "api_detail_url": "http://www.giantbomb.com/api/game/3030-9603/",
            "id": 9603,
            "name": "Star Wars: Masters of Ter\u00e4s K\u00e4si",
            "site_detail_url": "http://www.giantbomb.com/star-wars-masters-of-teras-kasi/3030-9603/"
        },
        {
            "api_detail_url": "http://www.giantbomb.com/api/game/3030-7418/",
            "id": 7418,
            "name": "Star Wars: Jedi Knight - Dark Forces II",
            "site_detail_url": "http://www.giantbomb.com/star-wars-jedi-knight-dark-forces-ii/3030-7418/"
        },
        {
            "api_detail_url": "http://www.giantbomb.com/api/game/3030-4011/",
            "id": 4011,
            "name": "Star Wars: Rogue Squadron",
            "site_detail_url": "http://www.giantbomb.com/star-wars-rogue-squadron/3030-4011/"
        },
        {
            "api_detail_url": "http://www.giantbomb.com/api/game/3030-16288/",
            "id": 16288,
            "name": "Star Wars: Jedi Knight - Mysteries of the Sith",
            "site_detail_url": "http://www.giantbomb.com/star-wars-jedi-knight-mysteries-of-the-sith/3030-16288/"
        },
        {
            "api_detail_url": "http://www.giantbomb.com/api/game/3030-6064/",
            "id": 6064,
            "name": "Star Wars: DroidWorks",
            "site_detail_url": "http://www.giantbomb.com/star-wars-droidworks/3030-6064/"
        },
        {
            "api_detail_url": "http://www.giantbomb.com/api/game/3030-14541/",
            "id": 14541,
            "name": "Star Wars: Episode I - The Phantom Menace",
            "site_detail_url": "http://www.giantbomb.com/star-wars-episode-i-the-phantom-menace/3030-14541/"
        },
        {
            "api_detail_url": "http://www.giantbomb.com/api/game/3030-12722/",
            "id": 12722,
            "name": "Star Wars: Episode I - The Gungan Frontier",
            "site_detail_url": "http://www.giantbomb.com/star-wars-episode-i-the-gungan-frontier/3030-12722/"
        },
        {
            "api_detail_url": "http://www.giantbomb.com/api/game/3030-13526/",
            "id": 13526,
            "name": "Star Wars: Episode I - Racer",
            "site_detail_url": "http://www.giantbomb.com/star-wars-episode-i-racer/3030-13526/"
        },
        {
            "api_detail_url": "http://www.giantbomb.com/api/game/3030-7284/",
            "id": 7284,
            "name": "Indiana Jones and the Infernal Machine",
            "site_detail_url": "http://www.giantbomb.com/indiana-jones-and-the-infernal-machine/3030-7284/"
        },
        {
            "api_detail_url": "http://www.giantbomb.com/api/game/3030-17353/",
            "id": 17353,
            "name": "Star Wars: Force Commander",
            "site_detail_url": "http://www.giantbomb.com/star-wars-force-commander/3030-17353/"
        },
        {
            "api_detail_url": "http://www.giantbomb.com/api/game/3030-2726/",
            "id": 2726,
            "name": "Star Wars: Episode I - Jedi Power Battles",
            "site_detail_url": "http://www.giantbomb.com/star-wars-episode-i-jedi-power-battles/3030-2726/"
        },
        {
            "api_detail_url": "http://www.giantbomb.com/api/game/3030-8114/",
            "id": 8114,
            "name": "Star Wars: Episode I - Battle for Naboo",
            "site_detail_url": "http://www.giantbomb.com/star-wars-episode-i-battle-for-naboo/3030-8114/"
        },
        {
            "api_detail_url": "http://www.giantbomb.com/api/game/3030-19304/",
            "id": 19304,
            "name": "Star Wars: Demolition",
            "site_detail_url": "http://www.giantbomb.com/star-wars-demolition/3030-19304/"
        },
        {
            "api_detail_url": "http://www.giantbomb.com/api/game/3030-7311/",
            "id": 7311,
            "name": "Star Wars: Obi-Wan",
            "site_detail_url": "http://www.giantbomb.com/star-wars-obi-wan/3030-7311/"
        },
        {
            "api_detail_url": "http://www.giantbomb.com/api/game/3030-18901/",
            "id": 18901,
            "name": "Star Wars: Galactic Battlegrounds",
            "site_detail_url": "http://www.giantbomb.com/star-wars-galactic-battlegrounds/3030-18901/"
        },
        {
            "api_detail_url": "http://www.giantbomb.com/api/game/3030-11683/",
            "id": 11683,
            "name": "Star Wars: The Clone Wars",
            "site_detail_url": "http://www.giantbomb.com/star-wars-the-clone-wars/3030-11683/"
        },
        {
            "api_detail_url": "http://www.giantbomb.com/api/game/3030-7746/",
            "id": 7746,
            "name": "Star Wars: Racer Revenge",
            "site_detail_url": "http://www.giantbomb.com/star-wars-racer-revenge/3030-7746/"
        },
        {
            "api_detail_url": "http://www.giantbomb.com/api/game/3030-4017/",
            "id": 4017,
            "name": "Star Wars: Jedi Starfighter",
            "site_detail_url": "http://www.giantbomb.com/star-wars-jedi-starfighter/3030-4017/"
        },
        {
            "api_detail_url": "http://www.giantbomb.com/api/game/3030-18331/",
            "id": 18331,
            "name": "Star Wars: Episode II - Attack of the Clones",
            "site_detail_url": "http://www.giantbomb.com/star-wars-episode-ii-attack-of-the-clones/3030-18331/"
        },
        {
            "api_detail_url": "http://www.giantbomb.com/api/game/3030-17571/",
            "id": 17571,
            "name": "Star Wars: Bounty Hunter",
            "site_detail_url": "http://www.giantbomb.com/star-wars-bounty-hunter/3030-17571/"
        },
        {
            "api_detail_url": "http://www.giantbomb.com/api/game/3030-4108/",
            "id": 4108,
            "name": "Star Wars: Rogue Squadron III - Rebel Strike",
            "site_detail_url": "http://www.giantbomb.com/star-wars-rogue-squadron-iii-rebel-strike/3030-4108/"
        },
        {
            "api_detail_url": "http://www.giantbomb.com/api/game/3030-18741/",
            "id": 18741,
            "name": "Star Wars: Knights of the Old Republic",
            "site_detail_url": "http://www.giantbomb.com/star-wars-knights-of-the-old-republic/3030-18741/"
        },
        {
            "api_detail_url": "http://www.giantbomb.com/api/game/3030-9437/",
            "id": 9437,
            "name": "Star Wars: Galaxies - An Empire Divided",
            "site_detail_url": "http://www.giantbomb.com/star-wars-galaxies-an-empire-divided/3030-9437/"
        },
        {
            "api_detail_url": "http://www.giantbomb.com/api/game/3030-10164/",
            "id": 10164,
            "name": "Star Wars: Flight of the Falcon",
            "site_detail_url": "http://www.giantbomb.com/star-wars-flight-of-the-falcon/3030-10164/"
        },
        {
            "api_detail_url": "http://www.giantbomb.com/api/game/3030-5151/",
            "id": 5151,
            "name": "Indiana Jones and the Emperor's Tomb",
            "site_detail_url": "http://www.giantbomb.com/indiana-jones-and-the-emperors-tomb/3030-5151/"
        },
        {
            "api_detail_url": "http://www.giantbomb.com/api/game/3030-7262/",
            "id": 7262,
            "name": "Star Wars Trilogy: Apprentice of the Force",
            "site_detail_url": "http://www.giantbomb.com/star-wars-trilogy-apprentice-of-the-force/3030-7262/"
        },
        {
            "api_detail_url": "http://www.giantbomb.com/api/game/3030-8852/",
            "id": 8852,
            "name": "Star Wars: Knights of the Old Republic II - The Sith Lords",
            "site_detail_url": "http://www.giantbomb.com/star-wars-knights-of-the-old-republic-ii-the-sith-/3030-8852/"
        },
        {
            "api_detail_url": "http://www.giantbomb.com/api/game/3030-15481/",
            "id": 15481,
            "name": "Star Wars: Battlefront",
            "site_detail_url": "http://www.giantbomb.com/star-wars-battlefront/3030-15481/"
        },
        {
            "api_detail_url": "http://www.giantbomb.com/api/game/3030-1339/",
            "id": 1339,
            "name": "Star Wars: Republic Commando",
            "site_detail_url": "http://www.giantbomb.com/star-wars-republic-commando/3030-1339/"
        },
        {
            "api_detail_url": "http://www.giantbomb.com/api/game/3030-9200/",
            "id": 9200,
            "name": "Star Wars: Episode III - Revenge of the Sith",
            "site_detail_url": "http://www.giantbomb.com/star-wars-episode-iii-revenge-of-the-sith/3030-9200/"
        },
        {
            "api_detail_url": "http://www.giantbomb.com/api/game/3030-251/",
            "id": 251,
            "name": "LEGO Star Wars: The Video Game",
            "site_detail_url": "http://www.giantbomb.com/lego-star-wars-the-video-game/3030-251/"
        },
        {
            "api_detail_url": "http://www.giantbomb.com/api/game/3030-9393/",
            "id": 9393,
            "name": "Star Wars: Lethal Alliance",
            "site_detail_url": "http://www.giantbomb.com/star-wars-lethal-alliance/3030-9393/"
        },
        {
            "api_detail_url": "http://www.giantbomb.com/api/game/3030-4614/",
            "id": 4614,
            "name": "Star Wars: Empire at War",
            "site_detail_url": "http://www.giantbomb.com/star-wars-empire-at-war/3030-4614/"
        },
        {
            "api_detail_url": "http://www.giantbomb.com/api/game/3030-9197/",
            "id": 9197,
            "name": "Star Wars: Empire at War - Forces of Corruption",
            "site_detail_url": "http://www.giantbomb.com/star-wars-empire-at-war-forces-of-corruption/3030-9197/"
        },
        {
            "api_detail_url": "http://www.giantbomb.com/api/game/3030-9631/",
            "id": 9631,
            "name": "LEGO Star Wars II: The Original Trilogy",
            "site_detail_url": "http://www.giantbomb.com/lego-star-wars-ii-the-original-trilogy/3030-9631/"
        },
        {
            "api_detail_url": "http://www.giantbomb.com/api/game/3030-15312/",
            "id": 15312,
            "name": "Jaws: Unleashed",
            "site_detail_url": "http://www.giantbomb.com/jaws-unleashed/3030-15312/"
        },
        {
            "api_detail_url": "http://www.giantbomb.com/api/game/3030-11120/",
            "id": 11120,
            "name": "LEGO Star Wars: The Complete Saga",
            "site_detail_url": "http://www.giantbomb.com/lego-star-wars-the-complete-saga/3030-11120/"
        },
        {
            "api_detail_url": "http://www.giantbomb.com/api/game/3030-12053/",
            "id": 12053,
            "name": "Harry Potter and the Order of the Phoenix",
            "site_detail_url": "http://www.giantbomb.com/harry-potter-and-the-order-of-the-phoenix/3030-12053/"
        },
        {
            "api_detail_url": "http://www.giantbomb.com/api/game/3030-20534/",
            "id": 20534,
            "name": "LEGO Indiana Jones: The Original Adventures",
            "site_detail_url": "http://www.giantbomb.com/lego-indiana-jones-the-original-adventures/3030-20534/"
        },
        {
            "api_detail_url": "http://www.giantbomb.com/api/game/3030-5781/",
            "id": 5781,
            "name": "Torin's Passage",
            "site_detail_url": "http://www.giantbomb.com/torins-passage/3030-5781/"
        },
        {
            "api_detail_url": "http://www.giantbomb.com/api/game/3030-11957/",
            "id": 11957,
            "name": "Relentless: Twinsen's Adventure",
            "site_detail_url": "http://www.giantbomb.com/relentless-twinsens-adventure/3030-11957/"
        },
        {
            "api_detail_url": "http://www.giantbomb.com/api/game/3030-11734/",
            "id": 11734,
            "name": "Leisure Suit Larry: Love for Sail!",
            "site_detail_url": "http://www.giantbomb.com/leisure-suit-larry-love-for-sail/3030-11734/"
        },
        {
            "api_detail_url": "http://www.giantbomb.com/api/game/3030-17737/",
            "id": 17737,
            "name": "Tunguska: Legend of Faith",
            "site_detail_url": "http://www.giantbomb.com/tunguska-legend-of-faith/3030-17737/"
        },
        {
            "api_detail_url": "http://www.giantbomb.com/api/game/3030-1109/",
            "id": 1109,
            "name": "Trespasser: Jurassic Park",
            "site_detail_url": "http://www.giantbomb.com/trespasser-jurassic-park/3030-1109/"
        },
        {
            "api_detail_url": "http://www.giantbomb.com/api/game/3030-18168/",
            "id": 18168,
            "name": "007: The World is Not Enough",
            "site_detail_url": "http://www.giantbomb.com/007-the-world-is-not-enough/3030-18168/"
        },
        {
            "api_detail_url": "http://www.giantbomb.com/api/game/3030-19627/",
            "id": 19627,
            "name": "Armed and Dangerous",
            "site_detail_url": "http://www.giantbomb.com/armed-and-dangerous/3030-19627/"
        },
        {
            "api_detail_url": "http://www.giantbomb.com/api/game/3030-36898/",
            "id": 36898,
            "name": "LEGO Batman 2: DC Super Heroes",
            "site_detail_url": "http://www.giantbomb.com/lego-batman-2-dc-super-heroes/3030-36898/"
        },
        {
            "api_detail_url": "http://www.giantbomb.com/api/game/3030-36621/",
            "id": 36621,
            "name": "Infinity Blade II",
            "site_detail_url": "http://www.giantbomb.com/infinity-blade-ii/3030-36621/"
        },
        {
            "api_detail_url": "http://www.giantbomb.com/api/game/3030-50856/",
            "id": 50856,
            "name": "Star Wars: Uprising",
            "site_detail_url": "http://www.giantbomb.com/star-wars-uprising/3030-50856/"
        }
    ],
    "gender": 1,
    "hometown": "Long Island",
    "id": 1371,
    "name": "John Williams",
    "people": []
}