{
    "birth_date": null,
    "country": null,
    "death_date": null,
    "deck": null,
    "first_credited_game": {
        "api_detail_url": "http://www.giantbomb.com/api/game/3030-289/",
        "id": 289,
        "name": "Speedball 2: Brutal Deluxe"
    },
    "games": [
        {
            "api_detail_url": "http://www.giantbomb.com/api/game/3030-17223/",
            "id": 17223,
            "name": "Kohan: Ahriman's Gift",
            "site_detail_url": "http://www.giantbomb.com/kohan-ahrimans-gift/3030-17223/"
        },
        {
            "api_detail_url": "http://www.giantbomb.com/api/game/3030-18070/",
            "id": 18070,
            "name": "Fatal Frame",
            "site_detail_url": "http://www.giantbomb.com/fatal-frame/3030-18070/"
        },
        {
            "api_detail_url": "http://www.giantbomb.com/api/game/3030-6594/",
            "id": 6594,
            "name": "Robin Hood: The Legend of Sherwood",
            "site_detail_url": "http://www.giantbomb.com/robin-hood-the-legend-of-sherwood/3030-6594/"
        },
        {
            "api_detail_url": "http://www.giantbomb.com/api/game/3030-16562/",
            "id": 16562,
            "name": "Pink Panther: Pinkadelic Pursuit",
            "site_detail_url": "http://www.giantbomb.com/pink-panther-pinkadelic-pursuit/3030-16562/"
        },
        {
            "api_detail_url": "http://www.giantbomb.com/api/game/3030-6756/",
            "id": 6756,
            "name": "Iron Storm",
            "site_detail_url": "http://www.giantbomb.com/iron-storm/3030-6756/"
        },
        {
            "api_detail_url": "http://www.giantbomb.com/api/game/3030-980/",
            "id": 980,
            "name": "Hegemonia: Legions of Iron",
            "site_detail_url": "http://www.giantbomb.com/hegemonia-legions-of-iron/3030-980/"
        },
        {
            "api_detail_url": "http://www.giantbomb.com/api/game/3030-8068/",
            "id": 8068,
            "name": "Celtic Kings: Rage of War",
            "site_detail_url": "http://www.giantbomb.com/celtic-kings-rage-of-war/3030-8068/"
        },
        {
            "api_detail_url": "http://www.giantbomb.com/api/game/3030-10790/",
            "id": 10790,
            "name": "Ultimate Beach Soccer",
            "site_detail_url": "http://www.giantbomb.com/ultimate-beach-soccer/3030-10790/"
        },
        {
            "api_detail_url": "http://www.giantbomb.com/api/game/3030-38735/",
            "id": 38735,
            "name": "Spirits and Spells",
            "site_detail_url": "http://www.giantbomb.com/spirits-and-spells/3030-38735/"
        },
        {
            "api_detail_url": "http://www.giantbomb.com/api/game/3030-38736/",
            "id": 38736,
            "name": "Next Generation Tennis 2003",
            "site_detail_url": "http://www.giantbomb.com/next-generation-tennis-2003/3030-38736/"
        },
        {
            "api_detail_url": "http://www.giantbomb.com/api/game/3030-5956/",
            "id": 5956,
            "name": "Curse: The Eye of Isis",
            "site_detail_url": "http://www.giantbomb.com/curse-the-eye-of-isis/3030-5956/"
        },
        {
            "api_detail_url": "http://www.giantbomb.com/api/game/3030-18289/",
            "id": 18289,
            "name": "Chicago 1930",
            "site_detail_url": "http://www.giantbomb.com/chicago-1930/3030-18289/"
        },
        {
            "api_detail_url": "http://www.giantbomb.com/api/game/3030-17220/",
            "id": 17220,
            "name": "Top Gear RPM Tuning",
            "site_detail_url": "http://www.giantbomb.com/top-gear-rpm-tuning/3030-17220/"
        },
        {
            "api_detail_url": "http://www.giantbomb.com/api/game/3030-17125/",
            "id": 17125,
            "name": "Singles 2: Triple Trouble",
            "site_detail_url": "http://www.giantbomb.com/singles-2-triple-trouble/3030-17125/"
        },
        {
            "api_detail_url": "http://www.giantbomb.com/api/game/3030-16970/",
            "id": 16970,
            "name": "Earth 2160",
            "site_detail_url": "http://www.giantbomb.com/earth-2160/3030-16970/"
        },
        {
            "api_detail_url": "http://www.giantbomb.com/api/game/3030-10728/",
            "id": 10728,
            "name": "American McGee presents SCRAPLAND",
            "site_detail_url": "http://www.giantbomb.com/american-mcgee-presents-scrapland/3030-10728/"
        },
        {
            "api_detail_url": "http://www.giantbomb.com/api/game/3030-18510/",
            "id": 18510,
            "name": "Warhammer: Mark of Chaos",
            "site_detail_url": "http://www.giantbomb.com/warhammer-mark-of-chaos/3030-18510/"
        },
        {
            "api_detail_url": "http://www.giantbomb.com/api/game/3030-22165/",
            "id": 22165,
            "name": "World Snooker Championship 2007",
            "site_detail_url": "http://www.giantbomb.com/world-snooker-championship-2007/3030-22165/"
        },
        {
            "api_detail_url": "http://www.giantbomb.com/api/game/3030-38757/",
            "id": 38757,
            "name": "World Snooker Championship: Season 2007-08",
            "site_detail_url": "http://www.giantbomb.com/world-snooker-championship-season-2007-08/3030-38757/"
        },
        {
            "api_detail_url": "http://www.giantbomb.com/api/game/3030-25680/",
            "id": 25680,
            "name": "Ghost Pirates of Vooju Island",
            "site_detail_url": "http://www.giantbomb.com/ghost-pirates-of-vooju-island/3030-25680/"
        },
        {
            "api_detail_url": "http://www.giantbomb.com/api/game/3030-23139/",
            "id": 23139,
            "name": "Divinity II: Ego Draconis",
            "site_detail_url": "http://www.giantbomb.com/divinity-ii-ego-draconis/3030-23139/"
        },
        {
            "api_detail_url": "http://www.giantbomb.com/api/game/3030-33129/",
            "id": 33129,
            "name": "Divinity II: The Dragon Knight Saga",
            "site_detail_url": "http://www.giantbomb.com/divinity-ii-the-dragon-knight-saga/3030-33129/"
        },
        {
            "api_detail_url": "http://www.giantbomb.com/api/game/3030-33039/",
            "id": 33039,
            "name": "Divinity II: Flames of Vengeance",
            "site_detail_url": "http://www.giantbomb.com/divinity-ii-flames-of-vengeance/3030-33039/"
        },
        {
            "api_detail_url": "http://www.giantbomb.com/api/game/3030-289/",
            "id": 289,
            "name": "Speedball 2: Brutal Deluxe",
            "site_detail_url": "http://www.giantbomb.com/speedball-2-brutal-deluxe/3030-289/"
        },
        {
            "api_detail_url": "http://www.giantbomb.com/api/game/3030-37152/",
            "id": 37152,
            "name": "XCOM: Enemy Unknown",
            "site_detail_url": "http://www.giantbomb.com/xcom-enemy-unknown/3030-37152/"
        },
        {
            "api_detail_url": "http://www.giantbomb.com/api/game/3030-30813/",
            "id": 30813,
            "name": "The Bureau: XCOM Declassified",
            "site_detail_url": "http://www.giantbomb.com/the-bureau-xcom-declassified/3030-30813/"
        },
        {
            "api_detail_url": "http://www.giantbomb.com/api/game/3030-22150/",
            "id": 22150,
            "name": "Gun: Showdown",
            "site_detail_url": "http://www.giantbomb.com/gun-showdown/3030-22150/"
        }
    ],
    "gender": 1,
    "hometown": null,
    "id": 42146,
    "name": "Jon Bailey",
    "people": []
}