{
    "birth_date": null,
    "country": "Canada",
    "death_date": null,
    "deck": "Video game developer and lead animator for Assassin's Creed III. Moved to Naughty Dog in February, 2014 to work on Uncharted 4: A Thief's End.",
    "first_credited_game": {
        "api_detail_url": "http://www.giantbomb.com/api/game/3030-2505/",
        "id": 2505,
        "name": "Tom and Jerry: War of the Whiskers"
    },
    "games": [
        {
            "api_detail_url": "http://www.giantbomb.com/api/game/3030-8580/",
            "id": 8580,
            "name": "Jade Empire",
            "site_detail_url": "http://www.giantbomb.com/jade-empire/3030-8580/"
        },
        {
            "api_detail_url": "http://www.giantbomb.com/api/game/3030-21358/",
            "id": 21358,
            "name": "Deus Ex: Human Revolution",
            "site_detail_url": "http://www.giantbomb.com/deus-ex-human-revolution/3030-21358/"
        },
        {
            "api_detail_url": "http://www.giantbomb.com/api/game/3030-12365/",
            "id": 12365,
            "name": "State of Emergency 2",
            "site_detail_url": "http://www.giantbomb.com/state-of-emergency-2/3030-12365/"
        },
        {
            "api_detail_url": "http://www.giantbomb.com/api/game/3030-2505/",
            "id": 2505,
            "name": "Tom and Jerry: War of the Whiskers",
            "site_detail_url": "http://www.giantbomb.com/tom-and-jerry-war-of-the-whiskers/3030-2505/"
        },
        {
            "api_detail_url": "http://www.giantbomb.com/api/game/3030-11843/",
            "id": 11843,
            "name": "Mortal Kombat: Armageddon",
            "site_detail_url": "http://www.giantbomb.com/mortal-kombat-armageddon/3030-11843/"
        },
        {
            "api_detail_url": "http://www.giantbomb.com/api/game/3030-18048/",
            "id": 18048,
            "name": "Supreme Commander: Forged Alliance",
            "site_detail_url": "http://www.giantbomb.com/supreme-commander-forged-alliance/3030-18048/"
        },
        {
            "api_detail_url": "http://www.giantbomb.com/api/game/3030-44507/",
            "id": 44507,
            "name": "Uncharted 4: A Thief's End",
            "site_detail_url": "http://www.giantbomb.com/uncharted-4-a-thiefs-end/3030-44507/"
        },
        {
            "api_detail_url": "http://www.giantbomb.com/api/game/3030-37494/",
            "id": 37494,
            "name": "Assassin's Creed III",
            "site_detail_url": "http://www.giantbomb.com/assassins-creed-iii/3030-37494/"
        },
        {
            "api_detail_url": "http://www.giantbomb.com/api/game/3030-16909/",
            "id": 16909,
            "name": "Mass Effect",
            "site_detail_url": "http://www.giantbomb.com/mass-effect/3030-16909/"
        },
        {
            "api_detail_url": "http://www.giantbomb.com/api/game/3030-21590/",
            "id": 21590,
            "name": "Mass Effect 2",
            "site_detail_url": "http://www.giantbomb.com/mass-effect-2/3030-21590/"
        }
    ],
    "gender": 1,
    "hometown": null,
    "id": 69187,
    "name": "Jonathan Cooper",
    "people": []
}