{
    "birth_date": "1975-01-31",
    "country": "United States",
    "death_date": null,
    "deck": null,
    "first_credited_game": {
        "api_detail_url": "http://www.giantbomb.com/api/game/3030-10481/",
        "id": 10481,
        "name": "FlixMix"
    },
    "games": [
        {
            "api_detail_url": "http://www.giantbomb.com/api/game/3030-9058/",
            "id": 9058,
            "name": "Escape from Monkey Island",
            "site_detail_url": "http://www.giantbomb.com/escape-from-monkey-island/3030-9058/"
        },
        {
            "api_detail_url": "http://www.giantbomb.com/api/game/3030-10832/",
            "id": 10832,
            "name": "Sam & Max Episode 1: Culture Shock",
            "site_detail_url": "http://www.giantbomb.com/sam-max-episode-1-culture-shock/3030-10832/"
        },
        {
            "api_detail_url": "http://www.giantbomb.com/api/game/3030-4720/",
            "id": 4720,
            "name": "Sam & Max Episode 2: Situation: Comedy",
            "site_detail_url": "http://www.giantbomb.com/sam-max-episode-2-situation-comedy/3030-4720/"
        },
        {
            "api_detail_url": "http://www.giantbomb.com/api/game/3030-10481/",
            "id": 10481,
            "name": "FlixMix",
            "site_detail_url": "http://www.giantbomb.com/flixmix/3030-10481/"
        },
        {
            "api_detail_url": "http://www.giantbomb.com/api/game/3030-433/",
            "id": 433,
            "name": "Star Wars: X-Wing Alliance",
            "site_detail_url": "http://www.giantbomb.com/star-wars-x-wing-alliance/3030-433/"
        },
        {
            "api_detail_url": "http://www.giantbomb.com/api/game/3030-13526/",
            "id": 13526,
            "name": "Star Wars: Episode I - Racer",
            "site_detail_url": "http://www.giantbomb.com/star-wars-episode-i-racer/3030-13526/"
        },
        {
            "api_detail_url": "http://www.giantbomb.com/api/game/3030-6334/",
            "id": 6334,
            "name": "Star Wars: Pit Droids",
            "site_detail_url": "http://www.giantbomb.com/star-wars-pit-droids/3030-6334/"
        },
        {
            "api_detail_url": "http://www.giantbomb.com/api/game/3030-17353/",
            "id": 17353,
            "name": "Star Wars: Force Commander",
            "site_detail_url": "http://www.giantbomb.com/star-wars-force-commander/3030-17353/"
        },
        {
            "api_detail_url": "http://www.giantbomb.com/api/game/3030-18674/",
            "id": 18674,
            "name": "Star Wars: Anakin's Speedway",
            "site_detail_url": "http://www.giantbomb.com/star-wars-anakins-speedway/3030-18674/"
        },
        {
            "api_detail_url": "http://www.giantbomb.com/api/game/3030-14939/",
            "id": 14939,
            "name": "Star Wars: Yoda's Challenge",
            "site_detail_url": "http://www.giantbomb.com/star-wars-yodas-challenge/3030-14939/"
        },
        {
            "api_detail_url": "http://www.giantbomb.com/api/game/3030-7284/",
            "id": 7284,
            "name": "Indiana Jones and the Infernal Machine",
            "site_detail_url": "http://www.giantbomb.com/indiana-jones-and-the-infernal-machine/3030-7284/"
        },
        {
            "api_detail_url": "http://www.giantbomb.com/api/game/3030-19304/",
            "id": 19304,
            "name": "Star Wars: Demolition",
            "site_detail_url": "http://www.giantbomb.com/star-wars-demolition/3030-19304/"
        },
        {
            "api_detail_url": "http://www.giantbomb.com/api/game/3030-13998/",
            "id": 13998,
            "name": "Star Wars: Starfighter",
            "site_detail_url": "http://www.giantbomb.com/star-wars-starfighter/3030-13998/"
        },
        {
            "api_detail_url": "http://www.giantbomb.com/api/game/3030-1703/",
            "id": 1703,
            "name": "New Legends",
            "site_detail_url": "http://www.giantbomb.com/new-legends/3030-1703/"
        },
        {
            "api_detail_url": "http://www.giantbomb.com/api/game/3030-14865/",
            "id": 14865,
            "name": "SimCity 4: Rush Hour",
            "site_detail_url": "http://www.giantbomb.com/simcity-4-rush-hour/3030-14865/"
        },
        {
            "api_detail_url": "http://www.giantbomb.com/api/game/3030-18016/",
            "id": 18016,
            "name": "NFL GameDay 2004",
            "site_detail_url": "http://www.giantbomb.com/nfl-gameday-2004/3030-18016/"
        },
        {
            "api_detail_url": "http://www.giantbomb.com/api/game/3030-12346/",
            "id": 12346,
            "name": "NBA Shootout 2004",
            "site_detail_url": "http://www.giantbomb.com/nba-shootout-2004/3030-12346/"
        },
        {
            "api_detail_url": "http://www.giantbomb.com/api/game/3030-26469/",
            "id": 26469,
            "name": "NCAA Final Four 2004",
            "site_detail_url": "http://www.giantbomb.com/ncaa-final-four-2004/3030-26469/"
        },
        {
            "api_detail_url": "http://www.giantbomb.com/api/game/3030-10837/",
            "id": 10837,
            "name": "Bone: Out from Boneville",
            "site_detail_url": "http://www.giantbomb.com/bone-out-from-boneville/3030-10837/"
        },
        {
            "api_detail_url": "http://www.giantbomb.com/api/game/3030-10505/",
            "id": 10505,
            "name": "Bone: The Great Cow Race",
            "site_detail_url": "http://www.giantbomb.com/bone-the-great-cow-race/3030-10505/"
        },
        {
            "api_detail_url": "http://www.giantbomb.com/api/game/3030-18741/",
            "id": 18741,
            "name": "Star Wars: Knights of the Old Republic",
            "site_detail_url": "http://www.giantbomb.com/star-wars-knights-of-the-old-republic/3030-18741/"
        },
        {
            "api_detail_url": "http://www.giantbomb.com/api/game/3030-4234/",
            "id": 4234,
            "name": "America's Army: Rise of a Soldier",
            "site_detail_url": "http://www.giantbomb.com/americas-army-rise-of-a-soldier/3030-4234/"
        },
        {
            "api_detail_url": "http://www.giantbomb.com/api/game/3030-6591/",
            "id": 6591,
            "name": "CSI: Crime Scene Investigation - 3 Dimensions of Murder",
            "site_detail_url": "http://www.giantbomb.com/csi-crime-scene-investigation-3-dimensions-of-murd/3030-6591/"
        },
        {
            "api_detail_url": "http://www.giantbomb.com/api/game/3030-18956/",
            "id": 18956,
            "name": "Thrillville",
            "site_detail_url": "http://www.giantbomb.com/thrillville/3030-18956/"
        },
        {
            "api_detail_url": "http://www.giantbomb.com/api/game/3030-18407/",
            "id": 18407,
            "name": "Thrillville: Off the Rails",
            "site_detail_url": "http://www.giantbomb.com/thrillville-off-the-rails/3030-18407/"
        },
        {
            "api_detail_url": "http://www.giantbomb.com/api/game/3030-12142/",
            "id": 12142,
            "name": "Full Auto 2: Battlelines",
            "site_detail_url": "http://www.giantbomb.com/full-auto-2-battlelines/3030-12142/"
        },
        {
            "api_detail_url": "http://www.giantbomb.com/api/game/3030-9197/",
            "id": 9197,
            "name": "Star Wars: Empire at War - Forces of Corruption",
            "site_detail_url": "http://www.giantbomb.com/star-wars-empire-at-war-forces-of-corruption/3030-9197/"
        },
        {
            "api_detail_url": "http://www.giantbomb.com/api/game/3030-4885/",
            "id": 4885,
            "name": "Sam & Max Episode 203: Night of the Raving Dead",
            "site_detail_url": "http://www.giantbomb.com/sam-max-episode-203-night-of-the-raving-dead/3030-4885/"
        },
        {
            "api_detail_url": "http://www.giantbomb.com/api/game/3030-21643/",
            "id": 21643,
            "name": "Sam & Max Episode 205: What's New, Beelzebub?",
            "site_detail_url": "http://www.giantbomb.com/sam-max-episode-205-whats-new-beelzebub/3030-21643/"
        },
        {
            "api_detail_url": "http://www.giantbomb.com/api/game/3030-4797/",
            "id": 4797,
            "name": "Sam & Max Episode 4: Abe Lincoln Must Die!",
            "site_detail_url": "http://www.giantbomb.com/sam-max-episode-4-abe-lincoln-must-die/3030-4797/"
        },
        {
            "api_detail_url": "http://www.giantbomb.com/api/game/3030-4399/",
            "id": 4399,
            "name": "Sam & Max Episode 204: Chariots of the Dogs",
            "site_detail_url": "http://www.giantbomb.com/sam-max-episode-204-chariots-of-the-dogs/3030-4399/"
        },
        {
            "api_detail_url": "http://www.giantbomb.com/api/game/3030-9015/",
            "id": 9015,
            "name": "Sam & Max Episode 202: Moai Better Blues",
            "site_detail_url": "http://www.giantbomb.com/sam-max-episode-202-moai-better-blues/3030-9015/"
        },
        {
            "api_detail_url": "http://www.giantbomb.com/api/game/3030-7344/",
            "id": 7344,
            "name": "Sam & Max Episode 5: Reality 2.0",
            "site_detail_url": "http://www.giantbomb.com/sam-max-episode-5-reality-20/3030-7344/"
        },
        {
            "api_detail_url": "http://www.giantbomb.com/api/game/3030-16513/",
            "id": 16513,
            "name": "Sam & Max Episode 201: Ice Station Santa",
            "site_detail_url": "http://www.giantbomb.com/sam-max-episode-201-ice-station-santa/3030-16513/"
        },
        {
            "api_detail_url": "http://www.giantbomb.com/api/game/3030-18560/",
            "id": 18560,
            "name": "Sam & Max Episode 3: The Mole, the Mob, and the Meatball",
            "site_detail_url": "http://www.giantbomb.com/sam-max-episode-3-the-mole-the-mob-and-the-meatbal/3030-18560/"
        },
        {
            "api_detail_url": "http://www.giantbomb.com/api/game/3030-9251/",
            "id": 9251,
            "name": "Sam & Max Episode 6: Bright Side of the Moon",
            "site_detail_url": "http://www.giantbomb.com/sam-max-episode-6-bright-side-of-the-moon/3030-9251/"
        },
        {
            "api_detail_url": "http://www.giantbomb.com/api/game/3030-16624/",
            "id": 16624,
            "name": "Transformers: The Game",
            "site_detail_url": "http://www.giantbomb.com/transformers-the-game/3030-16624/"
        },
        {
            "api_detail_url": "http://www.giantbomb.com/api/game/3030-18569/",
            "id": 18569,
            "name": "BlackSite: Area 51",
            "site_detail_url": "http://www.giantbomb.com/blacksite-area-51/3030-18569/"
        },
        {
            "api_detail_url": "http://www.giantbomb.com/api/game/3030-265/",
            "id": 265,
            "name": "CSI: Crime Scene Investigation - Hard Evidence",
            "site_detail_url": "http://www.giantbomb.com/csi-crime-scene-investigation-hard-evidence/3030-265/"
        },
        {
            "api_detail_url": "http://www.giantbomb.com/api/game/3030-1143/",
            "id": 1143,
            "name": "Alien Syndrome",
            "site_detail_url": "http://www.giantbomb.com/alien-syndrome/3030-1143/"
        },
        {
            "api_detail_url": "http://www.giantbomb.com/api/game/3030-20570/",
            "id": 20570,
            "name": "Rocketmen: Axis of Evil",
            "site_detail_url": "http://www.giantbomb.com/rocketmen-axis-of-evil/3030-20570/"
        },
        {
            "api_detail_url": "http://www.giantbomb.com/api/game/3030-9989/",
            "id": 9989,
            "name": "Hellgate: London",
            "site_detail_url": "http://www.giantbomb.com/hellgate-london/3030-9989/"
        },
        {
            "api_detail_url": "http://www.giantbomb.com/api/game/3030-21348/",
            "id": 21348,
            "name": "X-Blades",
            "site_detail_url": "http://www.giantbomb.com/x-blades/3030-21348/"
        },
        {
            "api_detail_url": "http://www.giantbomb.com/api/game/3030-20697/",
            "id": 20697,
            "name": "Mercenaries 2: World in Flames",
            "site_detail_url": "http://www.giantbomb.com/mercenaries-2-world-in-flames/3030-20697/"
        },
        {
            "api_detail_url": "http://www.giantbomb.com/api/game/3030-21914/",
            "id": 21914,
            "name": "A Vampyre Story",
            "site_detail_url": "http://www.giantbomb.com/a-vampyre-story/3030-21914/"
        },
        {
            "api_detail_url": "http://www.giantbomb.com/api/game/3030-21670/",
            "id": 21670,
            "name": "Wallace & Gromit's Grand Adventures Episode 1: Fright of the Bumblebees",
            "site_detail_url": "http://www.giantbomb.com/wallace-gromits-grand-adventures-episode-1-fright-/3030-21670/"
        },
        {
            "api_detail_url": "http://www.giantbomb.com/api/game/3030-25467/",
            "id": 25467,
            "name": "Wallace & Gromit's Grand Adventures Episode 2: The Last Resort",
            "site_detail_url": "http://www.giantbomb.com/wallace-gromits-grand-adventures-episode-2-the-las/3030-25467/"
        },
        {
            "api_detail_url": "http://www.giantbomb.com/api/game/3030-26776/",
            "id": 26776,
            "name": "Tales of Monkey Island Chapter 1: Launch of the Screaming Narwhal",
            "site_detail_url": "http://www.giantbomb.com/tales-of-monkey-island-chapter-1-launch-of-the-scr/3030-26776/"
        },
        {
            "api_detail_url": "http://www.giantbomb.com/api/game/3030-26777/",
            "id": 26777,
            "name": "Tales of Monkey Island Chapter 2: The Siege of Spinner Cay",
            "site_detail_url": "http://www.giantbomb.com/tales-of-monkey-island-chapter-2-the-siege-of-spin/3030-26777/"
        },
        {
            "api_detail_url": "http://www.giantbomb.com/api/game/3030-26778/",
            "id": 26778,
            "name": "Tales of Monkey Island Chapter 3: Lair of the Leviathan",
            "site_detail_url": "http://www.giantbomb.com/tales-of-monkey-island-chapter-3-lair-of-the-levia/3030-26778/"
        },
        {
            "api_detail_url": "http://www.giantbomb.com/api/game/3030-38450/",
            "id": 38450,
            "name": "Among The Sleep",
            "site_detail_url": "http://www.giantbomb.com/among-the-sleep/3030-38450/"
        },
        {
            "api_detail_url": "http://www.giantbomb.com/api/game/3030-40688/",
            "id": 40688,
            "name": "Starlight Inception",
            "site_detail_url": "http://www.giantbomb.com/starlight-inception/3030-40688/"
        },
        {
            "api_detail_url": "http://www.giantbomb.com/api/game/3030-44655/",
            "id": 44655,
            "name": "Game of Thrones: A Telltale Game Series",
            "site_detail_url": "http://www.giantbomb.com/game-of-thrones-a-telltale-game-series/3030-44655/"
        }
    ],
    "gender": 1,
    "hometown": "Fairfax, CA",
    "id": 6221,
    "name": "Jory K. Prum",
    "people": []
}