{
    "birth_date": null,
    "country": null,
    "death_date": null,
    "deck": null,
    "first_credited_game": {
        "api_detail_url": "http://www.giantbomb.com/api/game/3030-3030/",
        "id": 3030,
        "name": "Warriors of Might and Magic"
    },
    "games": [
        {
            "api_detail_url": "http://www.giantbomb.com/api/game/3030-20800/",
            "id": 20800,
            "name": "Dead Space",
            "site_detail_url": "http://www.giantbomb.com/dead-space/3030-20800/"
        },
        {
            "api_detail_url": "http://www.giantbomb.com/api/game/3030-3030/",
            "id": 3030,
            "name": "Warriors of Might and Magic",
            "site_detail_url": "http://www.giantbomb.com/warriors-of-might-and-magic/3030-3030/"
        },
        {
            "api_detail_url": "http://www.giantbomb.com/api/game/3030-20178/",
            "id": 20178,
            "name": "Pac-Man World 2",
            "site_detail_url": "http://www.giantbomb.com/pac-man-world-2/3030-20178/"
        },
        {
            "api_detail_url": "http://www.giantbomb.com/api/game/3030-14407/",
            "id": 14407,
            "name": "Pac-Man Fever",
            "site_detail_url": "http://www.giantbomb.com/pac-man-fever/3030-14407/"
        },
        {
            "api_detail_url": "http://www.giantbomb.com/api/game/3030-3032/",
            "id": 3032,
            "name": "Dead to Rights",
            "site_detail_url": "http://www.giantbomb.com/dead-to-rights/3030-3032/"
        },
        {
            "api_detail_url": "http://www.giantbomb.com/api/game/3030-1672/",
            "id": 1672,
            "name": "The Sims: Superstar",
            "site_detail_url": "http://www.giantbomb.com/the-sims-superstar/3030-1672/"
        },
        {
            "api_detail_url": "http://www.giantbomb.com/api/game/3030-14043/",
            "id": 14043,
            "name": "The Sims: Bustin' Out",
            "site_detail_url": "http://www.giantbomb.com/the-sims-bustin-out/3030-14043/"
        },
        {
            "api_detail_url": "http://www.giantbomb.com/api/game/3030-1842/",
            "id": 1842,
            "name": "The Urbz: Sims in the City",
            "site_detail_url": "http://www.giantbomb.com/the-urbz-sims-in-the-city/3030-1842/"
        },
        {
            "api_detail_url": "http://www.giantbomb.com/api/game/3030-2473/",
            "id": 2473,
            "name": "The Sims 2",
            "site_detail_url": "http://www.giantbomb.com/the-sims-2/3030-2473/"
        },
        {
            "api_detail_url": "http://www.giantbomb.com/api/game/3030-3650/",
            "id": 3650,
            "name": "Tiger Woods PGA Tour 06",
            "site_detail_url": "http://www.giantbomb.com/tiger-woods-pga-tour-06/3030-3650/"
        },
        {
            "api_detail_url": "http://www.giantbomb.com/api/game/3030-10228/",
            "id": 10228,
            "name": "Medal of Honor: European Assault",
            "site_detail_url": "http://www.giantbomb.com/medal-of-honor-european-assault/3030-10228/"
        },
        {
            "api_detail_url": "http://www.giantbomb.com/api/game/3030-13029/",
            "id": 13029,
            "name": "Battlefield 2: Special Forces",
            "site_detail_url": "http://www.giantbomb.com/battlefield-2-special-forces/3030-13029/"
        },
        {
            "api_detail_url": "http://www.giantbomb.com/api/game/3030-16866/",
            "id": 16866,
            "name": "Battlefield 2",
            "site_detail_url": "http://www.giantbomb.com/battlefield-2/3030-16866/"
        },
        {
            "api_detail_url": "http://www.giantbomb.com/api/game/3030-34/",
            "id": 34,
            "name": "Batman Begins",
            "site_detail_url": "http://www.giantbomb.com/batman-begins/3030-34/"
        },
        {
            "api_detail_url": "http://www.giantbomb.com/api/game/3030-3556/",
            "id": 3556,
            "name": "The Sims 2: Pets",
            "site_detail_url": "http://www.giantbomb.com/the-sims-2-pets/3030-3556/"
        },
        {
            "api_detail_url": "http://www.giantbomb.com/api/game/3030-67/",
            "id": 67,
            "name": "Tiger Woods PGA Tour 07",
            "site_detail_url": "http://www.giantbomb.com/tiger-woods-pga-tour-07/3030-67/"
        },
        {
            "api_detail_url": "http://www.giantbomb.com/api/game/3030-8681/",
            "id": 8681,
            "name": "The Sims 2: Open for Business",
            "site_detail_url": "http://www.giantbomb.com/the-sims-2-open-for-business/3030-8681/"
        },
        {
            "api_detail_url": "http://www.giantbomb.com/api/game/3030-13540/",
            "id": 13540,
            "name": "The Godfather: The Game",
            "site_detail_url": "http://www.giantbomb.com/the-godfather-the-game/3030-13540/"
        },
        {
            "api_detail_url": "http://www.giantbomb.com/api/game/3030-3641/",
            "id": 3641,
            "name": "007: From Russia with Love",
            "site_detail_url": "http://www.giantbomb.com/007-from-russia-with-love/3030-3641/"
        },
        {
            "api_detail_url": "http://www.giantbomb.com/api/game/3030-15426/",
            "id": 15426,
            "name": "The Sims: Life Stories",
            "site_detail_url": "http://www.giantbomb.com/the-sims-life-stories/3030-15426/"
        },
        {
            "api_detail_url": "http://www.giantbomb.com/api/game/3030-22430/",
            "id": 22430,
            "name": "The Sims 2 Castaway",
            "site_detail_url": "http://www.giantbomb.com/the-sims-2-castaway/3030-22430/"
        },
        {
            "api_detail_url": "http://www.giantbomb.com/api/game/3030-1628/",
            "id": 1628,
            "name": "SimCity Societies",
            "site_detail_url": "http://www.giantbomb.com/simcity-societies/3030-1628/"
        },
        {
            "api_detail_url": "http://www.giantbomb.com/api/game/3030-7682/",
            "id": 7682,
            "name": "MySims",
            "site_detail_url": "http://www.giantbomb.com/mysims/3030-7682/"
        },
        {
            "api_detail_url": "http://www.giantbomb.com/api/game/3030-9989/",
            "id": 9989,
            "name": "Hellgate: London",
            "site_detail_url": "http://www.giantbomb.com/hellgate-london/3030-9989/"
        },
        {
            "api_detail_url": "http://www.giantbomb.com/api/game/3030-11757/",
            "id": 11757,
            "name": "Crysis",
            "site_detail_url": "http://www.giantbomb.com/crysis/3030-11757/"
        },
        {
            "api_detail_url": "http://www.giantbomb.com/api/game/3030-20746/",
            "id": 20746,
            "name": "Spore Creature Creator",
            "site_detail_url": "http://www.giantbomb.com/spore-creature-creator/3030-20746/"
        },
        {
            "api_detail_url": "http://www.giantbomb.com/api/game/3030-10203/",
            "id": 10203,
            "name": "The Sims: Castaway Stories",
            "site_detail_url": "http://www.giantbomb.com/the-sims-castaway-stories/3030-10203/"
        },
        {
            "api_detail_url": "http://www.giantbomb.com/api/game/3030-14139/",
            "id": 14139,
            "name": "Spore",
            "site_detail_url": "http://www.giantbomb.com/spore/3030-14139/"
        },
        {
            "api_detail_url": "http://www.giantbomb.com/api/game/3030-22080/",
            "id": 22080,
            "name": "SimCity Societies: Destinations",
            "site_detail_url": "http://www.giantbomb.com/simcity-societies-destinations/3030-22080/"
        },
        {
            "api_detail_url": "http://www.giantbomb.com/api/game/3030-21054/",
            "id": 21054,
            "name": "The Sims 2: Apartment Pets",
            "site_detail_url": "http://www.giantbomb.com/the-sims-2-apartment-pets/3030-21054/"
        },
        {
            "api_detail_url": "http://www.giantbomb.com/api/game/3030-9860/",
            "id": 9860,
            "name": "Rock Band",
            "site_detail_url": "http://www.giantbomb.com/rock-band/3030-9860/"
        },
        {
            "api_detail_url": "http://www.giantbomb.com/api/game/3030-25161/",
            "id": 25161,
            "name": "Spore Galactic Adventures",
            "site_detail_url": "http://www.giantbomb.com/spore-galactic-adventures/3030-25161/"
        },
        {
            "api_detail_url": "http://www.giantbomb.com/api/game/3030-20965/",
            "id": 20965,
            "name": "The Lord of the Rings: Conquest",
            "site_detail_url": "http://www.giantbomb.com/the-lord-of-the-rings-conquest/3030-20965/"
        },
        {
            "api_detail_url": "http://www.giantbomb.com/api/game/3030-23346/",
            "id": 23346,
            "name": "The Godfather II",
            "site_detail_url": "http://www.giantbomb.com/the-godfather-ii/3030-23346/"
        }
    ],
    "gender": 1,
    "hometown": null,
    "id": 56214,
    "name": "Josh Riemersma",
    "people": []
}