{
    "birth_date": null,
    "country": null,
    "death_date": null,
    "deck": null,
    "first_credited_game": {
        "api_detail_url": "http://www.giantbomb.com/api/game/3030-2614/",
        "id": 2614,
        "name": "The Dig"
    },
    "games": [
        {
            "api_detail_url": "http://www.giantbomb.com/api/game/3030-5729/",
            "id": 5729,
            "name": "The Curse of Monkey Island",
            "site_detail_url": "http://www.giantbomb.com/the-curse-of-monkey-island/3030-5729/"
        },
        {
            "api_detail_url": "http://www.giantbomb.com/api/game/3030-2906/",
            "id": 2906,
            "name": "Psychonauts",
            "site_detail_url": "http://www.giantbomb.com/psychonauts/3030-2906/"
        },
        {
            "api_detail_url": "http://www.giantbomb.com/api/game/3030-14523/",
            "id": 14523,
            "name": "Star Wars: Jedi Knight II - Jedi Outcast",
            "site_detail_url": "http://www.giantbomb.com/star-wars-jedi-knight-ii-jedi-outcast/3030-14523/"
        },
        {
            "api_detail_url": "http://www.giantbomb.com/api/game/3030-16922/",
            "id": 16922,
            "name": "Star Wars: Jedi Knight - Jedi Academy",
            "site_detail_url": "http://www.giantbomb.com/star-wars-jedi-knight-jedi-academy/3030-16922/"
        },
        {
            "api_detail_url": "http://www.giantbomb.com/api/game/3030-2614/",
            "id": 2614,
            "name": "The Dig",
            "site_detail_url": "http://www.giantbomb.com/the-dig/3030-2614/"
        },
        {
            "api_detail_url": "http://www.giantbomb.com/api/game/3030-10832/",
            "id": 10832,
            "name": "Sam & Max Episode 1: Culture Shock",
            "site_detail_url": "http://www.giantbomb.com/sam-max-episode-1-culture-shock/3030-10832/"
        },
        {
            "api_detail_url": "http://www.giantbomb.com/api/game/3030-4720/",
            "id": 4720,
            "name": "Sam & Max Episode 2: Situation: Comedy",
            "site_detail_url": "http://www.giantbomb.com/sam-max-episode-2-situation-comedy/3030-4720/"
        },
        {
            "api_detail_url": "http://www.giantbomb.com/api/game/3030-21210/",
            "id": 21210,
            "name": "Conan",
            "site_detail_url": "http://www.giantbomb.com/conan/3030-21210/"
        },
        {
            "api_detail_url": "http://www.giantbomb.com/api/game/3030-21914/",
            "id": 21914,
            "name": "A Vampyre Story",
            "site_detail_url": "http://www.giantbomb.com/a-vampyre-story/3030-21914/"
        },
        {
            "api_detail_url": "http://www.giantbomb.com/api/game/3030-20529/",
            "id": 20529,
            "name": "Insecticide",
            "site_detail_url": "http://www.giantbomb.com/insecticide/3030-20529/"
        },
        {
            "api_detail_url": "http://www.giantbomb.com/api/game/3030-9015/",
            "id": 9015,
            "name": "Sam & Max Episode 202: Moai Better Blues",
            "site_detail_url": "http://www.giantbomb.com/sam-max-episode-202-moai-better-blues/3030-9015/"
        },
        {
            "api_detail_url": "http://www.giantbomb.com/api/game/3030-4885/",
            "id": 4885,
            "name": "Sam & Max Episode 203: Night of the Raving Dead",
            "site_detail_url": "http://www.giantbomb.com/sam-max-episode-203-night-of-the-raving-dead/3030-4885/"
        },
        {
            "api_detail_url": "http://www.giantbomb.com/api/game/3030-4399/",
            "id": 4399,
            "name": "Sam & Max Episode 204: Chariots of the Dogs",
            "site_detail_url": "http://www.giantbomb.com/sam-max-episode-204-chariots-of-the-dogs/3030-4399/"
        },
        {
            "api_detail_url": "http://www.giantbomb.com/api/game/3030-21643/",
            "id": 21643,
            "name": "Sam & Max Episode 205: What's New, Beelzebub?",
            "site_detail_url": "http://www.giantbomb.com/sam-max-episode-205-whats-new-beelzebub/3030-21643/"
        },
        {
            "api_detail_url": "http://www.giantbomb.com/api/game/3030-20587/",
            "id": 20587,
            "name": "Strong Bad's Cool Game for Attractive People Episode 1: Homestar Ruiner",
            "site_detail_url": "http://www.giantbomb.com/strong-bads-cool-game-for-attractive-people-episod/3030-20587/"
        },
        {
            "api_detail_url": "http://www.giantbomb.com/api/game/3030-265/",
            "id": 265,
            "name": "CSI: Crime Scene Investigation - Hard Evidence",
            "site_detail_url": "http://www.giantbomb.com/csi-crime-scene-investigation-hard-evidence/3030-265/"
        },
        {
            "api_detail_url": "http://www.giantbomb.com/api/game/3030-16513/",
            "id": 16513,
            "name": "Sam & Max Episode 201: Ice Station Santa",
            "site_detail_url": "http://www.giantbomb.com/sam-max-episode-201-ice-station-santa/3030-16513/"
        },
        {
            "api_detail_url": "http://www.giantbomb.com/api/game/3030-18560/",
            "id": 18560,
            "name": "Sam & Max Episode 3: The Mole, the Mob, and the Meatball",
            "site_detail_url": "http://www.giantbomb.com/sam-max-episode-3-the-mole-the-mob-and-the-meatbal/3030-18560/"
        },
        {
            "api_detail_url": "http://www.giantbomb.com/api/game/3030-4797/",
            "id": 4797,
            "name": "Sam & Max Episode 4: Abe Lincoln Must Die!",
            "site_detail_url": "http://www.giantbomb.com/sam-max-episode-4-abe-lincoln-must-die/3030-4797/"
        },
        {
            "api_detail_url": "http://www.giantbomb.com/api/game/3030-7344/",
            "id": 7344,
            "name": "Sam & Max Episode 5: Reality 2.0",
            "site_detail_url": "http://www.giantbomb.com/sam-max-episode-5-reality-20/3030-7344/"
        },
        {
            "api_detail_url": "http://www.giantbomb.com/api/game/3030-9251/",
            "id": 9251,
            "name": "Sam & Max Episode 6: Bright Side of the Moon",
            "site_detail_url": "http://www.giantbomb.com/sam-max-episode-6-bright-side-of-the-moon/3030-9251/"
        },
        {
            "api_detail_url": "http://www.giantbomb.com/api/game/3030-6049/",
            "id": 6049,
            "name": "Sam & Max Save the World",
            "site_detail_url": "http://www.giantbomb.com/sam-max-save-the-world/3030-6049/"
        },
        {
            "api_detail_url": "http://www.giantbomb.com/api/game/3030-10505/",
            "id": 10505,
            "name": "Bone: The Great Cow Race",
            "site_detail_url": "http://www.giantbomb.com/bone-the-great-cow-race/3030-10505/"
        },
        {
            "api_detail_url": "http://www.giantbomb.com/api/game/3030-6591/",
            "id": 6591,
            "name": "CSI: Crime Scene Investigation - 3 Dimensions of Murder",
            "site_detail_url": "http://www.giantbomb.com/csi-crime-scene-investigation-3-dimensions-of-murd/3030-6591/"
        },
        {
            "api_detail_url": "http://www.giantbomb.com/api/game/3030-10388/",
            "id": 10388,
            "name": "Death Jr. II: Root of Evil",
            "site_detail_url": "http://www.giantbomb.com/death-jr-ii-root-of-evil/3030-10388/"
        },
        {
            "api_detail_url": "http://www.giantbomb.com/api/game/3030-9631/",
            "id": 9631,
            "name": "LEGO Star Wars II: The Original Trilogy",
            "site_detail_url": "http://www.giantbomb.com/lego-star-wars-ii-the-original-trilogy/3030-9631/"
        },
        {
            "api_detail_url": "http://www.giantbomb.com/api/game/3030-18956/",
            "id": 18956,
            "name": "Thrillville",
            "site_detail_url": "http://www.giantbomb.com/thrillville/3030-18956/"
        },
        {
            "api_detail_url": "http://www.giantbomb.com/api/game/3030-10837/",
            "id": 10837,
            "name": "Bone: Out from Boneville",
            "site_detail_url": "http://www.giantbomb.com/bone-out-from-boneville/3030-10837/"
        },
        {
            "api_detail_url": "http://www.giantbomb.com/api/game/3030-7549/",
            "id": 7549,
            "name": "The Chronicles of Narnia: The Lion, the Witch and the Wardrobe",
            "site_detail_url": "http://www.giantbomb.com/the-chronicles-of-narnia-the-lion-the-witch-and-th/3030-7549/"
        },
        {
            "api_detail_url": "http://www.giantbomb.com/api/game/3030-9200/",
            "id": 9200,
            "name": "Star Wars: Episode III - Revenge of the Sith",
            "site_detail_url": "http://www.giantbomb.com/star-wars-episode-iii-revenge-of-the-sith/3030-9200/"
        },
        {
            "api_detail_url": "http://www.giantbomb.com/api/game/3030-1339/",
            "id": 1339,
            "name": "Star Wars: Republic Commando",
            "site_detail_url": "http://www.giantbomb.com/star-wars-republic-commando/3030-1339/"
        },
        {
            "api_detail_url": "http://www.giantbomb.com/api/game/3030-6530/",
            "id": 6530,
            "name": "007: Everything or Nothing",
            "site_detail_url": "http://www.giantbomb.com/007-everything-or-nothing/3030-6530/"
        },
        {
            "api_detail_url": "http://www.giantbomb.com/api/game/3030-9806/",
            "id": 9806,
            "name": "EyeToy: AntiGrav",
            "site_detail_url": "http://www.giantbomb.com/eyetoy-antigrav/3030-9806/"
        },
        {
            "api_detail_url": "http://www.giantbomb.com/api/game/3030-13809/",
            "id": 13809,
            "name": "Rise to Honor",
            "site_detail_url": "http://www.giantbomb.com/rise-to-honor/3030-13809/"
        },
        {
            "api_detail_url": "http://www.giantbomb.com/api/game/3030-8852/",
            "id": 8852,
            "name": "Star Wars: Knights of the Old Republic II - The Sith Lords",
            "site_detail_url": "http://www.giantbomb.com/star-wars-knights-of-the-old-republic-ii-the-sith-/3030-8852/"
        },
        {
            "api_detail_url": "http://www.giantbomb.com/api/game/3030-17686/",
            "id": 17686,
            "name": "The Lord of the Rings: The Return of the King",
            "site_detail_url": "http://www.giantbomb.com/the-lord-of-the-rings-the-return-of-the-king/3030-17686/"
        },
        {
            "api_detail_url": "http://www.giantbomb.com/api/game/3030-18741/",
            "id": 18741,
            "name": "Star Wars: Knights of the Old Republic",
            "site_detail_url": "http://www.giantbomb.com/star-wars-knights-of-the-old-republic/3030-18741/"
        },
        {
            "api_detail_url": "http://www.giantbomb.com/api/game/3030-16235/",
            "id": 16235,
            "name": "Star Trek: Bridge Commander",
            "site_detail_url": "http://www.giantbomb.com/star-trek-bridge-commander/3030-16235/"
        },
        {
            "api_detail_url": "http://www.giantbomb.com/api/game/3030-2726/",
            "id": 2726,
            "name": "Star Wars: Episode I - Jedi Power Battles",
            "site_detail_url": "http://www.giantbomb.com/star-wars-episode-i-jedi-power-battles/3030-2726/"
        },
        {
            "api_detail_url": "http://www.giantbomb.com/api/game/3030-17353/",
            "id": 17353,
            "name": "Star Wars: Force Commander",
            "site_detail_url": "http://www.giantbomb.com/star-wars-force-commander/3030-17353/"
        },
        {
            "api_detail_url": "http://www.giantbomb.com/api/game/3030-15483/",
            "id": 15483,
            "name": "Star Wars: X-Wing Vs. TIE Fighter",
            "site_detail_url": "http://www.giantbomb.com/star-wars-x-wing-vs-tie-fighter/3030-15483/"
        },
        {
            "api_detail_url": "http://www.giantbomb.com/api/game/3030-14541/",
            "id": 14541,
            "name": "Star Wars: Episode I - The Phantom Menace",
            "site_detail_url": "http://www.giantbomb.com/star-wars-episode-i-the-phantom-menace/3030-14541/"
        },
        {
            "api_detail_url": "http://www.giantbomb.com/api/game/3030-8987/",
            "id": 8987,
            "name": "Herc's Adventures",
            "site_detail_url": "http://www.giantbomb.com/hercs-adventures/3030-8987/"
        },
        {
            "api_detail_url": "http://www.giantbomb.com/api/game/3030-2466/",
            "id": 2466,
            "name": "Afterlife",
            "site_detail_url": "http://www.giantbomb.com/afterlife/3030-2466/"
        },
        {
            "api_detail_url": "http://www.giantbomb.com/api/game/3030-7637/",
            "id": 7637,
            "name": "Star Wars: Rebel Assault II - The Hidden Empire",
            "site_detail_url": "http://www.giantbomb.com/star-wars-rebel-assault-ii-the-hidden-empire/3030-7637/"
        },
        {
            "api_detail_url": "http://www.giantbomb.com/api/game/3030-23066/",
            "id": 23066,
            "name": "Strong Bad's Cool Game for Attractive People Episode 2: Strong Badia The Free",
            "site_detail_url": "http://www.giantbomb.com/strong-bads-cool-game-for-attractive-people-episod/3030-23066/"
        },
        {
            "api_detail_url": "http://www.giantbomb.com/api/game/3030-14809/",
            "id": 14809,
            "name": "MTV Celebrity Deathmatch",
            "site_detail_url": "http://www.giantbomb.com/mtv-celebrity-deathmatch/3030-14809/"
        },
        {
            "api_detail_url": "http://www.giantbomb.com/api/game/3030-34213/",
            "id": 34213,
            "name": "The Wolf Among Us",
            "site_detail_url": "http://www.giantbomb.com/the-wolf-among-us/3030-34213/"
        },
        {
            "api_detail_url": "http://www.giantbomb.com/api/game/3030-40688/",
            "id": 40688,
            "name": "Starlight Inception",
            "site_detail_url": "http://www.giantbomb.com/starlight-inception/3030-40688/"
        },
        {
            "api_detail_url": "http://www.giantbomb.com/api/game/3030-44653/",
            "id": 44653,
            "name": "Tales from the Borderlands",
            "site_detail_url": "http://www.giantbomb.com/tales-from-the-borderlands/3030-44653/"
        },
        {
            "api_detail_url": "http://www.giantbomb.com/api/game/3030-44655/",
            "id": 44655,
            "name": "Game of Thrones: A Telltale Game Series",
            "site_detail_url": "http://www.giantbomb.com/game-of-thrones-a-telltale-game-series/3030-44655/"
        },
        {
            "api_detail_url": "http://www.giantbomb.com/api/game/3030-30008/",
            "id": 30008,
            "name": "Sam & Max Episode 301: The Penal Zone",
            "site_detail_url": "http://www.giantbomb.com/sam-max-episode-301-the-penal-zone/3030-30008/"
        },
        {
            "api_detail_url": "http://www.giantbomb.com/api/game/3030-13230/",
            "id": 13230,
            "name": "Grim Fandango",
            "site_detail_url": "http://www.giantbomb.com/grim-fandango/3030-13230/"
        },
        {
            "api_detail_url": "http://www.giantbomb.com/api/game/3030-30370/",
            "id": 30370,
            "name": "Sam & Max Episode 302: The Tomb of Sammun-Mak",
            "site_detail_url": "http://www.giantbomb.com/sam-max-episode-302-the-tomb-of-sammun-mak/3030-30370/"
        },
        {
            "api_detail_url": "http://www.giantbomb.com/api/game/3030-50856/",
            "id": 50856,
            "name": "Star Wars: Uprising",
            "site_detail_url": "http://www.giantbomb.com/star-wars-uprising/3030-50856/"
        }
    ],
    "gender": 1,
    "hometown": null,
    "id": 4902,
    "name": "Julian Kwasneski",
    "people": []
}