{
    "birth_date": null,
    "country": null,
    "death_date": null,
    "deck": null,
    "first_credited_game": {
        "api_detail_url": "http://www.giantbomb.com/api/game/3030-4011/",
        "id": 4011,
        "name": "Star Wars: Rogue Squadron"
    },
    "games": [
        {
            "api_detail_url": "http://www.giantbomb.com/api/game/3030-18741/",
            "id": 18741,
            "name": "Star Wars: Knights of the Old Republic",
            "site_detail_url": "http://www.giantbomb.com/star-wars-knights-of-the-old-republic/3030-18741/"
        },
        {
            "api_detail_url": "http://www.giantbomb.com/api/game/3030-9437/",
            "id": 9437,
            "name": "Star Wars: Galaxies - An Empire Divided",
            "site_detail_url": "http://www.giantbomb.com/star-wars-galaxies-an-empire-divided/3030-9437/"
        },
        {
            "api_detail_url": "http://www.giantbomb.com/api/game/3030-7311/",
            "id": 7311,
            "name": "Star Wars: Obi-Wan",
            "site_detail_url": "http://www.giantbomb.com/star-wars-obi-wan/3030-7311/"
        },
        {
            "api_detail_url": "http://www.giantbomb.com/api/game/3030-4011/",
            "id": 4011,
            "name": "Star Wars: Rogue Squadron",
            "site_detail_url": "http://www.giantbomb.com/star-wars-rogue-squadron/3030-4011/"
        },
        {
            "api_detail_url": "http://www.giantbomb.com/api/game/3030-433/",
            "id": 433,
            "name": "Star Wars: X-Wing Alliance",
            "site_detail_url": "http://www.giantbomb.com/star-wars-x-wing-alliance/3030-433/"
        },
        {
            "api_detail_url": "http://www.giantbomb.com/api/game/3030-13526/",
            "id": 13526,
            "name": "Star Wars: Episode I - Racer",
            "site_detail_url": "http://www.giantbomb.com/star-wars-episode-i-racer/3030-13526/"
        },
        {
            "api_detail_url": "http://www.giantbomb.com/api/game/3030-7284/",
            "id": 7284,
            "name": "Indiana Jones and the Infernal Machine",
            "site_detail_url": "http://www.giantbomb.com/indiana-jones-and-the-infernal-machine/3030-7284/"
        },
        {
            "api_detail_url": "http://www.giantbomb.com/api/game/3030-17353/",
            "id": 17353,
            "name": "Star Wars: Force Commander",
            "site_detail_url": "http://www.giantbomb.com/star-wars-force-commander/3030-17353/"
        },
        {
            "api_detail_url": "http://www.giantbomb.com/api/game/3030-8852/",
            "id": 8852,
            "name": "Star Wars: Knights of the Old Republic II - The Sith Lords",
            "site_detail_url": "http://www.giantbomb.com/star-wars-knights-of-the-old-republic-ii-the-sith-/3030-8852/"
        },
        {
            "api_detail_url": "http://www.giantbomb.com/api/game/3030-9681/",
            "id": 9681,
            "name": "Star Wars: Galaxies - Jump to Light Speed",
            "site_detail_url": "http://www.giantbomb.com/star-wars-galaxies-jump-to-light-speed/3030-9681/"
        },
        {
            "api_detail_url": "http://www.giantbomb.com/api/game/3030-13057/",
            "id": 13057,
            "name": "Star Wars: Galaxies - Trials of Obi-Wan",
            "site_detail_url": "http://www.giantbomb.com/star-wars-galaxies-trials-of-obi-wan/3030-13057/"
        },
        {
            "api_detail_url": "http://www.giantbomb.com/api/game/3030-7318/",
            "id": 7318,
            "name": "Star Wars: Galaxies - Episode III Rage of the Wookiees",
            "site_detail_url": "http://www.giantbomb.com/star-wars-galaxies-episode-iii-rage-of-the-wookiee/3030-7318/"
        },
        {
            "api_detail_url": "http://www.giantbomb.com/api/game/3030-20516/",
            "id": 20516,
            "name": "Fracture",
            "site_detail_url": "http://www.giantbomb.com/fracture/3030-20516/"
        },
        {
            "api_detail_url": "http://www.giantbomb.com/api/game/3030-20626/",
            "id": 20626,
            "name": "Star Wars: The Force Unleashed",
            "site_detail_url": "http://www.giantbomb.com/star-wars-the-force-unleashed/3030-20626/"
        },
        {
            "api_detail_url": "http://www.giantbomb.com/api/game/3030-49026/",
            "id": 49026,
            "name": "Mortal Kombat X Mobile",
            "site_detail_url": "http://www.giantbomb.com/mortal-kombat-x-mobile/3030-49026/"
        }
    ],
    "gender": 1,
    "hometown": null,
    "id": 6170,
    "name": "Julio Torres",
    "people": []
}