{
    "birth_date": null,
    "country": null,
    "death_date": null,
    "deck": null,
    "first_credited_game": {
        "api_detail_url": "http://www.giantbomb.com/api/game/3030-4017/",
        "id": 4017,
        "name": "Star Wars: Jedi Starfighter"
    },
    "games": [
        {
            "api_detail_url": "http://www.giantbomb.com/api/game/3030-14523/",
            "id": 14523,
            "name": "Star Wars: Jedi Knight II - Jedi Outcast",
            "site_detail_url": "http://www.giantbomb.com/star-wars-jedi-knight-ii-jedi-outcast/3030-14523/"
        },
        {
            "api_detail_url": "http://www.giantbomb.com/api/game/3030-7180/",
            "id": 7180,
            "name": "Yakuza",
            "site_detail_url": "http://www.giantbomb.com/yakuza/3030-7180/"
        },
        {
            "api_detail_url": "http://www.giantbomb.com/api/game/3030-707/",
            "id": 707,
            "name": "Virtua Fighter 5",
            "site_detail_url": "http://www.giantbomb.com/virtua-fighter-5/3030-707/"
        },
        {
            "api_detail_url": "http://www.giantbomb.com/api/game/3030-4614/",
            "id": 4614,
            "name": "Star Wars: Empire at War",
            "site_detail_url": "http://www.giantbomb.com/star-wars-empire-at-war/3030-4614/"
        },
        {
            "api_detail_url": "http://www.giantbomb.com/api/game/3030-9200/",
            "id": 9200,
            "name": "Star Wars: Episode III - Revenge of the Sith",
            "site_detail_url": "http://www.giantbomb.com/star-wars-episode-iii-revenge-of-the-sith/3030-9200/"
        },
        {
            "api_detail_url": "http://www.giantbomb.com/api/game/3030-6707/",
            "id": 6707,
            "name": "Gladius",
            "site_detail_url": "http://www.giantbomb.com/gladius/3030-6707/"
        },
        {
            "api_detail_url": "http://www.giantbomb.com/api/game/3030-18741/",
            "id": 18741,
            "name": "Star Wars: Knights of the Old Republic",
            "site_detail_url": "http://www.giantbomb.com/star-wars-knights-of-the-old-republic/3030-18741/"
        },
        {
            "api_detail_url": "http://www.giantbomb.com/api/game/3030-11683/",
            "id": 11683,
            "name": "Star Wars: The Clone Wars",
            "site_detail_url": "http://www.giantbomb.com/star-wars-the-clone-wars/3030-11683/"
        },
        {
            "api_detail_url": "http://www.giantbomb.com/api/game/3030-21336/",
            "id": 21336,
            "name": "Dead Rising: Chop Till You Drop",
            "site_detail_url": "http://www.giantbomb.com/dead-rising-chop-till-you-drop/3030-21336/"
        },
        {
            "api_detail_url": "http://www.giantbomb.com/api/game/3030-2201/",
            "id": 2201,
            "name": "Star Wars: The New Droid Army",
            "site_detail_url": "http://www.giantbomb.com/star-wars-the-new-droid-army/3030-2201/"
        },
        {
            "api_detail_url": "http://www.giantbomb.com/api/game/3030-4017/",
            "id": 4017,
            "name": "Star Wars: Jedi Starfighter",
            "site_detail_url": "http://www.giantbomb.com/star-wars-jedi-starfighter/3030-4017/"
        },
        {
            "api_detail_url": "http://www.giantbomb.com/api/game/3030-20215/",
            "id": 20215,
            "name": "Star Wars: Galactic Battlegrounds - Clone Campaigns",
            "site_detail_url": "http://www.giantbomb.com/star-wars-galactic-battlegrounds-clone-campaigns/3030-20215/"
        },
        {
            "api_detail_url": "http://www.giantbomb.com/api/game/3030-18331/",
            "id": 18331,
            "name": "Star Wars: Episode II - Attack of the Clones",
            "site_detail_url": "http://www.giantbomb.com/star-wars-episode-ii-attack-of-the-clones/3030-18331/"
        },
        {
            "api_detail_url": "http://www.giantbomb.com/api/game/3030-17571/",
            "id": 17571,
            "name": "Star Wars: Bounty Hunter",
            "site_detail_url": "http://www.giantbomb.com/star-wars-bounty-hunter/3030-17571/"
        },
        {
            "api_detail_url": "http://www.giantbomb.com/api/game/3030-4108/",
            "id": 4108,
            "name": "Star Wars: Rogue Squadron III - Rebel Strike",
            "site_detail_url": "http://www.giantbomb.com/star-wars-rogue-squadron-iii-rebel-strike/3030-4108/"
        },
        {
            "api_detail_url": "http://www.giantbomb.com/api/game/3030-16922/",
            "id": 16922,
            "name": "Star Wars: Jedi Knight - Jedi Academy",
            "site_detail_url": "http://www.giantbomb.com/star-wars-jedi-knight-jedi-academy/3030-16922/"
        },
        {
            "api_detail_url": "http://www.giantbomb.com/api/game/3030-9437/",
            "id": 9437,
            "name": "Star Wars: Galaxies - An Empire Divided",
            "site_detail_url": "http://www.giantbomb.com/star-wars-galaxies-an-empire-divided/3030-9437/"
        },
        {
            "api_detail_url": "http://www.giantbomb.com/api/game/3030-10164/",
            "id": 10164,
            "name": "Star Wars: Flight of the Falcon",
            "site_detail_url": "http://www.giantbomb.com/star-wars-flight-of-the-falcon/3030-10164/"
        },
        {
            "api_detail_url": "http://www.giantbomb.com/api/game/3030-5151/",
            "id": 5151,
            "name": "Indiana Jones and the Emperor's Tomb",
            "site_detail_url": "http://www.giantbomb.com/indiana-jones-and-the-emperors-tomb/3030-5151/"
        },
        {
            "api_detail_url": "http://www.giantbomb.com/api/game/3030-5208/",
            "id": 5208,
            "name": "Wrath Unleashed",
            "site_detail_url": "http://www.giantbomb.com/wrath-unleashed/3030-5208/"
        },
        {
            "api_detail_url": "http://www.giantbomb.com/api/game/3030-7262/",
            "id": 7262,
            "name": "Star Wars Trilogy: Apprentice of the Force",
            "site_detail_url": "http://www.giantbomb.com/star-wars-trilogy-apprentice-of-the-force/3030-7262/"
        },
        {
            "api_detail_url": "http://www.giantbomb.com/api/game/3030-8852/",
            "id": 8852,
            "name": "Star Wars: Knights of the Old Republic II - The Sith Lords",
            "site_detail_url": "http://www.giantbomb.com/star-wars-knights-of-the-old-republic-ii-the-sith-/3030-8852/"
        },
        {
            "api_detail_url": "http://www.giantbomb.com/api/game/3030-1339/",
            "id": 1339,
            "name": "Star Wars: Republic Commando",
            "site_detail_url": "http://www.giantbomb.com/star-wars-republic-commando/3030-1339/"
        },
        {
            "api_detail_url": "http://www.giantbomb.com/api/game/3030-7094/",
            "id": 7094,
            "name": "Star Wars: Battlefront II",
            "site_detail_url": "http://www.giantbomb.com/star-wars-battlefront-ii/3030-7094/"
        },
        {
            "api_detail_url": "http://www.giantbomb.com/api/game/3030-251/",
            "id": 251,
            "name": "LEGO Star Wars: The Video Game",
            "site_detail_url": "http://www.giantbomb.com/lego-star-wars-the-video-game/3030-251/"
        },
        {
            "api_detail_url": "http://www.giantbomb.com/api/game/3030-17195/",
            "id": 17195,
            "name": "Super Monkey Ball: Banana Blitz",
            "site_detail_url": "http://www.giantbomb.com/super-monkey-ball-banana-blitz/3030-17195/"
        },
        {
            "api_detail_url": "http://www.giantbomb.com/api/game/3030-19719/",
            "id": 19719,
            "name": "Chromehounds",
            "site_detail_url": "http://www.giantbomb.com/chromehounds/3030-19719/"
        },
        {
            "api_detail_url": "http://www.giantbomb.com/api/game/3030-20258/",
            "id": 20258,
            "name": "Spider-Man: Friend or Foe",
            "site_detail_url": "http://www.giantbomb.com/spider-man-friend-or-foe/3030-20258/"
        },
        {
            "api_detail_url": "http://www.giantbomb.com/api/game/3030-2172/",
            "id": 2172,
            "name": "Fantastic Four: Rise of the Silver Surfer",
            "site_detail_url": "http://www.giantbomb.com/fantastic-four-rise-of-the-silver-surfer/3030-2172/"
        },
        {
            "api_detail_url": "http://www.giantbomb.com/api/game/3030-20616/",
            "id": 20616,
            "name": "Super Street Fighter II Turbo HD Remix",
            "site_detail_url": "http://www.giantbomb.com/super-street-fighter-ii-turbo-hd-remix/3030-20616/"
        },
        {
            "api_detail_url": "http://www.giantbomb.com/api/game/3030-22699/",
            "id": 22699,
            "name": "MotoGP 08",
            "site_detail_url": "http://www.giantbomb.com/motogp-08/3030-22699/"
        },
        {
            "api_detail_url": "http://www.giantbomb.com/api/game/3030-20530/",
            "id": 20530,
            "name": "Iron Man",
            "site_detail_url": "http://www.giantbomb.com/iron-man/3030-20530/"
        },
        {
            "api_detail_url": "http://www.giantbomb.com/api/game/3030-20891/",
            "id": 20891,
            "name": "The Incredible Hulk",
            "site_detail_url": "http://www.giantbomb.com/the-incredible-hulk/3030-20891/"
        },
        {
            "api_detail_url": "http://www.giantbomb.com/api/game/3030-20569/",
            "id": 20569,
            "name": "Resident Evil 5",
            "site_detail_url": "http://www.giantbomb.com/resident-evil-5/3030-20569/"
        },
        {
            "api_detail_url": "http://www.giantbomb.com/api/game/3030-20626/",
            "id": 20626,
            "name": "Star Wars: The Force Unleashed",
            "site_detail_url": "http://www.giantbomb.com/star-wars-the-force-unleashed/3030-20626/"
        }
    ],
    "gender": 1,
    "hometown": null,
    "id": 56277,
    "name": "Justin Lambros",
    "people": [
        {
            "api_detail_url": "http://www.giantbomb.com/api/person/3040-7181/",
            "id": 7181,
            "name": "Adam Boyes",
            "site_detail_url": "http://www.giantbomb.com/adam-boyes/3040-7181/"
        }
    ]
}