{
    "birth_date": "1975-09-19",
    "country": null,
    "death_date": null,
    "deck": null,
    "first_credited_game": {
        "api_detail_url": "http://www.giantbomb.com/api/game/3030-10637/",
        "id": 10637,
        "name": "Baldur's Gate II: Shadows of Amn"
    },
    "games": [
        {
            "api_detail_url": "http://www.giantbomb.com/api/game/3030-6718/",
            "id": 6718,
            "name": "Mario Strikers Charged",
            "site_detail_url": "http://www.giantbomb.com/mario-strikers-charged/3030-6718/"
        },
        {
            "api_detail_url": "http://www.giantbomb.com/api/game/3030-10637/",
            "id": 10637,
            "name": "Baldur's Gate II: Shadows of Amn",
            "site_detail_url": "http://www.giantbomb.com/baldurs-gate-ii-shadows-of-amn/3030-10637/"
        },
        {
            "api_detail_url": "http://www.giantbomb.com/api/game/3030-23965/",
            "id": 23965,
            "name": "Punch-Out!!",
            "site_detail_url": "http://www.giantbomb.com/punch-out/3030-23965/"
        },
        {
            "api_detail_url": "http://www.giantbomb.com/api/game/3030-9953/",
            "id": 9953,
            "name": "Neverwinter Nights",
            "site_detail_url": "http://www.giantbomb.com/neverwinter-nights/3030-9953/"
        },
        {
            "api_detail_url": "http://www.giantbomb.com/api/game/3030-31709/",
            "id": 31709,
            "name": "Ryse: Son of Rome",
            "site_detail_url": "http://www.giantbomb.com/ryse-son-of-rome/3030-31709/"
        },
        {
            "api_detail_url": "http://www.giantbomb.com/api/game/3030-3841/",
            "id": 3841,
            "name": "The Suffering",
            "site_detail_url": "http://www.giantbomb.com/the-suffering/3030-3841/"
        }
    ],
    "gender": 1,
    "hometown": null,
    "id": 28797,
    "name": "Kalvin Lyle",
    "people": []
}