{
    "birth_date": "1955-04-29",
    "country": "U.S.A.",
    "death_date": null,
    "deck": "Kate Mulgrew is best known for playing Captain Kathryn Janeway on Star Trek: Voyager, a role she also played in several games, in addition to some non-Trek voicework.",
    "first_credited_game": {
        "api_detail_url": "http://www.giantbomb.com/api/game/3030-33388/",
        "id": 33388,
        "name": "Star Trek: Captain's Chair"
    },
    "games": [
        {
            "api_detail_url": "http://www.giantbomb.com/api/game/3030-11187/",
            "id": 11187,
            "name": "Star Trek: Voyager - Elite Force",
            "site_detail_url": "http://www.giantbomb.com/star-trek-voyager-elite-force/3030-11187/"
        },
        {
            "api_detail_url": "http://www.giantbomb.com/api/game/3030-12306/",
            "id": 12306,
            "name": "Star Trek: Voyager - Elite Force Expansion Pack",
            "site_detail_url": "http://www.giantbomb.com/star-trek-voyager-elite-force-expansion-pack/3030-12306/"
        },
        {
            "api_detail_url": "http://www.giantbomb.com/api/game/3030-15936/",
            "id": 15936,
            "name": "Lords of EverQuest",
            "site_detail_url": "http://www.giantbomb.com/lords-of-everquest/3030-15936/"
        },
        {
            "api_detail_url": "http://www.giantbomb.com/api/game/3030-7690/",
            "id": 7690,
            "name": "Star Trek Legacy",
            "site_detail_url": "http://www.giantbomb.com/star-trek-legacy/3030-7690/"
        },
        {
            "api_detail_url": "http://www.giantbomb.com/api/game/3030-5137/",
            "id": 5137,
            "name": "Star Trek: Encounters",
            "site_detail_url": "http://www.giantbomb.com/star-trek-encounters/3030-5137/"
        },
        {
            "api_detail_url": "http://www.giantbomb.com/api/game/3030-33388/",
            "id": 33388,
            "name": "Star Trek: Captain's Chair",
            "site_detail_url": "http://www.giantbomb.com/star-trek-captains-chair/3030-33388/"
        }
    ],
    "gender": 2,
    "hometown": "Dubuque ,Iowa",
    "id": 30496,
    "name": "Kate Mulgrew",
    "people": []
}