{
    "birth_date": "1967-02-20",
    "country": "United States of America",
    "death_date": null,
    "deck": "Kath E. Soucie is a voice actress, and one of the most popular female voice over artists in the country. Kath has voiced Linka in the Hit Cartoon Series Captain Planet and can now be often heard in Bioware games.",
    "first_credited_game": {
        "api_detail_url": "http://www.giantbomb.com/api/game/3030-17450/",
        "id": 17450,
        "name": "Lionheart"
    },
    "games": [
        {
            "api_detail_url": "http://www.giantbomb.com/api/game/3030-15864/",
            "id": 15864,
            "name": "Stonekeep",
            "site_detail_url": "http://www.giantbomb.com/stonekeep/3030-15864/"
        },
        {
            "api_detail_url": "http://www.giantbomb.com/api/game/3030-21174/",
            "id": 21174,
            "name": "Full Throttle",
            "site_detail_url": "http://www.giantbomb.com/full-throttle/3030-21174/"
        },
        {
            "api_detail_url": "http://www.giantbomb.com/api/game/3030-19288/",
            "id": 19288,
            "name": "Mortimer and the Riddles of the Medallion",
            "site_detail_url": "http://www.giantbomb.com/mortimer-and-the-riddles-of-the-medallion/3030-19288/"
        },
        {
            "api_detail_url": "http://www.giantbomb.com/api/game/3030-19378/",
            "id": 19378,
            "name": "Blazing Dragons",
            "site_detail_url": "http://www.giantbomb.com/blazing-dragons/3030-19378/"
        },
        {
            "api_detail_url": "http://www.giantbomb.com/api/game/3030-1673/",
            "id": 1673,
            "name": "Outlaws",
            "site_detail_url": "http://www.giantbomb.com/outlaws/3030-1673/"
        },
        {
            "api_detail_url": "http://www.giantbomb.com/api/game/3030-5843/",
            "id": 5843,
            "name": "Descent to Undermountain",
            "site_detail_url": "http://www.giantbomb.com/descent-to-undermountain/3030-5843/"
        },
        {
            "api_detail_url": "http://www.giantbomb.com/api/game/3030-11704/",
            "id": 11704,
            "name": "Fallout",
            "site_detail_url": "http://www.giantbomb.com/fallout/3030-11704/"
        },
        {
            "api_detail_url": "http://www.giantbomb.com/api/game/3030-10637/",
            "id": 10637,
            "name": "Baldur's Gate II: Shadows of Amn",
            "site_detail_url": "http://www.giantbomb.com/baldurs-gate-ii-shadows-of-amn/3030-10637/"
        },
        {
            "api_detail_url": "http://www.giantbomb.com/api/game/3030-5446/",
            "id": 5446,
            "name": "Bugs Bunny & Taz: Time Busters",
            "site_detail_url": "http://www.giantbomb.com/bugs-bunny-taz-time-busters/3030-5446/"
        },
        {
            "api_detail_url": "http://www.giantbomb.com/api/game/3030-18043/",
            "id": 18043,
            "name": "Rugrats: Search for Reptar",
            "site_detail_url": "http://www.giantbomb.com/rugrats-search-for-reptar/3030-18043/"
        },
        {
            "api_detail_url": "http://www.giantbomb.com/api/game/3030-5242/",
            "id": 5242,
            "name": "Icewind Dale",
            "site_detail_url": "http://www.giantbomb.com/icewind-dale/3030-5242/"
        },
        {
            "api_detail_url": "http://www.giantbomb.com/api/game/3030-8046/",
            "id": 8046,
            "name": "Rugrats in Paris",
            "site_detail_url": "http://www.giantbomb.com/rugrats-in-paris/3030-8046/"
        },
        {
            "api_detail_url": "http://www.giantbomb.com/api/game/3030-6735/",
            "id": 6735,
            "name": "Sacrifice",
            "site_detail_url": "http://www.giantbomb.com/sacrifice/3030-6735/"
        },
        {
            "api_detail_url": "http://www.giantbomb.com/api/game/3030-18221/",
            "id": 18221,
            "name": "Looney Tunes Racing",
            "site_detail_url": "http://www.giantbomb.com/looney-tunes-racing/3030-18221/"
        },
        {
            "api_detail_url": "http://www.giantbomb.com/api/game/3030-3030/",
            "id": 3030,
            "name": "Warriors of Might and Magic",
            "site_detail_url": "http://www.giantbomb.com/warriors-of-might-and-magic/3030-3030/"
        },
        {
            "api_detail_url": "http://www.giantbomb.com/api/game/3030-18901/",
            "id": 18901,
            "name": "Star Wars: Galactic Battlegrounds",
            "site_detail_url": "http://www.giantbomb.com/star-wars-galactic-battlegrounds/3030-18901/"
        },
        {
            "api_detail_url": "http://www.giantbomb.com/api/game/3030-6795/",
            "id": 6795,
            "name": "Baldur's Gate II: Throne of Bhaal",
            "site_detail_url": "http://www.giantbomb.com/baldurs-gate-ii-throne-of-bhaal/3030-6795/"
        },
        {
            "api_detail_url": "http://www.giantbomb.com/api/game/3030-16589/",
            "id": 16589,
            "name": "The Mummy Returns",
            "site_detail_url": "http://www.giantbomb.com/the-mummy-returns/3030-16589/"
        },
        {
            "api_detail_url": "http://www.giantbomb.com/api/game/3030-4157/",
            "id": 4157,
            "name": "The Lord of the Rings: The Fellowship of the Ring",
            "site_detail_url": "http://www.giantbomb.com/the-lord-of-the-rings-the-fellowship-of-the-ring/3030-4157/"
        },
        {
            "api_detail_url": "http://www.giantbomb.com/api/game/3030-10983/",
            "id": 10983,
            "name": "Kingdom Hearts",
            "site_detail_url": "http://www.giantbomb.com/kingdom-hearts/3030-10983/"
        },
        {
            "api_detail_url": "http://www.giantbomb.com/api/game/3030-14523/",
            "id": 14523,
            "name": "Star Wars: Jedi Knight II - Jedi Outcast",
            "site_detail_url": "http://www.giantbomb.com/star-wars-jedi-knight-ii-jedi-outcast/3030-14523/"
        },
        {
            "api_detail_url": "http://www.giantbomb.com/api/game/3030-8890/",
            "id": 8890,
            "name": "Icewind Dale II",
            "site_detail_url": "http://www.giantbomb.com/icewind-dale-ii/3030-8890/"
        },
        {
            "api_detail_url": "http://www.giantbomb.com/api/game/3030-19995/",
            "id": 19995,
            "name": "Law & Order: Dead on the Money",
            "site_detail_url": "http://www.giantbomb.com/law-order-dead-on-the-money/3030-19995/"
        },
        {
            "api_detail_url": "http://www.giantbomb.com/api/game/3030-8985/",
            "id": 8985,
            "name": "Final Fantasy X-2",
            "site_detail_url": "http://www.giantbomb.com/final-fantasy-x-2/3030-8985/"
        },
        {
            "api_detail_url": "http://www.giantbomb.com/api/game/3030-4247/",
            "id": 4247,
            "name": "Arc the Lad: Twilight of the Spirits",
            "site_detail_url": "http://www.giantbomb.com/arc-the-lad-twilight-of-the-spirits/3030-4247/"
        },
        {
            "api_detail_url": "http://www.giantbomb.com/api/game/3030-16922/",
            "id": 16922,
            "name": "Star Wars: Jedi Knight - Jedi Academy",
            "site_detail_url": "http://www.giantbomb.com/star-wars-jedi-knight-jedi-academy/3030-16922/"
        },
        {
            "api_detail_url": "http://www.giantbomb.com/api/game/3030-16038/",
            "id": 16038,
            "name": "Law & Order II: Double or Nothing",
            "site_detail_url": "http://www.giantbomb.com/law-order-ii-double-or-nothing/3030-16038/"
        },
        {
            "api_detail_url": "http://www.giantbomb.com/api/game/3030-10442/",
            "id": 10442,
            "name": "Dr. Seuss' The Cat in the Hat",
            "site_detail_url": "http://www.giantbomb.com/dr-seuss-the-cat-in-the-hat/3030-10442/"
        },
        {
            "api_detail_url": "http://www.giantbomb.com/api/game/3030-4618/",
            "id": 4618,
            "name": "Ratchet & Clank: Going Commando",
            "site_detail_url": "http://www.giantbomb.com/ratchet-clank-going-commando/3030-4618/"
        },
        {
            "api_detail_url": "http://www.giantbomb.com/api/game/3030-19627/",
            "id": 19627,
            "name": "Armed and Dangerous",
            "site_detail_url": "http://www.giantbomb.com/armed-and-dangerous/3030-19627/"
        },
        {
            "api_detail_url": "http://www.giantbomb.com/api/game/3030-13743/",
            "id": 13743,
            "name": "Ground Control II: Operation Exodus",
            "site_detail_url": "http://www.giantbomb.com/ground-control-ii-operation-exodus/3030-13743/"
        },
        {
            "api_detail_url": "http://www.giantbomb.com/api/game/3030-18615/",
            "id": 18615,
            "name": "Tim Burton's The Nightmare Before Christmas: Oogie's Revenge",
            "site_detail_url": "http://www.giantbomb.com/tim-burtons-the-nightmare-before-christmas-oogies-/3030-18615/"
        },
        {
            "api_detail_url": "http://www.giantbomb.com/api/game/3030-18547/",
            "id": 18547,
            "name": "EverQuest II",
            "site_detail_url": "http://www.giantbomb.com/everquest-ii/3030-18547/"
        },
        {
            "api_detail_url": "http://www.giantbomb.com/api/game/3030-8852/",
            "id": 8852,
            "name": "Star Wars: Knights of the Old Republic II - The Sith Lords",
            "site_detail_url": "http://www.giantbomb.com/star-wars-knights-of-the-old-republic-ii-the-sith-/3030-8852/"
        },
        {
            "api_detail_url": "http://www.giantbomb.com/api/game/3030-12611/",
            "id": 12611,
            "name": "Robots",
            "site_detail_url": "http://www.giantbomb.com/robots/3030-12611/"
        },
        {
            "api_detail_url": "http://www.giantbomb.com/api/game/3030-4763/",
            "id": 4763,
            "name": "Kingdom Hearts II",
            "site_detail_url": "http://www.giantbomb.com/kingdom-hearts-ii/3030-4763/"
        },
        {
            "api_detail_url": "http://www.giantbomb.com/api/game/3030-9197/",
            "id": 9197,
            "name": "Star Wars: Empire at War - Forces of Corruption",
            "site_detail_url": "http://www.giantbomb.com/star-wars-empire-at-war-forces-of-corruption/3030-9197/"
        },
        {
            "api_detail_url": "http://www.giantbomb.com/api/game/3030-4614/",
            "id": 4614,
            "name": "Star Wars: Empire at War",
            "site_detail_url": "http://www.giantbomb.com/star-wars-empire-at-war/3030-4614/"
        },
        {
            "api_detail_url": "http://www.giantbomb.com/api/game/3030-8554/",
            "id": 8554,
            "name": "Lara Croft Tomb Raider: Legend",
            "site_detail_url": "http://www.giantbomb.com/lara-croft-tomb-raider-legend/3030-8554/"
        },
        {
            "api_detail_url": "http://www.giantbomb.com/api/game/3030-18956/",
            "id": 18956,
            "name": "Thrillville",
            "site_detail_url": "http://www.giantbomb.com/thrillville/3030-18956/"
        },
        {
            "api_detail_url": "http://www.giantbomb.com/api/game/3030-10459/",
            "id": 10459,
            "name": "Disney's Pirates of the Caribbean: At World's End",
            "site_detail_url": "http://www.giantbomb.com/disneys-pirates-of-the-caribbean-at-worlds-end/3030-10459/"
        },
        {
            "api_detail_url": "http://www.giantbomb.com/api/game/3030-20694/",
            "id": 20694,
            "name": "Tomb Raider: Underworld",
            "site_detail_url": "http://www.giantbomb.com/tomb-raider-underworld/3030-20694/"
        },
        {
            "api_detail_url": "http://www.giantbomb.com/api/game/3030-2719/",
            "id": 2719,
            "name": "Lost Odyssey",
            "site_detail_url": "http://www.giantbomb.com/lost-odyssey/3030-2719/"
        },
        {
            "api_detail_url": "http://www.giantbomb.com/api/game/3030-8178/",
            "id": 8178,
            "name": "Freddy Pharkas: Frontier Pharmacist",
            "site_detail_url": "http://www.giantbomb.com/freddy-pharkas-frontier-pharmacist/3030-8178/"
        },
        {
            "api_detail_url": "http://www.giantbomb.com/api/game/3030-8873/",
            "id": 8873,
            "name": "GUN",
            "site_detail_url": "http://www.giantbomb.com/gun/3030-8873/"
        },
        {
            "api_detail_url": "http://www.giantbomb.com/api/game/3030-17450/",
            "id": 17450,
            "name": "Lionheart",
            "site_detail_url": "http://www.giantbomb.com/lionheart/3030-17450/"
        },
        {
            "api_detail_url": "http://www.giantbomb.com/api/game/3030-21268/",
            "id": 21268,
            "name": "The Hobbit",
            "site_detail_url": "http://www.giantbomb.com/the-hobbit/3030-21268/"
        },
        {
            "api_detail_url": "http://www.giantbomb.com/api/game/3030-21269/",
            "id": 21269,
            "name": "Nicktoons Racing",
            "site_detail_url": "http://www.giantbomb.com/nicktoons-racing/3030-21269/"
        },
        {
            "api_detail_url": "http://www.giantbomb.com/api/game/3030-21261/",
            "id": 21261,
            "name": "Looney Tunes: Space Race",
            "site_detail_url": "http://www.giantbomb.com/looney-tunes-space-race/3030-21261/"
        },
        {
            "api_detail_url": "http://www.giantbomb.com/api/game/3030-21271/",
            "id": 21271,
            "name": "Detective Barbie in The Mystery of the Carnival Caper",
            "site_detail_url": "http://www.giantbomb.com/detective-barbie-in-the-mystery-of-the-carnival-ca/3030-21271/"
        },
        {
            "api_detail_url": "http://www.giantbomb.com/api/game/3030-12958/",
            "id": 12958,
            "name": "Cartoon Network Racing",
            "site_detail_url": "http://www.giantbomb.com/cartoon-network-racing/3030-12958/"
        },
        {
            "api_detail_url": "http://www.giantbomb.com/api/game/3030-10007/",
            "id": 10007,
            "name": "Dark Cloud 2",
            "site_detail_url": "http://www.giantbomb.com/dark-cloud-2/3030-10007/"
        },
        {
            "api_detail_url": "http://www.giantbomb.com/api/game/3030-20700/",
            "id": 20700,
            "name": "Br\u00fctal Legend",
            "site_detail_url": "http://www.giantbomb.com/brutal-legend/3030-20700/"
        },
        {
            "api_detail_url": "http://www.giantbomb.com/api/game/3030-29675/",
            "id": 29675,
            "name": "Dragon Age: Origins - Awakening",
            "site_detail_url": "http://www.giantbomb.com/dragon-age-origins-awakening/3030-29675/"
        },
        {
            "api_detail_url": "http://www.giantbomb.com/api/game/3030-21110/",
            "id": 21110,
            "name": "DC Universe Online",
            "site_detail_url": "http://www.giantbomb.com/dc-universe-online/3030-21110/"
        },
        {
            "api_detail_url": "http://www.giantbomb.com/api/game/3030-25249/",
            "id": 25249,
            "name": "Red Dead Redemption",
            "site_detail_url": "http://www.giantbomb.com/red-dead-redemption/3030-25249/"
        },
        {
            "api_detail_url": "http://www.giantbomb.com/api/game/3030-24802/",
            "id": 24802,
            "name": "Coraline: The Game",
            "site_detail_url": "http://www.giantbomb.com/coraline-the-game/3030-24802/"
        },
        {
            "api_detail_url": "http://www.giantbomb.com/api/game/3030-1819/",
            "id": 1819,
            "name": "The Golden Compass",
            "site_detail_url": "http://www.giantbomb.com/the-golden-compass/3030-1819/"
        },
        {
            "api_detail_url": "http://www.giantbomb.com/api/game/3030-37715/",
            "id": 37715,
            "name": "Ratchet & Clank Collection",
            "site_detail_url": "http://www.giantbomb.com/ratchet-clank-collection/3030-37715/"
        },
        {
            "api_detail_url": "http://www.giantbomb.com/api/game/3030-16909/",
            "id": 16909,
            "name": "Mass Effect",
            "site_detail_url": "http://www.giantbomb.com/mass-effect/3030-16909/"
        },
        {
            "api_detail_url": "http://www.giantbomb.com/api/game/3030-20674/",
            "id": 20674,
            "name": "StarCraft II: Wings of Liberty",
            "site_detail_url": "http://www.giantbomb.com/starcraft-ii-wings-of-liberty/3030-20674/"
        }
    ],
    "gender": 2,
    "hometown": "New York City",
    "id": 24197,
    "name": "Kath E. Soucie",
    "people": []
}