{
    "birth_date": null,
    "country": null,
    "death_date": null,
    "deck": "Vice President of Global Events at Think Services.",
    "first_credited_game": {
        "api_detail_url": "http://www.giantbomb.com/api/game/3030-236/",
        "id": 236,
        "name": "The Revenge of Shinobi"
    },
    "games": [
        {
            "api_detail_url": "http://www.giantbomb.com/api/game/3030-19836/",
            "id": 19836,
            "name": "Ready 2 Rumble Boxing",
            "site_detail_url": "http://www.giantbomb.com/ready-2-rumble-boxing/3030-19836/"
        },
        {
            "api_detail_url": "http://www.giantbomb.com/api/game/3030-2849/",
            "id": 2849,
            "name": "NFL Blitz 2000",
            "site_detail_url": "http://www.giantbomb.com/nfl-blitz-2000/3030-2849/"
        },
        {
            "api_detail_url": "http://www.giantbomb.com/api/game/3030-13241/",
            "id": 13241,
            "name": "Hydro Thunder",
            "site_detail_url": "http://www.giantbomb.com/hydro-thunder/3030-13241/"
        },
        {
            "api_detail_url": "http://www.giantbomb.com/api/game/3030-1531/",
            "id": 1531,
            "name": "MDK 2",
            "site_detail_url": "http://www.giantbomb.com/mdk-2/3030-1531/"
        },
        {
            "api_detail_url": "http://www.giantbomb.com/api/game/3030-12245/",
            "id": 12245,
            "name": "Gauntlet Legends",
            "site_detail_url": "http://www.giantbomb.com/gauntlet-legends/3030-12245/"
        },
        {
            "api_detail_url": "http://www.giantbomb.com/api/game/3030-11157/",
            "id": 11157,
            "name": "Army Men: Sarge's Heroes",
            "site_detail_url": "http://www.giantbomb.com/army-men-sarges-heroes/3030-11157/"
        },
        {
            "api_detail_url": "http://www.giantbomb.com/api/game/3030-1956/",
            "id": 1956,
            "name": "Williams Arcade Classics",
            "site_detail_url": "http://www.giantbomb.com/williams-arcade-classics/3030-1956/"
        },
        {
            "api_detail_url": "http://www.giantbomb.com/api/game/3030-10676/",
            "id": 10676,
            "name": "Virtua Tennis",
            "site_detail_url": "http://www.giantbomb.com/virtua-tennis/3030-10676/"
        },
        {
            "api_detail_url": "http://www.giantbomb.com/api/game/3030-17888/",
            "id": 17888,
            "name": "Super Monkey Ball Jr.",
            "site_detail_url": "http://www.giantbomb.com/super-monkey-ball-jr/3030-17888/"
        },
        {
            "api_detail_url": "http://www.giantbomb.com/api/game/3030-66/",
            "id": 66,
            "name": "Sonic Advance 2",
            "site_detail_url": "http://www.giantbomb.com/sonic-advance-2/3030-66/"
        },
        {
            "api_detail_url": "http://www.giantbomb.com/api/game/3030-3340/",
            "id": 3340,
            "name": "Sega Smash Pack",
            "site_detail_url": "http://www.giantbomb.com/sega-smash-pack/3030-3340/"
        },
        {
            "api_detail_url": "http://www.giantbomb.com/api/game/3030-236/",
            "id": 236,
            "name": "The Revenge of Shinobi",
            "site_detail_url": "http://www.giantbomb.com/the-revenge-of-shinobi/3030-236/"
        },
        {
            "api_detail_url": "http://www.giantbomb.com/api/game/3030-16949/",
            "id": 16949,
            "name": "Phantasy Star Collection",
            "site_detail_url": "http://www.giantbomb.com/phantasy-star-collection/3030-16949/"
        },
        {
            "api_detail_url": "http://www.giantbomb.com/api/game/3030-333/",
            "id": 333,
            "name": "Baseball Advance",
            "site_detail_url": "http://www.giantbomb.com/baseball-advance/3030-333/"
        },
        {
            "api_detail_url": "http://www.giantbomb.com/api/game/3030-11220/",
            "id": 11220,
            "name": "Altered Beast: Guardian of the Realms",
            "site_detail_url": "http://www.giantbomb.com/altered-beast-guardian-of-the-realms/3030-11220/"
        },
        {
            "api_detail_url": "http://www.giantbomb.com/api/game/3030-7466/",
            "id": 7466,
            "name": "Space Channel 5",
            "site_detail_url": "http://www.giantbomb.com/space-channel-5/3030-7466/"
        },
        {
            "api_detail_url": "http://www.giantbomb.com/api/game/3030-4335/",
            "id": 4335,
            "name": "Sega Arcade Gallery",
            "site_detail_url": "http://www.giantbomb.com/sega-arcade-gallery/3030-4335/"
        },
        {
            "api_detail_url": "http://www.giantbomb.com/api/game/3030-7474/",
            "id": 7474,
            "name": "R-Type Final",
            "site_detail_url": "http://www.giantbomb.com/r-type-final/3030-7474/"
        },
        {
            "api_detail_url": "http://www.giantbomb.com/api/game/3030-14101/",
            "id": 14101,
            "name": "Republic: The Revolution",
            "site_detail_url": "http://www.giantbomb.com/republic-the-revolution/3030-14101/"
        },
        {
            "api_detail_url": "http://www.giantbomb.com/api/game/3030-823/",
            "id": 823,
            "name": "Legacy of Kain: Defiance",
            "site_detail_url": "http://www.giantbomb.com/legacy-of-kain-defiance/3030-823/"
        },
        {
            "api_detail_url": "http://www.giantbomb.com/api/game/3030-20096/",
            "id": 20096,
            "name": "Jet Grind Radio",
            "site_detail_url": "http://www.giantbomb.com/jet-grind-radio/3030-20096/"
        },
        {
            "api_detail_url": "http://www.giantbomb.com/api/game/3030-9883/",
            "id": 9883,
            "name": "Deus Ex: Invisible War",
            "site_detail_url": "http://www.giantbomb.com/deus-ex-invisible-war/3030-9883/"
        },
        {
            "api_detail_url": "http://www.giantbomb.com/api/game/3030-18611/",
            "id": 18611,
            "name": "Crazy Taxi: Catch a Ride",
            "site_detail_url": "http://www.giantbomb.com/crazy-taxi-catch-a-ride/3030-18611/"
        },
        {
            "api_detail_url": "http://www.giantbomb.com/api/game/3030-13440/",
            "id": 13440,
            "name": "Backyard Wrestling: Don't Try This at Home",
            "site_detail_url": "http://www.giantbomb.com/backyard-wrestling-dont-try-this-at-home/3030-13440/"
        },
        {
            "api_detail_url": "http://www.giantbomb.com/api/game/3030-2335/",
            "id": 2335,
            "name": "Thief: Deadly Shadows",
            "site_detail_url": "http://www.giantbomb.com/thief-deadly-shadows/3030-2335/"
        },
        {
            "api_detail_url": "http://www.giantbomb.com/api/game/3030-6601/",
            "id": 6601,
            "name": "Hitman: Contracts",
            "site_detail_url": "http://www.giantbomb.com/hitman-contracts/3030-6601/"
        }
    ],
    "gender": 2,
    "hometown": null,
    "id": 21560,
    "name": "Kathy Schoback",
    "people": []
}