{
    "birth_date": null,
    "country": null,
    "death_date": null,
    "deck": null,
    "first_credited_game": {
        "api_detail_url": "http://www.giantbomb.com/api/game/3030-4384/",
        "id": 4384,
        "name": "Command & Conquer"
    },
    "games": [
        {
            "api_detail_url": "http://www.giantbomb.com/api/game/3030-14971/",
            "id": 14971,
            "name": "Zone Raiders",
            "site_detail_url": "http://www.giantbomb.com/zone-raiders/3030-14971/"
        },
        {
            "api_detail_url": "http://www.giantbomb.com/api/game/3030-10584/",
            "id": 10584,
            "name": "Spot Goes to Hollywood",
            "site_detail_url": "http://www.giantbomb.com/spot-goes-to-hollywood/3030-10584/"
        },
        {
            "api_detail_url": "http://www.giantbomb.com/api/game/3030-13037/",
            "id": 13037,
            "name": "Empire Earth III",
            "site_detail_url": "http://www.giantbomb.com/empire-earth-iii/3030-13037/"
        },
        {
            "api_detail_url": "http://www.giantbomb.com/api/game/3030-17797/",
            "id": 17797,
            "name": "SWAT 4: The Stetchkov Syndicate",
            "site_detail_url": "http://www.giantbomb.com/swat-4-the-stetchkov-syndicate/3030-17797/"
        },
        {
            "api_detail_url": "http://www.giantbomb.com/api/game/3030-7288/",
            "id": 7288,
            "name": "SWAT 4",
            "site_detail_url": "http://www.giantbomb.com/swat-4/3030-7288/"
        },
        {
            "api_detail_url": "http://www.giantbomb.com/api/game/3030-1940/",
            "id": 1940,
            "name": "Pray for Death",
            "site_detail_url": "http://www.giantbomb.com/pray-for-death/3030-1940/"
        },
        {
            "api_detail_url": "http://www.giantbomb.com/api/game/3030-1816/",
            "id": 1816,
            "name": "Hardline",
            "site_detail_url": "http://www.giantbomb.com/hardline/3030-1816/"
        },
        {
            "api_detail_url": "http://www.giantbomb.com/api/game/3030-4384/",
            "id": 4384,
            "name": "Command & Conquer",
            "site_detail_url": "http://www.giantbomb.com/command-conquer/3030-4384/"
        },
        {
            "api_detail_url": "http://www.giantbomb.com/api/game/3030-33345/",
            "id": 33345,
            "name": "Prototype 2",
            "site_detail_url": "http://www.giantbomb.com/prototype-2/3030-33345/"
        },
        {
            "api_detail_url": "http://www.giantbomb.com/api/game/3030-38211/",
            "id": 38211,
            "name": "Dr. Wise: Medical Mysteries",
            "site_detail_url": "http://www.giantbomb.com/dr-wise-medical-mysteries/3030-38211/"
        },
        {
            "api_detail_url": "http://www.giantbomb.com/api/game/3030-7670/",
            "id": 7670,
            "name": "Crash of the Titans",
            "site_detail_url": "http://www.giantbomb.com/crash-of-the-titans/3030-7670/"
        },
        {
            "api_detail_url": "http://www.giantbomb.com/api/game/3030-19170/",
            "id": 19170,
            "name": "Caesar IV",
            "site_detail_url": "http://www.giantbomb.com/caesar-iv/3030-19170/"
        },
        {
            "api_detail_url": "http://www.giantbomb.com/api/game/3030-19199/",
            "id": 19199,
            "name": "Empire Earth II: The Art of Supremacy",
            "site_detail_url": "http://www.giantbomb.com/empire-earth-ii-the-art-of-supremacy/3030-19199/"
        },
        {
            "api_detail_url": "http://www.giantbomb.com/api/game/3030-1565/",
            "id": 1565,
            "name": "Empire Earth II",
            "site_detail_url": "http://www.giantbomb.com/empire-earth-ii/3030-1565/"
        },
        {
            "api_detail_url": "http://www.giantbomb.com/api/game/3030-4800/",
            "id": 4800,
            "name": "F.E.A.R.: First Encounter Assault Recon",
            "site_detail_url": "http://www.giantbomb.com/fear-first-encounter-assault-recon/3030-4800/"
        },
        {
            "api_detail_url": "http://www.giantbomb.com/api/game/3030-19865/",
            "id": 19865,
            "name": "The Incredible Hulk: Ultimate Destruction",
            "site_detail_url": "http://www.giantbomb.com/the-incredible-hulk-ultimate-destruction/3030-19865/"
        },
        {
            "api_detail_url": "http://www.giantbomb.com/api/game/3030-909/",
            "id": 909,
            "name": "Tribes: Vengeance",
            "site_detail_url": "http://www.giantbomb.com/tribes-vengeance/3030-909/"
        },
        {
            "api_detail_url": "http://www.giantbomb.com/api/game/3030-17837/",
            "id": 17837,
            "name": "GrooveRider:  Slot Car Thunder",
            "site_detail_url": "http://www.giantbomb.com/grooverider-slot-car-thunder/3030-17837/"
        },
        {
            "api_detail_url": "http://www.giantbomb.com/api/game/3030-9953/",
            "id": 9953,
            "name": "Neverwinter Nights",
            "site_detail_url": "http://www.giantbomb.com/neverwinter-nights/3030-9953/"
        },
        {
            "api_detail_url": "http://www.giantbomb.com/api/game/3030-4051/",
            "id": 4051,
            "name": "Phantom Crash",
            "site_detail_url": "http://www.giantbomb.com/phantom-crash/3030-4051/"
        },
        {
            "api_detail_url": "http://www.giantbomb.com/api/game/3030-2126/",
            "id": 2126,
            "name": "Myth III: The Wolf Age",
            "site_detail_url": "http://www.giantbomb.com/myth-iii-the-wolf-age/3030-2126/"
        },
        {
            "api_detail_url": "http://www.giantbomb.com/api/game/3030-42898/",
            "id": 42898,
            "name": "Sunset Overdrive",
            "site_detail_url": "http://www.giantbomb.com/sunset-overdrive/3030-42898/"
        }
    ],
    "gender": 1,
    "hometown": null,
    "id": 19234,
    "name": "Kenneth S. Rosman",
    "people": []
}