{
    "birth_date": null,
    "country": null,
    "death_date": null,
    "deck": null,
    "first_credited_game": {
        "api_detail_url": "http://www.giantbomb.com/api/game/3030-16909/",
        "id": 16909,
        "name": "Mass Effect"
    },
    "games": [
        {
            "api_detail_url": "http://www.giantbomb.com/api/game/3030-16909/",
            "id": 16909,
            "name": "Mass Effect",
            "site_detail_url": "http://www.giantbomb.com/mass-effect/3030-16909/"
        }
    ],
    "gender": null,
    "hometown": null,
    "id": 54323,
    "name": "Kevin Barrett",
    "people": []
}