{
    "birth_date": null,
    "country": null,
    "death_date": null,
    "deck": null,
    "first_credited_game": {
        "api_detail_url": "http://www.giantbomb.com/api/game/3030-15770/",
        "id": 15770,
        "name": "Microsoft Flight Simulator for Windows 95"
    },
    "games": [
        {
            "api_detail_url": "http://www.giantbomb.com/api/game/3030-19228/",
            "id": 19228,
            "name": "Kameo: Elements of Power",
            "site_detail_url": "http://www.giantbomb.com/kameo-elements-of-power/3030-19228/"
        },
        {
            "api_detail_url": "http://www.giantbomb.com/api/game/3030-593/",
            "id": 593,
            "name": "Shadowrun",
            "site_detail_url": "http://www.giantbomb.com/shadowrun/3030-593/"
        },
        {
            "api_detail_url": "http://www.giantbomb.com/api/game/3030-941/",
            "id": 941,
            "name": "Project Gotham Racing",
            "site_detail_url": "http://www.giantbomb.com/project-gotham-racing/3030-941/"
        },
        {
            "api_detail_url": "http://www.giantbomb.com/api/game/3030-2279/",
            "id": 2279,
            "name": "Project Gotham Racing 2",
            "site_detail_url": "http://www.giantbomb.com/project-gotham-racing-2/3030-2279/"
        },
        {
            "api_detail_url": "http://www.giantbomb.com/api/game/3030-19809/",
            "id": 19809,
            "name": "Project Gotham Racing 3",
            "site_detail_url": "http://www.giantbomb.com/project-gotham-racing-3/3030-19809/"
        },
        {
            "api_detail_url": "http://www.giantbomb.com/api/game/3030-5607/",
            "id": 5607,
            "name": "Project Gotham Racing 4",
            "site_detail_url": "http://www.giantbomb.com/project-gotham-racing-4/3030-5607/"
        },
        {
            "api_detail_url": "http://www.giantbomb.com/api/game/3030-17599/",
            "id": 17599,
            "name": "Forza Motorsport",
            "site_detail_url": "http://www.giantbomb.com/forza-motorsport/3030-17599/"
        },
        {
            "api_detail_url": "http://www.giantbomb.com/api/game/3030-3264/",
            "id": 3264,
            "name": "Fable",
            "site_detail_url": "http://www.giantbomb.com/fable/3030-3264/"
        },
        {
            "api_detail_url": "http://www.giantbomb.com/api/game/3030-8944/",
            "id": 8944,
            "name": "RalliSport Challenge",
            "site_detail_url": "http://www.giantbomb.com/rallisport-challenge/3030-8944/"
        },
        {
            "api_detail_url": "http://www.giantbomb.com/api/game/3030-15827/",
            "id": 15827,
            "name": "Quantum Redshift",
            "site_detail_url": "http://www.giantbomb.com/quantum-redshift/3030-15827/"
        },
        {
            "api_detail_url": "http://www.giantbomb.com/api/game/3030-20415/",
            "id": 20415,
            "name": "Midtown Madness 2",
            "site_detail_url": "http://www.giantbomb.com/midtown-madness-2/3030-20415/"
        },
        {
            "api_detail_url": "http://www.giantbomb.com/api/game/3030-6529/",
            "id": 6529,
            "name": "Monster Truck Madness 2",
            "site_detail_url": "http://www.giantbomb.com/monster-truck-madness-2/3030-6529/"
        },
        {
            "api_detail_url": "http://www.giantbomb.com/api/game/3030-6499/",
            "id": 6499,
            "name": "RalliSport Challenge 2",
            "site_detail_url": "http://www.giantbomb.com/rallisport-challenge-2/3030-6499/"
        },
        {
            "api_detail_url": "http://www.giantbomb.com/api/game/3030-19180/",
            "id": 19180,
            "name": "Motocross Madness 2",
            "site_detail_url": "http://www.giantbomb.com/motocross-madness-2/3030-19180/"
        },
        {
            "api_detail_url": "http://www.giantbomb.com/api/game/3030-5890/",
            "id": 5890,
            "name": "CART Precision Racing",
            "site_detail_url": "http://www.giantbomb.com/cart-precision-racing/3030-5890/"
        },
        {
            "api_detail_url": "http://www.giantbomb.com/api/game/3030-2000/",
            "id": 2000,
            "name": "Midtown Madness",
            "site_detail_url": "http://www.giantbomb.com/midtown-madness/3030-2000/"
        },
        {
            "api_detail_url": "http://www.giantbomb.com/api/game/3030-12003/",
            "id": 12003,
            "name": "Viva Pi\u00f1ata: Party Animals",
            "site_detail_url": "http://www.giantbomb.com/viva-pinata-party-animals/3030-12003/"
        },
        {
            "api_detail_url": "http://www.giantbomb.com/api/game/3030-7914/",
            "id": 7914,
            "name": "Voodoo Vince",
            "site_detail_url": "http://www.giantbomb.com/voodoo-vince/3030-7914/"
        },
        {
            "api_detail_url": "http://www.giantbomb.com/api/game/3030-18121/",
            "id": 18121,
            "name": "Zoo Tycoon 2: Marine Mania",
            "site_detail_url": "http://www.giantbomb.com/zoo-tycoon-2-marine-mania/3030-18121/"
        },
        {
            "api_detail_url": "http://www.giantbomb.com/api/game/3030-15770/",
            "id": 15770,
            "name": "Microsoft Flight Simulator for Windows 95",
            "site_detail_url": "http://www.giantbomb.com/microsoft-flight-simulator-for-windows-95/3030-15770/"
        },
        {
            "api_detail_url": "http://www.giantbomb.com/api/game/3030-23431/",
            "id": 23431,
            "name": "Zoo Tycoon 2: Extinct Animals",
            "site_detail_url": "http://www.giantbomb.com/zoo-tycoon-2-extinct-animals/3030-23431/"
        },
        {
            "api_detail_url": "http://www.giantbomb.com/api/game/3030-18838/",
            "id": 18838,
            "name": "Microsoft Flight Simulator 98",
            "site_detail_url": "http://www.giantbomb.com/microsoft-flight-simulator-98/3030-18838/"
        },
        {
            "api_detail_url": "http://www.giantbomb.com/api/game/3030-13228/",
            "id": 13228,
            "name": "Microsoft Combat Flight Simulator: WWII Europe Series",
            "site_detail_url": "http://www.giantbomb.com/microsoft-combat-flight-simulator-wwii-europe-seri/3030-13228/"
        },
        {
            "api_detail_url": "http://www.giantbomb.com/api/game/3030-10244/",
            "id": 10244,
            "name": "Rise of Nations: Rise of Legends",
            "site_detail_url": "http://www.giantbomb.com/rise-of-nations-rise-of-legends/3030-10244/"
        },
        {
            "api_detail_url": "http://www.giantbomb.com/api/game/3030-2168/",
            "id": 2168,
            "name": "Viva Pi\u00f1ata",
            "site_detail_url": "http://www.giantbomb.com/viva-pinata/3030-2168/"
        },
        {
            "api_detail_url": "http://www.giantbomb.com/api/game/3030-35533/",
            "id": 35533,
            "name": "Halo 4",
            "site_detail_url": "http://www.giantbomb.com/halo-4/3030-35533/"
        },
        {
            "api_detail_url": "http://www.giantbomb.com/api/game/3030-42905/",
            "id": 42905,
            "name": "Halo 5: Guardians",
            "site_detail_url": "http://www.giantbomb.com/halo-5-guardians/3030-42905/"
        }
    ],
    "gender": 2,
    "hometown": null,
    "id": 54471,
    "name": "Kiki Wolfkill",
    "people": [
        {
            "api_detail_url": "http://www.giantbomb.com/api/person/3040-6774/",
            "id": 6774,
            "name": "Josh Holmes",
            "site_detail_url": "http://www.giantbomb.com/josh-holmes/3040-6774/"
        }
    ]
}