{
    "birth_date": "1940-05-05",
    "country": null,
    "death_date": null,
    "deck": "A versatile actor best known for his roles in James Cameron's The Terminator and Aliens as well as his role as Frank Black in FOX's Millennium. In video games he's likely best known for voicing Admiral Hackett in the Mass Effect series.",
    "first_credited_game": {
        "api_detail_url": "http://www.giantbomb.com/api/game/3030-12203/",
        "id": 12203,
        "name": "Red Faction II"
    },
    "games": [
        {
            "api_detail_url": "http://www.giantbomb.com/api/game/3030-12203/",
            "id": 12203,
            "name": "Red Faction II",
            "site_detail_url": "http://www.giantbomb.com/red-faction-ii/3030-12203/"
        },
        {
            "api_detail_url": "http://www.giantbomb.com/api/game/3030-20987/",
            "id": 20987,
            "name": "The Chronicles of Riddick: Assault on Dark Athena",
            "site_detail_url": "http://www.giantbomb.com/the-chronicles-of-riddick-assault-on-dark-athena/3030-20987/"
        },
        {
            "api_detail_url": "http://www.giantbomb.com/api/game/3030-8873/",
            "id": 8873,
            "name": "GUN",
            "site_detail_url": "http://www.giantbomb.com/gun/3030-8873/"
        },
        {
            "api_detail_url": "http://www.giantbomb.com/api/game/3030-26532/",
            "id": 26532,
            "name": "Aliens vs. Predator",
            "site_detail_url": "http://www.giantbomb.com/aliens-vs-predator/3030-26532/"
        },
        {
            "api_detail_url": "http://www.giantbomb.com/api/game/3030-21590/",
            "id": 21590,
            "name": "Mass Effect 2",
            "site_detail_url": "http://www.giantbomb.com/mass-effect-2/3030-21590/"
        },
        {
            "api_detail_url": "http://www.giantbomb.com/api/game/3030-20921/",
            "id": 20921,
            "name": "Aliens: Colonial Marines",
            "site_detail_url": "http://www.giantbomb.com/aliens-colonial-marines/3030-20921/"
        },
        {
            "api_detail_url": "http://www.giantbomb.com/api/game/3030-29935/",
            "id": 29935,
            "name": "Mass Effect 3",
            "site_detail_url": "http://www.giantbomb.com/mass-effect-3/3030-29935/"
        },
        {
            "api_detail_url": "http://www.giantbomb.com/api/game/3030-16909/",
            "id": 16909,
            "name": "Mass Effect",
            "site_detail_url": "http://www.giantbomb.com/mass-effect/3030-16909/"
        },
        {
            "api_detail_url": "http://www.giantbomb.com/api/game/3030-24713/",
            "id": 24713,
            "name": "Modern Warfare 2",
            "site_detail_url": "http://www.giantbomb.com/modern-warfare-2/3030-24713/"
        }
    ],
    "gender": 1,
    "hometown": null,
    "id": 61906,
    "name": "Lance Henriksen",
    "people": [
        {
            "api_detail_url": "http://www.giantbomb.com/api/person/3040-7493/",
            "id": 7493,
            "name": "Arnold Schwarzenegger",
            "site_detail_url": "http://www.giantbomb.com/arnold-schwarzenegger/3040-7493/"
        }
    ]
}