{
    "birth_date": "1972-04-03",
    "country": "USA",
    "death_date": null,
    "deck": null,
    "first_credited_game": {
        "api_detail_url": "http://www.giantbomb.com/api/game/3030-11187/",
        "id": 11187,
        "name": "Star Trek: Voyager - Elite Force"
    },
    "games": [
        {
            "api_detail_url": "http://www.giantbomb.com/api/game/3030-18547/",
            "id": 18547,
            "name": "EverQuest II",
            "site_detail_url": "http://www.giantbomb.com/everquest-ii/3030-18547/"
        },
        {
            "api_detail_url": "http://www.giantbomb.com/api/game/3030-25305/",
            "id": 25305,
            "name": "G.I. Joe: The Rise of Cobra",
            "site_detail_url": "http://www.giantbomb.com/gi-joe-the-rise-of-cobra/3030-25305/"
        },
        {
            "api_detail_url": "http://www.giantbomb.com/api/game/3030-20662/",
            "id": 20662,
            "name": "Gears of War 2",
            "site_detail_url": "http://www.giantbomb.com/gears-of-war-2/3030-20662/"
        },
        {
            "api_detail_url": "http://www.giantbomb.com/api/game/3030-11314/",
            "id": 11314,
            "name": "God of War II",
            "site_detail_url": "http://www.giantbomb.com/god-of-war-ii/3030-11314/"
        },
        {
            "api_detail_url": "http://www.giantbomb.com/api/game/3030-12749/",
            "id": 12749,
            "name": "Agatha Christie: Murder on the Orient Express",
            "site_detail_url": "http://www.giantbomb.com/agatha-christie-murder-on-the-orient-express/3030-12749/"
        },
        {
            "api_detail_url": "http://www.giantbomb.com/api/game/3030-7676/",
            "id": 7676,
            "name": "X-Men: Legends II - Rise of Apocalypse",
            "site_detail_url": "http://www.giantbomb.com/x-men-legends-ii-rise-of-apocalypse/3030-7676/"
        },
        {
            "api_detail_url": "http://www.giantbomb.com/api/game/3030-12295/",
            "id": 12295,
            "name": "Law & Order: Criminal Intent",
            "site_detail_url": "http://www.giantbomb.com/law-order-criminal-intent/3030-12295/"
        },
        {
            "api_detail_url": "http://www.giantbomb.com/api/game/3030-13087/",
            "id": 13087,
            "name": "X-Men: Legends",
            "site_detail_url": "http://www.giantbomb.com/x-men-legends/3030-13087/"
        },
        {
            "api_detail_url": "http://www.giantbomb.com/api/game/3030-15509/",
            "id": 15509,
            "name": "Star Trek: Elite Force II",
            "site_detail_url": "http://www.giantbomb.com/star-trek-elite-force-ii/3030-15509/"
        },
        {
            "api_detail_url": "http://www.giantbomb.com/api/game/3030-4170/",
            "id": 4170,
            "name": "Command & Conquer: Renegade",
            "site_detail_url": "http://www.giantbomb.com/command-conquer-renegade/3030-4170/"
        },
        {
            "api_detail_url": "http://www.giantbomb.com/api/game/3030-11187/",
            "id": 11187,
            "name": "Star Trek: Voyager - Elite Force",
            "site_detail_url": "http://www.giantbomb.com/star-trek-voyager-elite-force/3030-11187/"
        },
        {
            "api_detail_url": "http://www.giantbomb.com/api/game/3030-39248/",
            "id": 39248,
            "name": "God of War Saga",
            "site_detail_url": "http://www.giantbomb.com/god-of-war-saga/3030-39248/"
        },
        {
            "api_detail_url": "http://www.giantbomb.com/api/game/3030-16909/",
            "id": 16909,
            "name": "Mass Effect",
            "site_detail_url": "http://www.giantbomb.com/mass-effect/3030-16909/"
        },
        {
            "api_detail_url": "http://www.giantbomb.com/api/game/3030-20667/",
            "id": 20667,
            "name": "Flushed Away",
            "site_detail_url": "http://www.giantbomb.com/flushed-away/3030-20667/"
        }
    ],
    "gender": 2,
    "hometown": null,
    "id": 30510,
    "name": "Leigh-Allyn Baker",
    "people": []
}