{
    "birth_date": "1965-11-12",
    "country": "United States",
    "death_date": null,
    "deck": "Notable voice actor who has lent his talent to dozens of games over the years.",
    "first_credited_game": {
        "api_detail_url": "http://www.giantbomb.com/api/game/3030-18645/",
        "id": 18645,
        "name": "Dragon Ball GT: Final Bout"
    },
    "games": [
        {
            "api_detail_url": "http://www.giantbomb.com/api/game/3030-7338/",
            "id": 7338,
            "name": "Earth Defense Force 2017",
            "site_detail_url": "http://www.giantbomb.com/earth-defense-force-2017/3030-7338/"
        },
        {
            "api_detail_url": "http://www.giantbomb.com/api/game/3030-12099/",
            "id": 12099,
            "name": "Star Ocean: Till the End of Time",
            "site_detail_url": "http://www.giantbomb.com/star-ocean-till-the-end-of-time/3030-12099/"
        },
        {
            "api_detail_url": "http://www.giantbomb.com/api/game/3030-20729/",
            "id": 20729,
            "name": "GRID",
            "site_detail_url": "http://www.giantbomb.com/grid/3030-20729/"
        },
        {
            "api_detail_url": "http://www.giantbomb.com/api/game/3030-259/",
            "id": 259,
            "name": "Grandia III",
            "site_detail_url": "http://www.giantbomb.com/grandia-iii/3030-259/"
        },
        {
            "api_detail_url": "http://www.giantbomb.com/api/game/3030-20816/",
            "id": 20816,
            "name": "Dynasty Warriors 6",
            "site_detail_url": "http://www.giantbomb.com/dynasty-warriors-6/3030-20816/"
        },
        {
            "api_detail_url": "http://www.giantbomb.com/api/game/3030-20557/",
            "id": 20557,
            "name": "Operation Darkness",
            "site_detail_url": "http://www.giantbomb.com/operation-darkness/3030-20557/"
        },
        {
            "api_detail_url": "http://www.giantbomb.com/api/game/3030-7670/",
            "id": 7670,
            "name": "Crash of the Titans",
            "site_detail_url": "http://www.giantbomb.com/crash-of-the-titans/3030-7670/"
        },
        {
            "api_detail_url": "http://www.giantbomb.com/api/game/3030-5552/",
            "id": 5552,
            "name": "Warriors Orochi",
            "site_detail_url": "http://www.giantbomb.com/warriors-orochi/3030-5552/"
        },
        {
            "api_detail_url": "http://www.giantbomb.com/api/game/3030-9503/",
            "id": 9503,
            "name": "Project Sylpheed: Arc of Deception",
            "site_detail_url": "http://www.giantbomb.com/project-sylpheed-arc-of-deception/3030-9503/"
        },
        {
            "api_detail_url": "http://www.giantbomb.com/api/game/3030-1786/",
            "id": 1786,
            "name": "Dynasty Warriors 5: Empires",
            "site_detail_url": "http://www.giantbomb.com/dynasty-warriors-5-empires/3030-1786/"
        },
        {
            "api_detail_url": "http://www.giantbomb.com/api/game/3030-19152/",
            "id": 19152,
            "name": "Suikoden V",
            "site_detail_url": "http://www.giantbomb.com/suikoden-v/3030-19152/"
        },
        {
            "api_detail_url": "http://www.giantbomb.com/api/game/3030-2652/",
            "id": 2652,
            "name": "Disgaea 2: Cursed Memories",
            "site_detail_url": "http://www.giantbomb.com/disgaea-2-cursed-memories/3030-2652/"
        },
        {
            "api_detail_url": "http://www.giantbomb.com/api/game/3030-22045/",
            "id": 22045,
            "name": "Samurai Champloo: Sidetracked",
            "site_detail_url": "http://www.giantbomb.com/samurai-champloo-sidetracked/3030-22045/"
        },
        {
            "api_detail_url": "http://www.giantbomb.com/api/game/3030-4614/",
            "id": 4614,
            "name": "Star Wars: Empire at War",
            "site_detail_url": "http://www.giantbomb.com/star-wars-empire-at-war/3030-4614/"
        },
        {
            "api_detail_url": "http://www.giantbomb.com/api/game/3030-5571/",
            "id": 5571,
            "name": "Dirge of Cerberus: Final Fantasy VII",
            "site_detail_url": "http://www.giantbomb.com/dirge-of-cerberus-final-fantasy-vii/3030-5571/"
        },
        {
            "api_detail_url": "http://www.giantbomb.com/api/game/3030-8600/",
            "id": 8600,
            "name": "Xenosaga: Episode III - Also Sprach Zarathustra",
            "site_detail_url": "http://www.giantbomb.com/xenosaga-episode-iii-also-sprach-zarathustra/3030-8600/"
        },
        {
            "api_detail_url": "http://www.giantbomb.com/api/game/3030-5554/",
            "id": 5554,
            "name": "The Matrix: Path of Neo",
            "site_detail_url": "http://www.giantbomb.com/the-matrix-path-of-neo/3030-5554/"
        },
        {
            "api_detail_url": "http://www.giantbomb.com/api/game/3030-21405/",
            "id": 21405,
            "name": "Crash Tag Team Racing",
            "site_detail_url": "http://www.giantbomb.com/crash-tag-team-racing/3030-21405/"
        },
        {
            "api_detail_url": "http://www.giantbomb.com/api/game/3030-21677/",
            "id": 21677,
            "name": "Eureka Seven Vol. 1: The New Wave",
            "site_detail_url": "http://www.giantbomb.com/eureka-seven-vol-1-the-new-wave/3030-21677/"
        },
        {
            "api_detail_url": "http://www.giantbomb.com/api/game/3030-18607/",
            "id": 18607,
            "name": "Dungeons & Dragons: Dragonshard",
            "site_detail_url": "http://www.giantbomb.com/dungeons-dragons-dragonshard/3030-18607/"
        },
        {
            "api_detail_url": "http://www.giantbomb.com/api/game/3030-21741/",
            "id": 21741,
            "name": "Dynasty Warriors 5: Xtreme Legends",
            "site_detail_url": "http://www.giantbomb.com/dynasty-warriors-5-xtreme-legends/3030-21741/"
        },
        {
            "api_detail_url": "http://www.giantbomb.com/api/game/3030-7087/",
            "id": 7087,
            "name": "Steambot Chronicles",
            "site_detail_url": "http://www.giantbomb.com/steambot-chronicles/3030-7087/"
        },
        {
            "api_detail_url": "http://www.giantbomb.com/api/game/3030-12835/",
            "id": 12835,
            "name": "Fantastic 4",
            "site_detail_url": "http://www.giantbomb.com/fantastic-4/3030-12835/"
        },
        {
            "api_detail_url": "http://www.giantbomb.com/api/game/3030-2842/",
            "id": 2842,
            "name": "Haunting Ground",
            "site_detail_url": "http://www.giantbomb.com/haunting-ground/3030-2842/"
        },
        {
            "api_detail_url": "http://www.giantbomb.com/api/game/3030-3757/",
            "id": 3757,
            "name": "Dynasty Warriors 5",
            "site_detail_url": "http://www.giantbomb.com/dynasty-warriors-5/3030-3757/"
        },
        {
            "api_detail_url": "http://www.giantbomb.com/api/game/3030-15394/",
            "id": 15394,
            "name": "Death by Degrees",
            "site_detail_url": "http://www.giantbomb.com/death-by-degrees/3030-15394/"
        },
        {
            "api_detail_url": "http://www.giantbomb.com/api/game/3030-7633/",
            "id": 7633,
            "name": "Mercenaries: Playground of Destruction",
            "site_detail_url": "http://www.giantbomb.com/mercenaries-playground-of-destruction/3030-7633/"
        },
        {
            "api_detail_url": "http://www.giantbomb.com/api/game/3030-8852/",
            "id": 8852,
            "name": "Star Wars: Knights of the Old Republic II - The Sith Lords",
            "site_detail_url": "http://www.giantbomb.com/star-wars-knights-of-the-old-republic-ii-the-sith-/3030-8852/"
        },
        {
            "api_detail_url": "http://www.giantbomb.com/api/game/3030-14827/",
            "id": 14827,
            "name": "Ace Combat 5: The Unsung War",
            "site_detail_url": "http://www.giantbomb.com/ace-combat-5-the-unsung-war/3030-14827/"
        },
        {
            "api_detail_url": "http://www.giantbomb.com/api/game/3030-14790/",
            "id": 14790,
            "name": "Crash Twinsanity",
            "site_detail_url": "http://www.giantbomb.com/crash-twinsanity/3030-14790/"
        },
        {
            "api_detail_url": "http://www.giantbomb.com/api/game/3030-23197/",
            "id": 23197,
            "name": "Samurai Warriors: Xtreme Legends",
            "site_detail_url": "http://www.giantbomb.com/samurai-warriors-xtreme-legends/3030-23197/"
        },
        {
            "api_detail_url": "http://www.giantbomb.com/api/game/3030-3988/",
            "id": 3988,
            "name": "Shin Megami Tensei: Digital Devil Saga",
            "site_detail_url": "http://www.giantbomb.com/shin-megami-tensei-digital-devil-saga/3030-3988/"
        },
        {
            "api_detail_url": "http://www.giantbomb.com/api/game/3030-15050/",
            "id": 15050,
            "name": "Atelier Iris: Eternal Mana",
            "site_detail_url": "http://www.giantbomb.com/atelier-iris-eternal-mana/3030-15050/"
        },
        {
            "api_detail_url": "http://www.giantbomb.com/api/game/3030-6730/",
            "id": 6730,
            "name": "Painkiller",
            "site_detail_url": "http://www.giantbomb.com/painkiller/3030-6730/"
        },
        {
            "api_detail_url": "http://www.giantbomb.com/api/game/3030-10139/",
            "id": 10139,
            "name": "Samurai Warriors",
            "site_detail_url": "http://www.giantbomb.com/samurai-warriors/3030-10139/"
        },
        {
            "api_detail_url": "http://www.giantbomb.com/api/game/3030-13385/",
            "id": 13385,
            "name": "Breakdown",
            "site_detail_url": "http://www.giantbomb.com/breakdown/3030-13385/"
        },
        {
            "api_detail_url": "http://www.giantbomb.com/api/game/3030-3731/",
            "id": 3731,
            "name": "Phantom Brave",
            "site_detail_url": "http://www.giantbomb.com/phantom-brave/3030-3731/"
        },
        {
            "api_detail_url": "http://www.giantbomb.com/api/game/3030-9969/",
            "id": 9969,
            "name": "Full Spectrum Warrior",
            "site_detail_url": "http://www.giantbomb.com/full-spectrum-warrior/3030-9969/"
        },
        {
            "api_detail_url": "http://www.giantbomb.com/api/game/3030-15936/",
            "id": 15936,
            "name": "Lords of EverQuest",
            "site_detail_url": "http://www.giantbomb.com/lords-of-everquest/3030-15936/"
        },
        {
            "api_detail_url": "http://www.giantbomb.com/api/game/3030-23220/",
            "id": 23220,
            "name": "Naruto: Ultimate Ninja",
            "site_detail_url": "http://www.giantbomb.com/naruto-ultimate-ninja/3030-23220/"
        },
        {
            "api_detail_url": "http://www.giantbomb.com/api/game/3030-4108/",
            "id": 4108,
            "name": "Star Wars: Rogue Squadron III - Rebel Strike",
            "site_detail_url": "http://www.giantbomb.com/star-wars-rogue-squadron-iii-rebel-strike/3030-4108/"
        },
        {
            "api_detail_url": "http://www.giantbomb.com/api/game/3030-21742/",
            "id": 21742,
            "name": "Dynasty Warriors 4: Xtreme Legends",
            "site_detail_url": "http://www.giantbomb.com/dynasty-warriors-4-xtreme-legends/3030-21742/"
        },
        {
            "api_detail_url": "http://www.giantbomb.com/api/game/3030-7757/",
            "id": 7757,
            "name": "Lionheart: Legacy of the Crusader",
            "site_detail_url": "http://www.giantbomb.com/lionheart-legacy-of-the-crusader/3030-7757/"
        },
        {
            "api_detail_url": "http://www.giantbomb.com/api/game/3030-12585/",
            "id": 12585,
            "name": "Dynasty Tactics 2",
            "site_detail_url": "http://www.giantbomb.com/dynasty-tactics-2/3030-12585/"
        },
        {
            "api_detail_url": "http://www.giantbomb.com/api/game/3030-15509/",
            "id": 15509,
            "name": "Star Trek: Elite Force II",
            "site_detail_url": "http://www.giantbomb.com/star-trek-elite-force-ii/3030-15509/"
        },
        {
            "api_detail_url": "http://www.giantbomb.com/api/game/3030-13921/",
            "id": 13921,
            "name": ".hack//QUARANTINE - Part 4",
            "site_detail_url": "http://www.giantbomb.com/hackquarantine-part-4/3030-13921/"
        },
        {
            "api_detail_url": "http://www.giantbomb.com/api/game/3030-6597/",
            "id": 6597,
            "name": "Dynasty Warriors 4",
            "site_detail_url": "http://www.giantbomb.com/dynasty-warriors-4/3030-6597/"
        },
        {
            "api_detail_url": "http://www.giantbomb.com/api/game/3030-17677/",
            "id": 17677,
            "name": "The Lord of the Rings: War of the Ring",
            "site_detail_url": "http://www.giantbomb.com/the-lord-of-the-rings-war-of-the-ring/3030-17677/"
        },
        {
            "api_detail_url": "http://www.giantbomb.com/api/game/3030-2038/",
            "id": 2038,
            "name": ".hack//OUTBREAK - Part 3",
            "site_detail_url": "http://www.giantbomb.com/hackoutbreak-part-3/3030-2038/"
        },
        {
            "api_detail_url": "http://www.giantbomb.com/api/game/3030-12021/",
            "id": 12021,
            "name": ".hack//MUTATION - Part 2",
            "site_detail_url": "http://www.giantbomb.com/hackmutation-part-2/3030-12021/"
        },
        {
            "api_detail_url": "http://www.giantbomb.com/api/game/3030-10287/",
            "id": 10287,
            "name": ".hack//INFECTION - Part 1",
            "site_detail_url": "http://www.giantbomb.com/hackinfection-part-1/3030-10287/"
        },
        {
            "api_detail_url": "http://www.giantbomb.com/api/game/3030-9091/",
            "id": 9091,
            "name": "Bloody Roar Extreme",
            "site_detail_url": "http://www.giantbomb.com/bloody-roar-extreme/3030-9091/"
        },
        {
            "api_detail_url": "http://www.giantbomb.com/api/game/3030-718/",
            "id": 718,
            "name": "Galerians: Ash",
            "site_detail_url": "http://www.giantbomb.com/galerians-ash/3030-718/"
        },
        {
            "api_detail_url": "http://www.giantbomb.com/api/game/3030-10692/",
            "id": 10692,
            "name": "Heroes of Might and Magic IV",
            "site_detail_url": "http://www.giantbomb.com/heroes-of-might-and-magic-iv/3030-10692/"
        },
        {
            "api_detail_url": "http://www.giantbomb.com/api/game/3030-6976/",
            "id": 6976,
            "name": "Kessen II",
            "site_detail_url": "http://www.giantbomb.com/kessen-ii/3030-6976/"
        },
        {
            "api_detail_url": "http://www.giantbomb.com/api/game/3030-11396/",
            "id": 11396,
            "name": "Might and Magic IX",
            "site_detail_url": "http://www.giantbomb.com/might-and-magic-ix/3030-11396/"
        },
        {
            "api_detail_url": "http://www.giantbomb.com/api/game/3030-20336/",
            "id": 20336,
            "name": "Xenosaga: Episode I - Der Wille zur Macht",
            "site_detail_url": "http://www.giantbomb.com/xenosaga-episode-i-der-wille-zur-macht/3030-20336/"
        },
        {
            "api_detail_url": "http://www.giantbomb.com/api/game/3030-11796/",
            "id": 11796,
            "name": "Star Trek: Armada II",
            "site_detail_url": "http://www.giantbomb.com/star-trek-armada-ii/3030-11796/"
        },
        {
            "api_detail_url": "http://www.giantbomb.com/api/game/3030-11144/",
            "id": 11144,
            "name": "Legends of Might and Magic",
            "site_detail_url": "http://www.giantbomb.com/legends-of-might-and-magic/3030-11144/"
        },
        {
            "api_detail_url": "http://www.giantbomb.com/api/game/3030-17000/",
            "id": 17000,
            "name": "Fear Effect 2: Retro Helix",
            "site_detail_url": "http://www.giantbomb.com/fear-effect-2-retro-helix/3030-17000/"
        },
        {
            "api_detail_url": "http://www.giantbomb.com/api/game/3030-20121/",
            "id": 20121,
            "name": "Star Trek: Klingon Academy",
            "site_detail_url": "http://www.giantbomb.com/star-trek-klingon-academy/3030-20121/"
        },
        {
            "api_detail_url": "http://www.giantbomb.com/api/game/3030-4398/",
            "id": 4398,
            "name": "Might and Magic VII: For Blood and Honor",
            "site_detail_url": "http://www.giantbomb.com/might-and-magic-vii-for-blood-and-honor/3030-4398/"
        },
        {
            "api_detail_url": "http://www.giantbomb.com/api/game/3030-6226/",
            "id": 6226,
            "name": "Bushido Blade 2",
            "site_detail_url": "http://www.giantbomb.com/bushido-blade-2/3030-6226/"
        },
        {
            "api_detail_url": "http://www.giantbomb.com/api/game/3030-18645/",
            "id": 18645,
            "name": "Dragon Ball GT: Final Bout",
            "site_detail_url": "http://www.giantbomb.com/dragon-ball-gt-final-bout/3030-18645/"
        },
        {
            "api_detail_url": "http://www.giantbomb.com/api/game/3030-11223/",
            "id": 11223,
            "name": "Starship Troopers",
            "site_detail_url": "http://www.giantbomb.com/starship-troopers/3030-11223/"
        },
        {
            "api_detail_url": "http://www.giantbomb.com/api/game/3030-18303/",
            "id": 18303,
            "name": "Naruto: Ultimate Ninja 2",
            "site_detail_url": "http://www.giantbomb.com/naruto-ultimate-ninja-2/3030-18303/"
        },
        {
            "api_detail_url": "http://www.giantbomb.com/api/game/3030-20817/",
            "id": 20817,
            "name": "Crash: Mind Over Mutant",
            "site_detail_url": "http://www.giantbomb.com/crash-mind-over-mutant/3030-20817/"
        },
        {
            "api_detail_url": "http://www.giantbomb.com/api/game/3030-21616/",
            "id": 21616,
            "name": "The Saboteur",
            "site_detail_url": "http://www.giantbomb.com/the-saboteur/3030-21616/"
        },
        {
            "api_detail_url": "http://www.giantbomb.com/api/game/3030-21590/",
            "id": 21590,
            "name": "Mass Effect 2",
            "site_detail_url": "http://www.giantbomb.com/mass-effect-2/3030-21590/"
        },
        {
            "api_detail_url": "http://www.giantbomb.com/api/game/3030-34776/",
            "id": 34776,
            "name": "Dragon's Dogma",
            "site_detail_url": "http://www.giantbomb.com/dragons-dogma/3030-34776/"
        },
        {
            "api_detail_url": "http://www.giantbomb.com/api/game/3030-29036/",
            "id": 29036,
            "name": "Fist of the North Star:  Ken's Rage",
            "site_detail_url": "http://www.giantbomb.com/fist-of-the-north-star-kens-rage/3030-29036/"
        },
        {
            "api_detail_url": "http://www.giantbomb.com/api/game/3030-38390/",
            "id": 38390,
            "name": "The Cave",
            "site_detail_url": "http://www.giantbomb.com/the-cave/3030-38390/"
        },
        {
            "api_detail_url": "http://www.giantbomb.com/api/game/3030-32695/",
            "id": 32695,
            "name": "Steel Battalion: Heavy Armor",
            "site_detail_url": "http://www.giantbomb.com/steel-battalion-heavy-armor/3030-32695/"
        },
        {
            "api_detail_url": "http://www.giantbomb.com/api/game/3030-38694/",
            "id": 38694,
            "name": "Earth Defense Force 2017 Portable",
            "site_detail_url": "http://www.giantbomb.com/earth-defense-force-2017-portable/3030-38694/"
        },
        {
            "api_detail_url": "http://www.giantbomb.com/api/game/3030-35003/",
            "id": 35003,
            "name": "Marvel Heroes 2016",
            "site_detail_url": "http://www.giantbomb.com/marvel-heroes-2016/3030-35003/"
        },
        {
            "api_detail_url": "http://www.giantbomb.com/api/game/3030-20626/",
            "id": 20626,
            "name": "Star Wars: The Force Unleashed",
            "site_detail_url": "http://www.giantbomb.com/star-wars-the-force-unleashed/3030-20626/"
        },
        {
            "api_detail_url": "http://www.giantbomb.com/api/game/3030-16909/",
            "id": 16909,
            "name": "Mass Effect",
            "site_detail_url": "http://www.giantbomb.com/mass-effect/3030-16909/"
        },
        {
            "api_detail_url": "http://www.giantbomb.com/api/game/3030-22979/",
            "id": 22979,
            "name": "Dark Horizon",
            "site_detail_url": "http://www.giantbomb.com/dark-horizon/3030-22979/"
        },
        {
            "api_detail_url": "http://www.giantbomb.com/api/game/3030-20928/",
            "id": 20928,
            "name": "Golden Axe: Beast Rider",
            "site_detail_url": "http://www.giantbomb.com/golden-axe-beast-rider/3030-20928/"
        },
        {
            "api_detail_url": "http://www.giantbomb.com/api/game/3030-45577/",
            "id": 45577,
            "name": "Batman: Arkham Knight",
            "site_detail_url": "http://www.giantbomb.com/batman-arkham-knight/3030-45577/"
        },
        {
            "api_detail_url": "http://www.giantbomb.com/api/game/3030-42746/",
            "id": 42746,
            "name": "Adventure Time: Explore the Dungeon Because I DON\u2019T KNOW!",
            "site_detail_url": "http://www.giantbomb.com/adventure-time-explore-the-dungeon-because-i-don-t/3030-42746/"
        }
    ],
    "gender": 1,
    "hometown": "Hollywood, CA",
    "id": 56612,
    "name": "Lex Lang",
    "people": []
}