{
    "birth_date": null,
    "country": null,
    "death_date": null,
    "deck": null,
    "first_credited_game": {
        "api_detail_url": "http://www.giantbomb.com/api/game/3030-10637/",
        "id": 10637,
        "name": "Baldur's Gate II: Shadows of Amn"
    },
    "games": [
        {
            "api_detail_url": "http://www.giantbomb.com/api/game/3030-10637/",
            "id": 10637,
            "name": "Baldur's Gate II: Shadows of Amn",
            "site_detail_url": "http://www.giantbomb.com/baldurs-gate-ii-shadows-of-amn/3030-10637/"
        },
        {
            "api_detail_url": "http://www.giantbomb.com/api/game/3030-18741/",
            "id": 18741,
            "name": "Star Wars: Knights of the Old Republic",
            "site_detail_url": "http://www.giantbomb.com/star-wars-knights-of-the-old-republic/3030-18741/"
        },
        {
            "api_detail_url": "http://www.giantbomb.com/api/game/3030-9953/",
            "id": 9953,
            "name": "Neverwinter Nights",
            "site_detail_url": "http://www.giantbomb.com/neverwinter-nights/3030-9953/"
        },
        {
            "api_detail_url": "http://www.giantbomb.com/api/game/3030-46081/",
            "id": 46081,
            "name": "RocketsRocketsRockets",
            "site_detail_url": "http://www.giantbomb.com/rockets-rockets-rockets/3030-46081/"
        },
        {
            "api_detail_url": "http://www.giantbomb.com/api/game/3030-51328/",
            "id": 51328,
            "name": "Big Win Basketball",
            "site_detail_url": "http://www.giantbomb.com/big-win-basketball/3030-51328/"
        },
        {
            "api_detail_url": "http://www.giantbomb.com/api/game/3030-51331/",
            "id": 51331,
            "name": "Big Win NHL",
            "site_detail_url": "http://www.giantbomb.com/big-win-nhl/3030-51331/"
        },
        {
            "api_detail_url": "http://www.giantbomb.com/api/game/3030-51326/",
            "id": 51326,
            "name": "Big Win Hockey",
            "site_detail_url": "http://www.giantbomb.com/big-win-hockey/3030-51326/"
        },
        {
            "api_detail_url": "http://www.giantbomb.com/api/game/3030-51343/",
            "id": 51343,
            "name": "Big Win Baseball",
            "site_detail_url": "http://www.giantbomb.com/big-win-baseball/3030-51343/"
        }
    ],
    "gender": 2,
    "hometown": null,
    "id": 29954,
    "name": "Lindsay Jorgensen",
    "people": []
}