{
    "birth_date": null,
    "country": null,
    "death_date": null,
    "deck": null,
    "first_credited_game": {
        "api_detail_url": "http://www.giantbomb.com/api/game/3030-10637/",
        "id": 10637,
        "name": "Baldur's Gate II: Shadows of Amn"
    },
    "games": [
        {
            "api_detail_url": "http://www.giantbomb.com/api/game/3030-9061/",
            "id": 9061,
            "name": "Neverwinter Nights 2",
            "site_detail_url": "http://www.giantbomb.com/neverwinter-nights-2/3030-9061/"
        },
        {
            "api_detail_url": "http://www.giantbomb.com/api/game/3030-10637/",
            "id": 10637,
            "name": "Baldur's Gate II: Shadows of Amn",
            "site_detail_url": "http://www.giantbomb.com/baldurs-gate-ii-shadows-of-amn/3030-10637/"
        },
        {
            "api_detail_url": "http://www.giantbomb.com/api/game/3030-9953/",
            "id": 9953,
            "name": "Neverwinter Nights",
            "site_detail_url": "http://www.giantbomb.com/neverwinter-nights/3030-9953/"
        },
        {
            "api_detail_url": "http://www.giantbomb.com/api/game/3030-20521/",
            "id": 20521,
            "name": "Halo Wars",
            "site_detail_url": "http://www.giantbomb.com/halo-wars/3030-20521/"
        }
    ],
    "gender": 1,
    "hometown": null,
    "id": 12794,
    "name": "Marc Holmes",
    "people": []
}