{
    "birth_date": "1955-03-29",
    "country": "England",
    "death_date": null,
    "deck": "British-American actress known for protraying Counselor Deanna Troi in Star Trek: The Next Generation television show and movies. She has also voice acted for several games, including as Matriarch Benezia in Mass Effect.",
    "first_credited_game": {
        "api_detail_url": "http://www.giantbomb.com/api/game/3030-28812/",
        "id": 28812,
        "name": "Star Trek: The Next Generation"
    },
    "games": [
        {
            "api_detail_url": "http://www.giantbomb.com/api/game/3030-14981/",
            "id": 14981,
            "name": "Star Trek: Generations",
            "site_detail_url": "http://www.giantbomb.com/star-trek-generations/3030-14981/"
        },
        {
            "api_detail_url": "http://www.giantbomb.com/api/game/3030-8028/",
            "id": 8028,
            "name": "Star Trek: The Next Generation - A Final Unity",
            "site_detail_url": "http://www.giantbomb.com/star-trek-the-next-generation-a-final-unity/3030-8028/"
        },
        {
            "api_detail_url": "http://www.giantbomb.com/api/game/3030-16909/",
            "id": 16909,
            "name": "Mass Effect",
            "site_detail_url": "http://www.giantbomb.com/mass-effect/3030-16909/"
        },
        {
            "api_detail_url": "http://www.giantbomb.com/api/game/3030-28812/",
            "id": 28812,
            "name": "Star Trek: The Next Generation",
            "site_detail_url": "http://www.giantbomb.com/star-trek-the-next-generation/3030-28812/"
        }
    ],
    "gender": 2,
    "hometown": "London",
    "id": 19668,
    "name": "Marina Sirtis",
    "people": []
}