{
    "birth_date": null,
    "country": null,
    "death_date": null,
    "deck": null,
    "first_credited_game": {
        "api_detail_url": "http://www.giantbomb.com/api/game/3030-2614/",
        "id": 2614,
        "name": "The Dig"
    },
    "games": [
        {
            "api_detail_url": "http://www.giantbomb.com/api/game/3030-2614/",
            "id": 2614,
            "name": "The Dig",
            "site_detail_url": "http://www.giantbomb.com/the-dig/3030-2614/"
        },
        {
            "api_detail_url": "http://www.giantbomb.com/api/game/3030-8890/",
            "id": 8890,
            "name": "Icewind Dale II",
            "site_detail_url": "http://www.giantbomb.com/icewind-dale-ii/3030-8890/"
        },
        {
            "api_detail_url": "http://www.giantbomb.com/api/game/3030-5550/",
            "id": 5550,
            "name": "Command & Conquer: Yuri's Revenge",
            "site_detail_url": "http://www.giantbomb.com/command-conquer-yuris-revenge/3030-5550/"
        },
        {
            "api_detail_url": "http://www.giantbomb.com/api/game/3030-18110/",
            "id": 18110,
            "name": "Guild Wars: Eye of the North",
            "site_detail_url": "http://www.giantbomb.com/guild-wars-eye-of-the-north/3030-18110/"
        },
        {
            "api_detail_url": "http://www.giantbomb.com/api/game/3030-3080/",
            "id": 3080,
            "name": "Rise of the Kasai",
            "site_detail_url": "http://www.giantbomb.com/rise-of-the-kasai/3030-3080/"
        },
        {
            "api_detail_url": "http://www.giantbomb.com/api/game/3030-2077/",
            "id": 2077,
            "name": "The Mark of Kri",
            "site_detail_url": "http://www.giantbomb.com/the-mark-of-kri/3030-2077/"
        },
        {
            "api_detail_url": "http://www.giantbomb.com/api/game/3030-15885/",
            "id": 15885,
            "name": "Earth & Beyond",
            "site_detail_url": "http://www.giantbomb.com/earth-beyond/3030-15885/"
        },
        {
            "api_detail_url": "http://www.giantbomb.com/api/game/3030-4170/",
            "id": 4170,
            "name": "Command & Conquer: Renegade",
            "site_detail_url": "http://www.giantbomb.com/command-conquer-renegade/3030-4170/"
        },
        {
            "api_detail_url": "http://www.giantbomb.com/api/game/3030-4505/",
            "id": 4505,
            "name": "Vampire: The Masquerade - Redemption",
            "site_detail_url": "http://www.giantbomb.com/vampire-the-masquerade-redemption/3030-4505/"
        },
        {
            "api_detail_url": "http://www.giantbomb.com/api/game/3030-10187/",
            "id": 10187,
            "name": "Zork Nemesis: The Forbidden Lands",
            "site_detail_url": "http://www.giantbomb.com/zork-nemesis-the-forbidden-lands/3030-10187/"
        },
        {
            "api_detail_url": "http://www.giantbomb.com/api/game/3030-15384/",
            "id": 15384,
            "name": "Ground Control: Dark Conspiracy",
            "site_detail_url": "http://www.giantbomb.com/ground-control-dark-conspiracy/3030-15384/"
        },
        {
            "api_detail_url": "http://www.giantbomb.com/api/game/3030-16909/",
            "id": 16909,
            "name": "Mass Effect",
            "site_detail_url": "http://www.giantbomb.com/mass-effect/3030-16909/"
        }
    ],
    "gender": 2,
    "hometown": null,
    "id": 10632,
    "name": "Mari Weiss",
    "people": []
}