{
    "birth_date": null,
    "country": "Canada",
    "death_date": null,
    "deck": "Mark Meer is a Canadian  voice actor and is largely known for his work as Commander Shepard in the Mass Effect series.",
    "first_credited_game": {
        "api_detail_url": "http://www.giantbomb.com/api/game/3030-10637/",
        "id": 10637,
        "name": "Baldur's Gate II: Shadows of Amn"
    },
    "games": [
        {
            "api_detail_url": "http://www.giantbomb.com/api/game/3030-8580/",
            "id": 8580,
            "name": "Jade Empire",
            "site_detail_url": "http://www.giantbomb.com/jade-empire/3030-8580/"
        },
        {
            "api_detail_url": "http://www.giantbomb.com/api/game/3030-21590/",
            "id": 21590,
            "name": "Mass Effect 2",
            "site_detail_url": "http://www.giantbomb.com/mass-effect-2/3030-21590/"
        },
        {
            "api_detail_url": "http://www.giantbomb.com/api/game/3030-4452/",
            "id": 4452,
            "name": "Neverwinter Nights: Hordes of the Underdark",
            "site_detail_url": "http://www.giantbomb.com/neverwinter-nights-hordes-of-the-underdark/3030-4452/"
        },
        {
            "api_detail_url": "http://www.giantbomb.com/api/game/3030-10637/",
            "id": 10637,
            "name": "Baldur's Gate II: Shadows of Amn",
            "site_detail_url": "http://www.giantbomb.com/baldurs-gate-ii-shadows-of-amn/3030-10637/"
        },
        {
            "api_detail_url": "http://www.giantbomb.com/api/game/3030-29675/",
            "id": 29675,
            "name": "Dragon Age: Origins - Awakening",
            "site_detail_url": "http://www.giantbomb.com/dragon-age-origins-awakening/3030-29675/"
        },
        {
            "api_detail_url": "http://www.giantbomb.com/api/game/3030-6795/",
            "id": 6795,
            "name": "Baldur's Gate II: Throne of Bhaal",
            "site_detail_url": "http://www.giantbomb.com/baldurs-gate-ii-throne-of-bhaal/3030-6795/"
        },
        {
            "api_detail_url": "http://www.giantbomb.com/api/game/3030-20738/",
            "id": 20738,
            "name": "Dragon Age: Origins",
            "site_detail_url": "http://www.giantbomb.com/dragon-age-origins/3030-20738/"
        },
        {
            "api_detail_url": "http://www.giantbomb.com/api/game/3030-29935/",
            "id": 29935,
            "name": "Mass Effect 3",
            "site_detail_url": "http://www.giantbomb.com/mass-effect-3/3030-29935/"
        },
        {
            "api_detail_url": "http://www.giantbomb.com/api/game/3030-16909/",
            "id": 16909,
            "name": "Mass Effect",
            "site_detail_url": "http://www.giantbomb.com/mass-effect/3030-16909/"
        }
    ],
    "gender": 1,
    "hometown": null,
    "id": 46807,
    "name": "Mark Meer",
    "people": []
}