{
    "birth_date": null,
    "country": "Canada",
    "death_date": null,
    "deck": "Actress who has lent her voice to a fair number of noteworthy titles.",
    "first_credited_game": {
        "api_detail_url": "http://www.giantbomb.com/api/game/3030-12882/",
        "id": 12882,
        "name": "Animorphs: Know the Secret"
    },
    "games": [
        {
            "api_detail_url": "http://www.giantbomb.com/api/game/3030-8580/",
            "id": 8580,
            "name": "Jade Empire",
            "site_detail_url": "http://www.giantbomb.com/jade-empire/3030-8580/"
        },
        {
            "api_detail_url": "http://www.giantbomb.com/api/game/3030-16202/",
            "id": 16202,
            "name": "Dead or Alive: Xtreme 2",
            "site_detail_url": "http://www.giantbomb.com/dead-or-alive-xtreme-2/3030-16202/"
        },
        {
            "api_detail_url": "http://www.giantbomb.com/api/game/3030-20679/",
            "id": 20679,
            "name": "Saints Row 2",
            "site_detail_url": "http://www.giantbomb.com/saints-row-2/3030-20679/"
        },
        {
            "api_detail_url": "http://www.giantbomb.com/api/game/3030-5614/",
            "id": 5614,
            "name": "Spider-Man 3",
            "site_detail_url": "http://www.giantbomb.com/spider-man-3/3030-5614/"
        },
        {
            "api_detail_url": "http://www.giantbomb.com/api/game/3030-17675/",
            "id": 17675,
            "name": "Armored Core 4",
            "site_detail_url": "http://www.giantbomb.com/armored-core-4/3030-17675/"
        },
        {
            "api_detail_url": "http://www.giantbomb.com/api/game/3030-12077/",
            "id": 12077,
            "name": "Tony Hawk's Project 8",
            "site_detail_url": "http://www.giantbomb.com/tony-hawks-project-8/3030-12077/"
        },
        {
            "api_detail_url": "http://www.giantbomb.com/api/game/3030-3345/",
            "id": 3345,
            "name": "True Crime: New York City",
            "site_detail_url": "http://www.giantbomb.com/true-crime-new-york-city/3030-3345/"
        },
        {
            "api_detail_url": "http://www.giantbomb.com/api/game/3030-7676/",
            "id": 7676,
            "name": "X-Men: Legends II - Rise of Apocalypse",
            "site_detail_url": "http://www.giantbomb.com/x-men-legends-ii-rise-of-apocalypse/3030-7676/"
        },
        {
            "api_detail_url": "http://www.giantbomb.com/api/game/3030-1581/",
            "id": 1581,
            "name": "Tom Clancy's Rainbow Six: Lockdown",
            "site_detail_url": "http://www.giantbomb.com/tom-clancys-rainbow-six-lockdown/3030-1581/"
        },
        {
            "api_detail_url": "http://www.giantbomb.com/api/game/3030-13087/",
            "id": 13087,
            "name": "X-Men: Legends",
            "site_detail_url": "http://www.giantbomb.com/x-men-legends/3030-13087/"
        },
        {
            "api_detail_url": "http://www.giantbomb.com/api/game/3030-7932/",
            "id": 7932,
            "name": "DreamWorks' Shark Tale",
            "site_detail_url": "http://www.giantbomb.com/dreamworks-shark-tale/3030-7932/"
        },
        {
            "api_detail_url": "http://www.giantbomb.com/api/game/3030-8652/",
            "id": 8652,
            "name": "Hunter: The Reckoning - Redeemer",
            "site_detail_url": "http://www.giantbomb.com/hunter-the-reckoning-redeemer/3030-8652/"
        },
        {
            "api_detail_url": "http://www.giantbomb.com/api/game/3030-914/",
            "id": 914,
            "name": "Hunter: The Reckoning - Wayward",
            "site_detail_url": "http://www.giantbomb.com/hunter-the-reckoning-wayward/3030-914/"
        },
        {
            "api_detail_url": "http://www.giantbomb.com/api/game/3030-21237/",
            "id": 21237,
            "name": "Tales of Symphonia",
            "site_detail_url": "http://www.giantbomb.com/tales-of-symphonia/3030-21237/"
        },
        {
            "api_detail_url": "http://www.giantbomb.com/api/game/3030-8985/",
            "id": 8985,
            "name": "Final Fantasy X-2",
            "site_detail_url": "http://www.giantbomb.com/final-fantasy-x-2/3030-8985/"
        },
        {
            "api_detail_url": "http://www.giantbomb.com/api/game/3030-10973/",
            "id": 10973,
            "name": "Command & Conquer: Generals",
            "site_detail_url": "http://www.giantbomb.com/command-conquer-generals/3030-10973/"
        },
        {
            "api_detail_url": "http://www.giantbomb.com/api/game/3030-10126/",
            "id": 10126,
            "name": "X-Men: Next Dimension",
            "site_detail_url": "http://www.giantbomb.com/x-men-next-dimension/3030-10126/"
        },
        {
            "api_detail_url": "http://www.giantbomb.com/api/game/3030-4017/",
            "id": 4017,
            "name": "Star Wars: Jedi Starfighter",
            "site_detail_url": "http://www.giantbomb.com/star-wars-jedi-starfighter/3030-4017/"
        },
        {
            "api_detail_url": "http://www.giantbomb.com/api/game/3030-7311/",
            "id": 7311,
            "name": "Star Wars: Obi-Wan",
            "site_detail_url": "http://www.giantbomb.com/star-wars-obi-wan/3030-7311/"
        },
        {
            "api_detail_url": "http://www.giantbomb.com/api/game/3030-20971/",
            "id": 20971,
            "name": "Valkyria Chronicles",
            "site_detail_url": "http://www.giantbomb.com/valkyria-chronicles/3030-20971/"
        },
        {
            "api_detail_url": "http://www.giantbomb.com/api/game/3030-24035/",
            "id": 24035,
            "name": "Halo 3: ODST",
            "site_detail_url": "http://www.giantbomb.com/halo-3-odst/3030-24035/"
        },
        {
            "api_detail_url": "http://www.giantbomb.com/api/game/3030-33883/",
            "id": 33883,
            "name": "Final Fantasy XIII-2",
            "site_detail_url": "http://www.giantbomb.com/final-fantasy-xiii-2/3030-33883/"
        },
        {
            "api_detail_url": "http://www.giantbomb.com/api/game/3030-12882/",
            "id": 12882,
            "name": "Animorphs: Know the Secret",
            "site_detail_url": "http://www.giantbomb.com/animorphs-know-the-secret/3030-12882/"
        },
        {
            "api_detail_url": "http://www.giantbomb.com/api/game/3030-37417/",
            "id": 37417,
            "name": "Skylanders Giants",
            "site_detail_url": "http://www.giantbomb.com/skylanders-giants/3030-37417/"
        },
        {
            "api_detail_url": "http://www.giantbomb.com/api/game/3030-32317/",
            "id": 32317,
            "name": "BioShock Infinite",
            "site_detail_url": "http://www.giantbomb.com/bioshock-infinite/3030-32317/"
        },
        {
            "api_detail_url": "http://www.giantbomb.com/api/game/3030-42245/",
            "id": 42245,
            "name": "Batman: Arkham Origins",
            "site_detail_url": "http://www.giantbomb.com/batman-arkham-origins/3030-42245/"
        },
        {
            "api_detail_url": "http://www.giantbomb.com/api/game/3030-37448/",
            "id": 37448,
            "name": "Broken Age",
            "site_detail_url": "http://www.giantbomb.com/broken-age/3030-37448/"
        },
        {
            "api_detail_url": "http://www.giantbomb.com/api/game/3030-27112/",
            "id": 27112,
            "name": "Prison Break: The Conspiracy",
            "site_detail_url": "http://www.giantbomb.com/prison-break-the-conspiracy/3030-27112/"
        },
        {
            "api_detail_url": "http://www.giantbomb.com/api/game/3030-34012/",
            "id": 34012,
            "name": "Anarchy Reigns",
            "site_detail_url": "http://www.giantbomb.com/anarchy-reigns/3030-34012/"
        }
    ],
    "gender": 2,
    "hometown": "London, Ontario",
    "id": 63587,
    "name": "Masasa Moyo",
    "people": [
        {
            "api_detail_url": "http://www.giantbomb.com/api/person/3040-86436/",
            "id": 86436,
            "name": "Zach Hanks",
            "site_detail_url": "http://www.giantbomb.com/zach-hanks/3040-86436/"
        }
    ]
}