{
    "birth_date": null,
    "country": null,
    "death_date": null,
    "deck": "Matthew Yang King is an actor who has provided voices for several games.",
    "first_credited_game": {
        "api_detail_url": "http://www.giantbomb.com/api/game/3030-14073/",
        "id": 14073,
        "name": "Warcraft III: The Frozen Throne"
    },
    "games": [
        {
            "api_detail_url": "http://www.giantbomb.com/api/game/3030-14073/",
            "id": 14073,
            "name": "Warcraft III: The Frozen Throne",
            "site_detail_url": "http://www.giantbomb.com/warcraft-iii-the-frozen-throne/3030-14073/"
        },
        {
            "api_detail_url": "http://www.giantbomb.com/api/game/3030-20971/",
            "id": 20971,
            "name": "Valkyria Chronicles",
            "site_detail_url": "http://www.giantbomb.com/valkyria-chronicles/3030-20971/"
        },
        {
            "api_detail_url": "http://www.giantbomb.com/api/game/3030-20697/",
            "id": 20697,
            "name": "Mercenaries 2: World in Flames",
            "site_detail_url": "http://www.giantbomb.com/mercenaries-2-world-in-flames/3030-20697/"
        },
        {
            "api_detail_url": "http://www.giantbomb.com/api/game/3030-20599/",
            "id": 20599,
            "name": "inFamous",
            "site_detail_url": "http://www.giantbomb.com/infamous/3030-20599/"
        },
        {
            "api_detail_url": "http://www.giantbomb.com/api/game/3030-21616/",
            "id": 21616,
            "name": "The Saboteur",
            "site_detail_url": "http://www.giantbomb.com/the-saboteur/3030-21616/"
        },
        {
            "api_detail_url": "http://www.giantbomb.com/api/game/3030-36048/",
            "id": 36048,
            "name": "Nicktoons MLB",
            "site_detail_url": "http://www.giantbomb.com/nicktoons-mlb/3030-36048/"
        },
        {
            "api_detail_url": "http://www.giantbomb.com/api/game/3030-32297/",
            "id": 32297,
            "name": "Ace Combat Assault Horizon",
            "site_detail_url": "http://www.giantbomb.com/ace-combat-assault-horizon/3030-32297/"
        },
        {
            "api_detail_url": "http://www.giantbomb.com/api/game/3030-32374/",
            "id": 32374,
            "name": "Might & Magic Heroes VI",
            "site_detail_url": "http://www.giantbomb.com/might-magic-heroes-vi/3030-32374/"
        },
        {
            "api_detail_url": "http://www.giantbomb.com/api/game/3030-33883/",
            "id": 33883,
            "name": "Final Fantasy XIII-2",
            "site_detail_url": "http://www.giantbomb.com/final-fantasy-xiii-2/3030-33883/"
        },
        {
            "api_detail_url": "http://www.giantbomb.com/api/game/3030-37273/",
            "id": 37273,
            "name": "Resident Evil 6",
            "site_detail_url": "http://www.giantbomb.com/resident-evil-6/3030-37273/"
        },
        {
            "api_detail_url": "http://www.giantbomb.com/api/game/3030-37417/",
            "id": 37417,
            "name": "Skylanders Giants",
            "site_detail_url": "http://www.giantbomb.com/skylanders-giants/3030-37417/"
        },
        {
            "api_detail_url": "http://www.giantbomb.com/api/game/3030-32317/",
            "id": 32317,
            "name": "BioShock Infinite",
            "site_detail_url": "http://www.giantbomb.com/bioshock-infinite/3030-32317/"
        },
        {
            "api_detail_url": "http://www.giantbomb.com/api/game/3030-35003/",
            "id": 35003,
            "name": "Marvel Heroes 2016",
            "site_detail_url": "http://www.giantbomb.com/marvel-heroes-2016/3030-35003/"
        },
        {
            "api_detail_url": "http://www.giantbomb.com/api/game/3030-41836/",
            "id": 41836,
            "name": "Teenage Mutant Ninja Turtles: Out of the Shadows",
            "site_detail_url": "http://www.giantbomb.com/teenage-mutant-ninja-turtles-out-of-the-shadows/3030-41836/"
        },
        {
            "api_detail_url": "http://www.giantbomb.com/api/game/3030-20984/",
            "id": 20984,
            "name": "Alpha Protocol",
            "site_detail_url": "http://www.giantbomb.com/alpha-protocol/3030-20984/"
        }
    ],
    "gender": 1,
    "hometown": null,
    "id": 43115,
    "name": "Matthew Yang King",
    "people": []
}