{
    "birth_date": null,
    "country": null,
    "death_date": null,
    "deck": "A member of the video game industry.",
    "first_credited_game": {
        "api_detail_url": "http://www.giantbomb.com/api/game/3030-2573/",
        "id": 2573,
        "name": "Tiger Woods PGA Tour 2001"
    },
    "games": [
        {
            "api_detail_url": "http://www.giantbomb.com/api/game/3030-2628/",
            "id": 2628,
            "name": "Klonoa 2: Dream Champ Tournament",
            "site_detail_url": "http://www.giantbomb.com/klonoa-2-dream-champ-tournament/3030-2628/"
        },
        {
            "api_detail_url": "http://www.giantbomb.com/api/game/3030-2573/",
            "id": 2573,
            "name": "Tiger Woods PGA Tour 2001",
            "site_detail_url": "http://www.giantbomb.com/tiger-woods-pga-tour-2001/3030-2573/"
        },
        {
            "api_detail_url": "http://www.giantbomb.com/api/game/3030-9953/",
            "id": 9953,
            "name": "Neverwinter Nights",
            "site_detail_url": "http://www.giantbomb.com/neverwinter-nights/3030-9953/"
        },
        {
            "api_detail_url": "http://www.giantbomb.com/api/game/3030-21237/",
            "id": 21237,
            "name": "Tales of Symphonia",
            "site_detail_url": "http://www.giantbomb.com/tales-of-symphonia/3030-21237/"
        },
        {
            "api_detail_url": "http://www.giantbomb.com/api/game/3030-1773/",
            "id": 1773,
            "name": "Global Operations",
            "site_detail_url": "http://www.giantbomb.com/global-operations/3030-1773/"
        },
        {
            "api_detail_url": "http://www.giantbomb.com/api/game/3030-1863/",
            "id": 1863,
            "name": "Pac-Pix",
            "site_detail_url": "http://www.giantbomb.com/pac-pix/3030-1863/"
        },
        {
            "api_detail_url": "http://www.giantbomb.com/api/game/3030-30902/",
            "id": 30902,
            "name": "Pac-Man Pinball",
            "site_detail_url": "http://www.giantbomb.com/pac-man-pinball/3030-30902/"
        },
        {
            "api_detail_url": "http://www.giantbomb.com/api/game/3030-15394/",
            "id": 15394,
            "name": "Death by Degrees",
            "site_detail_url": "http://www.giantbomb.com/death-by-degrees/3030-15394/"
        },
        {
            "api_detail_url": "http://www.giantbomb.com/api/game/3030-31470/",
            "id": 31470,
            "name": "Namco Museum: Battle Collection",
            "site_detail_url": "http://www.giantbomb.com/namco-museum-battle-collection/3030-31470/"
        }
    ],
    "gender": 1,
    "hometown": null,
    "id": 35133,
    "name": "Matthew Bragg",
    "people": []
}