{
    "birth_date": null,
    "country": null,
    "death_date": null,
    "deck": null,
    "first_credited_game": {
        "api_detail_url": "http://www.giantbomb.com/api/game/3030-10637/",
        "id": 10637,
        "name": "Baldur's Gate II: Shadows of Amn"
    },
    "games": [
        {
            "api_detail_url": "http://www.giantbomb.com/api/game/3030-10637/",
            "id": 10637,
            "name": "Baldur's Gate II: Shadows of Amn",
            "site_detail_url": "http://www.giantbomb.com/baldurs-gate-ii-shadows-of-amn/3030-10637/"
        },
        {
            "api_detail_url": "http://www.giantbomb.com/api/game/3030-8580/",
            "id": 8580,
            "name": "Jade Empire",
            "site_detail_url": "http://www.giantbomb.com/jade-empire/3030-8580/"
        },
        {
            "api_detail_url": "http://www.giantbomb.com/api/game/3030-9953/",
            "id": 9953,
            "name": "Neverwinter Nights",
            "site_detail_url": "http://www.giantbomb.com/neverwinter-nights/3030-9953/"
        },
        {
            "api_detail_url": "http://www.giantbomb.com/api/game/3030-30995/",
            "id": 30995,
            "name": "Dragon Age II",
            "site_detail_url": "http://www.giantbomb.com/dragon-age-ii/3030-30995/"
        },
        {
            "api_detail_url": "http://www.giantbomb.com/api/game/3030-20738/",
            "id": 20738,
            "name": "Dragon Age: Origins",
            "site_detail_url": "http://www.giantbomb.com/dragon-age-origins/3030-20738/"
        },
        {
            "api_detail_url": "http://www.giantbomb.com/api/game/3030-20521/",
            "id": 20521,
            "name": "Halo Wars",
            "site_detail_url": "http://www.giantbomb.com/halo-wars/3030-20521/"
        }
    ],
    "gender": 1,
    "hometown": null,
    "id": 29946,
    "name": "Matthew Goldman",
    "people": []
}