{
    "birth_date": "1974-12-13",
    "country": "USA",
    "death_date": null,
    "deck": "Matt Atwood started his career at Working Designs where he started as a voice actor, starring as Sven T. Uncommon: https://www.youtube.com/watch?v=VLgK3ZHgNxQ before moving to Capcom as a public relations Manager. He later moved on to Visual Concepts/2K Sports, Nintendo, up to Canada to work for BioWare for a stretch, and now Matt works for a PR firm called Reverb.  He is often called hunkalicious, mainly by one Mr. Gerstmann.",
    "first_credited_game": {
        "api_detail_url": "http://www.giantbomb.com/api/game/3030-17031/",
        "id": 17031,
        "name": "Ghosts 'N Goblins"
    },
    "games": [
        {
            "api_detail_url": "http://www.giantbomb.com/api/game/3030-16647/",
            "id": 16647,
            "name": "Amped 3",
            "site_detail_url": "http://www.giantbomb.com/amped-3/3030-16647/"
        },
        {
            "api_detail_url": "http://www.giantbomb.com/api/game/3030-19029/",
            "id": 19029,
            "name": "Top Spin",
            "site_detail_url": "http://www.giantbomb.com/top-spin/3030-19029/"
        },
        {
            "api_detail_url": "http://www.giantbomb.com/api/game/3030-5892/",
            "id": 5892,
            "name": "ESPN Major League Baseball",
            "site_detail_url": "http://www.giantbomb.com/espn-major-league-baseball/3030-5892/"
        },
        {
            "api_detail_url": "http://www.giantbomb.com/api/game/3030-1395/",
            "id": 1395,
            "name": "ESPN NBA 2K5",
            "site_detail_url": "http://www.giantbomb.com/espn-nba-2k5/3030-1395/"
        },
        {
            "api_detail_url": "http://www.giantbomb.com/api/game/3030-13056/",
            "id": 13056,
            "name": "ESPN NFL 2K5",
            "site_detail_url": "http://www.giantbomb.com/espn-nfl-2k5/3030-13056/"
        },
        {
            "api_detail_url": "http://www.giantbomb.com/api/game/3030-7693/",
            "id": 7693,
            "name": "ESPN NHL 2K5",
            "site_detail_url": "http://www.giantbomb.com/espn-nhl-2k5/3030-7693/"
        },
        {
            "api_detail_url": "http://www.giantbomb.com/api/game/3030-16741/",
            "id": 16741,
            "name": "Devil May Cry 2",
            "site_detail_url": "http://www.giantbomb.com/devil-may-cry-2/3030-16741/"
        },
        {
            "api_detail_url": "http://www.giantbomb.com/api/game/3030-13189/",
            "id": 13189,
            "name": "Mega Man Battle Network 3",
            "site_detail_url": "http://www.giantbomb.com/mega-man-battle-network-3/3030-13189/"
        },
        {
            "api_detail_url": "http://www.giantbomb.com/api/game/3030-6358/",
            "id": 6358,
            "name": "Mega Man Network Transmission",
            "site_detail_url": "http://www.giantbomb.com/mega-man-network-transmission/3030-6358/"
        },
        {
            "api_detail_url": "http://www.giantbomb.com/api/game/3030-16637/",
            "id": 16637,
            "name": "P.N.03",
            "site_detail_url": "http://www.giantbomb.com/pn03/3030-16637/"
        },
        {
            "api_detail_url": "http://www.giantbomb.com/api/game/3030-8675/",
            "id": 8675,
            "name": "Resident Evil: Dead Aim",
            "site_detail_url": "http://www.giantbomb.com/resident-evil-dead-aim/3030-8675/"
        },
        {
            "api_detail_url": "http://www.giantbomb.com/api/game/3030-2755/",
            "id": 2755,
            "name": "Super Puzzle Fighter II Turbo",
            "site_detail_url": "http://www.giantbomb.com/super-puzzle-fighter-ii-turbo/3030-2755/"
        },
        {
            "api_detail_url": "http://www.giantbomb.com/api/game/3030-15876/",
            "id": 15876,
            "name": "Viewtiful Joe",
            "site_detail_url": "http://www.giantbomb.com/viewtiful-joe/3030-15876/"
        },
        {
            "api_detail_url": "http://www.giantbomb.com/api/game/3030-7500/",
            "id": 7500,
            "name": "Dino Stalker",
            "site_detail_url": "http://www.giantbomb.com/dino-stalker/3030-7500/"
        },
        {
            "api_detail_url": "http://www.giantbomb.com/api/game/3030-12675/",
            "id": 12675,
            "name": "Everblue 2",
            "site_detail_url": "http://www.giantbomb.com/everblue-2/3030-12675/"
        },
        {
            "api_detail_url": "http://www.giantbomb.com/api/game/3030-10990/",
            "id": 10990,
            "name": "Genma Onimusha",
            "site_detail_url": "http://www.giantbomb.com/genma-onimusha/3030-10990/"
        },
        {
            "api_detail_url": "http://www.giantbomb.com/api/game/3030-13218/",
            "id": 13218,
            "name": "Mega Man & Bass",
            "site_detail_url": "http://www.giantbomb.com/mega-man-bass/3030-13218/"
        },
        {
            "api_detail_url": "http://www.giantbomb.com/api/game/3030-2731/",
            "id": 2731,
            "name": "Mega Man Zero",
            "site_detail_url": "http://www.giantbomb.com/mega-man-zero/3030-2731/"
        },
        {
            "api_detail_url": "http://www.giantbomb.com/api/game/3030-10247/",
            "id": 10247,
            "name": "Resident Evil 0",
            "site_detail_url": "http://www.giantbomb.com/resident-evil-0/3030-10247/"
        },
        {
            "api_detail_url": "http://www.giantbomb.com/api/game/3030-19245/",
            "id": 19245,
            "name": "Shantae",
            "site_detail_url": "http://www.giantbomb.com/shantae/3030-19245/"
        },
        {
            "api_detail_url": "http://www.giantbomb.com/api/game/3030-15629/",
            "id": 15629,
            "name": "Breath of Fire",
            "site_detail_url": "http://www.giantbomb.com/breath-of-fire/3030-15629/"
        },
        {
            "api_detail_url": "http://www.giantbomb.com/api/game/3030-3093/",
            "id": 3093,
            "name": "Breath of Fire II",
            "site_detail_url": "http://www.giantbomb.com/breath-of-fire-ii/3030-3093/"
        },
        {
            "api_detail_url": "http://www.giantbomb.com/api/game/3030-8492/",
            "id": 8492,
            "name": "Capcom vs. SNK 2: Mark of the Millennium",
            "site_detail_url": "http://www.giantbomb.com/capcom-vs-snk-2-mark-of-the-millennium/3030-8492/"
        },
        {
            "api_detail_url": "http://www.giantbomb.com/api/game/3030-10717/",
            "id": 10717,
            "name": "Maximo: Ghosts to Glory",
            "site_detail_url": "http://www.giantbomb.com/maximo-ghosts-to-glory/3030-10717/"
        },
        {
            "api_detail_url": "http://www.giantbomb.com/api/game/3030-8238/",
            "id": 8238,
            "name": "Mega Man Battle Network",
            "site_detail_url": "http://www.giantbomb.com/mega-man-battle-network/3030-8238/"
        },
        {
            "api_detail_url": "http://www.giantbomb.com/api/game/3030-5113/",
            "id": 5113,
            "name": "Mega Man Battle Network 2",
            "site_detail_url": "http://www.giantbomb.com/mega-man-battle-network-2/3030-5113/"
        },
        {
            "api_detail_url": "http://www.giantbomb.com/api/game/3030-16490/",
            "id": 16490,
            "name": "Mega Man Xtreme 2",
            "site_detail_url": "http://www.giantbomb.com/mega-man-xtreme-2/3030-16490/"
        },
        {
            "api_detail_url": "http://www.giantbomb.com/api/game/3030-15710/",
            "id": 15710,
            "name": "Resident Evil: Gaiden",
            "site_detail_url": "http://www.giantbomb.com/resident-evil-gaiden/3030-15710/"
        },
        {
            "api_detail_url": "http://www.giantbomb.com/api/game/3030-3244/",
            "id": 3244,
            "name": "Toki Tori",
            "site_detail_url": "http://www.giantbomb.com/toki-tori/3030-3244/"
        },
        {
            "api_detail_url": "http://www.giantbomb.com/api/game/3030-3472/",
            "id": 3472,
            "name": "Cannon Spike",
            "site_detail_url": "http://www.giantbomb.com/cannon-spike/3030-3472/"
        },
        {
            "api_detail_url": "http://www.giantbomb.com/api/game/3030-10515/",
            "id": 10515,
            "name": "Magical Tetris Challenge",
            "site_detail_url": "http://www.giantbomb.com/magical-tetris-challenge/3030-10515/"
        },
        {
            "api_detail_url": "http://www.giantbomb.com/api/game/3030-19381/",
            "id": 19381,
            "name": "Mega Man Legends 2",
            "site_detail_url": "http://www.giantbomb.com/mega-man-legends-2/3030-19381/"
        },
        {
            "api_detail_url": "http://www.giantbomb.com/api/game/3030-1405/",
            "id": 1405,
            "name": "Mega Man Xtreme",
            "site_detail_url": "http://www.giantbomb.com/mega-man-xtreme/3030-1405/"
        },
        {
            "api_detail_url": "http://www.giantbomb.com/api/game/3030-5587/",
            "id": 5587,
            "name": "Resident Evil 3: Nemesis",
            "site_detail_url": "http://www.giantbomb.com/resident-evil-3-nemesis/3030-5587/"
        },
        {
            "api_detail_url": "http://www.giantbomb.com/api/game/3030-17031/",
            "id": 17031,
            "name": "Ghosts 'N Goblins",
            "site_detail_url": "http://www.giantbomb.com/ghosts-n-goblins/3030-17031/"
        },
        {
            "api_detail_url": "http://www.giantbomb.com/api/game/3030-15408/",
            "id": 15408,
            "name": "Rival Schools: United by Fate",
            "site_detail_url": "http://www.giantbomb.com/rival-schools-united-by-fate/3030-15408/"
        },
        {
            "api_detail_url": "http://www.giantbomb.com/api/game/3030-1328/",
            "id": 1328,
            "name": "Street Fighter Alpha 3",
            "site_detail_url": "http://www.giantbomb.com/street-fighter-alpha-3/3030-1328/"
        },
        {
            "api_detail_url": "http://www.giantbomb.com/api/game/3030-12151/",
            "id": 12151,
            "name": "Street Fighter Collection 2",
            "site_detail_url": "http://www.giantbomb.com/street-fighter-collection-2/3030-12151/"
        },
        {
            "api_detail_url": "http://www.giantbomb.com/api/game/3030-6756/",
            "id": 6756,
            "name": "Iron Storm",
            "site_detail_url": "http://www.giantbomb.com/iron-storm/3030-6756/"
        },
        {
            "api_detail_url": "http://www.giantbomb.com/api/game/3030-20150/",
            "id": 20150,
            "name": "Shining Wisdom",
            "site_detail_url": "http://www.giantbomb.com/shining-wisdom/3030-20150/"
        },
        {
            "api_detail_url": "http://www.giantbomb.com/api/game/3030-14787/",
            "id": 14787,
            "name": "Popful Mail",
            "site_detail_url": "http://www.giantbomb.com/popful-mail/3030-14787/"
        },
        {
            "api_detail_url": "http://www.giantbomb.com/api/game/3030-20641/",
            "id": 20641,
            "name": "Sonic Chronicles: The Dark Brotherhood",
            "site_detail_url": "http://www.giantbomb.com/sonic-chronicles-the-dark-brotherhood/3030-20641/"
        },
        {
            "api_detail_url": "http://www.giantbomb.com/api/game/3030-21363/",
            "id": 21363,
            "name": "NBA 2K6",
            "site_detail_url": "http://www.giantbomb.com/nba-2k6/3030-21363/"
        },
        {
            "api_detail_url": "http://www.giantbomb.com/api/game/3030-21590/",
            "id": 21590,
            "name": "Mass Effect 2",
            "site_detail_url": "http://www.giantbomb.com/mass-effect-2/3030-21590/"
        },
        {
            "api_detail_url": "http://www.giantbomb.com/api/game/3030-10734/",
            "id": 10734,
            "name": "Heavy Metal Geomatrix",
            "site_detail_url": "http://www.giantbomb.com/heavy-metal-geomatrix/3030-10734/"
        },
        {
            "api_detail_url": "http://www.giantbomb.com/api/game/3030-29675/",
            "id": 29675,
            "name": "Dragon Age: Origins - Awakening",
            "site_detail_url": "http://www.giantbomb.com/dragon-age-origins-awakening/3030-29675/"
        },
        {
            "api_detail_url": "http://www.giantbomb.com/api/game/3030-28173/",
            "id": 28173,
            "name": "Dungeon Explorer II",
            "site_detail_url": "http://www.giantbomb.com/dungeon-explorer-ii/3030-28173/"
        },
        {
            "api_detail_url": "http://www.giantbomb.com/api/game/3030-12423/",
            "id": 12423,
            "name": "College Hoops 2K6",
            "site_detail_url": "http://www.giantbomb.com/college-hoops-2k6/3030-12423/"
        }
    ],
    "gender": 1,
    "hometown": "Orford, NH",
    "id": 4797,
    "name": "Matt Atwood",
    "people": []
}