{
    "birth_date": "1958-03-30",
    "country": "Canada",
    "death_date": null,
    "deck": "Maurice LaMarche is a Canadian voice actor.",
    "first_credited_game": {
        "api_detail_url": "http://www.giantbomb.com/api/game/3030-21174/",
        "id": 21174,
        "name": "Full Throttle"
    },
    "games": [
        {
            "api_detail_url": "http://www.giantbomb.com/api/game/3030-21174/",
            "id": 21174,
            "name": "Full Throttle",
            "site_detail_url": "http://www.giantbomb.com/full-throttle/3030-21174/"
        },
        {
            "api_detail_url": "http://www.giantbomb.com/api/game/3030-19288/",
            "id": 19288,
            "name": "Mortimer and the Riddles of the Medallion",
            "site_detail_url": "http://www.giantbomb.com/mortimer-and-the-riddles-of-the-medallion/3030-19288/"
        },
        {
            "api_detail_url": "http://www.giantbomb.com/api/game/3030-17142/",
            "id": 17142,
            "name": "Descent 3: White Label Edition",
            "site_detail_url": "http://www.giantbomb.com/descent-3-white-label-edition/3030-17142/"
        },
        {
            "api_detail_url": "http://www.giantbomb.com/api/game/3030-10637/",
            "id": 10637,
            "name": "Baldur's Gate II: Shadows of Amn",
            "site_detail_url": "http://www.giantbomb.com/baldurs-gate-ii-shadows-of-amn/3030-10637/"
        },
        {
            "api_detail_url": "http://www.giantbomb.com/api/game/3030-5446/",
            "id": 5446,
            "name": "Bugs Bunny & Taz: Time Busters",
            "site_detail_url": "http://www.giantbomb.com/bugs-bunny-taz-time-busters/3030-5446/"
        },
        {
            "api_detail_url": "http://www.giantbomb.com/api/game/3030-18221/",
            "id": 18221,
            "name": "Looney Tunes Racing",
            "site_detail_url": "http://www.giantbomb.com/looney-tunes-racing/3030-18221/"
        },
        {
            "api_detail_url": "http://www.giantbomb.com/api/game/3030-19319/",
            "id": 19319,
            "name": "Star Trek: Starfleet Command: Orion Pirates",
            "site_detail_url": "http://www.giantbomb.com/star-trek-starfleet-command-orion-pirates/3030-19319/"
        },
        {
            "api_detail_url": "http://www.giantbomb.com/api/game/3030-6610/",
            "id": 6610,
            "name": "Stupid Invaders",
            "site_detail_url": "http://www.giantbomb.com/stupid-invaders/3030-6610/"
        },
        {
            "api_detail_url": "http://www.giantbomb.com/api/game/3030-9876/",
            "id": 9876,
            "name": "Taz: Wanted",
            "site_detail_url": "http://www.giantbomb.com/taz-wanted/3030-9876/"
        },
        {
            "api_detail_url": "http://www.giantbomb.com/api/game/3030-5565/",
            "id": 5565,
            "name": "Freelancer",
            "site_detail_url": "http://www.giantbomb.com/freelancer/3030-5565/"
        },
        {
            "api_detail_url": "http://www.giantbomb.com/api/game/3030-5899/",
            "id": 5899,
            "name": "Futurama",
            "site_detail_url": "http://www.giantbomb.com/futurama/3030-5899/"
        },
        {
            "api_detail_url": "http://www.giantbomb.com/api/game/3030-18376/",
            "id": 18376,
            "name": "Looney Tunes Back in Action",
            "site_detail_url": "http://www.giantbomb.com/looney-tunes-back-in-action/3030-18376/"
        },
        {
            "api_detail_url": "http://www.giantbomb.com/api/game/3030-2522/",
            "id": 2522,
            "name": "Xiaolin Showdown",
            "site_detail_url": "http://www.giantbomb.com/xiaolin-showdown/3030-2522/"
        },
        {
            "api_detail_url": "http://www.giantbomb.com/api/game/3030-18110/",
            "id": 18110,
            "name": "Guild Wars: Eye of the North",
            "site_detail_url": "http://www.giantbomb.com/guild-wars-eye-of-the-north/3030-18110/"
        },
        {
            "api_detail_url": "http://www.giantbomb.com/api/game/3030-6781/",
            "id": 6781,
            "name": "The Simpsons Game",
            "site_detail_url": "http://www.giantbomb.com/the-simpsons-game/3030-6781/"
        },
        {
            "api_detail_url": "http://www.giantbomb.com/api/game/3030-21261/",
            "id": 21261,
            "name": "Looney Tunes: Space Race",
            "site_detail_url": "http://www.giantbomb.com/looney-tunes-space-race/3030-21261/"
        },
        {
            "api_detail_url": "http://www.giantbomb.com/api/game/3030-21262/",
            "id": 21262,
            "name": "Disney Golf",
            "site_detail_url": "http://www.giantbomb.com/disney-golf/3030-21262/"
        },
        {
            "api_detail_url": "http://www.giantbomb.com/api/game/3030-21263/",
            "id": 21263,
            "name": "The Grim Adventures of Billy & Mandy",
            "site_detail_url": "http://www.giantbomb.com/the-grim-adventures-of-billy-mandy/3030-21263/"
        },
        {
            "api_detail_url": "http://www.giantbomb.com/api/game/3030-20817/",
            "id": 20817,
            "name": "Crash: Mind Over Mutant",
            "site_detail_url": "http://www.giantbomb.com/crash-mind-over-mutant/3030-20817/"
        },
        {
            "api_detail_url": "http://www.giantbomb.com/api/game/3030-32196/",
            "id": 32196,
            "name": "Marvel Super Hero Squad: The Infinity Gauntlet",
            "site_detail_url": "http://www.giantbomb.com/marvel-super-hero-squad-the-infinity-gauntlet/3030-32196/"
        },
        {
            "api_detail_url": "http://www.giantbomb.com/api/game/3030-24766/",
            "id": 24766,
            "name": "Cartoon Network Universe: FusionFall",
            "site_detail_url": "http://www.giantbomb.com/cartoon-network-universe-fusionfall/3030-24766/"
        },
        {
            "api_detail_url": "http://www.giantbomb.com/api/game/3030-21070/",
            "id": 21070,
            "name": "Tak and the Guardians of Gross",
            "site_detail_url": "http://www.giantbomb.com/tak-and-the-guardians-of-gross/3030-21070/"
        },
        {
            "api_detail_url": "http://www.giantbomb.com/api/game/3030-20522/",
            "id": 20522,
            "name": "Harvey Birdman: Attorney at Law",
            "site_detail_url": "http://www.giantbomb.com/harvey-birdman-attorney-at-law/3030-20522/"
        },
        {
            "api_detail_url": "http://www.giantbomb.com/api/game/3030-21339/",
            "id": 21339,
            "name": "Looney Tunes: Acme Arsenal",
            "site_detail_url": "http://www.giantbomb.com/looney-tunes-acme-arsenal/3030-21339/"
        },
        {
            "api_detail_url": "http://www.giantbomb.com/api/game/3030-14642/",
            "id": 14642,
            "name": "Open Season",
            "site_detail_url": "http://www.giantbomb.com/open-season/3030-14642/"
        },
        {
            "api_detail_url": "http://www.giantbomb.com/api/game/3030-17636/",
            "id": 17636,
            "name": "Codename: Kids Next Door - Operation: V.I.D.E.O.G.A.M.E.",
            "site_detail_url": "http://www.giantbomb.com/codename-kids-next-door-operation-videogame/3030-17636/"
        },
        {
            "api_detail_url": "http://www.giantbomb.com/api/game/3030-4104/",
            "id": 4104,
            "name": "Animaniacs: The Great Edgar Hunt",
            "site_detail_url": "http://www.giantbomb.com/animaniacs-the-great-edgar-hunt/3030-4104/"
        },
        {
            "api_detail_url": "http://www.giantbomb.com/api/game/3030-21266/",
            "id": 21266,
            "name": "Animaniacs Game Pack",
            "site_detail_url": "http://www.giantbomb.com/animaniacs-game-pack/3030-21266/"
        },
        {
            "api_detail_url": "http://www.giantbomb.com/api/game/3030-42245/",
            "id": 42245,
            "name": "Batman: Arkham Origins",
            "site_detail_url": "http://www.giantbomb.com/batman-arkham-origins/3030-42245/"
        },
        {
            "api_detail_url": "http://www.giantbomb.com/api/game/3030-14746/",
            "id": 14746,
            "name": "Animaniacs: Ten Pin Alley",
            "site_detail_url": "http://www.giantbomb.com/animaniacs-ten-pin-alley/3030-14746/"
        }
    ],
    "gender": 1,
    "hometown": "Toronto, Ontario",
    "id": 15813,
    "name": "Maurice LaMarche",
    "people": [
        {
            "api_detail_url": "http://www.giantbomb.com/api/person/3040-105126/",
            "id": 105126,
            "name": "Lorenzo Music",
            "site_detail_url": "http://www.giantbomb.com/lorenzo-music/3040-105126/"
        },
        {
            "api_detail_url": "http://www.giantbomb.com/api/person/3040-76140/",
            "id": 76140,
            "name": "John DiMaggio",
            "site_detail_url": "http://www.giantbomb.com/john-dimaggio/3040-76140/"
        },
        {
            "api_detail_url": "http://www.giantbomb.com/api/person/3040-27792/",
            "id": 27792,
            "name": "Billy West",
            "site_detail_url": "http://www.giantbomb.com/billy-west/3040-27792/"
        },
        {
            "api_detail_url": "http://www.giantbomb.com/api/person/3040-4270/",
            "id": 4270,
            "name": "Jess Harnell",
            "site_detail_url": "http://www.giantbomb.com/jess-harnell/3040-4270/"
        },
        {
            "api_detail_url": "http://www.giantbomb.com/api/person/3040-10096/",
            "id": 10096,
            "name": "Tress MacNeille",
            "site_detail_url": "http://www.giantbomb.com/tress-macneille/3040-10096/"
        },
        {
            "api_detail_url": "http://www.giantbomb.com/api/person/3040-10098/",
            "id": 10098,
            "name": "Rob Paulsen",
            "site_detail_url": "http://www.giantbomb.com/rob-paulsen/3040-10098/"
        },
        {
            "api_detail_url": "http://www.giantbomb.com/api/person/3040-45009/",
            "id": 45009,
            "name": "Matt Groening",
            "site_detail_url": "http://www.giantbomb.com/matt-groening/3040-45009/"
        }
    ]
}