{
    "birth_date": null,
    "country": null,
    "death_date": null,
    "deck": null,
    "first_credited_game": {
        "api_detail_url": "http://www.giantbomb.com/api/game/3030-10637/",
        "id": 10637,
        "name": "Baldur's Gate II: Shadows of Amn"
    },
    "games": [
        {
            "api_detail_url": "http://www.giantbomb.com/api/game/3030-10637/",
            "id": 10637,
            "name": "Baldur's Gate II: Shadows of Amn",
            "site_detail_url": "http://www.giantbomb.com/baldurs-gate-ii-shadows-of-amn/3030-10637/"
        },
        {
            "api_detail_url": "http://www.giantbomb.com/api/game/3030-18828/",
            "id": 18828,
            "name": "Unreal Tournament 2003",
            "site_detail_url": "http://www.giantbomb.com/unreal-tournament-2003/3030-18828/"
        },
        {
            "api_detail_url": "http://www.giantbomb.com/api/game/3030-18741/",
            "id": 18741,
            "name": "Star Wars: Knights of the Old Republic",
            "site_detail_url": "http://www.giantbomb.com/star-wars-knights-of-the-old-republic/3030-18741/"
        },
        {
            "api_detail_url": "http://www.giantbomb.com/api/game/3030-7811/",
            "id": 7811,
            "name": "Star Trek: Shattered Universe",
            "site_detail_url": "http://www.giantbomb.com/star-trek-shattered-universe/3030-7811/"
        },
        {
            "api_detail_url": "http://www.giantbomb.com/api/game/3030-17312/",
            "id": 17312,
            "name": "Aquaman: Battle for Atlantis",
            "site_detail_url": "http://www.giantbomb.com/aquaman-battle-for-atlantis/3030-17312/"
        },
        {
            "api_detail_url": "http://www.giantbomb.com/api/game/3030-8057/",
            "id": 8057,
            "name": "Masters of the Universe: He-Man: Defender of Grayskull",
            "site_detail_url": "http://www.giantbomb.com/masters-of-the-universe-he-man-defender-of-graysku/3030-8057/"
        },
        {
            "api_detail_url": "http://www.giantbomb.com/api/game/3030-10580/",
            "id": 10580,
            "name": "The Muppets: On with the Show",
            "site_detail_url": "http://www.giantbomb.com/the-muppets-on-with-the-show/3030-10580/"
        },
        {
            "api_detail_url": "http://www.giantbomb.com/api/game/3030-48585/",
            "id": 48585,
            "name": "Tonka: Rescue Patrol",
            "site_detail_url": "http://www.giantbomb.com/tonka-rescue-patrol/3030-48585/"
        },
        {
            "api_detail_url": "http://www.giantbomb.com/api/game/3030-6233/",
            "id": 6233,
            "name": "Robotech: The Macross Saga",
            "site_detail_url": "http://www.giantbomb.com/robotech-the-macross-saga/3030-6233/"
        },
        {
            "api_detail_url": "http://www.giantbomb.com/api/game/3030-46010/",
            "id": 46010,
            "name": "Dinotopia: The Timestone Pirates",
            "site_detail_url": "http://www.giantbomb.com/dinotopia-the-timestone-pirates/3030-46010/"
        },
        {
            "api_detail_url": "http://www.giantbomb.com/api/game/3030-34913/",
            "id": 34913,
            "name": "Shrek Extra Large",
            "site_detail_url": "http://www.giantbomb.com/shrek-extra-large/3030-34913/"
        }
    ],
    "gender": null,
    "hometown": null,
    "id": 29930,
    "name": "Michael Devine",
    "people": []
}