{
    "birth_date": null,
    "country": null,
    "death_date": null,
    "deck": null,
    "first_credited_game": {
        "api_detail_url": "http://www.giantbomb.com/api/game/3030-988/",
        "id": 988,
        "name": "Jeopardy!"
    },
    "games": [
        {
            "api_detail_url": "http://www.giantbomb.com/api/game/3030-2236/",
            "id": 2236,
            "name": "RollerCoaster Tycoon",
            "site_detail_url": "http://www.giantbomb.com/rollercoaster-tycoon/3030-2236/"
        },
        {
            "api_detail_url": "http://www.giantbomb.com/api/game/3030-11178/",
            "id": 11178,
            "name": "RollerCoaster Tycoon 2",
            "site_detail_url": "http://www.giantbomb.com/rollercoaster-tycoon-2/3030-11178/"
        },
        {
            "api_detail_url": "http://www.giantbomb.com/api/game/3030-18828/",
            "id": 18828,
            "name": "Unreal Tournament 2003",
            "site_detail_url": "http://www.giantbomb.com/unreal-tournament-2003/3030-18828/"
        },
        {
            "api_detail_url": "http://www.giantbomb.com/api/game/3030-7898/",
            "id": 7898,
            "name": "Clue: Murder at Boddy Mansion",
            "site_detail_url": "http://www.giantbomb.com/clue-murder-at-boddy-mansion/3030-7898/"
        },
        {
            "api_detail_url": "http://www.giantbomb.com/api/game/3030-1283/",
            "id": 1283,
            "name": "Operation",
            "site_detail_url": "http://www.giantbomb.com/operation/3030-1283/"
        },
        {
            "api_detail_url": "http://www.giantbomb.com/api/game/3030-15258/",
            "id": 15258,
            "name": "Gunship 2000 Scenario Disk and Mission Builder",
            "site_detail_url": "http://www.giantbomb.com/gunship-2000-scenario-disk-and-mission-builder/3030-15258/"
        },
        {
            "api_detail_url": "http://www.giantbomb.com/api/game/3030-10935/",
            "id": 10935,
            "name": "Darklands",
            "site_detail_url": "http://www.giantbomb.com/darklands/3030-10935/"
        },
        {
            "api_detail_url": "http://www.giantbomb.com/api/game/3030-14232/",
            "id": 14232,
            "name": "The Ancient Art of War in the Skies",
            "site_detail_url": "http://www.giantbomb.com/the-ancient-art-of-war-in-the-skies/3030-14232/"
        },
        {
            "api_detail_url": "http://www.giantbomb.com/api/game/3030-3750/",
            "id": 3750,
            "name": "Sid Meier's Civilization",
            "site_detail_url": "http://www.giantbomb.com/sid-meiers-civilization/3030-3750/"
        },
        {
            "api_detail_url": "http://www.giantbomb.com/api/game/3030-14170/",
            "id": 14170,
            "name": "Return of the Phantom",
            "site_detail_url": "http://www.giantbomb.com/return-of-the-phantom/3030-14170/"
        },
        {
            "api_detail_url": "http://www.giantbomb.com/api/game/3030-13402/",
            "id": 13402,
            "name": "Pirates! Gold",
            "site_detail_url": "http://www.giantbomb.com/pirates-gold/3030-13402/"
        },
        {
            "api_detail_url": "http://www.giantbomb.com/api/game/3030-11342/",
            "id": 11342,
            "name": "Master of Orion",
            "site_detail_url": "http://www.giantbomb.com/master-of-orion/3030-11342/"
        },
        {
            "api_detail_url": "http://www.giantbomb.com/api/game/3030-3406/",
            "id": 3406,
            "name": "BloodNet",
            "site_detail_url": "http://www.giantbomb.com/bloodnet/3030-3406/"
        },
        {
            "api_detail_url": "http://www.giantbomb.com/api/game/3030-17394/",
            "id": 17394,
            "name": "Ultimate NFL Coaches Club Football",
            "site_detail_url": "http://www.giantbomb.com/ultimate-nfl-coaches-club-football/3030-17394/"
        },
        {
            "api_detail_url": "http://www.giantbomb.com/api/game/3030-318/",
            "id": 318,
            "name": "Fleet Defender",
            "site_detail_url": "http://www.giantbomb.com/fleet-defender/3030-318/"
        },
        {
            "api_detail_url": "http://www.giantbomb.com/api/game/3030-15756/",
            "id": 15756,
            "name": "Dragonsphere",
            "site_detail_url": "http://www.giantbomb.com/dragonsphere/3030-15756/"
        },
        {
            "api_detail_url": "http://www.giantbomb.com/api/game/3030-4276/",
            "id": 4276,
            "name": "Clue",
            "site_detail_url": "http://www.giantbomb.com/clue/3030-4276/"
        },
        {
            "api_detail_url": "http://www.giantbomb.com/api/game/3030-13697/",
            "id": 13697,
            "name": "Tonka Search & Rescue",
            "site_detail_url": "http://www.giantbomb.com/tonka-search-rescue/3030-13697/"
        },
        {
            "api_detail_url": "http://www.giantbomb.com/api/game/3030-12812/",
            "id": 12812,
            "name": "Star Wars: Monopoly",
            "site_detail_url": "http://www.giantbomb.com/star-wars-monopoly/3030-12812/"
        },
        {
            "api_detail_url": "http://www.giantbomb.com/api/game/3030-1071/",
            "id": 1071,
            "name": "Boggle",
            "site_detail_url": "http://www.giantbomb.com/boggle/3030-1071/"
        },
        {
            "api_detail_url": "http://www.giantbomb.com/api/game/3030-5394/",
            "id": 5394,
            "name": "Transformers: Beast Wars Transmetals",
            "site_detail_url": "http://www.giantbomb.com/transformers-beast-wars-transmetals/3030-5394/"
        },
        {
            "api_detail_url": "http://www.giantbomb.com/api/game/3030-12916/",
            "id": 12916,
            "name": "Sorry!",
            "site_detail_url": "http://www.giantbomb.com/sorry/3030-12916/"
        },
        {
            "api_detail_url": "http://www.giantbomb.com/api/game/3030-16265/",
            "id": 16265,
            "name": "Jumble: That Scrambled Word Game",
            "site_detail_url": "http://www.giantbomb.com/jumble-that-scrambled-word-game/3030-16265/"
        },
        {
            "api_detail_url": "http://www.giantbomb.com/api/game/3030-5585/",
            "id": 5585,
            "name": "H.E.D.Z.",
            "site_detail_url": "http://www.giantbomb.com/hedz/3030-5585/"
        },
        {
            "api_detail_url": "http://www.giantbomb.com/api/game/3030-1424/",
            "id": 1424,
            "name": "Glover",
            "site_detail_url": "http://www.giantbomb.com/glover/3030-1424/"
        },
        {
            "api_detail_url": "http://www.giantbomb.com/api/game/3030-2340/",
            "id": 2340,
            "name": "The Game of Life",
            "site_detail_url": "http://www.giantbomb.com/the-game-of-life/3030-2340/"
        },
        {
            "api_detail_url": "http://www.giantbomb.com/api/game/3030-14628/",
            "id": 14628,
            "name": "Falcon 4.0",
            "site_detail_url": "http://www.giantbomb.com/falcon-40/3030-14628/"
        },
        {
            "api_detail_url": "http://www.giantbomb.com/api/game/3030-16099/",
            "id": 16099,
            "name": "Axis & Allies",
            "site_detail_url": "http://www.giantbomb.com/axis-allies/3030-16099/"
        },
        {
            "api_detail_url": "http://www.giantbomb.com/api/game/3030-11300/",
            "id": 11300,
            "name": "RollerCoaster Tycoon: Corkscrew Follies",
            "site_detail_url": "http://www.giantbomb.com/rollercoaster-tycoon-corkscrew-follies/3030-11300/"
        },
        {
            "api_detail_url": "http://www.giantbomb.com/api/game/3030-4172/",
            "id": 4172,
            "name": "The Next Tetris",
            "site_detail_url": "http://www.giantbomb.com/the-next-tetris/3030-4172/"
        },
        {
            "api_detail_url": "http://www.giantbomb.com/api/game/3030-19636/",
            "id": 19636,
            "name": "Monopoly Junior",
            "site_detail_url": "http://www.giantbomb.com/monopoly-junior/3030-19636/"
        },
        {
            "api_detail_url": "http://www.giantbomb.com/api/game/3030-4524/",
            "id": 4524,
            "name": "MechWarrior 3: Pirate's Moon",
            "site_detail_url": "http://www.giantbomb.com/mechwarrior-3-pirates-moon/3030-4524/"
        },
        {
            "api_detail_url": "http://www.giantbomb.com/api/game/3030-10363/",
            "id": 10363,
            "name": "MechWarrior 3",
            "site_detail_url": "http://www.giantbomb.com/mechwarrior-3/3030-10363/"
        },
        {
            "api_detail_url": "http://www.giantbomb.com/api/game/3030-2483/",
            "id": 2483,
            "name": "Clue Chronicles: Fatal Illusion",
            "site_detail_url": "http://www.giantbomb.com/clue-chronicles-fatal-illusion/3030-2483/"
        },
        {
            "api_detail_url": "http://www.giantbomb.com/api/game/3030-1102/",
            "id": 1102,
            "name": "Civilization II: Test of Time",
            "site_detail_url": "http://www.giantbomb.com/civilization-ii-test-of-time/3030-1102/"
        },
        {
            "api_detail_url": "http://www.giantbomb.com/api/game/3030-15723/",
            "id": 15723,
            "name": "Chutes and Ladders",
            "site_detail_url": "http://www.giantbomb.com/chutes-and-ladders/3030-15723/"
        },
        {
            "api_detail_url": "http://www.giantbomb.com/api/game/3030-14131/",
            "id": 14131,
            "name": "RollerCoaster Tycoon: Loopy Landscapes",
            "site_detail_url": "http://www.giantbomb.com/rollercoaster-tycoon-loopy-landscapes/3030-14131/"
        },
        {
            "api_detail_url": "http://www.giantbomb.com/api/game/3030-17215/",
            "id": 17215,
            "name": "NASCAR Heat",
            "site_detail_url": "http://www.giantbomb.com/nascar-heat/3030-17215/"
        },
        {
            "api_detail_url": "http://www.giantbomb.com/api/game/3030-9193/",
            "id": 9193,
            "name": "Battleship: Surface Thunder",
            "site_detail_url": "http://www.giantbomb.com/battleship-surface-thunder/3030-9193/"
        },
        {
            "api_detail_url": "http://www.giantbomb.com/api/game/3030-16366/",
            "id": 16366,
            "name": "B-17 Flying Fortress: The Mighty 8th",
            "site_detail_url": "http://www.giantbomb.com/b-17-flying-fortress-the-mighty-8th/3030-16366/"
        },
        {
            "api_detail_url": "http://www.giantbomb.com/api/game/3030-17189/",
            "id": 17189,
            "name": "Avalon Hill's Diplomacy",
            "site_detail_url": "http://www.giantbomb.com/avalon-hills-diplomacy/3030-17189/"
        },
        {
            "api_detail_url": "http://www.giantbomb.com/api/game/3030-6083/",
            "id": 6083,
            "name": "X-COM: Enforcer",
            "site_detail_url": "http://www.giantbomb.com/x-com-enforcer/3030-6083/"
        },
        {
            "api_detail_url": "http://www.giantbomb.com/api/game/3030-7900/",
            "id": 7900,
            "name": "Pajama Sam 3: You Are What You Eat From Your Head To Your Feet",
            "site_detail_url": "http://www.giantbomb.com/pajama-sam-3-you-are-what-you-eat-from-your-head-t/3030-7900/"
        },
        {
            "api_detail_url": "http://www.giantbomb.com/api/game/3030-15355/",
            "id": 15355,
            "name": "*NSYNC Hotline Phone and Fantasy CD-Rom Game",
            "site_detail_url": "http://www.giantbomb.com/nsync-hotline-phone-and-fantasy-cd-rom-game/3030-15355/"
        },
        {
            "api_detail_url": "http://www.giantbomb.com/api/game/3030-1461/",
            "id": 1461,
            "name": "NASCAR Heat 2002",
            "site_detail_url": "http://www.giantbomb.com/nascar-heat-2002/3030-1461/"
        },
        {
            "api_detail_url": "http://www.giantbomb.com/api/game/3030-3316/",
            "id": 3316,
            "name": "Ms. Pac-Man: Quest for the Golden Maze",
            "site_detail_url": "http://www.giantbomb.com/ms-pac-man-quest-for-the-golden-maze/3030-3316/"
        },
        {
            "api_detail_url": "http://www.giantbomb.com/api/game/3030-18490/",
            "id": 18490,
            "name": "Majesty: The Northern Expansion",
            "site_detail_url": "http://www.giantbomb.com/majesty-the-northern-expansion/3030-18490/"
        },
        {
            "api_detail_url": "http://www.giantbomb.com/api/game/3030-2170/",
            "id": 2170,
            "name": "Dig Dug Deeper",
            "site_detail_url": "http://www.giantbomb.com/dig-dug-deeper/3030-2170/"
        },
        {
            "api_detail_url": "http://www.giantbomb.com/api/game/3030-2137/",
            "id": 2137,
            "name": "Zapper: One Wicked Cricket!",
            "site_detail_url": "http://www.giantbomb.com/zapper-one-wicked-cricket/3030-2137/"
        },
        {
            "api_detail_url": "http://www.giantbomb.com/api/game/3030-7153/",
            "id": 7153,
            "name": "Tonka Search & Rescue 2",
            "site_detail_url": "http://www.giantbomb.com/tonka-search-rescue-2/3030-7153/"
        },
        {
            "api_detail_url": "http://www.giantbomb.com/api/game/3030-14871/",
            "id": 14871,
            "name": "The Terminator: Dawn of Fate",
            "site_detail_url": "http://www.giantbomb.com/the-terminator-dawn-of-fate/3030-14871/"
        },
        {
            "api_detail_url": "http://www.giantbomb.com/api/game/3030-9876/",
            "id": 9876,
            "name": "Taz: Wanted",
            "site_detail_url": "http://www.giantbomb.com/taz-wanted/3030-9876/"
        },
        {
            "api_detail_url": "http://www.giantbomb.com/api/game/3030-8266/",
            "id": 8266,
            "name": "Tactical Ops: Assault on Terror",
            "site_detail_url": "http://www.giantbomb.com/tactical-ops-assault-on-terror/3030-8266/"
        },
        {
            "api_detail_url": "http://www.giantbomb.com/api/game/3030-3100/",
            "id": 3100,
            "name": "Stuart Little 2",
            "site_detail_url": "http://www.giantbomb.com/stuart-little-2/3030-3100/"
        },
        {
            "api_detail_url": "http://www.giantbomb.com/api/game/3030-2289/",
            "id": 2289,
            "name": "Space Race",
            "site_detail_url": "http://www.giantbomb.com/space-race/3030-2289/"
        },
        {
            "api_detail_url": "http://www.giantbomb.com/api/game/3030-20424/",
            "id": 20424,
            "name": "Sid Meier's Civilization III: Play the World",
            "site_detail_url": "http://www.giantbomb.com/sid-meiers-civilization-iii-play-the-world/3030-20424/"
        },
        {
            "api_detail_url": "http://www.giantbomb.com/api/game/3030-2209/",
            "id": 2209,
            "name": "Scrabble Complete",
            "site_detail_url": "http://www.giantbomb.com/scrabble-complete/3030-2209/"
        },
        {
            "api_detail_url": "http://www.giantbomb.com/api/game/3030-3710/",
            "id": 3710,
            "name": "Pac-Man All-Stars",
            "site_detail_url": "http://www.giantbomb.com/pac-man-all-stars/3030-3710/"
        },
        {
            "api_detail_url": "http://www.giantbomb.com/api/game/3030-9953/",
            "id": 9953,
            "name": "Neverwinter Nights",
            "site_detail_url": "http://www.giantbomb.com/neverwinter-nights/3030-9953/"
        },
        {
            "api_detail_url": "http://www.giantbomb.com/api/game/3030-20038/",
            "id": 20038,
            "name": "NASCAR: Dirt to Daytona",
            "site_detail_url": "http://www.giantbomb.com/nascar-dirt-to-daytona/3030-20038/"
        },
        {
            "api_detail_url": "http://www.giantbomb.com/api/game/3030-1980/",
            "id": 1980,
            "name": "Moonbase Commander",
            "site_detail_url": "http://www.giantbomb.com/moonbase-commander/3030-1980/"
        },
        {
            "api_detail_url": "http://www.giantbomb.com/api/game/3030-8950/",
            "id": 8950,
            "name": "Monopoly Party",
            "site_detail_url": "http://www.giantbomb.com/monopoly-party/3030-8950/"
        },
        {
            "api_detail_url": "http://www.giantbomb.com/api/game/3030-2472/",
            "id": 2472,
            "name": "Monopoly 3",
            "site_detail_url": "http://www.giantbomb.com/monopoly-3/3030-2472/"
        },
        {
            "api_detail_url": "http://www.giantbomb.com/api/game/3030-2140/",
            "id": 2140,
            "name": "Micro Machines",
            "site_detail_url": "http://www.giantbomb.com/micro-machines/3030-2140/"
        },
        {
            "api_detail_url": "http://www.giantbomb.com/api/game/3030-11751/",
            "id": 11751,
            "name": "Majesty: The Fantasy Kingdom Sim",
            "site_detail_url": "http://www.giantbomb.com/majesty-the-fantasy-kingdom-sim/3030-11751/"
        },
        {
            "api_detail_url": "http://www.giantbomb.com/api/game/3030-1804/",
            "id": 1804,
            "name": "Gothic II",
            "site_detail_url": "http://www.giantbomb.com/gothic-ii/3030-1804/"
        },
        {
            "api_detail_url": "http://www.giantbomb.com/api/game/3030-18444/",
            "id": 18444,
            "name": "Godzilla: Domination",
            "site_detail_url": "http://www.giantbomb.com/godzilla-domination/3030-18444/"
        },
        {
            "api_detail_url": "http://www.giantbomb.com/api/game/3030-2806/",
            "id": 2806,
            "name": "Godzilla: Destroy All Monsters Melee",
            "site_detail_url": "http://www.giantbomb.com/godzilla-destroy-all-monsters-melee/3030-2806/"
        },
        {
            "api_detail_url": "http://www.giantbomb.com/api/game/3030-5206/",
            "id": 5206,
            "name": "Dragon Ball Z: Budokai",
            "site_detail_url": "http://www.giantbomb.com/dragon-ball-z-budokai/3030-5206/"
        },
        {
            "api_detail_url": "http://www.giantbomb.com/api/game/3030-3887/",
            "id": 3887,
            "name": "Dora the Explorer: Lost City Adventure",
            "site_detail_url": "http://www.giantbomb.com/dora-the-explorer-lost-city-adventure/3030-3887/"
        },
        {
            "api_detail_url": "http://www.giantbomb.com/api/game/3030-16502/",
            "id": 16502,
            "name": "Dora the Explorer: Backpack Adventure",
            "site_detail_url": "http://www.giantbomb.com/dora-the-explorer-backpack-adventure/3030-16502/"
        },
        {
            "api_detail_url": "http://www.giantbomb.com/api/game/3030-6177/",
            "id": 6177,
            "name": "Blue's Clues Kindergarten",
            "site_detail_url": "http://www.giantbomb.com/blues-clues-kindergarten/3030-6177/"
        },
        {
            "api_detail_url": "http://www.giantbomb.com/api/game/3030-19811/",
            "id": 19811,
            "name": "Blue's Clues Preschool",
            "site_detail_url": "http://www.giantbomb.com/blues-clues-preschool/3030-19811/"
        },
        {
            "api_detail_url": "http://www.giantbomb.com/api/game/3030-15534/",
            "id": 15534,
            "name": "Backyard Hockey",
            "site_detail_url": "http://www.giantbomb.com/backyard-hockey/3030-15534/"
        },
        {
            "api_detail_url": "http://www.giantbomb.com/api/game/3030-4949/",
            "id": 4949,
            "name": "Backyard Football",
            "site_detail_url": "http://www.giantbomb.com/backyard-football/3030-4949/"
        },
        {
            "api_detail_url": "http://www.giantbomb.com/api/game/3030-14298/",
            "id": 14298,
            "name": "Atari Anniversary Edition",
            "site_detail_url": "http://www.giantbomb.com/atari-anniversary-edition/3030-14298/"
        },
        {
            "api_detail_url": "http://www.giantbomb.com/api/game/3030-17490/",
            "id": 17490,
            "name": "Atari Anniversary Advance",
            "site_detail_url": "http://www.giantbomb.com/atari-anniversary-advance/3030-17490/"
        },
        {
            "api_detail_url": "http://www.giantbomb.com/api/game/3030-10529/",
            "id": 10529,
            "name": "YuYu Hakusho: Spirit Detective",
            "site_detail_url": "http://www.giantbomb.com/yuyu-hakusho-spirit-detective/3030-10529/"
        },
        {
            "api_detail_url": "http://www.giantbomb.com/api/game/3030-17350/",
            "id": 17350,
            "name": "Unreal II: The Awakening",
            "site_detail_url": "http://www.giantbomb.com/unreal-ii-the-awakening/3030-17350/"
        },
        {
            "api_detail_url": "http://www.giantbomb.com/api/game/3030-10260/",
            "id": 10260,
            "name": "Tonka Town",
            "site_detail_url": "http://www.giantbomb.com/tonka-town/3030-10260/"
        },
        {
            "api_detail_url": "http://www.giantbomb.com/api/game/3030-11272/",
            "id": 11272,
            "name": "Stuntman",
            "site_detail_url": "http://www.giantbomb.com/stuntman/3030-11272/"
        },
        {
            "api_detail_url": "http://www.giantbomb.com/api/game/3030-12932/",
            "id": 12932,
            "name": "Sinbad: Legend of the Seven Seas",
            "site_detail_url": "http://www.giantbomb.com/sinbad-legend-of-the-seven-seas/3030-12932/"
        },
        {
            "api_detail_url": "http://www.giantbomb.com/api/game/3030-3242/",
            "id": 3242,
            "name": "Sid Meier's Civilization III: Conquests",
            "site_detail_url": "http://www.giantbomb.com/sid-meiers-civilization-iii-conquests/3030-3242/"
        },
        {
            "api_detail_url": "http://www.giantbomb.com/api/game/3030-3279/",
            "id": 3279,
            "name": "Scrabble",
            "site_detail_url": "http://www.giantbomb.com/scrabble/3030-3279/"
        },
        {
            "api_detail_url": "http://www.giantbomb.com/api/game/3030-8793/",
            "id": 8793,
            "name": "RollerCoaster Tycoon 2: Wacky Worlds",
            "site_detail_url": "http://www.giantbomb.com/rollercoaster-tycoon-2-wacky-worlds/3030-8793/"
        },
        {
            "api_detail_url": "http://www.giantbomb.com/api/game/3030-2415/",
            "id": 2415,
            "name": "RollerCoaster Tycoon 2: Time Twister",
            "site_detail_url": "http://www.giantbomb.com/rollercoaster-tycoon-2-time-twister/3030-2415/"
        },
        {
            "api_detail_url": "http://www.giantbomb.com/api/game/3030-17075/",
            "id": 17075,
            "name": "RISK: Global Domination",
            "site_detail_url": "http://www.giantbomb.com/risk-global-domination/3030-17075/"
        },
        {
            "api_detail_url": "http://www.giantbomb.com/api/game/3030-7793/",
            "id": 7793,
            "name": "Putt-Putt: Pep's Birthday Surprise",
            "site_detail_url": "http://www.giantbomb.com/putt-putt-peps-birthday-surprise/3030-7793/"
        },
        {
            "api_detail_url": "http://www.giantbomb.com/api/game/3030-14961/",
            "id": 14961,
            "name": "Pajama Sam: Life is Rough When You Lose Your Stuff",
            "site_detail_url": "http://www.giantbomb.com/pajama-sam-life-is-rough-when-you-lose-your-stuff/3030-14961/"
        },
        {
            "api_detail_url": "http://www.giantbomb.com/api/game/3030-16534/",
            "id": 16534,
            "name": "Neverwinter Nights: Shadows of Undrentide",
            "site_detail_url": "http://www.giantbomb.com/neverwinter-nights-shadows-of-undrentide/3030-16534/"
        },
        {
            "api_detail_url": "http://www.giantbomb.com/api/game/3030-7419/",
            "id": 7419,
            "name": "Master of Orion 3",
            "site_detail_url": "http://www.giantbomb.com/master-of-orion-3/3030-7419/"
        },
        {
            "api_detail_url": "http://www.giantbomb.com/api/game/3030-18567/",
            "id": 18567,
            "name": "Magic: The Gathering - Battlegrounds",
            "site_detail_url": "http://www.giantbomb.com/magic-the-gathering-battlegrounds/3030-18567/"
        },
        {
            "api_detail_url": "http://www.giantbomb.com/api/game/3030-4402/",
            "id": 4402,
            "name": "Line of Sight: Vietnam",
            "site_detail_url": "http://www.giantbomb.com/line-of-sight-vietnam/3030-4402/"
        },
        {
            "api_detail_url": "http://www.giantbomb.com/api/game/3030-20351/",
            "id": 20351,
            "name": "Kya: Dark Lineage",
            "site_detail_url": "http://www.giantbomb.com/kya-dark-lineage/3030-20351/"
        },
        {
            "api_detail_url": "http://www.giantbomb.com/api/game/3030-988/",
            "id": 988,
            "name": "Jeopardy!",
            "site_detail_url": "http://www.giantbomb.com/jeopardy/3030-988/"
        },
        {
            "api_detail_url": "http://www.giantbomb.com/api/game/3030-12069/",
            "id": 12069,
            "name": "Ikaruga",
            "site_detail_url": "http://www.giantbomb.com/ikaruga/3030-12069/"
        },
        {
            "api_detail_url": "http://www.giantbomb.com/api/game/3030-39/",
            "id": 39,
            "name": "Humvee Assault",
            "site_detail_url": "http://www.giantbomb.com/humvee-assault/3030-39/"
        },
        {
            "api_detail_url": "http://www.giantbomb.com/api/game/3030-13869/",
            "id": 13869,
            "name": "Istaria: Chronicles of the Gifted",
            "site_detail_url": "http://www.giantbomb.com/istaria-chronicles-of-the-gifted/3030-13869/"
        },
        {
            "api_detail_url": "http://www.giantbomb.com/api/game/3030-7570/",
            "id": 7570,
            "name": "Enter the Matrix",
            "site_detail_url": "http://www.giantbomb.com/enter-the-matrix/3030-7570/"
        },
        {
            "api_detail_url": "http://www.giantbomb.com/api/game/3030-1288/",
            "id": 1288,
            "name": "Dungeons & Dragons: Heroes",
            "site_detail_url": "http://www.giantbomb.com/dungeons-dragons-heroes/3030-1288/"
        },
        {
            "api_detail_url": "http://www.giantbomb.com/api/game/3030-11173/",
            "id": 11173,
            "name": "Dragon Ball Z: The Legacy of Goku II",
            "site_detail_url": "http://www.giantbomb.com/dragon-ball-z-the-legacy-of-goku-ii/3030-11173/"
        },
        {
            "api_detail_url": "http://www.giantbomb.com/api/game/3030-8922/",
            "id": 8922,
            "name": "Dora the Explorer: Animal Adventures",
            "site_detail_url": "http://www.giantbomb.com/dora-the-explorer-animal-adventures/3030-8922/"
        },
        {
            "api_detail_url": "http://www.giantbomb.com/api/game/3030-1242/",
            "id": 1242,
            "name": "Deer Hunter 2004",
            "site_detail_url": "http://www.giantbomb.com/deer-hunter-2004/3030-1242/"
        },
        {
            "api_detail_url": "http://www.giantbomb.com/api/game/3030-8701/",
            "id": 8701,
            "name": "Deer Hunter",
            "site_detail_url": "http://www.giantbomb.com/deer-hunter/3030-8701/"
        },
        {
            "api_detail_url": "http://www.giantbomb.com/api/game/3030-15615/",
            "id": 15615,
            "name": "Blue's Clues: Blue Takes You to School",
            "site_detail_url": "http://www.giantbomb.com/blues-clues-blue-takes-you-to-school/3030-15615/"
        },
        {
            "api_detail_url": "http://www.giantbomb.com/api/game/3030-9667/",
            "id": 9667,
            "name": "Backyard NBA Basketball",
            "site_detail_url": "http://www.giantbomb.com/backyard-nba-basketball/3030-9667/"
        },
        {
            "api_detail_url": "http://www.giantbomb.com/api/game/3030-13358/",
            "id": 13358,
            "name": "Backyard Football 2004",
            "site_detail_url": "http://www.giantbomb.com/backyard-football-2004/3030-13358/"
        },
        {
            "api_detail_url": "http://www.giantbomb.com/api/game/3030-10355/",
            "id": 10355,
            "name": "Backyard Basketball 2004",
            "site_detail_url": "http://www.giantbomb.com/backyard-basketball-2004/3030-10355/"
        },
        {
            "api_detail_url": "http://www.giantbomb.com/api/game/3030-11158/",
            "id": 11158,
            "name": "Backyard Baseball",
            "site_detail_url": "http://www.giantbomb.com/backyard-baseball/3030-11158/"
        },
        {
            "api_detail_url": "http://www.giantbomb.com/api/game/3030-2989/",
            "id": 2989,
            "name": "Trivial Pursuit: Unhinged",
            "site_detail_url": "http://www.giantbomb.com/trivial-pursuit-unhinged/3030-2989/"
        },
        {
            "api_detail_url": "http://www.giantbomb.com/api/game/3030-7316/",
            "id": 7316,
            "name": "City of Villains",
            "site_detail_url": "http://www.giantbomb.com/city-of-villains/3030-7316/"
        },
        {
            "api_detail_url": "http://www.giantbomb.com/api/game/3030-8474/",
            "id": 8474,
            "name": "Guild Wars: Factions",
            "site_detail_url": "http://www.giantbomb.com/guild-wars-factions/3030-8474/"
        },
        {
            "api_detail_url": "http://www.giantbomb.com/api/game/3030-11082/",
            "id": 11082,
            "name": "Guild Wars: Nightfall",
            "site_detail_url": "http://www.giantbomb.com/guild-wars-nightfall/3030-11082/"
        },
        {
            "api_detail_url": "http://www.giantbomb.com/api/game/3030-9143/",
            "id": 9143,
            "name": "Auto Assault",
            "site_detail_url": "http://www.giantbomb.com/auto-assault/3030-9143/"
        },
        {
            "api_detail_url": "http://www.giantbomb.com/api/game/3030-6867/",
            "id": 6867,
            "name": "Richard Garriott's Tabula Rasa",
            "site_detail_url": "http://www.giantbomb.com/richard-garriotts-tabula-rasa/3030-6867/"
        },
        {
            "api_detail_url": "http://www.giantbomb.com/api/game/3030-18110/",
            "id": 18110,
            "name": "Guild Wars: Eye of the North",
            "site_detail_url": "http://www.giantbomb.com/guild-wars-eye-of-the-north/3030-18110/"
        },
        {
            "api_detail_url": "http://www.giantbomb.com/api/game/3030-25567/",
            "id": 25567,
            "name": "Centipede",
            "site_detail_url": "http://www.giantbomb.com/centipede/3030-25567/"
        },
        {
            "api_detail_url": "http://www.giantbomb.com/api/game/3030-12532/",
            "id": 12532,
            "name": "Backyard Baseball 2003",
            "site_detail_url": "http://www.giantbomb.com/backyard-baseball-2003/3030-12532/"
        },
        {
            "api_detail_url": "http://www.giantbomb.com/api/game/3030-36985/",
            "id": 36985,
            "name": "BeyBlade VForce: Super Tournament Battle",
            "site_detail_url": "http://www.giantbomb.com/beyblade-vforce-super-tournament-battle/3030-36985/"
        },
        {
            "api_detail_url": "http://www.giantbomb.com/api/game/3030-21871/",
            "id": 21871,
            "name": "Tonka Space Station",
            "site_detail_url": "http://www.giantbomb.com/tonka-space-station/3030-21871/"
        },
        {
            "api_detail_url": "http://www.giantbomb.com/api/game/3030-36272/",
            "id": 36272,
            "name": "Tonka Monster Trucks",
            "site_detail_url": "http://www.giantbomb.com/tonka-monster-trucks/3030-36272/"
        },
        {
            "api_detail_url": "http://www.giantbomb.com/api/game/3030-1688/",
            "id": 1688,
            "name": "Rex Nebular and the Cosmic Gender Bender",
            "site_detail_url": "http://www.giantbomb.com/rex-nebular-and-the-cosmic-gender-bender/3030-1688/"
        },
        {
            "api_detail_url": "http://www.giantbomb.com/api/game/3030-18117/",
            "id": 18117,
            "name": "Survivor Ultimate",
            "site_detail_url": "http://www.giantbomb.com/survivor-ultimate/3030-18117/"
        }
    ],
    "gender": 1,
    "hometown": null,
    "id": 3195,
    "name": "Michael Craighead",
    "people": []
}