{
    "birth_date": null,
    "country": null,
    "death_date": null,
    "deck": null,
    "first_credited_game": {
        "api_detail_url": "http://www.giantbomb.com/api/game/3030-3674/",
        "id": 3674,
        "name": "Animaniacs"
    },
    "games": [
        {
            "api_detail_url": "http://www.giantbomb.com/api/game/3030-18741/",
            "id": 18741,
            "name": "Star Wars: Knights of the Old Republic",
            "site_detail_url": "http://www.giantbomb.com/star-wars-knights-of-the-old-republic/3030-18741/"
        },
        {
            "api_detail_url": "http://www.giantbomb.com/api/game/3030-19304/",
            "id": 19304,
            "name": "Star Wars: Demolition",
            "site_detail_url": "http://www.giantbomb.com/star-wars-demolition/3030-19304/"
        },
        {
            "api_detail_url": "http://www.giantbomb.com/api/game/3030-12142/",
            "id": 12142,
            "name": "Full Auto 2: Battlelines",
            "site_detail_url": "http://www.giantbomb.com/full-auto-2-battlelines/3030-12142/"
        },
        {
            "api_detail_url": "http://www.giantbomb.com/api/game/3030-3674/",
            "id": 3674,
            "name": "Animaniacs",
            "site_detail_url": "http://www.giantbomb.com/animaniacs/3030-3674/"
        },
        {
            "api_detail_url": "http://www.giantbomb.com/api/game/3030-16140/",
            "id": 16140,
            "name": "Metal Gear Solid",
            "site_detail_url": "http://www.giantbomb.com/metal-gear-solid/3030-16140/"
        },
        {
            "api_detail_url": "http://www.giantbomb.com/api/game/3030-8050/",
            "id": 8050,
            "name": "Spawn",
            "site_detail_url": "http://www.giantbomb.com/spawn/3030-8050/"
        }
    ],
    "gender": 0,
    "hometown": null,
    "id": 10669,
    "name": "Michael Gallo",
    "people": []
}