{
    "birth_date": null,
    "country": null,
    "death_date": null,
    "deck": null,
    "first_credited_game": {
        "api_detail_url": "http://www.giantbomb.com/api/game/3030-13547/",
        "id": 13547,
        "name": "Indiana Jones and His Desktop Adventures"
    },
    "games": [
        {
            "api_detail_url": "http://www.giantbomb.com/api/game/3030-13547/",
            "id": 13547,
            "name": "Indiana Jones and His Desktop Adventures",
            "site_detail_url": "http://www.giantbomb.com/indiana-jones-and-his-desktop-adventures/3030-13547/"
        },
        {
            "api_detail_url": "http://www.giantbomb.com/api/game/3030-2466/",
            "id": 2466,
            "name": "Afterlife",
            "site_detail_url": "http://www.giantbomb.com/afterlife/3030-2466/"
        },
        {
            "api_detail_url": "http://www.giantbomb.com/api/game/3030-3138/",
            "id": 3138,
            "name": "Star Wars: X-Wing Vs. TIE Fighter - Balance of Power Campaigns",
            "site_detail_url": "http://www.giantbomb.com/star-wars-x-wing-vs-tie-fighter-balance-of-power-c/3030-3138/"
        },
        {
            "api_detail_url": "http://www.giantbomb.com/api/game/3030-15483/",
            "id": 15483,
            "name": "Star Wars: X-Wing Vs. TIE Fighter",
            "site_detail_url": "http://www.giantbomb.com/star-wars-x-wing-vs-tie-fighter/3030-15483/"
        },
        {
            "api_detail_url": "http://www.giantbomb.com/api/game/3030-10786/",
            "id": 10786,
            "name": "The Tone Rebellion",
            "site_detail_url": "http://www.giantbomb.com/the-tone-rebellion/3030-10786/"
        },
        {
            "api_detail_url": "http://www.giantbomb.com/api/game/3030-7418/",
            "id": 7418,
            "name": "Star Wars: Jedi Knight - Dark Forces II",
            "site_detail_url": "http://www.giantbomb.com/star-wars-jedi-knight-dark-forces-ii/3030-7418/"
        },
        {
            "api_detail_url": "http://www.giantbomb.com/api/game/3030-1673/",
            "id": 1673,
            "name": "Outlaws",
            "site_detail_url": "http://www.giantbomb.com/outlaws/3030-1673/"
        },
        {
            "api_detail_url": "http://www.giantbomb.com/api/game/3030-5729/",
            "id": 5729,
            "name": "The Curse of Monkey Island",
            "site_detail_url": "http://www.giantbomb.com/the-curse-of-monkey-island/3030-5729/"
        },
        {
            "api_detail_url": "http://www.giantbomb.com/api/game/3030-14559/",
            "id": 14559,
            "name": "D.O.G: Fight For Your Life",
            "site_detail_url": "http://www.giantbomb.com/dog-fight-for-your-life/3030-14559/"
        },
        {
            "api_detail_url": "http://www.giantbomb.com/api/game/3030-3121/",
            "id": 3121,
            "name": "Tender Loving Care",
            "site_detail_url": "http://www.giantbomb.com/tender-loving-care/3030-3121/"
        },
        {
            "api_detail_url": "http://www.giantbomb.com/api/game/3030-4355/",
            "id": 4355,
            "name": "Castrol Honda Superbike World Champions",
            "site_detail_url": "http://www.giantbomb.com/castrol-honda-superbike-world-champions/3030-4355/"
        },
        {
            "api_detail_url": "http://www.giantbomb.com/api/game/3030-433/",
            "id": 433,
            "name": "Star Wars: X-Wing Alliance",
            "site_detail_url": "http://www.giantbomb.com/star-wars-x-wing-alliance/3030-433/"
        },
        {
            "api_detail_url": "http://www.giantbomb.com/api/game/3030-209/",
            "id": 209,
            "name": "Tiny Toon Adventures: The Great Beanstalk",
            "site_detail_url": "http://www.giantbomb.com/tiny-toon-adventures-the-great-beanstalk/3030-209/"
        },
        {
            "api_detail_url": "http://www.giantbomb.com/api/game/3030-13526/",
            "id": 13526,
            "name": "Star Wars: Episode I - Racer",
            "site_detail_url": "http://www.giantbomb.com/star-wars-episode-i-racer/3030-13526/"
        },
        {
            "api_detail_url": "http://www.giantbomb.com/api/game/3030-14541/",
            "id": 14541,
            "name": "Star Wars: Episode I - The Phantom Menace",
            "site_detail_url": "http://www.giantbomb.com/star-wars-episode-i-the-phantom-menace/3030-14541/"
        },
        {
            "api_detail_url": "http://www.giantbomb.com/api/game/3030-19229/",
            "id": 19229,
            "name": "Sinistar Unleashed",
            "site_detail_url": "http://www.giantbomb.com/sinistar-unleashed/3030-19229/"
        },
        {
            "api_detail_url": "http://www.giantbomb.com/api/game/3030-2812/",
            "id": 2812,
            "name": "Dark Secrets of Africa",
            "site_detail_url": "http://www.giantbomb.com/dark-secrets-of-africa/3030-2812/"
        },
        {
            "api_detail_url": "http://www.giantbomb.com/api/game/3030-7284/",
            "id": 7284,
            "name": "Indiana Jones and the Infernal Machine",
            "site_detail_url": "http://www.giantbomb.com/indiana-jones-and-the-infernal-machine/3030-7284/"
        },
        {
            "api_detail_url": "http://www.giantbomb.com/api/game/3030-17353/",
            "id": 17353,
            "name": "Star Wars: Force Commander",
            "site_detail_url": "http://www.giantbomb.com/star-wars-force-commander/3030-17353/"
        },
        {
            "api_detail_url": "http://www.giantbomb.com/api/game/3030-29675/",
            "id": 29675,
            "name": "Dragon Age: Origins - Awakening",
            "site_detail_url": "http://www.giantbomb.com/dragon-age-origins-awakening/3030-29675/"
        },
        {
            "api_detail_url": "http://www.giantbomb.com/api/game/3030-2859/",
            "id": 2859,
            "name": "Cultures: Die Saga",
            "site_detail_url": "http://www.giantbomb.com/cultures-die-saga/3030-2859/"
        },
        {
            "api_detail_url": "http://www.giantbomb.com/api/game/3030-13452/",
            "id": 13452,
            "name": "Blaze and Blade: Eternal Quest",
            "site_detail_url": "http://www.giantbomb.com/blaze-and-blade-eternal-quest/3030-13452/"
        },
        {
            "api_detail_url": "http://www.giantbomb.com/api/game/3030-7123/",
            "id": 7123,
            "name": "Mercedes-Benz Truck Racing",
            "site_detail_url": "http://www.giantbomb.com/mercedes-benz-truck-racing/3030-7123/"
        }
    ],
    "gender": 1,
    "hometown": null,
    "id": 4961,
    "name": "Michael Milan",
    "people": []
}