{
    "birth_date": null,
    "country": null,
    "death_date": null,
    "deck": null,
    "first_credited_game": {
        "api_detail_url": "http://www.giantbomb.com/api/game/3030-18074/",
        "id": 18074,
        "name": "Cyberia"
    },
    "games": [
        {
            "api_detail_url": "http://www.giantbomb.com/api/game/3030-24495/",
            "id": 24495,
            "name": "Off-Road Redneck Racing",
            "site_detail_url": "http://www.giantbomb.com/off-road-redneck-racing/3030-24495/"
        },
        {
            "api_detail_url": "http://www.giantbomb.com/api/game/3030-19654/",
            "id": 19654,
            "name": "Frontlines: Fuel of War",
            "site_detail_url": "http://www.giantbomb.com/frontlines-fuel-of-war/3030-19654/"
        },
        {
            "api_detail_url": "http://www.giantbomb.com/api/game/3030-10883/",
            "id": 10883,
            "name": "Warhammer 40,000: Dawn of War - Soulstorm",
            "site_detail_url": "http://www.giantbomb.com/warhammer-40000-dawn-of-war-soulstorm/3030-10883/"
        },
        {
            "api_detail_url": "http://www.giantbomb.com/api/game/3030-4750/",
            "id": 4750,
            "name": "Company of Heroes: Opposing Fronts",
            "site_detail_url": "http://www.giantbomb.com/company-of-heroes-opposing-fronts/3030-4750/"
        },
        {
            "api_detail_url": "http://www.giantbomb.com/api/game/3030-8869/",
            "id": 8869,
            "name": "Disney/Pixar Cars: Mater-National Championship",
            "site_detail_url": "http://www.giantbomb.com/disneypixar-cars-mater-national-championship/3030-8869/"
        },
        {
            "api_detail_url": "http://www.giantbomb.com/api/game/3030-6282/",
            "id": 6282,
            "name": "Drawn to Life",
            "site_detail_url": "http://www.giantbomb.com/drawn-to-life/3030-6282/"
        },
        {
            "api_detail_url": "http://www.giantbomb.com/api/game/3030-20327/",
            "id": 20327,
            "name": "Ratatouille",
            "site_detail_url": "http://www.giantbomb.com/ratatouille/3030-20327/"
        },
        {
            "api_detail_url": "http://www.giantbomb.com/api/game/3030-11725/",
            "id": 11725,
            "name": "S.T.A.L.K.E.R.: Shadow of Chernobyl",
            "site_detail_url": "http://www.giantbomb.com/stalker-shadow-of-chernobyl/3030-11725/"
        },
        {
            "api_detail_url": "http://www.giantbomb.com/api/game/3030-12167/",
            "id": 12167,
            "name": "Stuntman: Ignition",
            "site_detail_url": "http://www.giantbomb.com/stuntman-ignition/3030-12167/"
        },
        {
            "api_detail_url": "http://www.giantbomb.com/api/game/3030-1901/",
            "id": 1901,
            "name": "Supreme Commander",
            "site_detail_url": "http://www.giantbomb.com/supreme-commander/3030-1901/"
        },
        {
            "api_detail_url": "http://www.giantbomb.com/api/game/3030-13762/",
            "id": 13762,
            "name": "Titan Quest: Immortal Throne",
            "site_detail_url": "http://www.giantbomb.com/titan-quest-immortal-throne/3030-13762/"
        },
        {
            "api_detail_url": "http://www.giantbomb.com/api/game/3030-13936/",
            "id": 13936,
            "name": "Warhammer 40,000: Squad Command",
            "site_detail_url": "http://www.giantbomb.com/warhammer-40000-squad-command/3030-13936/"
        },
        {
            "api_detail_url": "http://www.giantbomb.com/api/game/3030-10846/",
            "id": 10846,
            "name": "Avatar: The Last Airbender",
            "site_detail_url": "http://www.giantbomb.com/avatar-the-last-airbender/3030-10846/"
        },
        {
            "api_detail_url": "http://www.giantbomb.com/api/game/3030-15379/",
            "id": 15379,
            "name": "Barnyard",
            "site_detail_url": "http://www.giantbomb.com/barnyard/3030-15379/"
        },
        {
            "api_detail_url": "http://www.giantbomb.com/api/game/3030-18930/",
            "id": 18930,
            "name": "Company of Heroes",
            "site_detail_url": "http://www.giantbomb.com/company-of-heroes/3030-18930/"
        },
        {
            "api_detail_url": "http://www.giantbomb.com/api/game/3030-7158/",
            "id": 7158,
            "name": "Cars",
            "site_detail_url": "http://www.giantbomb.com/cars/3030-7158/"
        },
        {
            "api_detail_url": "http://www.giantbomb.com/api/game/3030-16286/",
            "id": 16286,
            "name": "Disney/Pixar Cars: Radiator Springs Adventures",
            "site_detail_url": "http://www.giantbomb.com/disneypixar-cars-radiator-springs-adventures/3030-16286/"
        },
        {
            "api_detail_url": "http://www.giantbomb.com/api/game/3030-6744/",
            "id": 6744,
            "name": "Finding Nemo: Escape to the Big Blue",
            "site_detail_url": "http://www.giantbomb.com/finding-nemo-escape-to-the-big-blue/3030-6744/"
        },
        {
            "api_detail_url": "http://www.giantbomb.com/api/game/3030-2444/",
            "id": 2444,
            "name": "Full Spectrum Warrior: Ten Hammers",
            "site_detail_url": "http://www.giantbomb.com/full-spectrum-warrior-ten-hammers/3030-2444/"
        },
        {
            "api_detail_url": "http://www.giantbomb.com/api/game/3030-19982/",
            "id": 19982,
            "name": "Monster House",
            "site_detail_url": "http://www.giantbomb.com/monster-house/3030-19982/"
        },
        {
            "api_detail_url": "http://www.giantbomb.com/api/game/3030-5389/",
            "id": 5389,
            "name": "MX vs. ATV: On the Edge",
            "site_detail_url": "http://www.giantbomb.com/mx-vs-atv-on-the-edge/3030-5389/"
        },
        {
            "api_detail_url": "http://www.giantbomb.com/api/game/3030-9981/",
            "id": 9981,
            "name": "MX vs. ATV Unleashed",
            "site_detail_url": "http://www.giantbomb.com/mx-vs-atv-unleashed/3030-9981/"
        },
        {
            "api_detail_url": "http://www.giantbomb.com/api/game/3030-15503/",
            "id": 15503,
            "name": "The Outfit",
            "site_detail_url": "http://www.giantbomb.com/the-outfit/3030-15503/"
        },
        {
            "api_detail_url": "http://www.giantbomb.com/api/game/3030-16905/",
            "id": 16905,
            "name": "Broken Sword: The Angel of Death",
            "site_detail_url": "http://www.giantbomb.com/broken-sword-the-angel-of-death/3030-16905/"
        },
        {
            "api_detail_url": "http://www.giantbomb.com/api/game/3030-8694/",
            "id": 8694,
            "name": "The Sopranos: Road to Respect",
            "site_detail_url": "http://www.giantbomb.com/the-sopranos-road-to-respect/3030-8694/"
        },
        {
            "api_detail_url": "http://www.giantbomb.com/api/game/3030-7975/",
            "id": 7975,
            "name": "SpongeBob SquarePants: Creature From the Krusty Krab",
            "site_detail_url": "http://www.giantbomb.com/spongebob-squarepants-creature-from-the-krusty-kra/3030-7975/"
        },
        {
            "api_detail_url": "http://www.giantbomb.com/api/game/3030-10045/",
            "id": 10045,
            "name": "SpongeBob SquarePants: The Yellow Avenger",
            "site_detail_url": "http://www.giantbomb.com/spongebob-squarepants-the-yellow-avenger/3030-10045/"
        },
        {
            "api_detail_url": "http://www.giantbomb.com/api/game/3030-3079/",
            "id": 3079,
            "name": "Sprint Cars: Road to Knoxville",
            "site_detail_url": "http://www.giantbomb.com/sprint-cars-road-to-knoxville/3030-3079/"
        },
        {
            "api_detail_url": "http://www.giantbomb.com/api/game/3030-8638/",
            "id": 8638,
            "name": "Titan Quest",
            "site_detail_url": "http://www.giantbomb.com/titan-quest/3030-8638/"
        },
        {
            "api_detail_url": "http://www.giantbomb.com/api/game/3030-5681/",
            "id": 5681,
            "name": "Warhammer 40,000: Dawn of War - Dark Crusade",
            "site_detail_url": "http://www.giantbomb.com/warhammer-40000-dawn-of-war-dark-crusade/3030-5681/"
        },
        {
            "api_detail_url": "http://www.giantbomb.com/api/game/3030-2544/",
            "id": 2544,
            "name": "Worms: Open Warfare",
            "site_detail_url": "http://www.giantbomb.com/worms-open-warfare/3030-2544/"
        },
        {
            "api_detail_url": "http://www.giantbomb.com/api/game/3030-853/",
            "id": 853,
            "name": "Charlie and the Chocolate Factory",
            "site_detail_url": "http://www.giantbomb.com/charlie-and-the-chocolate-factory/3030-853/"
        },
        {
            "api_detail_url": "http://www.giantbomb.com/api/game/3030-22119/",
            "id": 22119,
            "name": "Close Combat: First to Fight",
            "site_detail_url": "http://www.giantbomb.com/close-combat-first-to-fight/3030-22119/"
        },
        {
            "api_detail_url": "http://www.giantbomb.com/api/game/3030-17636/",
            "id": 17636,
            "name": "Codename: Kids Next Door - Operation: V.I.D.E.O.G.A.M.E.",
            "site_detail_url": "http://www.giantbomb.com/codename-kids-next-door-operation-videogame/3030-17636/"
        },
        {
            "api_detail_url": "http://www.giantbomb.com/api/game/3030-9909/",
            "id": 9909,
            "name": "Shattered Union",
            "site_detail_url": "http://www.giantbomb.com/shattered-union/3030-9909/"
        },
        {
            "api_detail_url": "http://www.giantbomb.com/api/game/3030-16457/",
            "id": 16457,
            "name": "Sid Meier's Civilization IV",
            "site_detail_url": "http://www.giantbomb.com/sid-meiers-civilization-iv/3030-16457/"
        },
        {
            "api_detail_url": "http://www.giantbomb.com/api/game/3030-14290/",
            "id": 14290,
            "name": "Spy vs Spy",
            "site_detail_url": "http://www.giantbomb.com/spy-vs-spy/3030-14290/"
        },
        {
            "api_detail_url": "http://www.giantbomb.com/api/game/3030-10338/",
            "id": 10338,
            "name": "WWE SmackDown! vs. RAW 2006",
            "site_detail_url": "http://www.giantbomb.com/wwe-smackdown-vs-raw-2006/3030-10338/"
        },
        {
            "api_detail_url": "http://www.giantbomb.com/api/game/3030-4026/",
            "id": 4026,
            "name": "MX Unleashed",
            "site_detail_url": "http://www.giantbomb.com/mx-unleashed/3030-4026/"
        },
        {
            "api_detail_url": "http://www.giantbomb.com/api/game/3030-16388/",
            "id": 16388,
            "name": "Alter Echo",
            "site_detail_url": "http://www.giantbomb.com/alter-echo/3030-16388/"
        },
        {
            "api_detail_url": "http://www.giantbomb.com/api/game/3030-13599/",
            "id": 13599,
            "name": "GT Advance 3: Pro Concept Racing",
            "site_detail_url": "http://www.giantbomb.com/gt-advance-3-pro-concept-racing/3030-13599/"
        },
        {
            "api_detail_url": "http://www.giantbomb.com/api/game/3030-12194/",
            "id": 12194,
            "name": "GT Advance 2: Rally Racing",
            "site_detail_url": "http://www.giantbomb.com/gt-advance-2-rally-racing/3030-12194/"
        },
        {
            "api_detail_url": "http://www.giantbomb.com/api/game/3030-12203/",
            "id": 12203,
            "name": "Red Faction II",
            "site_detail_url": "http://www.giantbomb.com/red-faction-ii/3030-12203/"
        },
        {
            "api_detail_url": "http://www.giantbomb.com/api/game/3030-6795/",
            "id": 6795,
            "name": "Baldur's Gate II: Throne of Bhaal",
            "site_detail_url": "http://www.giantbomb.com/baldurs-gate-ii-throne-of-bhaal/3030-6795/"
        },
        {
            "api_detail_url": "http://www.giantbomb.com/api/game/3030-6346/",
            "id": 6346,
            "name": "Fallout Tactics: Brotherhood of Steel",
            "site_detail_url": "http://www.giantbomb.com/fallout-tactics-brotherhood-of-steel/3030-6346/"
        },
        {
            "api_detail_url": "http://www.giantbomb.com/api/game/3030-3153/",
            "id": 3153,
            "name": "Icewind Dale: Heart of Winter",
            "site_detail_url": "http://www.giantbomb.com/icewind-dale-heart-of-winter/3030-3153/"
        },
        {
            "api_detail_url": "http://www.giantbomb.com/api/game/3030-19319/",
            "id": 19319,
            "name": "Star Trek: Starfleet Command: Orion Pirates",
            "site_detail_url": "http://www.giantbomb.com/star-trek-starfleet-command-orion-pirates/3030-19319/"
        },
        {
            "api_detail_url": "http://www.giantbomb.com/api/game/3030-10637/",
            "id": 10637,
            "name": "Baldur's Gate II: Shadows of Amn",
            "site_detail_url": "http://www.giantbomb.com/baldurs-gate-ii-shadows-of-amn/3030-10637/"
        },
        {
            "api_detail_url": "http://www.giantbomb.com/api/game/3030-18394/",
            "id": 18394,
            "name": "Carmageddon",
            "site_detail_url": "http://www.giantbomb.com/carmageddon/3030-18394/"
        },
        {
            "api_detail_url": "http://www.giantbomb.com/api/game/3030-13629/",
            "id": 13629,
            "name": "Giants: Citizen Kabuto",
            "site_detail_url": "http://www.giantbomb.com/giants-citizen-kabuto/3030-13629/"
        },
        {
            "api_detail_url": "http://www.giantbomb.com/api/game/3030-5242/",
            "id": 5242,
            "name": "Icewind Dale",
            "site_detail_url": "http://www.giantbomb.com/icewind-dale/3030-5242/"
        },
        {
            "api_detail_url": "http://www.giantbomb.com/api/game/3030-13601/",
            "id": 13601,
            "name": "Invictus: In the Shadow of Olympus",
            "site_detail_url": "http://www.giantbomb.com/invictus-in-the-shadow-of-olympus/3030-13601/"
        },
        {
            "api_detail_url": "http://www.giantbomb.com/api/game/3030-18189/",
            "id": 18189,
            "name": "Messiah",
            "site_detail_url": "http://www.giantbomb.com/messiah/3030-18189/"
        },
        {
            "api_detail_url": "http://www.giantbomb.com/api/game/3030-6735/",
            "id": 6735,
            "name": "Sacrifice",
            "site_detail_url": "http://www.giantbomb.com/sacrifice/3030-6735/"
        },
        {
            "api_detail_url": "http://www.giantbomb.com/api/game/3030-20121/",
            "id": 20121,
            "name": "Star Trek: Klingon Academy",
            "site_detail_url": "http://www.giantbomb.com/star-trek-klingon-academy/3030-20121/"
        },
        {
            "api_detail_url": "http://www.giantbomb.com/api/game/3030-6357/",
            "id": 6357,
            "name": "Star Trek: New Worlds",
            "site_detail_url": "http://www.giantbomb.com/star-trek-new-worlds/3030-6357/"
        },
        {
            "api_detail_url": "http://www.giantbomb.com/api/game/3030-3551/",
            "id": 3551,
            "name": "Star Trek: Starfleet Command Volume II - Empires at War",
            "site_detail_url": "http://www.giantbomb.com/star-trek-starfleet-command-volume-ii-empires-at-w/3030-3551/"
        },
        {
            "api_detail_url": "http://www.giantbomb.com/api/game/3030-7392/",
            "id": 7392,
            "name": "Baldur's Gate: Tales of the Sword Coast",
            "site_detail_url": "http://www.giantbomb.com/baldurs-gate-tales-of-the-sword-coast/3030-7392/"
        },
        {
            "api_detail_url": "http://www.giantbomb.com/api/game/3030-13865/",
            "id": 13865,
            "name": "Descent 3: Mercenary",
            "site_detail_url": "http://www.giantbomb.com/descent-3-mercenary/3030-13865/"
        },
        {
            "api_detail_url": "http://www.giantbomb.com/api/game/3030-12541/",
            "id": 12541,
            "name": "Freespace 2",
            "site_detail_url": "http://www.giantbomb.com/freespace-2/3030-12541/"
        },
        {
            "api_detail_url": "http://www.giantbomb.com/api/game/3030-20395/",
            "id": 20395,
            "name": "Incredible Crisis",
            "site_detail_url": "http://www.giantbomb.com/incredible-crisis/3030-20395/"
        },
        {
            "api_detail_url": "http://www.giantbomb.com/api/game/3030-8858/",
            "id": 8858,
            "name": "Kingpin: Life of Crime",
            "site_detail_url": "http://www.giantbomb.com/kingpin-life-of-crime/3030-8858/"
        },
        {
            "api_detail_url": "http://www.giantbomb.com/api/game/3030-2235/",
            "id": 2235,
            "name": "Planescape: Torment",
            "site_detail_url": "http://www.giantbomb.com/planescape-torment/3030-2235/"
        },
        {
            "api_detail_url": "http://www.giantbomb.com/api/game/3030-9176/",
            "id": 9176,
            "name": "R/C Stunt Copter",
            "site_detail_url": "http://www.giantbomb.com/rc-stunt-copter/3030-9176/"
        },
        {
            "api_detail_url": "http://www.giantbomb.com/api/game/3030-1759/",
            "id": 1759,
            "name": "Tanktics",
            "site_detail_url": "http://www.giantbomb.com/tanktics/3030-1759/"
        },
        {
            "api_detail_url": "http://www.giantbomb.com/api/game/3030-9339/",
            "id": 9339,
            "name": "Y2K: The Game",
            "site_detail_url": "http://www.giantbomb.com/y2k-the-game/3030-9339/"
        },
        {
            "api_detail_url": "http://www.giantbomb.com/api/game/3030-11777/",
            "id": 11777,
            "name": "Crime Killer",
            "site_detail_url": "http://www.giantbomb.com/crime-killer/3030-11777/"
        },
        {
            "api_detail_url": "http://www.giantbomb.com/api/game/3030-5843/",
            "id": 5843,
            "name": "Descent to Undermountain",
            "site_detail_url": "http://www.giantbomb.com/descent-to-undermountain/3030-5843/"
        },
        {
            "api_detail_url": "http://www.giantbomb.com/api/game/3030-758/",
            "id": 758,
            "name": "Heart of Darkness",
            "site_detail_url": "http://www.giantbomb.com/heart-of-darkness/3030-758/"
        },
        {
            "api_detail_url": "http://www.giantbomb.com/api/game/3030-592/",
            "id": 592,
            "name": "Wild 9",
            "site_detail_url": "http://www.giantbomb.com/wild-9/3030-592/"
        },
        {
            "api_detail_url": "http://www.giantbomb.com/api/game/3030-19390/",
            "id": 19390,
            "name": "Conquest of the New World",
            "site_detail_url": "http://www.giantbomb.com/conquest-of-the-new-world/3030-19390/"
        },
        {
            "api_detail_url": "http://www.giantbomb.com/api/game/3030-18074/",
            "id": 18074,
            "name": "Cyberia",
            "site_detail_url": "http://www.giantbomb.com/cyberia/3030-18074/"
        },
        {
            "api_detail_url": "http://www.giantbomb.com/api/game/3030-9257/",
            "id": 9257,
            "name": "Mummy: Tomb of the Pharaoh",
            "site_detail_url": "http://www.giantbomb.com/mummy-tomb-of-the-pharaoh/3030-9257/"
        },
        {
            "api_detail_url": "http://www.giantbomb.com/api/game/3030-20872/",
            "id": 20872,
            "name": "Battle of the Bands",
            "site_detail_url": "http://www.giantbomb.com/battle-of-the-bands/3030-20872/"
        },
        {
            "api_detail_url": "http://www.giantbomb.com/api/game/3030-20646/",
            "id": 20646,
            "name": "de Blob",
            "site_detail_url": "http://www.giantbomb.com/de-blob/3030-20646/"
        },
        {
            "api_detail_url": "http://www.giantbomb.com/api/game/3030-30168/",
            "id": 30168,
            "name": "Spongebob's Boating Bash",
            "site_detail_url": "http://www.giantbomb.com/spongebobs-boating-bash/3030-30168/"
        },
        {
            "api_detail_url": "http://www.giantbomb.com/api/game/3030-32690/",
            "id": 32690,
            "name": "Fancy Nancy: Tea Party Time!",
            "site_detail_url": "http://www.giantbomb.com/fancy-nancy-tea-party-time/3030-32690/"
        },
        {
            "api_detail_url": "http://www.giantbomb.com/api/game/3030-37886/",
            "id": 37886,
            "name": "My Little Pony Crystal Princess: The Runaway Rainbow",
            "site_detail_url": "http://www.giantbomb.com/my-little-pony-crystal-princess-runaway-rainbow/3030-37886/"
        },
        {
            "api_detail_url": "http://www.giantbomb.com/api/game/3030-20902/",
            "id": 20902,
            "name": "Big Beach Sports",
            "site_detail_url": "http://www.giantbomb.com/big-beach-sports/3030-20902/"
        },
        {
            "api_detail_url": "http://www.giantbomb.com/api/game/3030-31930/",
            "id": 31930,
            "name": "Big Beach Sports 2",
            "site_detail_url": "http://www.giantbomb.com/big-beach-sports-2/3030-31930/"
        },
        {
            "api_detail_url": "http://www.giantbomb.com/api/game/3030-21064/",
            "id": 21064,
            "name": "Lock's Quest",
            "site_detail_url": "http://www.giantbomb.com/locks-quest/3030-21064/"
        },
        {
            "api_detail_url": "http://www.giantbomb.com/api/game/3030-21062/",
            "id": 21062,
            "name": "Viva Pi\u00f1ata: Pocket Paradise",
            "site_detail_url": "http://www.giantbomb.com/viva-pinata-pocket-paradise/3030-21062/"
        },
        {
            "api_detail_url": "http://www.giantbomb.com/api/game/3030-51716/",
            "id": 51716,
            "name": "Neighborhood Games",
            "site_detail_url": "http://www.giantbomb.com/neighborhood-games/3030-51716/"
        },
        {
            "api_detail_url": "http://www.giantbomb.com/api/game/3030-27746/",
            "id": 27746,
            "name": "Zathura",
            "site_detail_url": "http://www.giantbomb.com/zathura/3030-27746/"
        },
        {
            "api_detail_url": "http://www.giantbomb.com/api/game/3030-6/",
            "id": 6,
            "name": "WWE SmackDown! vs. RAW 2007",
            "site_detail_url": "http://www.giantbomb.com/wwe-smackdown-vs-raw-2007/3030-6/"
        },
        {
            "api_detail_url": "http://www.giantbomb.com/api/game/3030-21310/",
            "id": 21310,
            "name": "Juiced: Eliminator",
            "site_detail_url": "http://www.giantbomb.com/juiced-eliminator/3030-21310/"
        },
        {
            "api_detail_url": "http://www.giantbomb.com/api/game/3030-48683/",
            "id": 48683,
            "name": "Gems of War",
            "site_detail_url": "http://www.giantbomb.com/gems-of-war/3030-48683/"
        }
    ],
    "gender": 1,
    "hometown": null,
    "id": 10921,
    "name": "Michael Motoda",
    "people": []
}