{
    "birth_date": "1938-07-30",
    "country": "USA",
    "death_date": null,
    "deck": "Talented actor who has voiced classic characters in dozens of animated television shows and video games",
    "first_credited_game": {
        "api_detail_url": "http://www.giantbomb.com/api/game/3030-9848/",
        "id": 9848,
        "name": "NARC"
    },
    "games": [
        {
            "api_detail_url": "http://www.giantbomb.com/api/game/3030-13964/",
            "id": 13964,
            "name": "Ys: Book I & II",
            "site_detail_url": "http://www.giantbomb.com/ys-book-i-ii/3030-13964/"
        },
        {
            "api_detail_url": "http://www.giantbomb.com/api/game/3030-7462/",
            "id": 7462,
            "name": "Bouncers",
            "site_detail_url": "http://www.giantbomb.com/bouncers/3030-7462/"
        },
        {
            "api_detail_url": "http://www.giantbomb.com/api/game/3030-19378/",
            "id": 19378,
            "name": "Blazing Dragons",
            "site_detail_url": "http://www.giantbomb.com/blazing-dragons/3030-19378/"
        },
        {
            "api_detail_url": "http://www.giantbomb.com/api/game/3030-9339/",
            "id": 9339,
            "name": "Y2K: The Game",
            "site_detail_url": "http://www.giantbomb.com/y2k-the-game/3030-9339/"
        },
        {
            "api_detail_url": "http://www.giantbomb.com/api/game/3030-6357/",
            "id": 6357,
            "name": "Star Trek: New Worlds",
            "site_detail_url": "http://www.giantbomb.com/star-trek-new-worlds/3030-6357/"
        },
        {
            "api_detail_url": "http://www.giantbomb.com/api/game/3030-1080/",
            "id": 1080,
            "name": "Star Trek: Starfleet Command",
            "site_detail_url": "http://www.giantbomb.com/star-trek-starfleet-command/3030-1080/"
        },
        {
            "api_detail_url": "http://www.giantbomb.com/api/game/3030-6249/",
            "id": 6249,
            "name": "Legacy of Kain: Soul Reaver",
            "site_detail_url": "http://www.giantbomb.com/legacy-of-kain-soul-reaver/3030-6249/"
        },
        {
            "api_detail_url": "http://www.giantbomb.com/api/game/3030-2068/",
            "id": 2068,
            "name": "Command & Conquer: Tiberian Sun",
            "site_detail_url": "http://www.giantbomb.com/command-conquer-tiberian-sun/3030-2068/"
        },
        {
            "api_detail_url": "http://www.giantbomb.com/api/game/3030-2025/",
            "id": 2025,
            "name": "Revenant",
            "site_detail_url": "http://www.giantbomb.com/revenant/3030-2025/"
        },
        {
            "api_detail_url": "http://www.giantbomb.com/api/game/3030-17353/",
            "id": 17353,
            "name": "Star Wars: Force Commander",
            "site_detail_url": "http://www.giantbomb.com/star-wars-force-commander/3030-17353/"
        },
        {
            "api_detail_url": "http://www.giantbomb.com/api/game/3030-10637/",
            "id": 10637,
            "name": "Baldur's Gate II: Shadows of Amn",
            "site_detail_url": "http://www.giantbomb.com/baldurs-gate-ii-shadows-of-amn/3030-10637/"
        },
        {
            "api_detail_url": "http://www.giantbomb.com/api/game/3030-5405/",
            "id": 5405,
            "name": "Sword of the Berserk: Guts' Rage",
            "site_detail_url": "http://www.giantbomb.com/sword-of-the-berserk-guts-rage/3030-5405/"
        },
        {
            "api_detail_url": "http://www.giantbomb.com/api/game/3030-5242/",
            "id": 5242,
            "name": "Icewind Dale",
            "site_detail_url": "http://www.giantbomb.com/icewind-dale/3030-5242/"
        },
        {
            "api_detail_url": "http://www.giantbomb.com/api/game/3030-9359/",
            "id": 9359,
            "name": "Star Trek: Deep Space Nine - The Fallen",
            "site_detail_url": "http://www.giantbomb.com/star-trek-deep-space-nine-the-fallen/3030-9359/"
        },
        {
            "api_detail_url": "http://www.giantbomb.com/api/game/3030-6735/",
            "id": 6735,
            "name": "Sacrifice",
            "site_detail_url": "http://www.giantbomb.com/sacrifice/3030-6735/"
        },
        {
            "api_detail_url": "http://www.giantbomb.com/api/game/3030-13629/",
            "id": 13629,
            "name": "Giants: Citizen Kabuto",
            "site_detail_url": "http://www.giantbomb.com/giants-citizen-kabuto/3030-13629/"
        },
        {
            "api_detail_url": "http://www.giantbomb.com/api/game/3030-3551/",
            "id": 3551,
            "name": "Star Trek: Starfleet Command Volume II - Empires at War",
            "site_detail_url": "http://www.giantbomb.com/star-trek-starfleet-command-volume-ii-empires-at-w/3030-3551/"
        },
        {
            "api_detail_url": "http://www.giantbomb.com/api/game/3030-15384/",
            "id": 15384,
            "name": "Ground Control: Dark Conspiracy",
            "site_detail_url": "http://www.giantbomb.com/ground-control-dark-conspiracy/3030-15384/"
        },
        {
            "api_detail_url": "http://www.giantbomb.com/api/game/3030-6346/",
            "id": 6346,
            "name": "Fallout Tactics: Brotherhood of Steel",
            "site_detail_url": "http://www.giantbomb.com/fallout-tactics-brotherhood-of-steel/3030-6346/"
        },
        {
            "api_detail_url": "http://www.giantbomb.com/api/game/3030-6795/",
            "id": 6795,
            "name": "Baldur's Gate II: Throne of Bhaal",
            "site_detail_url": "http://www.giantbomb.com/baldurs-gate-ii-throne-of-bhaal/3030-6795/"
        },
        {
            "api_detail_url": "http://www.giantbomb.com/api/game/3030-15589/",
            "id": 15589,
            "name": "Diablo II: Lord of Destruction",
            "site_detail_url": "http://www.giantbomb.com/diablo-ii-lord-of-destruction/3030-15589/"
        },
        {
            "api_detail_url": "http://www.giantbomb.com/api/game/3030-18072/",
            "id": 18072,
            "name": "Command & Conquer: Red Alert 2",
            "site_detail_url": "http://www.giantbomb.com/command-conquer-red-alert-2/3030-18072/"
        },
        {
            "api_detail_url": "http://www.giantbomb.com/api/game/3030-5550/",
            "id": 5550,
            "name": "Command & Conquer: Yuri's Revenge",
            "site_detail_url": "http://www.giantbomb.com/command-conquer-yuris-revenge/3030-5550/"
        },
        {
            "api_detail_url": "http://www.giantbomb.com/api/game/3030-2046/",
            "id": 2046,
            "name": "Legacy of Kain: Soul Reaver 2",
            "site_detail_url": "http://www.giantbomb.com/legacy-of-kain-soul-reaver-2/3030-2046/"
        },
        {
            "api_detail_url": "http://www.giantbomb.com/api/game/3030-13091/",
            "id": 13091,
            "name": "Baldur's Gate: Dark Alliance",
            "site_detail_url": "http://www.giantbomb.com/baldurs-gate-dark-alliance/3030-13091/"
        },
        {
            "api_detail_url": "http://www.giantbomb.com/api/game/3030-11796/",
            "id": 11796,
            "name": "Star Trek: Armada II",
            "site_detail_url": "http://www.giantbomb.com/star-trek-armada-ii/3030-11796/"
        },
        {
            "api_detail_url": "http://www.giantbomb.com/api/game/3030-19932/",
            "id": 19932,
            "name": "Emperor: Battle for Dune",
            "site_detail_url": "http://www.giantbomb.com/emperor-battle-for-dune/3030-19932/"
        },
        {
            "api_detail_url": "http://www.giantbomb.com/api/game/3030-4745/",
            "id": 4745,
            "name": "Soldier of Fortune II: Double Helix",
            "site_detail_url": "http://www.giantbomb.com/soldier-of-fortune-ii-double-helix/3030-4745/"
        },
        {
            "api_detail_url": "http://www.giantbomb.com/api/game/3030-9091/",
            "id": 9091,
            "name": "Bloody Roar Extreme",
            "site_detail_url": "http://www.giantbomb.com/bloody-roar-extreme/3030-9091/"
        },
        {
            "api_detail_url": "http://www.giantbomb.com/api/game/3030-823/",
            "id": 823,
            "name": "Legacy of Kain: Defiance",
            "site_detail_url": "http://www.giantbomb.com/legacy-of-kain-defiance/3030-823/"
        },
        {
            "api_detail_url": "http://www.giantbomb.com/api/game/3030-4247/",
            "id": 4247,
            "name": "Arc the Lad: Twilight of the Spirits",
            "site_detail_url": "http://www.giantbomb.com/arc-the-lad-twilight-of-the-spirits/3030-4247/"
        },
        {
            "api_detail_url": "http://www.giantbomb.com/api/game/3030-7570/",
            "id": 7570,
            "name": "Enter the Matrix",
            "site_detail_url": "http://www.giantbomb.com/enter-the-matrix/3030-7570/"
        },
        {
            "api_detail_url": "http://www.giantbomb.com/api/game/3030-14073/",
            "id": 14073,
            "name": "Warcraft III: The Frozen Throne",
            "site_detail_url": "http://www.giantbomb.com/warcraft-iii-the-frozen-throne/3030-14073/"
        },
        {
            "api_detail_url": "http://www.giantbomb.com/api/game/3030-16388/",
            "id": 16388,
            "name": "Alter Echo",
            "site_detail_url": "http://www.giantbomb.com/alter-echo/3030-16388/"
        },
        {
            "api_detail_url": "http://www.giantbomb.com/api/game/3030-17982/",
            "id": 17982,
            "name": "Command & Conquer: Generals - Zero Hour",
            "site_detail_url": "http://www.giantbomb.com/command-conquer-generals-zero-hour/3030-17982/"
        },
        {
            "api_detail_url": "http://www.giantbomb.com/api/game/3030-1629/",
            "id": 1629,
            "name": "Call of Duty",
            "site_detail_url": "http://www.giantbomb.com/call-of-duty/3030-1629/"
        },
        {
            "api_detail_url": "http://www.giantbomb.com/api/game/3030-4618/",
            "id": 4618,
            "name": "Ratchet & Clank: Going Commando",
            "site_detail_url": "http://www.giantbomb.com/ratchet-clank-going-commando/3030-4618/"
        },
        {
            "api_detail_url": "http://www.giantbomb.com/api/game/3030-1605/",
            "id": 1605,
            "name": "I-Ninja",
            "site_detail_url": "http://www.giantbomb.com/i-ninja/3030-1605/"
        },
        {
            "api_detail_url": "http://www.giantbomb.com/api/game/3030-9255/",
            "id": 9255,
            "name": "Fatal Frame II: Crimson Butterfly",
            "site_detail_url": "http://www.giantbomb.com/fatal-frame-ii-crimson-butterfly/3030-9255/"
        },
        {
            "api_detail_url": "http://www.giantbomb.com/api/game/3030-13217/",
            "id": 13217,
            "name": "Champions of Norrath",
            "site_detail_url": "http://www.giantbomb.com/champions-of-norrath/3030-13217/"
        },
        {
            "api_detail_url": "http://www.giantbomb.com/api/game/3030-6602/",
            "id": 6602,
            "name": "Ninja Gaiden Black",
            "site_detail_url": "http://www.giantbomb.com/ninja-gaiden-black/3030-6602/"
        },
        {
            "api_detail_url": "http://www.giantbomb.com/api/game/3030-9027/",
            "id": 9027,
            "name": "Galleon",
            "site_detail_url": "http://www.giantbomb.com/galleon/3030-9027/"
        },
        {
            "api_detail_url": "http://www.giantbomb.com/api/game/3030-11093/",
            "id": 11093,
            "name": "Xenosaga: Episode II - Jenseits von Gut und B\u00f6se",
            "site_detail_url": "http://www.giantbomb.com/xenosaga-episode-ii-jenseits-von-gut-und-bose/3030-11093/"
        },
        {
            "api_detail_url": "http://www.giantbomb.com/api/game/3030-15172/",
            "id": 15172,
            "name": "Shellshock: Nam '67",
            "site_detail_url": "http://www.giantbomb.com/shellshock-nam-67/3030-15172/"
        },
        {
            "api_detail_url": "http://www.giantbomb.com/api/game/3030-7932/",
            "id": 7932,
            "name": "DreamWorks' Shark Tale",
            "site_detail_url": "http://www.giantbomb.com/dreamworks-shark-tale/3030-7932/"
        },
        {
            "api_detail_url": "http://www.giantbomb.com/api/game/3030-8102/",
            "id": 8102,
            "name": "The Bard's Tale",
            "site_detail_url": "http://www.giantbomb.com/the-bards-tale/3030-8102/"
        },
        {
            "api_detail_url": "http://www.giantbomb.com/api/game/3030-4966/",
            "id": 4966,
            "name": "Ratchet & Clank: Up Your Arsenal",
            "site_detail_url": "http://www.giantbomb.com/ratchet-clank-up-your-arsenal/3030-4966/"
        },
        {
            "api_detail_url": "http://www.giantbomb.com/api/game/3030-18082/",
            "id": 18082,
            "name": "Metal Gear Solid 3: Snake Eater",
            "site_detail_url": "http://www.giantbomb.com/metal-gear-solid-3-snake-eater/3030-18082/"
        },
        {
            "api_detail_url": "http://www.giantbomb.com/api/game/3030-12780/",
            "id": 12780,
            "name": "Darkwatch",
            "site_detail_url": "http://www.giantbomb.com/darkwatch/3030-12780/"
        },
        {
            "api_detail_url": "http://www.giantbomb.com/api/game/3030-3156/",
            "id": 3156,
            "name": "Champions: Return to Arms",
            "site_detail_url": "http://www.giantbomb.com/champions-return-to-arms/3030-3156/"
        },
        {
            "api_detail_url": "http://www.giantbomb.com/api/game/3030-5704/",
            "id": 5704,
            "name": "Shadow of Rome",
            "site_detail_url": "http://www.giantbomb.com/shadow-of-rome/3030-5704/"
        },
        {
            "api_detail_url": "http://www.giantbomb.com/api/game/3030-9848/",
            "id": 9848,
            "name": "NARC",
            "site_detail_url": "http://www.giantbomb.com/narc/3030-9848/"
        },
        {
            "api_detail_url": "http://www.giantbomb.com/api/game/3030-7754/",
            "id": 7754,
            "name": "Doom 3: Resurrection of Evil",
            "site_detail_url": "http://www.giantbomb.com/doom-3-resurrection-of-evil/3030-7754/"
        },
        {
            "api_detail_url": "http://www.giantbomb.com/api/game/3030-3080/",
            "id": 3080,
            "name": "Rise of the Kasai",
            "site_detail_url": "http://www.giantbomb.com/rise-of-the-kasai/3030-3080/"
        },
        {
            "api_detail_url": "http://www.giantbomb.com/api/game/3030-9290/",
            "id": 9290,
            "name": "Advent Rising",
            "site_detail_url": "http://www.giantbomb.com/advent-rising/3030-9290/"
        },
        {
            "api_detail_url": "http://www.giantbomb.com/api/game/3030-5680/",
            "id": 5680,
            "name": "Madagascar",
            "site_detail_url": "http://www.giantbomb.com/madagascar/3030-5680/"
        },
        {
            "api_detail_url": "http://www.giantbomb.com/api/game/3030-18745/",
            "id": 18745,
            "name": "Ratchet: Deadlocked",
            "site_detail_url": "http://www.giantbomb.com/ratchet-deadlocked/3030-18745/"
        },
        {
            "api_detail_url": "http://www.giantbomb.com/api/game/3030-10267/",
            "id": 10267,
            "name": "Metal Gear Solid 3: Subsistence",
            "site_detail_url": "http://www.giantbomb.com/metal-gear-solid-3-subsistence/3030-10267/"
        },
        {
            "api_detail_url": "http://www.giantbomb.com/api/game/3030-15502/",
            "id": 15502,
            "name": "Syphon Filter: Dark Mirror",
            "site_detail_url": "http://www.giantbomb.com/syphon-filter-dark-mirror/3030-15502/"
        },
        {
            "api_detail_url": "http://www.giantbomb.com/api/game/3030-18546/",
            "id": 18546,
            "name": "Ninja Gaiden Sigma",
            "site_detail_url": "http://www.giantbomb.com/ninja-gaiden-sigma/3030-18546/"
        },
        {
            "api_detail_url": "http://www.giantbomb.com/api/game/3030-9326/",
            "id": 9326,
            "name": "Universe at War: Earth Assault",
            "site_detail_url": "http://www.giantbomb.com/universe-at-war-earth-assault/3030-9326/"
        },
        {
            "api_detail_url": "http://www.giantbomb.com/api/game/3030-2719/",
            "id": 2719,
            "name": "Lost Odyssey",
            "site_detail_url": "http://www.giantbomb.com/lost-odyssey/3030-2719/"
        },
        {
            "api_detail_url": "http://www.giantbomb.com/api/game/3030-20465/",
            "id": 20465,
            "name": "Condemned 2: Bloodshot",
            "site_detail_url": "http://www.giantbomb.com/condemned-2-bloodshot/3030-20465/"
        },
        {
            "api_detail_url": "http://www.giantbomb.com/api/game/3030-1341/",
            "id": 1341,
            "name": "Fallout: Brotherhood of Steel",
            "site_detail_url": "http://www.giantbomb.com/fallout-brotherhood-of-steel/3030-1341/"
        },
        {
            "api_detail_url": "http://www.giantbomb.com/api/game/3030-10461/",
            "id": 10461,
            "name": "Clive Barker's Jericho",
            "site_detail_url": "http://www.giantbomb.com/clive-barkers-jericho/3030-10461/"
        },
        {
            "api_detail_url": "http://www.giantbomb.com/api/game/3030-23061/",
            "id": 23061,
            "name": "NARC",
            "site_detail_url": "http://www.giantbomb.com/narc/3030-23061/"
        },
        {
            "api_detail_url": "http://www.giantbomb.com/api/game/3030-10007/",
            "id": 10007,
            "name": "Dark Cloud 2",
            "site_detail_url": "http://www.giantbomb.com/dark-cloud-2/3030-10007/"
        },
        {
            "api_detail_url": "http://www.giantbomb.com/api/game/3030-30191/",
            "id": 30191,
            "name": "Lara Croft and the Guardian of Light",
            "site_detail_url": "http://www.giantbomb.com/lara-croft-and-the-guardian-of-light/3030-30191/"
        },
        {
            "api_detail_url": "http://www.giantbomb.com/api/game/3030-31738/",
            "id": 31738,
            "name": "Metal Gear Solid: Snake Eater 3D",
            "site_detail_url": "http://www.giantbomb.com/metal-gear-solid-snake-eater-3d/3030-31738/"
        },
        {
            "api_detail_url": "http://www.giantbomb.com/api/game/3030-37715/",
            "id": 37715,
            "name": "Ratchet & Clank Collection",
            "site_detail_url": "http://www.giantbomb.com/ratchet-clank-collection/3030-37715/"
        },
        {
            "api_detail_url": "http://www.giantbomb.com/api/game/3030-25673/",
            "id": 25673,
            "name": "Ratchet & Clank Future: A Crack in Time",
            "site_detail_url": "http://www.giantbomb.com/ratchet-clank-future-a-crack-in-time/3030-25673/"
        },
        {
            "api_detail_url": "http://www.giantbomb.com/api/game/3030-32361/",
            "id": 32361,
            "name": "Ratchet & Clank: All 4 One",
            "site_detail_url": "http://www.giantbomb.com/ratchet-clank-all-4-one/3030-32361/"
        },
        {
            "api_detail_url": "http://www.giantbomb.com/api/game/3030-20984/",
            "id": 20984,
            "name": "Alpha Protocol",
            "site_detail_url": "http://www.giantbomb.com/alpha-protocol/3030-20984/"
        },
        {
            "api_detail_url": "http://www.giantbomb.com/api/game/3030-12388/",
            "id": 12388,
            "name": "Metal Gear Solid 2: Sons of Liberty",
            "site_detail_url": "http://www.giantbomb.com/metal-gear-solid-2-sons-of-liberty/3030-12388/"
        },
        {
            "api_detail_url": "http://www.giantbomb.com/api/game/3030-49939/",
            "id": 49939,
            "name": "Transformers: Devastation",
            "site_detail_url": "http://www.giantbomb.com/transformers-devastation/3030-49939/"
        }
    ],
    "gender": 1,
    "hometown": null,
    "id": 8780,
    "name": "Michael Bell",
    "people": [
        {
            "api_detail_url": "http://www.giantbomb.com/api/person/3040-13141/",
            "id": 13141,
            "name": "Simon Templeman",
            "site_detail_url": "http://www.giantbomb.com/simon-templeman/3040-13141/"
        },
        {
            "api_detail_url": "http://www.giantbomb.com/api/person/3040-86436/",
            "id": 86436,
            "name": "Zach Hanks",
            "site_detail_url": "http://www.giantbomb.com/zach-hanks/3040-86436/"
        }
    ]
}