{
    "birth_date": "1952-01-04",
    "country": "USA",
    "death_date": null,
    "deck": "Music composer, best known for his work in the Baldur's Gate series.",
    "first_credited_game": {
        "api_detail_url": "http://www.giantbomb.com/api/game/3030-7392/",
        "id": 7392,
        "name": "Baldur's Gate: Tales of the Sword Coast"
    },
    "games": [
        {
            "api_detail_url": "http://www.giantbomb.com/api/game/3030-10637/",
            "id": 10637,
            "name": "Baldur's Gate II: Shadows of Amn",
            "site_detail_url": "http://www.giantbomb.com/baldurs-gate-ii-shadows-of-amn/3030-10637/"
        },
        {
            "api_detail_url": "http://www.giantbomb.com/api/game/3030-7392/",
            "id": 7392,
            "name": "Baldur's Gate: Tales of the Sword Coast",
            "site_detail_url": "http://www.giantbomb.com/baldurs-gate-tales-of-the-sword-coast/3030-7392/"
        },
        {
            "api_detail_url": "http://www.giantbomb.com/api/game/3030-6795/",
            "id": 6795,
            "name": "Baldur's Gate II: Throne of Bhaal",
            "site_detail_url": "http://www.giantbomb.com/baldurs-gate-ii-throne-of-bhaal/3030-6795/"
        }
    ],
    "gender": 1,
    "hometown": "Los Angeles",
    "id": 12872,
    "name": "Michael Hoenig",
    "people": []
}