{
    "birth_date": null,
    "country": null,
    "death_date": null,
    "deck": null,
    "first_credited_game": {
        "api_detail_url": "http://www.giantbomb.com/api/game/3030-10637/",
        "id": 10637,
        "name": "Baldur's Gate II: Shadows of Amn"
    },
    "games": [
        {
            "api_detail_url": "http://www.giantbomb.com/api/game/3030-10637/",
            "id": 10637,
            "name": "Baldur's Gate II: Shadows of Amn",
            "site_detail_url": "http://www.giantbomb.com/baldurs-gate-ii-shadows-of-amn/3030-10637/"
        },
        {
            "api_detail_url": "http://www.giantbomb.com/api/game/3030-32355/",
            "id": 32355,
            "name": "Age of Empires Online",
            "site_detail_url": "http://www.giantbomb.com/age-of-empires-online/3030-32355/"
        }
    ],
    "gender": 1,
    "hometown": null,
    "id": 24342,
    "name": "Michael Jorgensen",
    "people": []
}