{
    "birth_date": null,
    "country": null,
    "death_date": null,
    "deck": null,
    "first_credited_game": {
        "api_detail_url": "http://www.giantbomb.com/api/game/3030-250/",
        "id": 250,
        "name": "SimEarth: The Living Planet"
    },
    "games": [
        {
            "api_detail_url": "http://www.giantbomb.com/api/game/3030-250/",
            "id": 250,
            "name": "SimEarth: The Living Planet",
            "site_detail_url": "http://www.giantbomb.com/simearth-the-living-planet/3030-250/"
        },
        {
            "api_detail_url": "http://www.giantbomb.com/api/game/3030-19320/",
            "id": 19320,
            "name": "RoboSport",
            "site_detail_url": "http://www.giantbomb.com/robosport/3030-19320/"
        },
        {
            "api_detail_url": "http://www.giantbomb.com/api/game/3030-11504/",
            "id": 11504,
            "name": "NFL Quarterback Club 96",
            "site_detail_url": "http://www.giantbomb.com/nfl-quarterback-club-96/3030-11504/"
        },
        {
            "api_detail_url": "http://www.giantbomb.com/api/game/3030-15775/",
            "id": 15775,
            "name": "Cutthroat Island",
            "site_detail_url": "http://www.giantbomb.com/cutthroat-island/3030-15775/"
        },
        {
            "api_detail_url": "http://www.giantbomb.com/api/game/3030-2660/",
            "id": 2660,
            "name": "The Fantastic Four",
            "site_detail_url": "http://www.giantbomb.com/the-fantastic-four/3030-2660/"
        },
        {
            "api_detail_url": "http://www.giantbomb.com/api/game/3030-605/",
            "id": 605,
            "name": "The Cassandra Galleries",
            "site_detail_url": "http://www.giantbomb.com/the-cassandra-galleries/3030-605/"
        },
        {
            "api_detail_url": "http://www.giantbomb.com/api/game/3030-2285/",
            "id": 2285,
            "name": "Bust-A-Move 2: Arcade Edition",
            "site_detail_url": "http://www.giantbomb.com/bust-a-move-2-arcade-edition/3030-2285/"
        },
        {
            "api_detail_url": "http://www.giantbomb.com/api/game/3030-7052/",
            "id": 7052,
            "name": "Turok 2: Seeds of Evil",
            "site_detail_url": "http://www.giantbomb.com/turok-2-seeds-of-evil/3030-7052/"
        },
        {
            "api_detail_url": "http://www.giantbomb.com/api/game/3030-8845/",
            "id": 8845,
            "name": "South Park",
            "site_detail_url": "http://www.giantbomb.com/south-park/3030-8845/"
        },
        {
            "api_detail_url": "http://www.giantbomb.com/api/game/3030-15636/",
            "id": 15636,
            "name": "Forsaken",
            "site_detail_url": "http://www.giantbomb.com/forsaken/3030-15636/"
        },
        {
            "api_detail_url": "http://www.giantbomb.com/api/game/3030-9774/",
            "id": 9774,
            "name": "Extreme-G 2",
            "site_detail_url": "http://www.giantbomb.com/extreme-g-2/3030-9774/"
        },
        {
            "api_detail_url": "http://www.giantbomb.com/api/game/3030-13568/",
            "id": 13568,
            "name": "Batman & Robin",
            "site_detail_url": "http://www.giantbomb.com/batman-robin/3030-13568/"
        },
        {
            "api_detail_url": "http://www.giantbomb.com/api/game/3030-16435/",
            "id": 16435,
            "name": "WWF Attitude",
            "site_detail_url": "http://www.giantbomb.com/wwf-attitude/3030-16435/"
        },
        {
            "api_detail_url": "http://www.giantbomb.com/api/game/3030-7962/",
            "id": 7962,
            "name": "Turok: Rage Wars",
            "site_detail_url": "http://www.giantbomb.com/turok-rage-wars/3030-7962/"
        },
        {
            "api_detail_url": "http://www.giantbomb.com/api/game/3030-5290/",
            "id": 5290,
            "name": "Trickstyle",
            "site_detail_url": "http://www.giantbomb.com/trickstyle/3030-5290/"
        },
        {
            "api_detail_url": "http://www.giantbomb.com/api/game/3030-2127/",
            "id": 2127,
            "name": "South Park: Chef's Luv Shack",
            "site_detail_url": "http://www.giantbomb.com/south-park-chefs-luv-shack/3030-2127/"
        },
        {
            "api_detail_url": "http://www.giantbomb.com/api/game/3030-10746/",
            "id": 10746,
            "name": "Shadow Man",
            "site_detail_url": "http://www.giantbomb.com/shadow-man/3030-10746/"
        },
        {
            "api_detail_url": "http://www.giantbomb.com/api/game/3030-5037/",
            "id": 5037,
            "name": "Re-Volt",
            "site_detail_url": "http://www.giantbomb.com/re-volt/3030-5037/"
        },
        {
            "api_detail_url": "http://www.giantbomb.com/api/game/3030-1263/",
            "id": 1263,
            "name": "Bust-A-Move 4",
            "site_detail_url": "http://www.giantbomb.com/bust-a-move-4/3030-1263/"
        },
        {
            "api_detail_url": "http://www.giantbomb.com/api/game/3030-6563/",
            "id": 6563,
            "name": "Armorines: Project S.W.A.R.M.",
            "site_detail_url": "http://www.giantbomb.com/armorines-project-swarm/3030-6563/"
        },
        {
            "api_detail_url": "http://www.giantbomb.com/api/game/3030-4565/",
            "id": 4565,
            "name": "All-Star Baseball 2000",
            "site_detail_url": "http://www.giantbomb.com/all-star-baseball-2000/3030-4565/"
        },
        {
            "api_detail_url": "http://www.giantbomb.com/api/game/3030-10047/",
            "id": 10047,
            "name": "Turok 3: Shadow of Oblivion",
            "site_detail_url": "http://www.giantbomb.com/turok-3-shadow-of-oblivion/3030-10047/"
        },
        {
            "api_detail_url": "http://www.giantbomb.com/api/game/3030-10325/",
            "id": 10325,
            "name": "South Park Rally",
            "site_detail_url": "http://www.giantbomb.com/south-park-rally/3030-10325/"
        },
        {
            "api_detail_url": "http://www.giantbomb.com/api/game/3030-4515/",
            "id": 4515,
            "name": "RC Revenge",
            "site_detail_url": "http://www.giantbomb.com/rc-revenge/3030-4515/"
        },
        {
            "api_detail_url": "http://www.giantbomb.com/api/game/3030-15381/",
            "id": 15381,
            "name": "NFL QB Club 2001",
            "site_detail_url": "http://www.giantbomb.com/nfl-qb-club-2001/3030-15381/"
        },
        {
            "api_detail_url": "http://www.giantbomb.com/api/game/3030-8807/",
            "id": 8807,
            "name": "Mary-Kate and Ashley: Get a Clue!",
            "site_detail_url": "http://www.giantbomb.com/mary-kate-and-ashley-get-a-clue/3030-8807/"
        },
        {
            "api_detail_url": "http://www.giantbomb.com/api/game/3030-4298/",
            "id": 4298,
            "name": "Jeremy McGrath Supercross 2000",
            "site_detail_url": "http://www.giantbomb.com/jeremy-mcgrath-supercross-2000/3030-4298/"
        },
        {
            "api_detail_url": "http://www.giantbomb.com/api/game/3030-12481/",
            "id": 12481,
            "name": "All-Star Baseball 2001",
            "site_detail_url": "http://www.giantbomb.com/all-star-baseball-2001/3030-12481/"
        },
        {
            "api_detail_url": "http://www.giantbomb.com/api/game/3030-9966/",
            "id": 9966,
            "name": "Scarface: The World is Yours",
            "site_detail_url": "http://www.giantbomb.com/scarface-the-world-is-yours/3030-9966/"
        },
        {
            "api_detail_url": "http://www.giantbomb.com/api/game/3030-6164/",
            "id": 6164,
            "name": "World in Conflict",
            "site_detail_url": "http://www.giantbomb.com/world-in-conflict/3030-6164/"
        },
        {
            "api_detail_url": "http://www.giantbomb.com/api/game/3030-1443/",
            "id": 1443,
            "name": "M.A.C.H.: Modified Air Combat Heroes",
            "site_detail_url": "http://www.giantbomb.com/mach-modified-air-combat-heroes/3030-1443/"
        },
        {
            "api_detail_url": "http://www.giantbomb.com/api/game/3030-18801/",
            "id": 18801,
            "name": "WWF War Zone",
            "site_detail_url": "http://www.giantbomb.com/wwf-war-zone/3030-18801/"
        },
        {
            "api_detail_url": "http://www.giantbomb.com/api/game/3030-7257/",
            "id": 7257,
            "name": "Turok: Battle of the Bionosaurs",
            "site_detail_url": "http://www.giantbomb.com/turok-battle-of-the-bionosaurs/3030-7257/"
        },
        {
            "api_detail_url": "http://www.giantbomb.com/api/game/3030-4829/",
            "id": 4829,
            "name": "NFL Fever 2002",
            "site_detail_url": "http://www.giantbomb.com/nfl-fever-2002/3030-4829/"
        },
        {
            "api_detail_url": "http://www.giantbomb.com/api/game/3030-21713/",
            "id": 21713,
            "name": "NFL Fever 2003",
            "site_detail_url": "http://www.giantbomb.com/nfl-fever-2003/3030-21713/"
        }
    ],
    "gender": 1,
    "hometown": null,
    "id": 3103,
    "name": "Michael Patterson",
    "people": []
}