{
    "birth_date": null,
    "country": null,
    "death_date": null,
    "deck": null,
    "first_credited_game": {
        "api_detail_url": "http://www.giantbomb.com/api/game/3030-10637/",
        "id": 10637,
        "name": "Baldur's Gate II: Shadows of Amn"
    },
    "games": [
        {
            "api_detail_url": "http://www.giantbomb.com/api/game/3030-10637/",
            "id": 10637,
            "name": "Baldur's Gate II: Shadows of Amn",
            "site_detail_url": "http://www.giantbomb.com/baldurs-gate-ii-shadows-of-amn/3030-10637/"
        },
        {
            "api_detail_url": "http://www.giantbomb.com/api/game/3030-16905/",
            "id": 16905,
            "name": "Broken Sword: The Angel of Death",
            "site_detail_url": "http://www.giantbomb.com/broken-sword-the-angel-of-death/3030-16905/"
        },
        {
            "api_detail_url": "http://www.giantbomb.com/api/game/3030-12749/",
            "id": 12749,
            "name": "Agatha Christie: Murder on the Orient Express",
            "site_detail_url": "http://www.giantbomb.com/agatha-christie-murder-on-the-orient-express/3030-12749/"
        },
        {
            "api_detail_url": "http://www.giantbomb.com/api/game/3030-17237/",
            "id": 17237,
            "name": "Crime Stories: From the Files of Martin Myst\u00e8re",
            "site_detail_url": "http://www.giantbomb.com/crime-stories-from-the-files-of-martin-mystere/3030-17237/"
        }
    ],
    "gender": null,
    "hometown": null,
    "id": 29918,
    "name": "Michael Geist",
    "people": []
}