{
    "birth_date": null,
    "country": null,
    "death_date": null,
    "deck": "President and CEO of Square-Enix USA and former marketing head at Microsoft, Sega, and Namco.",
    "first_credited_game": {
        "api_detail_url": "http://www.giantbomb.com/api/game/3030-11189/",
        "id": 11189,
        "name": "Tekken 3"
    },
    "games": [
        {
            "api_detail_url": "http://www.giantbomb.com/api/game/3030-9597/",
            "id": 9597,
            "name": "Xevious 3D/G",
            "site_detail_url": "http://www.giantbomb.com/xevious-3dg/3030-9597/"
        },
        {
            "api_detail_url": "http://www.giantbomb.com/api/game/3030-4535/",
            "id": 4535,
            "name": "Panzer Dragoon Orta",
            "site_detail_url": "http://www.giantbomb.com/panzer-dragoon-orta/3030-4535/"
        },
        {
            "api_detail_url": "http://www.giantbomb.com/api/game/3030-1335/",
            "id": 1335,
            "name": "Tales of Destiny",
            "site_detail_url": "http://www.giantbomb.com/tales-of-destiny/3030-1335/"
        },
        {
            "api_detail_url": "http://www.giantbomb.com/api/game/3030-3605/",
            "id": 3605,
            "name": "Ace Combat 2",
            "site_detail_url": "http://www.giantbomb.com/ace-combat-2/3030-3605/"
        },
        {
            "api_detail_url": "http://www.giantbomb.com/api/game/3030-11189/",
            "id": 11189,
            "name": "Tekken 3",
            "site_detail_url": "http://www.giantbomb.com/tekken-3/3030-11189/"
        },
        {
            "api_detail_url": "http://www.giantbomb.com/api/game/3030-12411/",
            "id": 12411,
            "name": "Soulcalibur",
            "site_detail_url": "http://www.giantbomb.com/soulcalibur/3030-12411/"
        },
        {
            "api_detail_url": "http://www.giantbomb.com/api/game/3030-2453/",
            "id": 2453,
            "name": "R4 Ridge Racer Type 4",
            "site_detail_url": "http://www.giantbomb.com/r4-ridge-racer-type-4/3030-2453/"
        },
        {
            "api_detail_url": "http://www.giantbomb.com/api/game/3030-64/",
            "id": 64,
            "name": "Pac-Man World",
            "site_detail_url": "http://www.giantbomb.com/pac-man-world/3030-64/"
        },
        {
            "api_detail_url": "http://www.giantbomb.com/api/game/3030-20037/",
            "id": 20037,
            "name": "Ace Combat 3: Electrosphere",
            "site_detail_url": "http://www.giantbomb.com/ace-combat-3-electrosphere/3030-20037/"
        },
        {
            "api_detail_url": "http://www.giantbomb.com/api/game/3030-9645/",
            "id": 9645,
            "name": "Time Crisis: Project Titan",
            "site_detail_url": "http://www.giantbomb.com/time-crisis-project-titan/3030-9645/"
        },
        {
            "api_detail_url": "http://www.giantbomb.com/api/game/3030-10162/",
            "id": 10162,
            "name": "Tekken Tag Tournament",
            "site_detail_url": "http://www.giantbomb.com/tekken-tag-tournament/3030-10162/"
        },
        {
            "api_detail_url": "http://www.giantbomb.com/api/game/3030-7019/",
            "id": 7019,
            "name": "Ridge Racer V",
            "site_detail_url": "http://www.giantbomb.com/ridge-racer-v/3030-7019/"
        },
        {
            "api_detail_url": "http://www.giantbomb.com/api/game/3030-4751/",
            "id": 4751,
            "name": "Point Blank 3",
            "site_detail_url": "http://www.giantbomb.com/point-blank-3/3030-4751/"
        },
        {
            "api_detail_url": "http://www.giantbomb.com/api/game/3030-3903/",
            "id": 3903,
            "name": "Ms. Pac-Man: Maze Madness",
            "site_detail_url": "http://www.giantbomb.com/ms-pac-man-maze-madness/3030-3903/"
        },
        {
            "api_detail_url": "http://www.giantbomb.com/api/game/3030-7808/",
            "id": 7808,
            "name": "MotoGP",
            "site_detail_url": "http://www.giantbomb.com/motogp/3030-7808/"
        },
        {
            "api_detail_url": "http://www.giantbomb.com/api/game/3030-17578/",
            "id": 17578,
            "name": "Rez",
            "site_detail_url": "http://www.giantbomb.com/rez/3030-17578/"
        },
        {
            "api_detail_url": "http://www.giantbomb.com/api/game/3030-18180/",
            "id": 18180,
            "name": "Bomberman Online",
            "site_detail_url": "http://www.giantbomb.com/bomberman-online/3030-18180/"
        },
        {
            "api_detail_url": "http://www.giantbomb.com/api/game/3030-4313/",
            "id": 4313,
            "name": "Virtua Fighter 4",
            "site_detail_url": "http://www.giantbomb.com/virtua-fighter-4/3030-4313/"
        },
        {
            "api_detail_url": "http://www.giantbomb.com/api/game/3030-6768/",
            "id": 6768,
            "name": "ToeJam & Earl III: Mission to Earth",
            "site_detail_url": "http://www.giantbomb.com/toejam-earl-iii-mission-to-earth/3030-6768/"
        },
        {
            "api_detail_url": "http://www.giantbomb.com/api/game/3030-17691/",
            "id": 17691,
            "name": "Sonic Mega Collection",
            "site_detail_url": "http://www.giantbomb.com/sonic-mega-collection/3030-17691/"
        },
        {
            "api_detail_url": "http://www.giantbomb.com/api/game/3030-66/",
            "id": 66,
            "name": "Sonic Advance 2",
            "site_detail_url": "http://www.giantbomb.com/sonic-advance-2/3030-66/"
        },
        {
            "api_detail_url": "http://www.giantbomb.com/api/game/3030-20131/",
            "id": 20131,
            "name": "Otogi: Myth of Demons",
            "site_detail_url": "http://www.giantbomb.com/otogi-myth-of-demons/3030-20131/"
        },
        {
            "api_detail_url": "http://www.giantbomb.com/api/game/3030-9037/",
            "id": 9037,
            "name": "Gungrave",
            "site_detail_url": "http://www.giantbomb.com/gungrave/3030-9037/"
        },
        {
            "api_detail_url": "http://www.giantbomb.com/api/game/3030-8316/",
            "id": 8316,
            "name": "Crazy Taxi 3: High Roller",
            "site_detail_url": "http://www.giantbomb.com/crazy-taxi-3-high-roller/3030-8316/"
        },
        {
            "api_detail_url": "http://www.giantbomb.com/api/game/3030-1271/",
            "id": 1271,
            "name": "Columns Crown",
            "site_detail_url": "http://www.giantbomb.com/columns-crown/3030-1271/"
        },
        {
            "api_detail_url": "http://www.giantbomb.com/api/game/3030-18844/",
            "id": 18844,
            "name": "Beach Spikers",
            "site_detail_url": "http://www.giantbomb.com/beach-spikers/3030-18844/"
        },
        {
            "api_detail_url": "http://www.giantbomb.com/api/game/3030-13158/",
            "id": 13158,
            "name": "Sonic Adventure DX: Director's Cut",
            "site_detail_url": "http://www.giantbomb.com/sonic-adventure-dx-directors-cut/3030-13158/"
        },
        {
            "api_detail_url": "http://www.giantbomb.com/api/game/3030-8287/",
            "id": 8287,
            "name": "The King of Route 66",
            "site_detail_url": "http://www.giantbomb.com/the-king-of-route-66/3030-8287/"
        },
        {
            "api_detail_url": "http://www.giantbomb.com/api/game/3030-2290/",
            "id": 2290,
            "name": "Billy Hatcher and the Giant Egg",
            "site_detail_url": "http://www.giantbomb.com/billy-hatcher-and-the-giant-egg/3030-2290/"
        },
        {
            "api_detail_url": "http://www.giantbomb.com/api/game/3030-19809/",
            "id": 19809,
            "name": "Project Gotham Racing 3",
            "site_detail_url": "http://www.giantbomb.com/project-gotham-racing-3/3030-19809/"
        },
        {
            "api_detail_url": "http://www.giantbomb.com/api/game/3030-10244/",
            "id": 10244,
            "name": "Rise of Nations: Rise of Legends",
            "site_detail_url": "http://www.giantbomb.com/rise-of-nations-rise-of-legends/3030-10244/"
        },
        {
            "api_detail_url": "http://www.giantbomb.com/api/game/3030-5607/",
            "id": 5607,
            "name": "Project Gotham Racing 4",
            "site_detail_url": "http://www.giantbomb.com/project-gotham-racing-4/3030-5607/"
        },
        {
            "api_detail_url": "http://www.giantbomb.com/api/game/3030-14916/",
            "id": 14916,
            "name": "Guitar Hero II",
            "site_detail_url": "http://www.giantbomb.com/guitar-hero-ii/3030-14916/"
        },
        {
            "api_detail_url": "http://www.giantbomb.com/api/game/3030-20553/",
            "id": 20553,
            "name": "Ninja Gaiden II",
            "site_detail_url": "http://www.giantbomb.com/ninja-gaiden-ii/3030-20553/"
        },
        {
            "api_detail_url": "http://www.giantbomb.com/api/game/3030-21358/",
            "id": 21358,
            "name": "Deus Ex: Human Revolution",
            "site_detail_url": "http://www.giantbomb.com/deus-ex-human-revolution/3030-21358/"
        },
        {
            "api_detail_url": "http://www.giantbomb.com/api/game/3030-35610/",
            "id": 35610,
            "name": "Fortune Street",
            "site_detail_url": "http://www.giantbomb.com/fortune-street/3030-35610/"
        }
    ],
    "gender": 1,
    "hometown": null,
    "id": 44726,
    "name": "Mike Fischer",
    "people": []
}